customer_id,order_count,total_spend,avg_order_value,avg_freight,avg_review_score,days_since_last_purchase,future_12m_spend,future_orders,will_churn,log_total_spend
CUST_00001,12,2123.56,176.96333333333334,8.612499999999999,3.5,0,1445.03,7,0,7.66132000109535
CUST_00002,12,1918.77,159.8975,9.580833333333333,3.0,27,1905.28,12,0,7.559960666179566
CUST_00003,15,3850.94,256.72933333333333,16.179333333333332,4.2,11,3372.77,11,0,8.256332196472716
CUST_00004,13,3034.01,233.38538461538462,11.349999999999998,2.5,7,1852.55,10,0,8.017969998381087
CUST_00005,16,3429.4,214.3375,11.819375,3.0,9,2823.7,10,0,8.140432151436428
CUST_00006,12,2196.47,183.03916666666666,8.824166666666667,4.0,88,1571.6,9,0,7.6950619775890114
CUST_00007,9,1489.8,165.53333333333333,8.876666666666667,3.75,73,1246.11,7,0,7.307068167605103
CUST_00008,9,1984.23,220.47,12.152222222222223,3.0,28,1414.62,7,0,7.593490055426627
CUST_00009,6,1440.46,240.07666666666668,13.565,3.0,148,795.96,4,0,7.273411767820748
CUST_00010,10,2026.3700000000001,202.637,11.235,4.0,26,1255.01,7,0,7.6144946655615176
CUST_00011,10,2637.91,263.791,14.071000000000002,2.5,17,1317.6499999999999,6,0,7.878121232094568
CUST_00012,13,2510.15,193.08846153846156,11.367692307692307,3.5,19,1787.33,9,0,7.828496094529903
CUST_00013,18,4866.9800000000005,270.3877777777778,14.54611111111111,3.6666666666666665,2,2854.58,13,0,8.490434345635544
CUST_00014,8,1535.6399999999999,191.95499999999998,7.953749999999999,3.0,34,1397.89,8,0,7.3373534935928335
CUST_00015,11,1248.64,113.51272727272728,7.459090909090909,3.5,39,737.14,7,0,7.130610788816383
CUST_00016,8,1381.04,172.63,12.616249999999999,3.0,39,1351.52,7,0,7.231315947468817
CUST_00017,8,1586.25,198.28125,12.53375,3.5,7,1543.5,7,0,7.369758238050559
CUST_00018,18,3575.17,198.62055555555557,12.342222222222222,3.6666666666666665,2,3540.0099999999998,15,0,8.182047674313344
CUST_00019,15,3381.39,225.426,11.234,4.333333333333333,41,2506.04,12,0,8.126337839190942
CUST_00020,11,2050.91,186.44636363636363,9.235454545454546,4.666666666666667,2,1411.25,8,0,7.626526345679674
CUST_00021,12,2093.96,174.49666666666667,8.789166666666667,3.0,227,0.0,0,1,7.647289739095204
CUST_00022,11,2359.5,214.5,11.83,3.75,231,1841.6599999999999,8,0,7.766628739986341
CUST_00023,9,2120.68,235.6311111111111,12.128888888888888,1.0,93,1481.08,7,0,7.659963506671286
CUST_00024,16,2351.26,146.95375,8.41125,2.5,89,1637.01,10,0,7.763131847126643
CUST_00025,16,4724.09,295.255625,17.433125,4.333333333333333,14,3599.66,12,0,8.460641887365487
CUST_00026,10,1880.73,188.073,7.662999999999999,3.6666666666666665,165,990.11,7,0,7.539946845453748
CUST_00027,10,1612.65,161.26500000000001,9.846,3.0,48,1211.58,7,0,7.3862539727737095
CUST_00028,20,6871.13,343.5565,18.48,3.0,4,5382.81,15,0,8.835229380830912
CUST_00029,16,4097.82,256.11375,12.631874999999999,3.0,167,0.0,0,1,8.318454406390579
CUST_00030,18,3479.56,193.30888888888887,9.632777777777777,3.0,20,2625.83,14,0,8.15494847936259
CUST_00031,16,3116.48,194.78,11.480625,4.0,0,2897.75,13,0,8.04478026213666
CUST_00032,13,2443.48,187.96,9.90230769230769,3.0,13,1788.36,10,0,7.801587700352995
CUST_00033,8,987.73,123.46625,6.04875,3.5,35,611.81,6,0,6.896421291317234
CUST_00034,11,1422.44,129.31272727272727,7.7272727272727275,4.0,39,1127.85,9,0,7.260831756198581
CUST_00035,12,2502.9300000000003,208.57750000000001,10.0675,4.333333333333333,62,1535.09,8,0,7.825616776557668
CUST_00036,11,2161.54,196.50363636363636,9.57909090909091,3.25,57,1340.6100000000001,8,0,7.679038735744792
CUST_00037,10,2185.71,218.571,11.302,4.0,77,1706.89,9,0,7.6901534101468405
CUST_00038,14,4200.77,300.055,13.585714285714285,3.0,7,2511.6,11,0,8.343261144066808
CUST_00039,12,2328.84,194.07000000000002,10.211666666666668,4.0,65,1445.0800000000002,8,0,7.7535548746739895
CUST_00040,12,1784.74,148.72833333333332,7.735,3.0,110,1497.38,9,0,7.4875881741314005
CUST_00041,12,2586.38,215.53166666666667,11.9325,3.0,19,1775.6,9,0,7.858401059686593
CUST_00042,14,2647.14,189.08142857142857,9.567142857142857,2.0,174,0.0,0,1,7.881612785749959
CUST_00043,18,3467.68,192.64888888888888,8.989444444444445,3.3333333333333335,45,2848.71,12,0,8.151529397110941
CUST_00044,7,1183.88,169.1257142857143,9.958571428571428,2.5,1,1033.33,6,0,7.077396782618718
CUST_00045,15,6636.48,442.43199999999996,19.624666666666666,3.5,167,0.0,0,1,8.80048765236298
CUST_00046,7,775.61,110.80142857142857,6.764285714285714,3.0,84,464.62,5,0,6.654938293856436
CUST_00047,11,2024.44,184.04,10.571818181818182,3.0,6,2047.6499999999999,9,0,7.613542239888518
CUST_00048,9,1585.46,176.16222222222223,11.064444444444444,3.25,246,0.0,0,1,7.369260397972974
CUST_00049,6,913.75,152.29166666666666,9.1,3.0,43,776.4300000000001,5,0,6.818650803899316
CUST_00050,7,1864.3600000000001,266.33714285714285,13.991428571428571,3.0,48,1427.58,6,0,7.531209342940738
CUST_00051,17,4240.89,249.46411764705886,13.329411764705881,3.6666666666666665,177,0.0,0,1,8.352764203623865
CUST_00052,14,2341.82,167.27285714285716,11.187142857142858,3.0,21,1737.74,11,0,7.759110610972769
CUST_00053,8,1725.6599999999999,215.70749999999998,8.18,3.0,59,1158.78,5,0,7.453944185574104
CUST_00054,11,1962.48,178.40727272727273,9.292727272727273,4.333333333333333,79,1422.15,8,0,7.582473688073649
CUST_00055,10,2006.86,200.68599999999998,9.692,3.0,175,0.0,0,1,7.604824757265452
CUST_00056,14,2590.68,185.04857142857142,10.607142857142858,3.0,4,1987.26,9,0,7.860061593060625
CUST_00057,14,2238.8,159.91428571428574,9.81857142857143,3.0,15,1499.62,9,0,7.714141855148593
CUST_00058,14,2583.3,184.52142857142857,11.704285714285716,3.0,170,0.0,0,1,7.8572099572347245
CUST_00059,12,3247.32,270.61,13.016666666666666,2.0,22,2225.35,9,0,8.085893218596066
CUST_00060,8,1043.3600000000001,130.42000000000002,7.34375,3.0,184,0.0,0,1,6.951159536589423
CUST_00061,7,833.6,119.08571428571429,7.435714285714285,4.0,192,965.39,6,0,6.7269525681574525
CUST_00062,11,1473.95,133.99545454545455,6.583636363636364,3.3333333333333335,172,0.0,0,1,7.296379369894275
CUST_00063,16,3764.47,235.279375,13.885,3.5,56,3154.72,12,0,8.233627966440222
CUST_00064,9,2088.57,232.06333333333336,13.543333333333333,3.0,22,1173.87,6,0,7.644713582164351
CUST_00065,14,3278.29,234.16357142857143,10.69,4.0,94,2245.0,11,0,8.095382214531968
CUST_00066,8,1284.32,160.54,7.68625,3.0,16,663.67,6,0,7.1587629935645385
CUST_00067,17,5622.03,330.7076470588235,18.13705882352941,4.25,30,5032.62,13,0,8.634625943508274
CUST_00068,12,2028.7099999999998,169.05916666666664,8.854166666666666,5.0,229,0.0,0,1,7.615648204687922
CUST_00069,7,1846.6599999999999,263.8085714285714,11.175714285714287,3.3333333333333335,101,998.91,5,0,7.521675252590756
CUST_00070,18,4729.06,262.72555555555556,15.785555555555554,3.75,19,3121.63,13,0,8.461693166394953
CUST_00071,13,2010.23,154.6330769230769,8.687692307692307,3.0,35,1504.33,9,0,7.606501754192514
CUST_00072,11,2147.3,195.20909090909092,9.156363636363636,3.3333333333333335,23,1234.87,8,0,7.672432110681004
CUST_00073,12,2520.74,210.06166666666664,11.178333333333333,2.75,168,0.0,0,1,7.832704418426934
CUST_00074,20,11485.62,574.2810000000001,29.112000000000002,3.5714285714285716,55,6884.08,15,0,9.348938158724188
CUST_00075,7,1583.22,226.17428571428573,12.64857142857143,3.6666666666666665,31,854.41,4,0,7.367847451619092
CUST_00076,17,5563.6,327.27058823529416,15.341176470588236,3.75,5,4319.62,13,0,8.624180383318585
CUST_00077,18,4614.35,256.3527777777778,14.176666666666668,4.0,19,4113.33,15,0,8.437142983714576
CUST_00078,7,1910.16,272.88,13.467142857142857,3.0,299,1243.5,6,0,7.555465666533475
CUST_00079,5,587.6,117.52000000000001,8.706,3.0,27,492.1,4,0,6.377746835799372
CUST_00080,11,2874.81,261.3463636363636,15.042727272727273,2.5,53,2248.14,9,0,7.96408965268087
CUST_00081,11,1512.1200000000001,137.46545454545455,6.83909090909091,4.0,17,1562.7,9,0,7.321929023267202
CUST_00082,18,5255.35,291.9638888888889,15.923333333333334,2.75,199,0.0,0,1,8.567192148510559
CUST_00083,14,3544.9,253.20714285714286,12.724285714285713,2.75,169,0.0,0,1,8.173547285446881
CUST_00084,1,94.38,94.38,7.71,3.0,445,0.0,0,1,4.557868912870078
CUST_00085,8,1412.9,176.6125,9.258750000000001,3.0,166,1035.35,6,0,7.254107122597795
CUST_00086,12,3282.66,273.555,12.714166666666666,3.2,3,2370.89,11,0,8.096713932934772
CUST_00087,12,2518.76,209.89666666666668,10.313333333333334,3.0,168,0.0,0,1,7.8319189378747955
CUST_00088,15,3503.7799999999997,233.58533333333332,13.152666666666667,3.25,47,2180.91,10,0,8.161883030023695
CUST_00089,4,497.07,124.2675,7.1875,3.0,107,790.2,5,0,6.210740629395701
CUST_00090,9,1168.32,129.81333333333333,8.823333333333332,3.0,189,0.0,0,1,7.064177662250403
CUST_00091,15,2782.58,185.50533333333334,10.390666666666668,2.75,0,2454.67,12,0,7.9314931480045185
CUST_00092,16,3345.89,209.118125,10.26625,2.8333333333333335,21,1982.48,10,0,8.115786835418788
CUST_00093,7,1286.28,183.75428571428571,9.478571428571428,3.0,48,1108.8899999999999,5,0,7.160286744150895
CUST_00094,16,5226.79,326.674375,16.670625,4.0,9,3283.9,12,0,8.561743905612937
CUST_00095,13,1882.96,144.84307692307692,7.405384615384615,3.2,21,1150.56,7,0,7.541131223488414
CUST_00096,14,2503.04,178.78857142857143,11.727857142857143,3.5,10,1763.71,8,0,7.825660706533293
CUST_00097,12,2400.89,200.07416666666666,10.7275,3.0,6,1976.6299999999999,9,0,7.784011206420607
CUST_00098,10,1385.53,138.553,6.973000000000001,4.0,27,865.44,6,0,7.234559502037763
CUST_00099,9,1164.97,129.44111111111113,8.782222222222224,3.5,48,1144.7,8,0,7.0613086375914484
CUST_00100,12,2698.81,224.90083333333334,10.748333333333333,4.0,40,1646.34,8,0,7.900936679145939
CUST_00101,15,6517.83,434.522,18.476666666666667,3.6666666666666665,13,4406.030000000001,12,0,8.782450190965246
CUST_00102,9,2233.67,248.18555555555557,11.493333333333332,2.0,1,1929.74,9,0,7.711848845139475
CUST_00103,14,1868.44,133.46,7.568571428571429,4.0,170,0.0,0,1,7.5333941997593215
CUST_00104,9,811.98,90.22,4.967777777777778,4.0,19,713.24,6,0,6.700706508999217
CUST_00105,9,1752.0,194.66666666666666,12.726666666666667,3.0,11,1385.99,7,0,7.469083884921234
CUST_00106,12,2323.08,193.59,11.108333333333334,2.0,3,1221.8,7,0,7.751079540787248
CUST_00107,20,5772.51,288.6255,16.073,3.6666666666666665,22,3486.34,13,0,8.661035493442025
CUST_00108,15,2156.05,143.73666666666668,8.524666666666667,4.0,91,1138.1100000000001,9,0,7.676496826463565
CUST_00109,10,1985.5,198.55,11.056000000000001,2.0,63,1217.71,6,0,7.594129575254653
CUST_00110,14,4015.3,286.8071428571429,13.101428571428572,3.0,58,2913.81,10,0,8.298116359776788
CUST_00111,7,1425.8700000000001,203.6957142857143,9.540000000000001,2.0,18,876.1600000000001,5,0,7.263238513116729
CUST_00112,13,2259.15,173.78076923076924,8.903846153846153,2.8,42,1549.5900000000001,8,0,7.723186461745245
CUST_00113,10,1703.8899999999999,170.38899999999998,10.547,2.5,20,1444.8700000000001,7,0,7.44125587150733
CUST_00114,14,3635.18,259.6557142857143,11.370000000000001,4.0,21,2236.92,11,0,8.198688959022535
CUST_00115,11,1927.67,175.24272727272728,10.18909090909091,3.5,53,1276.94,7,0,7.56458592517619
CUST_00116,17,4287.22,252.1894117647059,13.035294117647059,3.2857142857142856,34,2994.73,11,0,8.36362700740468
CUST_00117,13,2710.38,208.49076923076925,8.494615384615384,3.3333333333333335,31,1563.28,9,0,7.905213009354899
CUST_00118,12,1664.06,138.67166666666665,8.305,3.0,1,1473.1,10,0,7.417616437801298
CUST_00119,17,6406.66,376.8623529411765,19.560588235294116,3.3333333333333335,1,4628.68,13,0,8.76524942866388
CUST_00120,11,2211.02,201.00181818181818,7.721818181818182,5.0,76,1406.93,7,0,7.701661404192671
CUST_00121,9,1749.3600000000001,194.37333333333333,9.662222222222223,4.0,75,1071.15,6,0,7.467576760046992
CUST_00122,11,2067.43,187.9481818181818,10.049090909090909,2.6666666666666665,0,1314.63,8,0,7.634545144381302
CUST_00123,10,1753.1100000000001,175.311,11.041,3.0,4,1605.84,7,0,7.469716884762736
CUST_00124,10,1804.45,180.445,8.952,3.0,94,1177.1000000000001,7,0,7.4985651471742605
CUST_00125,10,1979.23,197.923,9.513,2.6666666666666665,136,1826.17,8,0,7.590968278558504
CUST_00126,5,978.1700000000001,195.63400000000001,10.017999999999999,4.0,78,776.01,4,0,6.8867052740338295
CUST_00127,14,2666.31,190.45071428571427,11.42357142857143,2.6,156,1510.17,8,0,7.888825752897762
CUST_00128,10,1321.11,132.111,5.821,4.0,71,1070.27,7,0,7.186984224211824
CUST_00129,11,4027.05,366.0954545454546,21.466363636363635,4.0,11,3226.7799999999997,8,0,8.301037666869654
CUST_00130,7,1259.1,179.87142857142857,9.90857142857143,4.666666666666667,83,777.0699999999999,5,0,7.1389463618756475
CUST_00131,10,2877.87,287.787,13.925,2.6666666666666665,50,1797.91,7,0,7.96515313502512
CUST_00132,7,1027.93,146.84714285714287,8.118571428571428,3.0,208,0.0,0,1,6.936274706309209
CUST_00133,7,1120.48,160.06857142857143,9.54857142857143,3.0,283,0.0,0,1,7.022404520542221
CUST_00134,7,1202.01,171.71571428571428,10.16,2.6666666666666665,122,796.98,6,0,7.0925820284920835
CUST_00135,9,2639.16,293.24,16.91,5.0,0,2185.52,7,0,7.878594800364494
CUST_00136,11,1874.45,170.40454545454546,8.726363636363637,2.5,3,1800.1399999999999,9,0,7.536603909609118
CUST_00137,16,4493.68,280.855,12.790625,3.0,4,3040.0499999999997,12,0,8.41064975416023
CUST_00138,10,1495.71,149.571,9.939,3.0,139,1360.03,9,0,7.311024644878453
CUST_00139,12,2283.2799999999997,190.2733333333333,10.356666666666667,3.0,32,1469.03,9,0,7.73380615520608
CUST_00140,11,2248.19,204.38090909090909,9.276363636363637,3.0,0,1799.8799999999999,9,0,7.71832543038291
CUST_00141,18,5340.46,296.6922222222222,15.177777777777777,2.6666666666666665,39,3134.29,12,0,8.58325430282472
CUST_00142,15,1973.53,131.56866666666667,6.539333333333333,3.6666666666666665,11,1347.67,12,0,7.58808567433121
CUST_00143,7,1153.19,164.74142857142857,7.998571428571429,3.5,41,650.4,5,0,7.051154078229629
CUST_00144,7,920.4100000000001,131.48714285714286,6.565714285714286,3.5,34,691.28,6,0,6.825905105492629
CUST_00145,13,1788.69,137.59153846153848,7.6923076923076925,3.8,7,1300.68,9,0,7.489797699479117
CUST_00146,8,1404.9,175.6125,8.535,3.0,184,0.0,0,1,7.248432946085861
CUST_00147,7,861.52,123.07428571428571,7.385714285714286,3.5,81,650.67,6,0,6.759858337042465
CUST_00148,11,1672.04,152.00363636363636,8.694545454545455,3.0,52,1428.31,8,0,7.422397609846253
CUST_00149,7,779.89,111.41285714285713,5.807142857142857,3.5,10,644.4,5,0,6.660434294849665
CUST_00150,11,1862.8899999999999,169.35363636363635,8.480909090909092,2.0,30,1575.88,9,0,7.530420980628672
CUST_00151,10,2704.84,270.48400000000004,15.092000000000002,2.3333333333333335,200,0.0,0,1,7.9031676791186065
CUST_00152,12,2663.25,221.9375,11.925833333333332,3.3333333333333335,4,2125.61,9,0,7.887677871101065
CUST_00153,14,2781.25,198.66071428571428,10.524285714285714,3.5,178,0.0,0,1,7.931015231853534
CUST_00154,17,2510.02,147.64823529411765,8.010588235294119,3.5714285714285716,17,1699.8899999999999,12,0,7.828444324080066
CUST_00155,14,2172.83,155.20214285714286,7.42,4.0,18,1319.4099999999999,9,0,7.684245867751494
CUST_00156,12,1581.56,131.79666666666665,8.170833333333333,3.6666666666666665,41,1047.92,8,0,7.366799067991531
CUST_00157,12,2098.95,174.9125,10.278333333333334,3.5,5,1552.82,8,0,7.6496688139042535
CUST_00158,16,4342.55,271.409375,14.06875,3.5,52,3034.76,13,0,8.376447265087615
CUST_00159,13,3197.32,245.9476923076923,14.092307692307692,4.0,62,2507.59,9,0,8.070380950927065
CUST_00160,12,2594.27,216.18916666666667,14.368333333333332,3.0,43,2511.66,9,0,7.861445836430328
CUST_00161,7,1022.9100000000001,146.13000000000002,7.6571428571428575,4.0,32,779.83,5,0,6.931383911111846
CUST_00162,9,1745.3899999999999,193.9322222222222,11.564444444444444,3.0,88,974.58,5,0,7.465306079154292
CUST_00163,7,1329.57,189.9385714285714,11.094285714285714,3.0,306,0.0,0,1,7.193362700833867
CUST_00164,12,2217.04,184.75333333333333,10.058333333333334,2.0,74,1345.3600000000001,8,0,7.704379202012801
CUST_00165,26,10644.06,409.38692307692304,19.140384615384615,3.25,173,0.0,0,1,9.272851213760733
CUST_00166,8,1057.41,132.17625,7.98625,3.0,148,534.45,5,0,6.964523060979846
CUST_00167,11,2241.52,203.77454545454546,9.97,3.0,30,1537.97,7,0,7.715355512510794
CUST_00168,13,3686.65,283.58846153846156,15.706153846153846,3.0,118,2798.59,10,0,8.212744677786851
CUST_00169,4,440.49,110.1225,8.2375,4.0,336,0.0,0,1,6.090155369730873
CUST_00170,12,2123.35,176.94583333333333,8.424166666666666,2.6666666666666665,245,0.0,0,1,7.661221152214027
CUST_00171,9,1487.17,165.2411111111111,9.016666666666667,4.0,72,1731.42,8,0,7.305302456179138
CUST_00172,8,1385.82,173.2275,9.8325,3.5,210,0.0,0,1,7.234768635397099
CUST_00173,14,1774.69,126.76357142857144,7.027857142857143,3.5,14,1419.61,11,0,7.48194435876702
CUST_00174,14,3758.81,268.4864285714286,11.36357142857143,3.0,65,3003.83,12,0,8.232123703192267
CUST_00175,14,3098.7400000000002,221.33857142857144,13.094285714285714,3.5,0,2365.56,10,0,8.039073515988129
CUST_00176,11,2189.32,199.0290909090909,12.594545454545454,3.0,12,1989.81,9,0,7.691802930857707
CUST_00177,8,1379.48,172.435,9.33,3.0,48,1005.38,6,0,7.230186543760737
CUST_00178,14,2533.78,180.98428571428573,10.15857142857143,3.5,18,2134.25,10,0,7.837862127249385
CUST_00179,9,1549.87,172.20777777777778,8.585555555555555,2.0,7,1049.73,7,0,7.346571342771379
CUST_00180,13,2279.11,175.31615384615387,8.357692307692307,3.25,197,0.0,0,1,7.7319789663987395
CUST_00181,23,9997.27,434.66391304347826,20.97826086956522,3.0,35,6060.96,16,0,9.210167357009956
CUST_00182,11,2454.7799999999997,223.16181818181815,9.22,3.0,10,2189.2799999999997,9,0,7.806199708707584
CUST_00183,7,924.34,132.04857142857142,8.07,4.0,137,795.9200000000001,6,0,6.830161237543583
CUST_00184,10,2175.63,217.56300000000002,11.31,3.0,11,1505.3600000000001,6,0,7.685533088131233
CUST_00185,15,2145.17,143.01133333333334,8.04,3.25,185,0.0,0,1,7.671440137201314
CUST_00186,8,1306.11,163.26375,7.71375,3.0,45,818.15,6,0,7.175573872286302
CUST_00187,16,2365.35,147.834375,7.2456249999999995,4.0,167,0.0,0,1,7.769103962592
CUST_00188,12,2347.27,195.60583333333332,10.549166666666666,2.5,130,1324.58,9,0,7.761434165819086
CUST_00189,13,3809.86,293.06615384615384,13.506153846153847,2.5,7,2060.46,8,0,8.245610164434195
CUST_00190,16,3731.8,233.2375,11.33,2.75,46,2583.65,11,0,8.224913901267165
CUST_00191,9,2162.98,240.3311111111111,11.365555555555556,3.0,176,0.0,0,1,7.679704397779486
CUST_00192,8,1332.55,166.56875,8.625,2.5,26,834.6700000000001,6,0,7.195599838232223
CUST_00193,11,2347.64,213.42181818181817,10.77818181818182,3.6666666666666665,214,0.0,0,1,7.761591716208923
CUST_00194,13,2870.49,220.80692307692306,11.287692307692309,3.3333333333333335,174,0.0,0,1,7.962586337797852
CUST_00195,11,1662.73,151.15727272727273,9.414545454545454,4.0,142,1346.63,9,0,7.4168173486002535
CUST_00196,13,2363.4,181.8,10.49923076923077,3.3333333333333335,25,1647.71,9,0,7.768279568950215
CUST_00197,15,3413.21,227.54733333333334,11.860666666666667,2.6666666666666665,8,2521.5099999999998,11,0,8.135701412886187
CUST_00198,12,2540.84,211.73666666666668,9.5175,4.5,32,1448.52,8,0,7.840643507203524
CUST_00199,14,2580.7599999999998,184.33999999999997,10.936428571428573,3.8,3,2547.37,10,0,7.8562266158857375
CUST_00200,17,6056.82,356.2835294117647,19.905882352941177,3.0,16,5294.76,14,0,8.709105278369256
CUST_00201,12,2101.65,175.13750000000002,8.491666666666667,3.3333333333333335,3,1655.3899999999999,9,0,7.650953732940792
CUST_00202,14,4335.39,309.6707142857143,16.422857142857143,3.0,150,3215.14,12,0,8.374797483724151
CUST_00203,18,4634.58,257.4766666666667,13.178333333333335,3.2,18,2684.74,14,0,8.441516605014826
CUST_00204,11,1330.37,120.94272727272727,7.454545454545454,3.0,215,0.0,0,1,7.193963766240364
CUST_00205,5,702.46,140.49200000000002,7.736,2.6666666666666665,180,485.97,4,0,6.556011016373613
CUST_00206,10,1535.07,153.507,7.923,3.0,3,976.01,5,0,7.33698248558587
CUST_00207,7,992.79,141.82714285714286,8.925714285714287,5.0,16,838.0,5,0,6.901525916730796
CUST_00208,15,2509.15,167.27666666666667,10.160666666666666,3.4,32,2047.54,11,0,7.82809779129639
CUST_00209,14,3701.43,264.3878571428571,12.799285714285714,3.0,23,2123.19,9,0,8.216744639818733
CUST_00210,12,2864.73,238.7275,16.6775,2.0,77,3581.95,9,0,7.960578395994931
CUST_00211,14,2621.93,187.28071428571428,11.777857142857144,3.0,168,0.0,0,1,7.872047292511151
CUST_00212,11,1986.71,180.61,10.30181818181818,2.3333333333333335,190,0.0,0,1,7.594738501324181
CUST_00213,10,1074.17,107.417,6.236,3.0,5,896.72,7,0,6.9802340675939085
CUST_00214,9,2316.25,257.3611111111111,11.49,3.0,23,1683.05,8,0,7.748136416755942
CUST_00215,10,1895.6599999999999,189.56599999999997,10.593,3.0,179,0.0,0,1,7.547849723507601
CUST_00216,18,3999.59,222.19944444444445,11.036666666666667,3.0,43,3129.5299999999997,13,0,8.294197129224973
CUST_00217,13,5380.26,413.86615384615385,19.395384615384614,2.3333333333333335,13,4073.86,10,0,8.590677826478611
CUST_00218,10,2582.56,258.256,15.75,4.333333333333333,18,1686.3899999999999,7,0,7.856923571765669
CUST_00219,7,1410.1,201.44285714285712,11.217142857142857,3.0,50,1451.27,6,0,7.252124821063715
CUST_00220,11,1716.98,156.0890909090909,8.352727272727272,4.0,170,0.0,0,1,7.4489044610329
CUST_00221,11,1818.83,165.3481818181818,9.509090909090908,4.333333333333333,50,1634.3600000000001,8,0,7.506498369114767
CUST_00222,7,1302.56,186.07999999999998,9.632857142857144,4.0,38,903.3100000000001,5,0,7.17285426223366
CUST_00223,13,2013.16,154.85846153846154,8.313846153846153,2.6666666666666665,80,1374.32,9,0,7.60795751401576
CUST_00224,13,2580.33,198.48692307692306,11.208461538461538,4.0,41,2013.8,9,0,7.856060048965156
CUST_00225,12,2264.79,188.7325,11.28,2.5,63,1760.8700000000001,8,0,7.725678762977447
CUST_00226,13,1900.48,146.19076923076923,7.478461538461539,3.0,63,1562.93,10,0,7.550387809300904
CUST_00227,21,5767.36,274.63619047619045,13.892857142857142,4.0,2,4065.92,14,0,8.660143090331996
CUST_00228,6,1191.73,198.62166666666667,11.93,4.0,21,815.96,5,0,7.084000076282461
CUST_00229,13,1715.83,131.98692307692306,6.905384615384615,3.0,48,1265.0,10,0,7.448234846094682
CUST_00230,5,980.58,196.116,12.162,3.0,68,608.34,3,0,6.889163518291006
CUST_00231,8,1888.54,236.0675,10.0075,3.6666666666666665,20,1019.11,6,0,7.544088692187064
CUST_00232,16,4695.19,293.449375,14.926874999999999,3.0,0,3078.54,12,0,8.454506820655379
CUST_00233,6,1163.28,193.88,8.646666666666667,3.0,64,751.53,4,0,7.059858149192091
CUST_00234,10,2579.2,257.91999999999996,13.669,2.6666666666666665,8,1655.23,7,0,7.855622194291036
CUST_00235,9,1687.96,187.5511111111111,10.664444444444445,3.5,24,1157.61,6,0,7.431868233874905
CUST_00236,5,679.4399999999999,135.88799999999998,8.332,4.0,8,465.65,4,0,6.522739647741382
CUST_00237,11,1478.21,134.38272727272727,6.8518181818181825,4.0,21,1024.25,7,0,7.299263440461097
CUST_00238,19,5455.04,287.1073684210526,15.233684210526315,2.8,45,3954.9,13,0,8.604478530874722
CUST_00239,17,5423.03,319.00176470588235,15.188823529411764,3.5,24,3713.4,12,0,8.598594360578387
CUST_00240,9,2043.08,227.0088888888889,12.046666666666667,1.0,105,1678.6499999999999,7,0,7.622703089500935
CUST_00241,11,3583.07,325.7336363636364,18.463636363636365,4.0,174,0.0,0,1,8.184254305154088
CUST_00242,15,3915.64,261.04266666666666,15.173333333333334,3.0,23,3276.45,11,0,8.27298942237038
CUST_00243,9,2173.62,241.51333333333332,12.505555555555555,2.6666666666666665,30,1409.56,6,0,7.684609215615074
CUST_00244,5,617.71,123.542,8.518,2.5,233,0.0,0,1,6.427636665328581
CUST_00245,25,8460.3,338.412,17.5076,4.0,14,5360.94,17,0,9.04325810509772
CUST_00246,17,3569.85,209.99117647058824,13.338235294117647,2.5,40,2439.53,13,0,8.180558941671608
CUST_00247,11,2379.33,216.30272727272725,9.120909090909091,3.0,125,1816.4699999999998,9,0,7.774994412515925
CUST_00248,21,2865.88,136.4704761904762,8.596190476190477,3.1666666666666665,39,2380.27,14,0,7.960979609409214
CUST_00249,13,2523.65,194.12692307692308,14.072307692307692,4.0,19,2150.04,10,0,7.833857718240285
CUST_00250,8,952.79,119.09875,6.7625,3.0,100,754.99,6,0,6.860443521430886
CUST_00251,11,2356.66,214.24181818181816,12.340909090909092,3.0,44,2035.92,8,0,7.765424880709422
CUST_00252,12,1491.17,124.26416666666667,7.718333333333334,4.5,71,1374.3,9,0,7.307986715291688
CUST_00253,7,1559.23,222.74714285714285,10.755714285714287,3.5,6,1259.19,6,0,7.352588525273415
CUST_00254,6,1048.45,174.74166666666667,7.911666666666666,3.0,127,807.23,4,0,6.956021496391625
CUST_00255,9,1463.94,162.66,9.764444444444443,3.0,23,1208.79,8,0,7.289569564981064
CUST_00256,7,1006.93,143.84714285714284,8.457142857142857,4.0,169,0.0,0,1,6.915654001775493
CUST_00257,4,895.49,223.8725,9.5725,3.0,244,623.87,4,0,6.798487138493294
CUST_00258,11,4591.24,417.38545454545454,20.14090909090909,4.0,173,0.0,0,1,8.432123201442007
CUST_00259,10,2975.34,297.534,15.635,2.0,178,0.0,0,1,7.998449636739084
CUST_00260,9,1903.84,211.53777777777776,10.86111111111111,2.5,93,1415.76,8,0,7.552153294532173
CUST_00261,13,2300.49,176.96076923076922,9.983076923076924,3.0,208,0.0,0,1,7.74131201825546
CUST_00262,8,2192.77,274.09625,13.598749999999999,3.0,100,795.19,4,0,7.693376803981735
CUST_00263,19,4747.6,249.87368421052633,15.107894736842105,4.0,179,0.0,0,1,8.465605116743141
CUST_00264,9,1485.5,165.05555555555554,7.624444444444445,2.0,9,799.5899999999999,5,0,7.304179642438152
CUST_00265,9,1560.41,173.3788888888889,10.268888888888888,3.0,26,1258.15,6,0,7.353344538174456
CUST_00266,6,811.4200000000001,135.23666666666668,6.94,2.0,187,0.0,0,1,6.700017447817776
CUST_00267,21,6825.45,325.02142857142854,15.173333333333332,3.0,184,0.0,0,1,8.828560051700414
CUST_00268,21,8460.69,402.89000000000004,20.78904761904762,3.3333333333333335,3,5271.02,14,0,9.04330419624356
CUST_00269,11,1739.6100000000001,158.14636363636365,8.908181818181818,3.0,4,1757.06,9,0,7.461990905484262
CUST_00270,14,1558.5900000000001,111.32785714285716,6.139285714285714,3.8333333333333335,66,1353.02,10,0,7.352178245187399
CUST_00271,13,3432.79,264.0607692307692,11.344615384615384,2.5,171,0.0,0,1,8.141419886413349
CUST_00272,9,1478.43,164.27,7.657777777777778,4.0,10,1013.5,6,0,7.299412157439442
CUST_00273,4,660.04,165.01,8.280000000000001,3.0,192,0.0,0,1,6.493814352392929
CUST_00274,14,3045.92,217.56571428571428,11.659285714285714,3.5,20,2419.88,10,0,8.021886523307916
CUST_00275,9,1595.28,177.25333333333333,11.496666666666666,2.3333333333333335,148,1335.4099999999999,7,0,7.375431201218694
CUST_00276,11,2020.68,183.69818181818184,9.729090909090909,4.0,54,1538.41,8,0,7.611684127906759
CUST_00277,6,1058.02,176.33666666666667,9.893333333333333,2.0,164,748.21,5,0,6.965099231164339
CUST_00278,16,3173.59,198.349375,11.0825,3.0,6,1913.18,10,0,8.06293376913003
CUST_00279,10,1822.91,182.291,7.348999999999999,3.5,22,1581.55,9,0,7.508737827311652
CUST_00280,9,1231.87,136.87444444444444,9.634444444444444,3.3333333333333335,232,0.0,0,1,7.117100063704745
CUST_00281,14,2299.74,164.26714285714283,9.56142857142857,3.4,17,1746.3,10,0,7.7409860893007405
CUST_00282,12,2275.75,189.64583333333334,11.4375,3.0,168,0.0,0,1,7.7305042664479275
CUST_00283,13,2454.96,188.84307692307692,10.702307692307691,4.0,11,1921.2,9,0,7.806273002489453
CUST_00284,9,1242.14,138.01555555555558,8.801111111111112,3.0,5,1053.47,8,0,7.125395715900447
CUST_00285,12,3649.34,304.1116666666667,15.012500000000001,2.0,14,2327.91,9,0,8.202575592923212
CUST_00286,5,581.45,116.29,5.418,3.0,30,347.8,4,0,6.367243344845786
CUST_00287,4,565.47,141.3675,9.295,3.0,50,690.35,3,0,6.339424122313817
CUST_00288,9,2006.17,222.9077777777778,9.197777777777778,4.0,27,931.11,6,0,7.604481048746814
CUST_00289,20,4151.71,207.5855,10.168000000000001,3.3333333333333335,181,0.0,0,1,8.331516412153343
CUST_00290,22,5208.81,236.76409090909092,12.963636363636363,3.6,19,3579.9,16,0,8.558298665752293
CUST_00291,9,2061.23,229.02555555555557,14.80777777777778,3.3333333333333335,104,1569.29,7,0,7.631543200548584
CUST_00292,14,2583.38,184.52714285714288,8.982857142857144,3.3333333333333335,119,1628.02,11,0,7.857240912913933
CUST_00293,11,2467.42,224.3109090909091,13.835454545454546,3.0,99,1532.1100000000001,7,0,7.811333548828607
CUST_00294,12,2223.07,185.25583333333336,11.220833333333333,3.6666666666666665,168,0.0,0,1,7.707094129695295
CUST_00295,12,1549.12,129.09333333333333,6.691666666666666,2.6666666666666665,71,1329.11,8,0,7.346087626271407
CUST_00296,17,7293.83,429.0488235294118,18.759411764705884,3.142857142857143,7,4687.22,14,0,8.894921157052726
CUST_00297,5,657.74,131.548,7.236,4.5,11,651.71,5,0,6.490328919474696
CUST_00298,17,3378.76,198.75058823529412,12.725882352941177,3.75,190,0.0,0,1,8.125559980038865
CUST_00299,14,2563.56,183.11142857142858,11.627142857142857,3.1666666666666665,21,1934.42,10,0,7.849542202929194
CUST_00300,7,1439.3799999999999,205.62571428571428,12.558571428571428,4.0,38,1063.3,6,0,7.272662246646386
CUST_00301,9,1536.17,170.68555555555557,10.114444444444445,3.0,15,1361.7,7,0,7.337698342497126
CUST_00302,11,3007.34,273.3945454545455,13.88090909090909,2.0,26,2096.29,9,0,8.009143710596998
CUST_00303,9,1303.78,144.86444444444444,7.263333333333334,4.0,272,0.0,0,1,7.173789723169709
CUST_00304,9,1878.41,208.71222222222224,10.173333333333334,1.0,171,0.0,0,1,7.538713176781888
CUST_00305,10,1634.28,163.428,9.165000000000001,2.5,182,0.0,0,1,7.399569322491722
CUST_00306,6,805.8199999999999,134.3033333333333,8.573333333333332,4.0,16,940.36,6,0,6.693100595063833
CUST_00307,17,3465.02,203.82470588235293,11.692941176470589,3.5,56,2522.2799999999997,13,0,8.150762240599352
CUST_00308,8,1797.66,224.7075,14.41125,3.0,1,1836.67,7,0,7.494797222203446
CUST_00309,13,2233.61,171.81615384615387,8.438461538461539,2.6666666666666665,20,1558.09,11,0,7.711821995177063
CUST_00310,11,2597.08,236.0981818181818,12.399090909090908,3.5,18,2240.69,9,0,7.862527989674081
CUST_00311,10,2075.18,207.51799999999997,10.137,2.0,3,1790.31,9,0,7.638284945729413
CUST_00312,10,1737.02,173.702,8.4,4.333333333333333,2,971.29,6,0,7.460501813238989
CUST_00313,8,1511.64,188.955,9.55625,2.0,18,1059.56,6,0,7.321611747604871
CUST_00314,16,2852.48,178.28,10.24625,4.0,59,2473.01,11,0,7.956294581015806
CUST_00315,9,1576.04,175.11555555555555,9.137777777777778,3.0,2,1169.91,7,0,7.363304951257722
CUST_00316,14,2898.37,207.02642857142857,12.163571428571428,2.6666666666666665,85,2481.17,10,0,7.972248750994929
CUST_00317,10,2202.43,220.243,10.827,3.0,2,1874.63,8,0,7.697770516135052
CUST_00318,10,1223.13,122.31300000000002,7.398000000000001,3.0,100,945.2,7,0,7.109985666582806
CUST_00319,8,1153.11,144.13875,6.62,3.0,3,730.37,7,0,7.051084763149239
CUST_00320,18,3762.29,209.01611111111112,12.026666666666666,2.5,181,0.0,0,1,8.233048853794601
CUST_00321,9,1636.27,181.80777777777777,7.497777777777778,2.5,4,892.08,7,0,7.400785499628989
CUST_00322,12,2566.19,213.84916666666666,12.184166666666668,4.0,40,1891.27,9,0,7.850567194493576
CUST_00323,17,4046.98,238.05764705882353,14.695882352941178,3.5,1,3217.49,12,0,8.305973270243634
CUST_00324,6,794.01,132.335,8.275,3.0,74,347.72,3,0,6.678354693191574
CUST_00325,5,748.3,149.66,6.465999999999999,3.6666666666666665,9,549.67,4,0,6.619139437370265
CUST_00326,13,4379.8,336.90769230769234,20.990000000000002,3.25,267,0.0,0,1,8.38498663509413
CUST_00327,11,2275.65,206.87727272727273,12.918181818181818,3.0,77,2109.3,8,0,7.7304603432257135
CUST_00328,10,1511.93,151.193,8.690000000000001,3.0,30,1117.5,7,0,7.321803447020775
CUST_00329,6,997.2199999999999,166.20333333333332,7.391666666666667,5.0,80,367.15999999999997,3,0,6.905973692899706
CUST_00330,12,2213.87,184.48916666666665,9.129166666666666,5.0,5,1765.84,9,0,7.702948990011945
CUST_00331,14,2157.7,154.12142857142857,6.28,3.0,50,1911.1200000000001,10,0,7.6772614676408315
CUST_00332,17,4708.86,276.99176470588236,12.055294117647058,2.6,0,3785.05,14,0,8.45741346257719
CUST_00333,7,1024.11,146.30142857142854,8.084285714285715,3.0,173,0.0,0,1,6.932555202887614
CUST_00334,10,3049.1800000000003,304.918,14.571000000000002,3.6666666666666665,33,2224.83,8,0,8.022955884253502
CUST_00335,15,2648.53,176.56866666666667,9.225333333333333,3.6666666666666665,15,2263.38,13,0,7.882137544759825
CUST_00336,10,1405.37,140.53699999999998,8.718,3.5,335,0.0,0,1,7.248767195645382
CUST_00337,10,1976.3100000000002,197.63100000000003,8.748999999999999,3.6666666666666665,152,1462.1100000000001,8,0,7.589492614115502
CUST_00338,6,529.67,88.27833333333332,5.401666666666666,2.75,268,367.12,4,0,6.274140359123526
CUST_00339,9,1862.77,206.97444444444443,11.35888888888889,2.75,49,1080.76,6,0,7.530356597074356
CUST_00340,6,995.2900000000001,165.8816666666667,10.16,3.0,104,899.07,5,0,6.90403837986303
CUST_00341,10,2243.48,224.348,12.362,3.5,62,2197.32,7,0,7.716229147511759
CUST_00342,7,938.6700000000001,134.0957142857143,7.428571428571429,4.0,3,875.98,6,0,6.84552874979693
CUST_00343,14,3996.83,285.48785714285714,14.471428571428572,3.0,72,2624.37,9,0,8.29350699289566
CUST_00344,13,3473.23,267.1715384615385,15.073076923076922,4.5,45,2406.58,9,0,8.153128150711998
CUST_00345,10,3342.4900000000002,334.249,16.554,2.3333333333333335,19,2627.65,8,0,8.114770450611738
CUST_00346,9,1550.81,172.3122222222222,11.421111111111111,4.0,331,1557.43,7,0,7.3471772705684835
CUST_00347,14,3976.96,284.06857142857143,14.985,3.3333333333333335,6,2825.19,10,0,8.28852440405919
CUST_00348,10,1526.28,152.628,7.064,3.0,127,886.24,8,0,7.3312436544864035
CUST_00349,17,4065.0699999999997,239.12176470588233,12.24,3.0,189,0.0,0,1,8.310432209977138
CUST_00350,4,526.25,131.5625,8.23,4.5,18,404.03000000000003,3,0,6.267674819358884
CUST_00351,11,1461.24,132.84,6.371818181818182,4.0,120,962.4,9,0,7.287724785523891
CUST_00352,7,827.85,118.26428571428572,8.308571428571428,3.0,1,1053.8,6,0,6.720039197870875
CUST_00353,8,1732.81,216.60125,8.51,3.4,22,1111.84,5,0,7.45807657809584
CUST_00354,11,1971.81,179.25545454545454,6.5590909090909095,3.6666666666666665,10,1297.05,8,0,7.587214201334784
CUST_00355,11,2206.62,200.60181818181817,10.385454545454547,3.0,201,0.0,0,1,7.699670291136557
CUST_00356,7,941.24,134.46285714285713,6.5200000000000005,2.5,68,739.88,5,0,6.84826001919626
CUST_00357,7,922.59,131.79857142857142,6.835714285714286,2.5,26,477.69000000000005,5,0,6.828268250223805
CUST_00358,19,5188.46,273.07684210526315,15.964210526315789,2.8,6,3948.19,15,0,8.554384924503974
CUST_00359,15,4178.24,278.5493333333333,14.920666666666667,3.0,12,3166.44,12,0,8.337884690806055
CUST_00360,6,962.5699999999999,160.4283333333333,8.583333333333334,4.0,43,1099.35,6,0,6.870645137005755
CUST_00361,15,2887.89,192.52599999999998,10.912666666666667,3.25,214,0.0,0,1,7.9686276242827105
CUST_00362,12,2687.0,223.91666666666666,13.988333333333335,3.0,31,2192.91,9,0,7.89655270164304
CUST_00363,17,3547.7799999999997,208.69294117647058,10.629411764705882,3.3333333333333335,9,1960.11,10,0,8.174359161432323
CUST_00364,15,3154.21,210.28066666666666,11.008000000000001,3.25,179,0.0,0,1,8.056810333774491
CUST_00365,13,3381.54,260.11846153846153,15.746923076923078,3.5,11,2684.86,10,0,8.126382185547822
CUST_00366,11,1536.24,139.65818181818182,8.88,2.5,51,1160.1,7,0,7.337743879689636
CUST_00367,9,1919.74,213.30444444444444,10.94111111111111,4.0,236,0.0,0,1,7.560465807434569
CUST_00368,9,1733.8600000000001,192.65111111111113,10.518888888888888,3.0,228,0.0,0,1,7.458681997482563
CUST_00369,13,2348.9,180.6846153846154,9.815384615384614,3.3333333333333335,9,1913.5,11,0,7.762128053041303
CUST_00370,16,2594.46,162.15375,9.951875,4.0,134,2096.62,12,0,7.86151904385976
CUST_00371,7,1423.58,203.3685714285714,12.299999999999999,3.0,34,1273.82,5,0,7.261632312417206
CUST_00372,14,2935.88,209.7057142857143,9.985714285714286,4.0,103,2039.0800000000002,11,0,7.985103072345522
CUST_00373,4,626.21,156.5525,8.66,2.0,20,505.93999999999994,4,0,6.441281412786647
CUST_00374,17,4229.13,248.77235294117648,12.88529411764706,3.5,8,3052.23,14,0,8.3499880044286
CUST_00375,11,1797.86,163.44181818181818,7.352727272727273,2.25,17,1226.23,8,0,7.494908409910648
CUST_00376,12,2016.52,168.04333333333332,9.262500000000001,3.25,40,1474.3,8,0,7.609624313353952
CUST_00377,10,1902.14,190.214,10.001000000000001,4.0,50,1568.86,7,0,7.5512604326406
CUST_00378,17,3479.2799999999997,204.6635294117647,11.882941176470588,3.2,58,2471.59,12,0,8.154868029301921
CUST_00379,15,1940.22,129.348,7.067333333333334,3.0,29,1215.61,10,0,7.571071920383406
CUST_00380,11,2724.12,247.6472727272727,14.69,3.0,26,2092.4,8,0,7.910267742825005
CUST_00381,5,648.6500000000001,129.73000000000002,8.846,3.0,266,0.0,0,1,6.4764337563287455
CUST_00382,10,3398.99,339.899,15.236,3.0,111,1185.3600000000001,5,0,8.131527769423457
CUST_00383,9,1482.55,164.72777777777776,8.777777777777779,3.0,62,1103.61,7,0,7.3021931432411
CUST_00384,18,3284.66,182.4811111111111,10.333888888888888,3.5,177,0.0,0,1,8.097322823980358
CUST_00385,15,5266.94,351.1293333333333,18.52,4.0,97,4403.599999999999,12,0,8.56939467327667
CUST_00386,9,1485.76,165.08444444444444,10.844444444444443,4.0,26,1316.71,8,0,7.304354534644459
CUST_00387,24,7766.06,323.58583333333337,13.718333333333334,3.0,24,4870.06,16,0,8.957646993380154
CUST_00388,14,2727.84,194.8457142857143,10.435714285714285,1.0,50,2537.15,10,0,7.911631889454932
CUST_00389,12,2738.75,228.22916666666666,11.9375,3.0,7,1664.53,9,0,7.915621954343502
CUST_00390,12,2512.67,209.38916666666668,11.115833333333335,3.0,6,1656.18,8,0,7.829499115617732
CUST_00391,14,3557.94,254.13857142857142,14.413571428571428,3.6666666666666665,31,2289.66,9,0,8.177218026699919
CUST_00392,9,1547.22,171.91333333333333,8.196666666666665,3.0,187,0.0,0,1,7.344861162914793
CUST_00393,10,1448.66,144.866,7.7459999999999996,3.6666666666666665,75,1206.06,7,0,7.279084325160619
CUST_00394,5,882.76,176.552,7.362,3.5,186,0.0,0,1,6.7841855325640195
CUST_00395,16,3474.96,217.185,9.63125,3.0,56,2032.6399999999999,10,0,8.153625978839209
CUST_00396,3,608.74,202.91333333333333,10.226666666666667,3.0,61,615.36,4,0,6.413032636797544
CUST_00397,9,2410.23,267.80333333333334,14.154444444444444,4.333333333333333,17,1303.02,6,0,7.787892269732455
CUST_00398,25,8337.37,333.49480000000005,15.3496,3.5,17,4797.21,18,0,9.028623032606111
CUST_00399,10,1461.26,146.126,8.297,4.5,18,1342.07,7,0,7.28773846307561
CUST_00400,13,2181.67,167.82076923076923,8.471538461538461,3.0,172,0.0,0,1,7.688304177005623
CUST_00401,12,1525.28,127.10666666666667,7.689166666666666,3.0,182,0.0,0,1,7.330588681251394
CUST_00402,23,8270.32,359.5791304347826,20.989565217391306,2.75,172,0.0,0,1,9.020549388340179
CUST_00403,8,1511.08,188.885,10.4975,3.6666666666666665,200,0.0,0,1,7.321241465392701
CUST_00404,10,2495.99,249.599,11.753,3.5,13,1709.07,7,0,7.822841285465987
CUST_00405,10,1272.82,127.282,7.3549999999999995,4.0,130,1030.8600000000001,8,0,7.149775538865976
CUST_00406,10,1955.9,195.59,11.897,5.0,73,1263.0900000000001,7,0,7.57911686747016
CUST_00407,9,1888.47,209.83,12.685555555555556,3.5,136,1707.29,9,0,7.544051645447305
CUST_00408,8,1340.64,167.58,9.64,3.0,189,0.0,0,1,7.2016480252106305
CUST_00409,15,3620.1,241.34,13.616000000000001,2.0,43,3115.83,11,0,8.194533126064783
CUST_00410,20,7633.87,381.6935,22.9095,3.2857142857142856,19,5177.47,13,0,8.940481190657742
CUST_00411,12,1735.48,144.62333333333333,7.678333333333334,3.6,56,1368.66,10,0,7.459615354697704
CUST_00412,10,1441.15,144.115,8.177,2.0,96,1170.17,7,0,7.273890334626362
CUST_00413,6,1034.14,172.35666666666668,9.848333333333334,3.5,179,0.0,0,1,6.942291962252373
CUST_00414,17,5285.05,310.88529411764705,17.250588235294117,3.5,76,4752.01,15,0,8.572826554067664
CUST_00415,19,5057.08,266.1621052631579,14.762105263157896,3.0,1,4088.21,15,0,8.528742243633102
CUST_00416,15,2633.52,175.568,10.616666666666667,3.3333333333333335,75,1947.3400000000001,10,0,7.876456281193878
CUST_00417,12,2340.34,195.02833333333334,10.408333333333333,2.75,15,2394.69,10,0,7.758478694023199
CUST_00418,6,1145.1399999999999,190.85666666666665,8.4,2.6666666666666665,282,0.0,0,1,7.044155053862131
CUST_00419,14,3548.1,253.43571428571428,13.280714285714286,2.6666666666666665,17,2276.48,10,0,8.174449329200787
CUST_00420,14,2551.3900000000003,182.24214285714288,10.010714285714286,3.5,46,1572.42,9,0,7.844785454105307
CUST_00421,9,1925.18,213.9088888888889,10.016666666666667,3.5,94,1436.3,8,0,7.563294045935074
CUST_00422,16,3538.65,221.165625,12.875625,3.0,24,2835.76,11,0,8.171783131183357
CUST_00423,6,1097.33,182.88833333333332,12.291666666666666,3.3333333333333335,64,741.04,4,0,7.001546123362527
CUST_00424,11,2357.4500000000003,214.3136363636364,9.66090909090909,3.3333333333333335,44,1221.8400000000001,8,0,7.765759902584395
CUST_00425,15,3146.14,209.74266666666665,10.911333333333335,2.0,21,1771.79,11,0,8.054249382887736
CUST_00426,14,3293.95,235.28214285714284,14.203571428571427,2.6666666666666665,5,2837.96,10,0,8.100146272314644
CUST_00427,14,4380.5599999999995,312.8971428571428,20.115714285714287,3.0,10,2420.39,9,0,8.385160104342576
CUST_00428,11,2413.95,219.45,12.798181818181819,3.75,104,1980.53,9,0,7.789433861938596
CUST_00429,15,3620.2200000000003,241.348,13.715333333333332,3.75,20,2471.66,11,0,8.194566264617073
CUST_00430,11,2336.16,212.37818181818182,10.23909090909091,3.3333333333333335,188,1494.02,7,0,7.756691796037849
CUST_00431,7,1194.83,170.69,8.709999999999999,2.0,5,743.51,5,0,7.086595783939436
CUST_00432,5,938.9,187.78,9.386,4.0,36,1276.25,4,0,6.845773486626256
CUST_00433,8,1590.37,198.79625,10.2325,3.5,15,1041.66,6,0,7.3723505594398695
CUST_00434,13,1792.84,137.91076923076923,7.9023076923076925,2.0,35,1107.11,8,0,7.492113852465275
CUST_00435,6,1024.05,170.67499999999998,9.073333333333332,2.6666666666666665,56,993.04,4,0,6.932496670870584
CUST_00436,10,2236.38,223.638,10.245000000000001,4.0,4,1890.1299999999999,9,0,7.713060817425886
CUST_00437,11,1563.04,142.09454545454545,10.114545454545453,3.6666666666666665,47,1381.54,9,0,7.35502749622578
CUST_00438,15,4908.38,327.22533333333337,19.784666666666666,2.3333333333333335,8,4555.34,12,0,8.498902939903047
CUST_00439,10,2025.06,202.506,11.453,4.0,73,2691.73,10,0,7.613848299375049
CUST_00440,16,5268.88,329.305,14.701875,4.25,138,3981.06,12,0,8.569762870877677
CUST_00441,14,3084.04,220.28857142857143,10.713571428571429,4.0,178,0.0,0,1,8.034319902219774
CUST_00442,16,2883.49,180.218125,10.93,3.5,31,2695.23,12,0,7.967103386885595
CUST_00443,11,1388.7,126.24545454545455,8.83,5.0,30,1360.6699999999998,9,0,7.236843175492536
CUST_00444,6,1286.1,214.35,11.856666666666667,3.0,70,822.96,4,0,7.160146904655332
CUST_00445,15,2771.58,184.772,9.956,3.75,10,2190.6,11,0,7.927533573632395
CUST_00446,10,1783.27,178.327,7.7780000000000005,3.0,27,1360.51,8,0,7.486764646979891
CUST_00447,12,1595.72,132.97666666666666,7.62,3.0,64,1347.36,9,0,7.375706804101742
CUST_00448,11,1659.74,150.88545454545454,11.009090909090908,2.75,48,1007.28,7,0,7.415018565151337
CUST_00449,8,1823.62,227.9525,13.27,3.0,108,1263.04,7,0,7.509127025157887
CUST_00450,15,3421.45,228.09666666666666,12.278,2.5,61,2310.9,10,0,8.13811194785209
CUST_00451,13,1996.24,153.55692307692308,8.893846153846154,2.8333333333333335,102,1723.98,10,0,7.599521506465151
CUST_00452,15,3284.21,218.94733333333335,12.888,3.0,27,2757.54,12,0,8.097185855816111
CUST_00453,11,1923.37,174.85181818181817,8.299090909090909,4.0,6,1534.07,9,0,7.562353920429206
CUST_00454,3,317.64,105.88,5.833333333333333,3.0,217,259.38,3,0,5.764061938873389
CUST_00455,14,2382.76,170.19714285714286,9.059285714285714,3.1666666666666665,207,0.0,0,1,7.776434351976621
CUST_00456,10,2388.58,238.858,13.955000000000002,3.0,35,1954.99,7,0,7.778872897265268
CUST_00457,13,1732.43,133.26384615384615,5.8684615384615375,3.5,171,0.0,0,1,7.4578573835771325
CUST_00458,14,3032.35,216.59642857142856,12.492857142857144,4.0,48,2121.39,10,0,8.017422898327231
CUST_00459,14,4981.78,355.84142857142854,18.740000000000002,4.0,29,3360.06,11,0,8.513743247196384
CUST_00460,9,1494.35,166.0388888888889,8.054444444444444,3.5,26,984.96,7,0,7.310115572136823
CUST_00461,12,2375.2799999999997,197.93999999999997,9.644166666666667,4.0,129,1886.01,9,0,7.7732915186571905
CUST_00462,4,562.9200000000001,140.73000000000002,7.9975,3.5,24,566.74,4,0,6.3349123974656205
CUST_00463,13,4222.24,324.7876923076923,18.154615384615383,2.0,38,3209.13,10,0,8.348357884955364
CUST_00464,8,1285.2,160.65,11.37,4.0,64,1056.68,6,0,7.159447413700763
CUST_00465,13,2606.73,200.5176923076923,10.178461538461537,3.0,51,2205.17,11,0,7.866235390079829
CUST_00466,19,5490.3099999999995,288.9636842105263,14.724736842105262,3.5,9,3886.35,13,0,8.610922121704231
CUST_00467,12,2999.5699999999997,249.96416666666664,12.1025,3.5,73,2466.71,8,0,8.006557549602533
CUST_00468,11,1709.8700000000001,155.4427272727273,8.047272727272727,3.5,184,0.0,0,1,7.444757292045973
CUST_00469,8,1184.95,148.11875,8.61375,3.5,114,953.4200000000001,7,0,7.078299420152955
CUST_00470,17,4394.74,258.5141176470588,13.014705882352942,3.1666666666666665,55,2886.82,12,0,8.388391169097417
CUST_00471,16,2823.36,176.46,8.70625,3.5,216,0.0,0,1,7.946037069241948
CUST_00472,7,669.26,95.60857142857142,5.988571428571428,3.0,36,571.88,4,0,6.507665696810812
CUST_00473,3,517.0699999999999,172.35666666666665,13.076666666666666,3.0,190,0.0,0,1,6.250110368264688
CUST_00474,5,657.43,131.486,6.872,3.0,28,473.76,4,0,6.489858213330882
CUST_00475,16,6837.66,427.35375,18.58125,4.0,175,0.0,0,1,8.830347084991676
CUST_00476,11,2079.84,189.07636363636365,11.545454545454545,3.5,201,0.0,0,1,7.6405269373252995
CUST_00477,7,1120.73,160.1042857142857,9.224285714285713,5.0,96,1110.24,7,0,7.02262741541255
CUST_00478,14,2458.88,175.6342857142857,8.662857142857144,3.0,48,1789.78,10,0,7.807867847248797
CUST_00479,12,1408.26,117.355,6.889166666666667,4.0,29,951.53,9,0,7.250820022909544
CUST_00480,7,1138.41,162.63000000000002,8.074285714285715,3.0,200,718.0500000000001,6,0,7.038265863556843
CUST_00481,16,4331.87,270.741875,13.90625,3.2,236,0.0,0,1,8.373985418981961
CUST_00482,12,4614.4800000000005,384.54,24.1575,3.0,33,3683.7000000000003,9,0,8.437171150195816
CUST_00483,12,2594.94,216.245,12.450000000000001,4.0,49,2005.65,9,0,7.861703965076144
CUST_00484,11,1744.85,158.62272727272727,9.265454545454546,3.0,251,0.0,0,1,7.464996822056095
CUST_00485,10,1436.69,143.669,10.25,3.5,193,1126.03,7,0,7.270792937850347
CUST_00486,6,895.21,149.20166666666668,8.168333333333333,3.0,40,611.85,5,0,6.798174760513401
CUST_00487,12,4342.69,361.8908333333333,19.940833333333334,3.0,36,3071.5,8,0,8.376479496268063
CUST_00488,18,3110.92,172.82888888888888,10.470555555555556,3.0,49,2249.88,12,0,8.04299517802698
CUST_00489,21,7492.610000000001,356.79095238095243,19.18904761904762,3.5,15,5194.28,14,0,8.921805936366113
CUST_00490,12,4416.54,368.045,17.205,4.0,95,2635.23,8,0,8.393338259048159
CUST_00491,12,1825.36,152.11333333333332,6.469166666666666,4.0,17,1057.18,8,0,7.510080193968308
CUST_00492,12,1849.4,154.11666666666667,8.586666666666668,2.6666666666666665,85,1432.92,9,0,7.5231571109172295
CUST_00493,12,2139.69,178.3075,8.209166666666667,3.4,198,0.0,0,1,7.668883485953088
CUST_00494,10,1837.83,183.783,10.481,3.3333333333333335,188,0.0,0,1,7.516884778787021
CUST_00495,17,3035.48,178.55764705882353,11.422941176470587,3.4,39,2649.69,12,0,8.018454228785394
CUST_00496,20,10449.279999999999,522.4639999999999,31.5865,3.857142857142857,16,8933.75,14,0,9.254384051292371
CUST_00497,9,1320.88,146.76444444444445,8.085555555555555,2.5,76,1343.24,9,0,7.186810244733399
CUST_00498,12,2584.04,215.33666666666667,10.421666666666667,3.6666666666666665,49,1851.53,8,0,7.857496260710624
CUST_00499,12,2521.43,210.11916666666664,13.820833333333333,4.0,10,2428.56,9,0,7.832978001594949
CUST_00500,16,2675.18,167.19875,9.9575,3.0,9,2352.09,12,0,7.89214568355995
CUST_00501,16,3091.93,193.245625,10.6625,3.0,11,2095.8,10,0,8.036874140679856
CUST_00502,8,1206.09,150.76125,7.3625,3.0,59,705.29,6,0,7.09596778335498
CUST_00503,15,3352.17,223.478,10.617333333333333,4.0,184,0.0,0,1,8.117661446045881
CUST_00504,15,3142.05,209.47,12.602666666666666,3.6666666666666665,13,3068.58,12,0,8.052948945038832
CUST_00505,9,1737.61,193.06777777777776,10.675555555555555,3.0,10,1593.85,8,0,7.460841222382708
CUST_00506,11,2803.63,254.87545454545455,12.524545454545455,4.166666666666667,22,1685.79,8,0,7.9390269019478845
CUST_00507,14,4707.66,336.26142857142855,16.021428571428572,3.25,13,3006.91,11,0,8.457158645470788
CUST_00508,15,4156.66,277.11066666666665,13.51,4.0,4,3556.94,12,0,8.332707694992832
CUST_00509,13,2593.53,199.5023076923077,10.399999999999999,3.0,12,1931.33,9,0,7.86116066166251
CUST_00510,14,2153.78,153.8414285714286,7.166428571428571,5.0,1,1624.1,10,0,7.675443909159443
CUST_00511,13,2128.33,163.7176923076923,8.225384615384614,4.333333333333333,83,1311.56,9,0,7.663562655230377
CUST_00512,12,2110.6,175.88333333333333,10.220833333333333,3.0,173,0.0,0,1,7.655201232949461
CUST_00513,11,2380.34,216.39454545454547,12.033636363636363,4.0,29,1691.4299999999998,8,0,7.775418633436378
CUST_00514,11,1810.8600000000001,164.62363636363636,9.105454545454545,2.75,49,1251.91,8,0,7.5021092209248526
CUST_00515,13,1614.0,124.15384615384616,8.26,4.0,19,1134.83,9,0,7.387090235656757
CUST_00516,12,1635.6599999999999,136.30499999999998,7.890000000000001,4.0,7,1329.2,9,0,7.4004128587924045
CUST_00517,7,821.47,117.35285714285715,6.362857142857143,3.0,215,0.0,0,1,6.712312007810195
CUST_00518,16,2907.26,181.70375,10.11875,3.0,15,1900.18,12,0,7.975310243184904
CUST_00519,11,1480.3899999999999,134.58090909090907,6.911818181818182,3.0,60,1237.31,8,0,7.300736115185135
CUST_00520,11,1740.93,158.26636363636365,8.39,3.0,178,0.0,0,1,7.4627489729081615
CUST_00521,17,3023.7000000000003,177.86470588235295,9.867058823529412,2.5,10,1781.8200000000002,11,0,8.014567191993201
CUST_00522,11,1949.37,177.21545454545455,8.204545454545455,3.25,120,1209.57,8,0,7.575774377148498
CUST_00523,10,2128.95,212.89499999999998,10.399,3.0,63,1760.48,8,0,7.663853784249544
CUST_00524,13,3308.53,254.5023076923077,12.450769230769232,2.5,28,1940.42,9,0,8.104561464331308
CUST_00525,9,1464.06,162.67333333333332,7.2555555555555555,3.5,202,0.0,0,1,7.289651476243908
CUST_00526,10,1817.8,181.78,8.924,4.0,8,1312.0900000000001,8,0,7.5059322219508555
CUST_00527,9,2016.51,224.05666666666667,12.095555555555556,3.5,117,2059.35,8,0,7.6096193567613115
CUST_00528,14,2333.68,166.69142857142856,8.934285714285714,3.0,41,1293.37,9,0,7.755630115743598
CUST_00529,8,1710.8600000000001,213.85750000000002,8.61125,3.0,113,1010.79,6,0,7.445335777656938
CUST_00530,19,5499.07,289.42473684210523,14.569473684210527,4.0,48,4105.3099999999995,15,0,8.612516098412298
CUST_00531,13,3504.13,269.54846153846154,13.741538461538461,3.0,14,1907.73,8,0,8.16198288865249
CUST_00532,12,2973.82,247.81833333333336,13.288333333333334,2.75,9,1917.63,8,0,7.997938811947597
CUST_00533,8,2298.79,287.34875,14.8175,3.0,34,1619.0,7,0,7.740573093400919
CUST_00534,7,782.62,111.80285714285715,6.532857142857142,2.3333333333333335,208,0.0,0,1,6.663924208970809
CUST_00535,13,3920.72,301.59384615384613,16.995384615384616,3.0,17,2826.7,10,0,8.274285612060886
CUST_00536,7,1587.54,226.79142857142855,11.007142857142856,3.0,7,1099.37,6,0,7.370570634380889
CUST_00537,13,3670.05,282.3115384615385,14.306153846153846,3.0,209,0.0,0,1,8.208233003671037
CUST_00538,13,3007.59,231.35307692307694,11.734615384615385,3.1666666666666665,183,0.0,0,1,8.009226809453107
CUST_00539,6,1170.17,195.02833333333334,11.676666666666668,3.0,37,828.66,4,0,7.065758528124886
CUST_00540,7,1149.42,164.20285714285714,9.07,3.0,22,1196.03,6,0,7.047882372072962
CUST_00541,17,3647.72,214.57176470588234,11.179411764705883,3.3333333333333335,7,2851.66,13,0,8.20213170014069
CUST_00542,11,1896.8600000000001,172.4418181818182,9.600909090909092,3.0,129,1299.01,8,0,7.54848221459475
CUST_00543,14,4076.0699999999997,291.1478571428571,15.155714285714286,3.5,10,2681.78,10,0,8.313133872159227
CUST_00544,13,1943.96,149.53538461538463,6.833846153846154,3.4,66,962.0,8,0,7.572996690288374
CUST_00545,8,1579.08,197.385,9.01,4.0,134,840.29,6,0,7.365230757650602
CUST_00546,10,3119.59,311.959,20.537,4.0,91,3215.8199999999997,8,0,8.045777365489995
CUST_00547,8,1579.6399999999999,197.45499999999998,7.94625,4.0,99,790.27,5,0,7.365585107296163
CUST_00548,9,1962.5700000000002,218.06333333333336,9.31,3.5,72,1379.18,7,0,7.582519524006482
CUST_00549,7,1157.24,165.32,8.792857142857143,1.6666666666666667,165,764.9399999999999,5,0,7.054656890544831
CUST_00550,8,1620.8899999999999,202.61124999999998,11.91,3.0,197,0.0,0,1,7.391347414866399
CUST_00551,12,2218.95,184.9125,8.352500000000001,4.0,71,1582.04,9,0,7.705239952090166
CUST_00552,8,1664.88,208.11,10.5625,3.0,196,0.0,0,1,7.418108791321064
CUST_00553,12,2992.32,249.36,13.135,4.0,167,0.0,0,1,8.00413841827523
CUST_00554,9,1309.28,145.47555555555556,8.916666666666666,3.0,5,1053.3600000000001,6,0,7.177996133813975
CUST_00555,16,4286.23,267.889375,14.94,2.6666666666666665,197,0.0,0,1,8.363396115730332
CUST_00556,11,3223.4,293.03636363636366,13.581818181818182,4.0,41,2449.56,10,0,8.078502165409446
CUST_00557,16,3999.02,249.93875,14.753125,2.8,11,3279.8,11,0,8.294054640089527
CUST_00558,12,2960.62,246.71833333333333,10.5325,3.6666666666666665,62,1861.56,9,0,7.99349169490286
CUST_00559,16,9269.11,579.319375,34.1025,2.75,7,7454.2300000000005,13,0,9.134550524724665
CUST_00560,8,2170.86,271.3575,12.29875,3.0,88,1999.51,7,0,7.683339222254487
CUST_00561,11,2227.18,202.4709090909091,10.663636363636364,3.0,75,1964.16,10,0,7.7089403877299825
CUST_00562,10,1807.55,180.755,8.516,3.0,10,787.5,5,0,7.500280698231429
CUST_00563,15,3043.66,202.91066666666666,9.228666666666667,3.3333333333333335,24,1969.02,11,0,8.021144515453242
CUST_00564,20,6265.28,313.264,16.105,3.0,25,4667.39,15,0,8.742938156118617
CUST_00565,11,4106.29,373.2990909090909,16.277272727272727,2.5,3,2736.42,9,0,8.3205187226154
CUST_00566,14,3825.15,273.225,17.890714285714285,2.0,4,3826.47,11,0,8.249614354668172
CUST_00567,10,2027.53,202.753,14.075,3.0,30,1426.99,7,0,7.615066671790284
CUST_00568,13,1841.56,141.65846153846152,7.656923076923077,2.75,11,1307.71,9,0,7.518911187983757
CUST_00569,11,2644.85,240.4409090909091,11.305454545454545,3.0,34,1843.29,9,0,7.880747653725596
CUST_00570,8,1045.87,130.73375,7.08,4.0,23,1031.9,7,0,6.953560038882623
CUST_00571,11,1542.82,140.25636363636363,7.53909090909091,3.5,31,1299.83,8,0,7.342015143477828
CUST_00572,10,1898.23,189.823,10.581,3.3333333333333335,85,1349.36,7,0,7.549203819855331
CUST_00573,15,3832.56,255.504,11.831333333333333,2.0,127,3016.61,13,0,8.25154915436988
CUST_00574,11,2918.85,265.34999999999997,15.09909090909091,4.0,238,2109.11,8,0,7.979287524079837
CUST_00575,13,3050.81,234.6776923076923,11.610000000000001,3.0,118,2918.16,11,0,8.023490136206968
CUST_00576,13,3168.55,243.7346153846154,13.635384615384615,2.0,59,2232.55,10,0,8.06134490095868
CUST_00577,8,1341.01,167.62625,8.65875,4.0,9,852.05,6,0,7.201923769068693
CUST_00578,9,2150.04,238.89333333333332,10.476666666666667,5.0,50,1786.9,7,0,7.673706725096686
CUST_00579,7,1073.67,153.3814285714286,7.684285714285714,3.5,37,531.13,5,0,6.979768916690571
CUST_00580,7,911.04,130.14857142857142,5.752857142857143,3.5,36,570.1899999999999,4,0,6.815683848761648
CUST_00581,12,3288.7,274.05833333333334,11.363333333333335,3.0,8,2003.76,9,0,8.098551654191441
CUST_00582,17,2563.26,150.78,7.710588235294117,3.0,4,1931.03,12,0,7.849425216955679
CUST_00583,10,2242.49,224.24899999999997,12.223,3.4285714285714284,190,0.0,0,1,7.715787968084954
CUST_00584,13,3355.14,258.0876923076923,14.564615384615385,3.0,8,3390.87,12,0,8.118546783045957
CUST_00585,8,1319.23,164.90375,7.5575,3.0,62,773.6899999999999,5,0,7.185561242826211
CUST_00586,17,3701.96,217.76235294117646,13.348823529411765,2.8,30,2616.15,11,0,8.21688777880288
CUST_00587,5,676.72,135.344,10.431999999999999,3.0,213,525.59,4,0,6.518734223289906
CUST_00588,7,916.26,130.8942857142857,6.8028571428571425,3.5,51,794.84,6,0,6.8213909653291385
CUST_00589,14,3000.22,214.30142857142854,11.552142857142856,3.5,12,2020.02,11,0,8.006774151650436
CUST_00590,8,1528.54,191.0675,8.73875,2.3333333333333335,127,972.7,6,0,7.332722315586357
CUST_00591,12,2393.48,199.45666666666668,9.089166666666667,3.0,8,1570.14,10,0,7.780921367273361
CUST_00592,17,6055.57,356.21,17.890588235294118,4.0,18,5053.01,15,0,8.708898912220496
CUST_00593,9,972.38,108.04222222222222,7.309999999999999,2.0,11,1100.41,6,0,6.880774550650362
CUST_00594,9,1759.94,195.54888888888888,13.101111111111111,3.0,24,1458.48,7,0,7.473603036365502
CUST_00595,13,2202.12,169.39384615384614,8.196923076923078,4.0,67,1275.68,8,0,7.697629816494512
CUST_00596,9,2136.2799999999997,237.36444444444442,13.605555555555556,3.0,296,0.0,0,1,7.667289271537271
CUST_00597,19,3603.51,189.65842105263158,11.732105263157894,3.3333333333333335,6,2781.15,14,0,8.189941118150676
CUST_00598,11,2455.46,223.22363636363636,12.887272727272727,3.0,42,1433.55,8,0,7.806476568146187
CUST_00599,7,1471.96,210.28,9.614285714285714,5.0,35,1095.57,6,0,7.295029260628876
CUST_00600,6,921.8599999999999,153.64333333333332,9.123333333333333,3.5,57,776.32,5,0,6.827477543691773
CUST_00601,10,2538.83,253.88299999999998,13.019,4.0,8,2530.01,9,0,7.83985242863887
CUST_00602,14,4232.46,302.31857142857143,17.312142857142856,3.0,92,3202.75,10,0,8.350774904590784
CUST_00603,17,3787.92,222.81882352941176,12.503529411764706,3.3333333333333335,15,2057.9700000000003,10,0,8.239836297045372
CUST_00604,6,848.0400000000001,141.34,7.71,4.0,15,755.18,5,0,6.744106299453567
CUST_00605,19,4206.07,221.3721052631579,12.182105263157895,3.0,95,3303.28,14,0,8.344521722387203
CUST_00606,14,6418.35,458.4535714285715,23.695714285714285,4.0,76,5428.96,12,0,8.767072145452355
CUST_00607,13,2848.15,219.08846153846156,10.806153846153846,3.5,59,2164.84,11,0,7.954775983164593
CUST_00608,18,6205.5,344.75,16.27388888888889,4.0,16,4318.04,12,0,8.733352408956003
CUST_00609,13,1965.05,151.15769230769232,8.394615384615385,3.0,43,1077.02,8,0,7.583781732733664
CUST_00610,7,1162.04,166.00571428571428,12.035714285714286,3.0,191,0.0,0,1,7.058792545736325
CUST_00611,13,3186.19,245.09153846153848,11.996153846153845,2.0,33,3051.01,11,0,8.066894929835156
CUST_00612,11,2283.49,207.58999999999997,13.375454545454545,4.0,3,2312.36,9,0,7.733898083668292
CUST_00613,8,1064.52,133.065,9.028749999999999,4.0,55,795.8299999999999,5,0,6.971218221892775
CUST_00614,8,1483.82,185.4775,7.4675,2.0,12,973.09,6,0,7.303048831768805
CUST_00615,9,2578.93,286.54777777777775,12.770000000000001,3.0,44,3030.93,10,0,7.855517545764644
CUST_00616,12,3978.1400000000003,331.5116666666667,16.308333333333334,2.75,175,2308.52,9,0,8.28882099452774
CUST_00617,16,5465.7699999999995,341.61062499999997,18.036875,3.0,2,3564.56,12,0,8.606443227404556
CUST_00618,12,4267.45,355.62083333333334,17.801666666666666,4.333333333333333,38,3706.47,10,0,8.359006042664992
CUST_00619,12,2182.8,181.9,12.549999999999999,3.75,189,0.0,0,1,7.688821757579966
CUST_00620,11,1836.54,166.95818181818183,8.851818181818182,2.0,20,919.35,6,0,7.5161829995575395
CUST_00621,16,5287.69,330.480625,16.36875,3.0,4,2946.15,11,0,8.573325857134188
CUST_00622,9,2170.51,241.16777777777781,13.93,2.0,180,0.0,0,1,7.683178057075947
CUST_00623,15,2217.39,147.826,7.870666666666667,2.5,0,1855.93,12,0,7.704536986538073
CUST_00624,11,1467.06,133.36909090909091,8.932727272727274,3.5,13,1487.9,8,0,7.291697080273831
CUST_00625,9,1839.42,204.38,10.153333333333332,2.0,175,0.0,0,1,7.517749085425048
CUST_00626,16,2955.34,184.70875,9.078125,3.6666666666666665,53,1941.82,10,0,7.991707295751465
CUST_00627,17,2897.89,170.46411764705883,10.641176470588235,3.25,71,2361.75,12,0,7.972083184083098
CUST_00628,9,1962.02,218.00222222222223,13.887777777777778,3.0,169,1804.85,7,0,7.582239382711569
CUST_00629,10,2796.5099999999998,279.65099999999995,15.018,3.5,125,1821.22,7,0,7.936485014799888
CUST_00630,13,3854.96,296.5353846153846,17.189230769230768,3.0,15,1902.47,8,0,8.257375282232648
CUST_00631,2,216.39999999999998,108.19999999999999,5.6850000000000005,3.0,380,490.71999999999997,3,0,5.381738974687109
CUST_00632,9,1886.25,209.58333333333334,11.465555555555556,3.0,118,1279.87,5,0,7.542876022019734
CUST_00633,15,4102.41,273.49399999999997,13.772666666666668,3.4,175,0.0,0,1,8.319573614332596
CUST_00634,13,1647.83,126.75615384615384,7.503846153846154,2.3333333333333335,0,1203.56,10,0,7.407821224461667
CUST_00635,9,1616.98,179.66444444444446,8.606666666666666,4.0,210,0.0,0,1,7.388933736602609
CUST_00636,9,1374.57,152.73,7.323333333333333,4.0,10,1026.65,7,0,7.226623469654989
CUST_00637,7,1434.92,204.98857142857145,10.347142857142858,3.0,22,1105.79,6,0,7.269561037749886
CUST_00638,14,4796.42,342.6014285714286,16.357857142857142,3.0,39,3451.41,10,0,8.475833552391075
CUST_00639,18,7446.11,413.67277777777775,21.318333333333335,3.2,10,5231.26,14,0,8.915581316650298
CUST_00640,7,1247.68,178.24,8.982857142857142,2.0,74,783.58,6,0,7.129842272335508
CUST_00641,7,1864.73,266.39,13.892857142857142,3.5,144,1102.93,5,0,7.531407676404263
CUST_00642,9,2083.8,231.53333333333336,10.164444444444445,4.0,68,1131.79,5,0,7.642428206370581
CUST_00643,15,3517.06,234.47066666666666,11.764000000000001,2.0,0,2471.58,11,0,8.165664980297034
CUST_00644,16,3775.54,235.97125,12.88375,2.8,33,2427.59,12,0,8.23656352551523
CUST_00645,8,1789.3899999999999,223.67374999999998,11.26375,3.0,190,0.0,0,1,7.490188752198005
CUST_00646,21,8181.69,389.6042857142857,16.944285714285712,3.6,169,0.0,0,1,9.009776226392948
CUST_00647,14,3622.1,258.7214285714286,16.34714285714286,3.2,193,0.0,0,1,8.19508529194944
CUST_00648,8,1317.78,164.7225,8.24625,4.0,180,0.0,0,1,7.184462345780792
CUST_00649,11,2807.55,255.2318181818182,12.911818181818182,2.0,52,1625.67,8,0,7.9404236149117535
CUST_00650,15,3527.9,235.19333333333333,12.911333333333333,3.4,33,3662.85,14,0,8.168741486634506
CUST_00651,13,2733.8,210.2923076923077,10.30076923076923,4.5,16,2294.02,12,0,7.913813586039639
CUST_00652,11,3130.64,284.6036363636363,12.839090909090908,3.0,68,2182.89,10,0,8.04931210797556
CUST_00653,15,2894.53,192.96866666666668,10.668666666666667,2.5,0,2383.4,12,0,7.970923447517023
CUST_00654,11,2331.11,211.91909090909093,11.260909090909092,3.3333333333333335,30,1376.82,8,0,7.7545287161692436
CUST_00655,9,1603.01,178.11222222222221,9.184444444444445,3.0,143,1598.17,9,0,7.380262022820991
CUST_00656,10,1475.82,147.582,7.008,3.5,30,1012.86,7,0,7.297646406452118
CUST_00657,10,2141.22,214.12199999999999,10.322,4.0,44,1571.07,8,0,7.669597953483381
CUST_00658,8,1078.36,134.795,9.52625,4.0,133,928.51,6,0,6.984123551873285
CUST_00659,7,1190.09,170.01285714285714,9.715714285714286,3.0,96,852.5999999999999,5,0,7.082624133250906
CUST_00660,12,4304.34,358.695,17.886666666666667,3.0,111,3434.29,11,0,8.367611391675874
CUST_00661,10,2351.96,235.196,11.706,1.0,18,1867.5,9,0,7.763429389007857
CUST_00662,11,2537.92,230.72,11.34909090909091,3.0,47,1942.9699999999998,8,0,7.839494072740376
CUST_00663,11,2064.99,187.72636363636363,8.629090909090909,3.5,15,1222.47,7,0,7.633364809396815
CUST_00664,8,1537.76,192.22,11.75125,3.0,41,1196.19,6,0,7.3387321762590245
CUST_00665,16,4514.34,282.14625,14.435,4.0,180,0.0,0,1,8.415235767556261
CUST_00666,3,507.83000000000004,169.27666666666667,7.386666666666667,3.0,222,0.0,0,1,6.232113972551858
CUST_00667,17,3263.45,191.96764705882353,10.731764705882354,3.0,48,1857.1,11,0,8.090846574228186
CUST_00668,14,3447.55,246.25357142857143,13.375714285714285,2.5,205,0.0,0,1,8.145709131823796
CUST_00669,11,1338.56,121.68727272727273,6.954545454545454,4.0,21,829.66,8,0,7.200096480814641
CUST_00670,11,1894.33,172.2118181818182,9.83090909090909,3.0,182,0.0,0,1,7.547148244835697
CUST_00671,10,1580.9,158.09,9.376999999999999,2.0,0,1437.86,7,0,7.366381935204534
CUST_00672,16,2851.27,178.204375,9.73875,3.8,21,2278.94,11,0,7.955870447459959
CUST_00673,5,838.7,167.74,10.059999999999999,3.5,20,711.13,4,0,6.733044685189517
CUST_00674,9,1980.75,220.08333333333334,12.681111111111111,2.5,26,1670.61,8,0,7.591735571717265
CUST_00675,13,4776.54,367.42615384615385,20.569230769230767,3.5,174,0.0,0,1,8.47168104865918
CUST_00676,7,1142.85,163.2642857142857,9.384285714285713,3.0,167,0.0,0,1,7.042155044461793
CUST_00677,10,2693.33,269.33299999999997,10.804,3.0,7,1209.17,7,0,7.89890484390055
CUST_00678,15,5986.23,399.082,21.429333333333332,3.0,9,3105.61,10,0,8.697384146756688
CUST_00679,11,1667.19,151.56272727272727,9.54,3.75,11,1218.33,8,0,7.419494485304471
CUST_00680,24,8312.53,346.3554166666667,19.737083333333334,3.6666666666666665,6,6855.89,19,0,9.025639587062363
CUST_00681,8,1502.69,187.83625,11.3775,3.25,42,1079.3,6,0,7.315677366243476
CUST_00682,15,5386.93,359.1286666666667,18.834,4.5,224,0.0,0,1,8.591916545612156
CUST_00683,17,4574.78,269.1047058823529,15.222352941176473,3.0,49,3489.09,13,0,8.428532454980825
CUST_00684,11,2939.3,267.20909090909095,9.734545454545454,4.0,35,1893.4,8,0,7.986266895943244
CUST_00685,11,2060.7200000000003,187.33818181818185,12.166363636363638,3.5,50,1257.73,7,0,7.631295864861876
CUST_00686,8,1234.8400000000001,154.35500000000002,8.415,3.5,15,1206.87,7,0,7.119506179800095
CUST_00687,12,2251.52,187.62666666666667,9.189166666666667,3.3333333333333335,47,1785.66,9,0,7.719804868466382
CUST_00688,14,2958.81,211.34357142857144,13.877142857142857,3.0,225,0.0,0,1,7.992880356068703
CUST_00689,7,1130.2,161.45714285714286,11.66,3.0,46,1406.87,6,0,7.031034295142308
CUST_00690,10,1740.01,174.001,8.23,3.0,65,1070.54,7,0,7.4622206835770815
CUST_00691,8,1804.73,225.59125,8.20875,2.0,190,0.0,0,1,7.498720221139314
CUST_00692,9,2311.31,256.8122222222222,12.695555555555554,5.0,250,0.0,0,1,7.746002303848923
CUST_00693,8,2052.1,256.5125,14.397499999999999,3.0,1,1799.96,7,0,7.627106125038718
CUST_00694,16,3029.44,189.34,8.443125,3.2,200,0.0,0,1,8.016463102482259
CUST_00695,9,1482.9,164.76666666666668,8.841111111111111,3.0,7,1300.36,7,0,7.3024290360120805
CUST_00696,14,3113.48,222.39142857142858,11.04857142857143,2.5,57,1993.47,10,0,8.043817483097085
CUST_00697,12,3153.4300000000003,262.78583333333336,19.581666666666667,3.3333333333333335,10,3284.34,9,0,8.056563093043174
CUST_00698,15,4017.99,267.866,14.512,3.0,18,3146.73,11,0,8.298785906264966
CUST_00699,11,1642.6,149.3272727272727,6.994545454545454,2.5,202,0.0,0,1,7.404644237009254
CUST_00700,12,2362.64,196.88666666666666,10.556666666666667,2.6666666666666665,238,0.0,0,1,7.767958082665603
CUST_00701,12,1879.15,156.59583333333333,7.575,3.0,36,1154.56,8,0,7.539106839875205
CUST_00702,6,1155.6,192.6,8.556666666666667,3.0,244,750.77,5,0,7.053239945724118
CUST_00703,17,5827.46,342.7917647058824,19.389411764705883,3.25,31,3393.29,13,0,8.670508093507136
CUST_00704,14,1665.0,118.92857142857143,7.472857142857143,3.0,19,1475.42,11,0,7.418180822726788
CUST_00705,15,2202.3,146.82000000000002,6.854666666666666,3.6666666666666665,90,1346.25,11,0,7.697711515470143
CUST_00706,9,1431.71,159.07888888888888,8.631111111111112,2.5,56,885.1899999999999,6,0,7.267323034703264
CUST_00707,14,2824.3,201.7357142857143,11.650714285714287,2.0,61,2749.13,11,0,7.94636983263255
CUST_00708,18,4113.23,228.51277777777776,12.008888888888889,3.0,31,3239.3,13,0,8.322206975310369
CUST_00709,20,4697.61,234.88049999999998,12.451,3.5,32,3023.7,14,0,8.455021999276216
CUST_00710,13,3661.09,281.6223076923077,14.659230769230769,3.0,13,2929.06,11,0,8.205789301666478
CUST_00711,8,1113.53,139.19125,7.0925,3.0,23,626.51,6,0,7.016188070364047
CUST_00712,14,4181.77,298.6978571428572,14.972857142857142,3.0,171,0.0,0,1,8.338728985469585
CUST_00713,11,2446.7599999999998,222.43272727272725,9.622727272727273,4.0,29,2026.93,9,0,7.8029285996103726
CUST_00714,13,3397.58,261.3523076923077,11.581538461538461,3.3333333333333335,75,2156.08,8,0,8.131112976306605
CUST_00715,5,589.89,117.978,7.337999999999999,3.0,307,0.0,0,1,6.3816298748711455
CUST_00716,6,1127.77,187.96166666666667,10.674999999999999,3.5,126,935.9999999999999,5,0,7.028883823289614
CUST_00717,8,2020.04,252.505,10.7725,3.5,86,1393.62,6,0,7.611367509389846
CUST_00718,20,5168.41,258.4205,15.788999999999998,3.3333333333333335,183,0.0,0,1,8.550513841067671
CUST_00719,14,1791.17,127.9407142857143,6.567857142857143,3.0,170,0.0,0,1,7.491182455106803
CUST_00720,8,1603.44,200.43,10.33,3.0,130,1306.24,5,0,7.380530065023659
CUST_00721,11,1455.52,132.32,8.481818181818182,3.0,175,0.0,0,1,7.283805307853444
CUST_00722,11,2929.98,266.3618181818182,13.740000000000002,4.5,96,2042.0,10,0,7.983092117077922
CUST_00723,14,3393.26,242.3757142857143,11.855,3.0,21,2770.31,11,0,8.129841048634995
CUST_00724,15,3825.16,255.01066666666665,15.374666666666666,2.5,135,2808.32,10,0,8.249616968258056
CUST_00725,12,2281.1,190.09166666666667,8.387500000000001,4.0,67,1500.04,8,0,7.732851350671365
CUST_00726,17,4401.24,258.8964705882353,13.497058823529413,3.6666666666666665,9,3093.31,11,0,8.38986878127263
CUST_00727,8,2383.19,297.89875,14.225,4.0,77,1955.81,7,0,7.776614722996102
CUST_00728,6,831.95,138.65833333333333,6.576666666666667,2.0,59,622.95,4,0,6.724973616355726
CUST_00729,8,1747.17,218.39625,14.515,3.5,16,1335.44,6,0,7.466324805491193
CUST_00730,13,3473.88,267.22153846153844,13.731538461538461,3.8,39,2182.88,10,0,8.153315225028535
CUST_00731,9,1795.3,199.47777777777776,9.363333333333333,4.0,0,1370.53,8,0,7.49348427277479
CUST_00732,6,682.11,113.685,6.19,3.5,52,864.08,6,0,6.526655900775727
CUST_00733,15,4699.93,313.32866666666666,15.072,3.6666666666666665,30,2543.48,11,0,8.455515640464426
CUST_00734,10,1553.61,155.361,7.654000000000001,3.5,52,921.6,6,0,7.348979989298266
CUST_00735,10,1539.26,153.926,10.114999999999998,4.0,129,1778.31,7,0,7.339706512326128
CUST_00736,12,2358.88,196.57333333333335,9.874166666666666,3.0,196,0.0,0,1,7.766366049269253
CUST_00737,11,2562.2200000000003,232.92909090909095,12.647272727272728,3.0,12,2322.78,9,0,7.8490195595901655
CUST_00738,10,1757.3600000000001,175.73600000000002,8.378,3.6,51,1441.52,9,0,7.472136835437934
CUST_00739,6,785.51,130.91833333333332,9.628333333333334,3.0,61,793.25,4,0,6.6676054369756725
CUST_00740,6,1161.71,193.61833333333334,10.315,1.5,141,823.11,4,0,7.058508766308429
CUST_00741,13,3516.45,270.49615384615385,14.487692307692308,3.3333333333333335,51,2537.27,9,0,8.165491574246435
CUST_00742,13,4405.57,338.89,22.23076923076923,4.5,48,4105.05,9,0,8.390851888037052
CUST_00743,10,1497.09,149.709,7.273000000000001,3.0,98,973.49,7,0,7.3119462423792365
CUST_00744,13,3084.74,237.28769230769228,11.02,3.5,4,1928.96,9,0,8.034546777915555
CUST_00745,12,1761.76,146.81333333333333,8.455,4.0,83,1450.1200000000001,9,0,7.4746360415372495
CUST_00746,22,6227.47,283.0668181818182,13.260454545454547,3.75,181,0.0,0,1,8.736885995745551
CUST_00747,11,1872.35,170.21363636363637,8.895454545454545,2.0,97,1392.92,9,0,7.535483550977204
CUST_00748,9,1396.09,155.1211111111111,8.624444444444444,3.25,128,1347.72,7,0,7.242146780947051
CUST_00749,6,924.54,154.09,8.863333333333333,3.0,124,545.03,4,0,6.830377350960745
CUST_00750,12,2016.53,168.04416666666665,10.11,2.5,95,1557.53,9,0,7.609629269922024
CUST_00751,12,3004.56,250.38,11.339166666666666,3.25,46,1938.58,9,0,8.008219185680383
CUST_00752,7,1636.74,233.82,11.577142857142858,3.0,18,1425.11,7,0,7.40107252165532
CUST_00753,15,2671.53,178.102,11.271333333333333,3.3333333333333335,4,2545.52,12,0,7.890780868280536
CUST_00754,11,1307.81,118.89181818181818,7.476363636363636,3.0,27,924.05,8,0,7.17687360640609
CUST_00755,10,2023.52,202.352,13.071000000000002,3.5,31,1198.93,6,0,7.613087914405884
CUST_00756,10,1828.79,182.879,11.248000000000001,3.75,27,1483.1000000000001,8,0,7.511956485152351
CUST_00757,14,3847.59,274.82785714285717,14.644285714285715,3.0,221,0.0,0,1,8.255462126435631
CUST_00758,11,1858.4399999999998,168.9490909090909,9.153636363636364,4.0,82,1496.36,10,0,7.5280306461061715
CUST_00759,8,981.24,122.655,6.58,5.0,68,765.38,6,0,6.889835677679186
CUST_00760,9,1991.4799999999998,221.27555555555554,10.587777777777779,4.0,10,1411.87,7,0,7.597135372972838
CUST_00761,7,2376.81,339.5442857142857,16.167142857142856,3.0,234,0.0,0,1,7.773935174983773
CUST_00762,11,1994.22,181.29272727272726,10.719090909090909,2.5,46,1940.01,9,0,7.59850959893327
CUST_00763,6,1169.37,194.89499999999998,9.523333333333333,3.0,209,0.0,0,1,7.065075217114928
CUST_00764,12,1617.95,134.82916666666668,8.760833333333332,3.0,50,1228.1200000000001,8,0,7.389533069939465
CUST_00765,11,4248.26,386.2054545454546,20.554545454545455,3.5,21,2280.55,8,0,8.354500129111166
CUST_00766,10,1664.75,166.475,8.141,3.0,38,1003.17,7,0,7.418030751442647
CUST_00767,8,1067.95,133.49375,8.2875,3.0,185,0.0,0,1,6.974432137246417
CUST_00768,11,2252.69,204.79,12.206363636363637,3.5,31,2205.39,8,0,7.720324151866975
CUST_00769,6,958.86,159.81,6.491666666666667,3.0,182,497.68,4,0,6.866787440493834
CUST_00770,14,4461.34,318.6671428571429,13.801428571428572,4.0,86,2377.32,9,0,8.403428571103376
CUST_00771,17,4348.65,255.80294117647057,13.620588235294118,3.0,75,3224.39,14,0,8.377850661075554
CUST_00772,13,3675.95,282.7653846153846,12.531538461538462,3.3333333333333335,78,2774.4500000000003,12,0,8.209838883166936
CUST_00773,14,3284.27,234.59071428571428,11.861428571428572,4.0,115,2252.44,10,0,8.097204119321974
CUST_00774,9,1949.66,216.6288888888889,10.363333333333333,3.2,26,1317.91,6,0,7.575923055831068
CUST_00775,12,1893.07,157.75583333333333,6.908333333333334,2.6666666666666665,64,1496.8799999999999,10,0,7.546483231880381
CUST_00776,12,2416.35,201.36249999999998,10.404166666666667,4.5,17,2246.06,9,0,7.7904271778326155
CUST_00777,6,886.62,147.77,9.078333333333333,4.0,23,861.35,6,0,6.788543723476957
CUST_00778,16,3287.18,205.44875,12.47125,2.0,23,2326.2799999999997,12,0,8.09808949920319
CUST_00779,16,4346.34,271.64625,11.705,3.2,171,0.0,0,1,8.377319442790993
CUST_00780,11,3755.65,341.4227272727273,17.997272727272726,2.0,2,2589.46,9,0,8.23128288179864
CUST_00781,11,2904.74,264.0672727272727,11.605454545454545,4.0,32,1802.12,8,0,7.974443370065603
CUST_00782,14,3739.12,267.08,14.257857142857144,2.75,39,2868.63,11,0,8.226872975455345
CUST_00783,18,3040.61,168.92277777777778,9.231111111111112,3.8,22,2282.81,12,0,8.020142259472053
CUST_00784,8,1617.67,202.20875,9.53625,2.0,124,959.5,5,0,7.389360103377177
CUST_00785,9,2194.23,243.80333333333334,12.324444444444445,3.0,29,1606.98,8,0,7.694042103618942
CUST_00786,11,2057.74,187.0672727272727,10.27818181818182,3.3333333333333335,0,1167.64,8,0,7.62984942416372
CUST_00787,12,2564.92,213.74333333333334,11.045833333333334,2.5,27,1764.05,8,0,7.850072367760498
CUST_00788,8,1192.45,149.05625,8.5475,2.0,37,702.37,6,0,7.0846035513110435
CUST_00789,5,748.11,149.622,7.564,4.0,63,496.13,4,0,6.6188858352172915
CUST_00790,10,2364.48,236.448,13.966,3.0,209,0.0,0,1,7.76873624016334
CUST_00791,17,4671.28,274.7811764705882,12.868823529411765,4.0,130,2902.23,12,0,8.449402454219092
CUST_00792,7,987.19,141.02714285714288,7.937142857142858,3.0,76,612.6800000000001,5,0,6.895874986951422
CUST_00793,17,3995.7999999999997,235.0470588235294,12.790588235294118,4.0,51,2597.63,12,0,8.293249319931258
CUST_00794,12,2207.8,183.98333333333335,7.9125000000000005,3.0,212,0.0,0,1,7.700204660615944
CUST_00795,14,2708.98,193.49857142857144,9.750714285714285,3.0,17,1997.84,10,0,7.904696533772713
CUST_00796,15,4228.92,281.928,14.652666666666667,4.0,83,3701.26,13,0,8.34993835933193
CUST_00797,12,3398.01,283.1675,14.46,3.6,174,0.0,0,1,8.131239491733565
CUST_00798,12,3024.2,252.01666666666665,12.666666666666666,3.0,58,1599.22,7,0,8.014732483981874
CUST_00799,12,4555.4,379.6166666666666,23.007499999999997,3.5,75,3815.98,12,0,8.424288117025757
CUST_00800,8,1397.28,174.66,9.55625,3.0,11,671.38,5,0,7.242998188862201
CUST_00801,12,2008.48,167.37333333333333,8.619166666666667,3.0,228,0.0,0,1,7.605631261115168
CUST_00802,14,2360.74,168.6242857142857,7.974285714285714,3.0,10,1733.99,12,0,7.767153914491873
CUST_00803,8,1186.2,148.275,9.196250000000001,5.0,134,1024.6,6,0,7.079352872413116
CUST_00804,10,1188.04,118.804,5.92,3.0,5,855.46,8,0,7.0809015378406395
CUST_00805,21,3745.84,178.37333333333333,11.064285714285713,3.0,1,2904.56,14,0,8.228668097054653
CUST_00806,8,1615.8799999999999,201.98499999999999,8.725,3.0,78,1184.01,7,0,7.388253645320514
CUST_00807,10,2234.69,223.469,14.341,3.0,169,1465.73,7,0,7.712305184234179
CUST_00808,13,2924.07,224.92846153846156,10.021538461538462,3.3333333333333335,87,2519.15,9,0,7.981073691003532
CUST_00809,2,274.84999999999997,137.42499999999998,8.48,3.0,320,129.4,1,0,5.619857239718439
CUST_00810,19,4308.37,226.7563157894737,10.886315789473684,3.3333333333333335,61,2987.71,13,0,8.368547000719936
CUST_00811,13,3694.5,284.1923076923077,12.962307692307691,3.5,11,2182.17,9,0,8.214871142224942
CUST_00812,8,1523.35,190.41875,8.9625,3.5,19,888.14,6,0,7.329323368671699
CUST_00813,12,2204.81,183.73416666666665,9.02,4.0,20,1793.56,9,0,7.698850067364354
CUST_00814,10,1133.98,113.398,5.4270000000000005,2.5,31,754.19,8,0,7.034370308614874
CUST_00815,6,1134.67,189.11166666666668,8.126666666666667,3.3333333333333335,4,830.99,5,0,7.034978064122098
CUST_00816,15,2205.97,147.06466666666665,8.658,3.0,203,0.0,0,1,7.699375813051526
CUST_00817,17,3889.89,228.8170588235294,11.148235294117647,2.8,179,0.0,0,1,8.266393202217424
CUST_00818,4,619.67,154.9175,7.61,4.0,312,650.35,3,0,6.430799539723761
CUST_00819,17,3074.23,180.83705882352942,9.468235294117648,4.0,10,1971.72,13,0,8.031134974191449
CUST_00820,15,2331.19,155.41266666666667,7.5280000000000005,3.5,6,1313.0,9,0,7.75456301928011
CUST_00821,12,2309.67,192.4725,11.441666666666668,3.3333333333333335,52,1758.99,9,0,7.745292804751459
CUST_00822,12,2826.06,235.505,11.549166666666666,3.0,42,1618.6,9,0,7.94699258138064
CUST_00823,12,3043.16,253.59666666666666,11.953333333333333,4.0,17,2047.8,9,0,8.020980280018092
CUST_00824,20,3932.49,196.62449999999998,10.3155,2.6666666666666665,15,2498.34,14,0,8.277282351500908
CUST_00825,10,1514.01,151.401,8.264,4.0,171,0.0,0,1,7.3231773185817515
CUST_00826,11,1648.65,149.87727272727273,9.857272727272727,3.75,10,1569.97,8,0,7.408318423181619
CUST_00827,10,1544.52,154.452,9.854000000000001,4.0,210,0.0,0,1,7.343115702284298
CUST_00828,13,2722.04,209.3876923076923,8.916153846153845,2.0,57,1829.6799999999998,10,0,7.9095041822463665
CUST_00829,15,3104.0499999999997,206.93666666666664,11.397333333333334,3.3333333333333335,4,2272.99,12,0,8.040785097297508
CUST_00830,14,3949.12,282.08,14.612142857142857,3.0,215,3488.97,11,0,8.281501237180548
CUST_00831,5,1191.78,238.356,9.956,3.0,12,1232.44,4,0,7.084041996039668
CUST_00832,14,1946.55,139.0392857142857,8.02142857142857,3.0,166,1414.55,10,0,7.574327451356283
CUST_00833,14,3675.37,262.52642857142854,12.377142857142857,3.5,201,0.0,0,1,8.209681131293985
CUST_00834,13,2681.96,206.30461538461537,12.379999999999999,3.0,179,0.0,0,1,7.89467594163018
CUST_00835,5,646.44,129.288,9.604,4.0,154,522.12,4,0,6.473026125187446
CUST_00836,17,4919.46,289.38,13.384705882352941,2.75,18,3012.7799999999997,12,0,8.50115730105084
CUST_00837,11,2456.23,223.29363636363635,9.604545454545455,4.0,62,1550.43,8,0,7.806789978233637
CUST_00838,11,1434.62,130.42,7.346363636363637,3.0,22,1066.34,9,0,7.269352090633641
CUST_00839,12,2473.7400000000002,206.145,11.050833333333335,4.0,116,2000.68,9,0,7.813890618979549
CUST_00840,19,3519.06,185.2136842105263,11.153157894736841,3.6666666666666665,78,3206.2400000000002,12,0,8.166233313901417
CUST_00841,14,2744.05,196.00357142857143,9.960714285714285,3.0,65,1930.3,10,0,7.917554568713989
CUST_00842,21,4061.04,193.38285714285715,10.62095238095238,3.0,174,0.0,0,1,8.309440589457674
CUST_00843,8,1086.01,135.75125,9.2675,2.5,144,667.62,4,0,6.991186086710908
CUST_00844,17,4071.45,239.49705882352941,11.11470588235294,1.6666666666666667,42,3091.74,11,0,8.31200006292999
CUST_00845,9,1710.31,190.03444444444443,10.02111111111111,3.0,29,1993.94,9,0,7.445014438077114
CUST_00846,12,2650.83,220.9025,10.925833333333335,4.0,224,0.0,0,1,7.883005246686993
CUST_00847,13,3506.49,269.72999999999996,11.244615384615384,3.5,3,1759.45,9,0,8.162655960939052
CUST_00848,7,927.35,132.47857142857143,8.248571428571429,3.0,199,931.1,6,0,6.83340881685348
CUST_00849,12,1740.24,145.02,7.8725,3.0,40,984.12,7,0,7.462352782076806
CUST_00850,6,727.9,121.31666666666666,5.923333333333333,3.0,69,409.96000000000004,4,0,6.591536548388167
CUST_00851,16,3886.6800000000003,242.91750000000002,12.69375,3.0,74,2229.66,11,0,8.265567857666378
CUST_00852,7,1233.63,176.23285714285717,8.417142857142856,3.0,15,718.23,6,0,7.118526609032787
CUST_00853,15,3431.9900000000002,228.79933333333335,10.113333333333333,3.5,8,1972.43,9,0,8.141186880549284
CUST_00854,9,1653.0,183.66666666666666,11.773333333333333,3.0,187,0.0,0,1,7.4109518755836366
CUST_00855,14,3087.04,220.50285714285715,11.537857142857144,3.5,14,2166.99,9,0,8.035291864428649
CUST_00856,10,1538.57,153.857,7.673,3.0,48,1260.47,8,0,7.339258435639074
CUST_00857,12,2551.16,212.59666666666666,11.283333333333333,3.0,1,1546.46,9,0,7.844695338424138
CUST_00858,16,5774.51,360.906875,18.055,3.0,104,4236.63,11,0,8.661381843179058
CUST_00859,20,6247.68,312.384,19.6035,3.5,54,4462.28,16,0,8.740125520424586
CUST_00860,11,3047.9700000000003,277.08818181818185,13.159999999999998,3.0,201,0.0,0,1,8.022559107648277
CUST_00861,9,1941.77,215.75222222222223,13.035555555555554,4.0,36,1575.8,8,0,7.57187006872173
CUST_00862,8,1220.83,152.60375,7.61375,4.0,36,636.68,5,0,7.108105013851038
CUST_00863,14,3243.8,231.70000000000002,13.395714285714286,2.5,5,2379.09,9,0,8.084808993956809
CUST_00864,10,2566.23,256.623,10.364,4.0,0,879.93,5,0,7.85058277561082
CUST_00865,16,4193.53,262.095625,12.73,4.0,218,0.0,0,1,8.341536574483921
CUST_00866,11,1860.42,169.1290909090909,8.082727272727272,3.0,169,0.0,0,1,7.529094916294725
CUST_00867,11,2005.99,182.36272727272728,10.326363636363636,3.6666666666666665,30,1243.52,7,0,7.604391366222889
CUST_00868,10,2055.07,205.507,10.965,3.0,42,1548.51,8,0,7.628551672688087
CUST_00869,7,1372.61,196.08714285714285,10.775714285714285,3.0,84,1228.94,7,0,7.225197589696545
CUST_00870,10,2413.05,241.305,10.655,3.0,88,1477.28,7,0,7.789061113953332
CUST_00871,16,2749.08,171.8175,9.285625,3.4,132,2311.03,13,0,7.9193852811465755
CUST_00872,5,657.15,131.43,6.82,3.0,97,467.41,4,0,6.4894328688714165
CUST_00873,12,4185.43,348.78583333333336,18.250833333333336,2.0,176,0.0,0,1,8.339603621093854
CUST_00874,19,9189.7,483.66842105263163,24.516315789473683,4.25,12,6907.19,15,0,9.125947382198692
CUST_00875,20,4215.24,210.762,11.7795,3.2857142857142856,38,2816.46,14,0,8.34669901459718
CUST_00876,11,1589.52,144.50181818181818,7.507272727272727,3.0,93,921.76,8,0,7.371816285772194
CUST_00877,11,1784.3500000000001,162.21363636363637,7.909090909090909,3.25,207,0.0,0,1,7.487369753424249
CUST_00878,14,3807.9,271.99285714285713,12.792857142857143,2.6666666666666665,124,2595.53,10,0,8.245095712524101
CUST_00879,13,3915.98,301.22923076923075,16.271538461538462,2.5,193,0.0,0,1,8.273076227704365
CUST_00880,8,1115.99,139.49875,7.005,4.0,5,1173.5,8,0,7.018392846477649
CUST_00881,10,1581.55,158.155,10.512,3.0,170,0.0,0,1,7.366792749095821
CUST_00882,11,1821.49,165.59,11.144545454545455,3.0,32,1643.24,7,0,7.50795897689931
CUST_00883,14,3330.74,237.91,13.637142857142857,3.0,181,0.0,0,1,8.111249969029656
CUST_00884,12,2060.27,171.68916666666667,9.738333333333333,3.8333333333333335,170,0.0,0,1,7.631077576676948
CUST_00885,8,863.74,107.9675,6.00125,2.0,1,939.39,6,0,6.762428883714565
CUST_00886,10,2478.16,247.81599999999997,14.387,3.4,185,0.0,0,1,7.815675072106529
CUST_00887,8,2221.42,277.6775,14.39875,3.6666666666666665,69,1814.1000000000001,6,0,7.706351971239644
CUST_00888,10,1676.78,167.678,9.853,3.5,161,895.54,6,0,7.42522676996923
CUST_00889,10,1821.1399999999999,182.11399999999998,11.805,2.6666666666666665,4,1614.24,8,0,7.507766913506825
CUST_00890,7,1124.93,160.70428571428573,8.518571428571429,3.0,220,0.0,0,1,7.02636463980449
CUST_00891,6,1134.28,189.04666666666665,8.32,4.333333333333333,80,879.42,5,0,7.034634595526282
CUST_00892,11,3432.27,312.02454545454543,14.116363636363637,3.5,60,2622.83,10,0,8.141268438777535
CUST_00893,10,1968.9199999999998,196.892,12.596,3.0,70,1048.17,6,0,7.585748211770405
CUST_00894,10,2393.89,239.38899999999998,12.594,2.6666666666666665,38,1849.79,7,0,7.781092579771457
CUST_00895,13,4305.9800000000005,331.2292307692308,17.799230769230768,3.4,47,3097.65,10,0,8.367992241439893
CUST_00896,10,1472.6,147.26,8.498000000000001,3.0,10,1216.1599999999999,8,0,7.2954636655010425
CUST_00897,7,1230.42,175.77428571428572,9.290000000000001,3.6666666666666665,2,1314.58,6,0,7.115923254021356
CUST_00898,16,3831.08,239.4425,11.67,3.0,61,2329.9,11,0,8.251163015699555
CUST_00899,9,1901.18,211.24222222222224,9.844444444444443,4.0,23,985.66,7,0,7.5507558758514906
CUST_00900,8,2009.16,251.145,14.04625,4.0,42,990.8499999999999,4,0,7.605969599875101
CUST_00901,16,3192.4900000000002,199.53062500000001,10.795625,3.5,46,2143.75,11,0,8.068869641636166
CUST_00902,11,1446.65,131.51363636363638,8.567272727272726,3.5,46,1235.4,8,0,7.277696831021255
CUST_00903,11,2340.85,212.80454545454543,9.657272727272728,3.0,5,1440.02,8,0,7.758696494284139
CUST_00904,9,1827.46,203.0511111111111,9.272222222222222,2.0,38,1015.35,6,0,7.51122936149563
CUST_00905,10,2350.99,235.099,16.294,4.0,216,0.0,0,1,7.763017057308799
CUST_00906,16,3875.61,242.225625,11.731875,3.5,73,3032.05,11,0,8.262716339368891
CUST_00907,12,2555.95,212.9958333333333,12.415,3.0,38,2243.55,9,0,7.846570420934964
CUST_00908,17,3785.31,222.66529411764705,12.491764705882352,2.6,19,2133.66,12,0,8.239147209030017
CUST_00909,11,1965.03,178.6390909090909,9.356363636363637,4.0,39,1361.32,8,0,7.583771560000658
CUST_00910,8,1044.71,130.58875,8.9525,3.0,23,962.62,6,0,6.95245135953099
CUST_00911,6,1162.8600000000001,193.81000000000003,10.933333333333332,3.0,74,870.69,4,0,7.0594973461436865
CUST_00912,15,2497.33,166.48866666666666,10.478,3.0,35,2027.76,11,0,7.823377787644883
CUST_00913,13,4540.68,349.2830769230769,16.913076923076922,3.0,184,0.0,0,1,8.421052266638842
CUST_00914,16,4397.51,274.844375,15.64875,3.5,3,3518.38,11,0,8.389021126192475
CUST_00915,18,4555.95,253.10833333333332,11.931111111111111,4.0,7,3207.04,14,0,8.4244088190729
CUST_00916,11,2645.54,240.50363636363636,11.21,3.3333333333333335,7,2045.32,8,0,7.881008405485731
CUST_00917,14,2896.8,206.91428571428574,9.245714285714286,3.0,179,0.0,0,1,7.971707107386622
CUST_00918,12,1640.8899999999999,136.7408333333333,8.006666666666666,4.0,6,1230.35,9,0,7.403603296294532
CUST_00919,12,2239.24,186.60333333333332,10.275,4.0,9,1936.27,8,0,7.7143382819668425
CUST_00920,14,2708.69,193.47785714285715,11.016428571428571,3.0,27,2158.99,10,0,7.904589516186669
CUST_00921,18,3197.08,177.61555555555555,10.52111111111111,3.375,205,0.0,0,1,8.070305908715785
CUST_00922,12,2765.09,230.42416666666668,13.046666666666667,2.0,32,2244.35,9,0,7.92519004965631
CUST_00923,12,3167.75,263.9791666666667,14.450833333333334,3.0,172,0.0,0,1,8.061092467339494
CUST_00924,13,1979.92,152.30153846153846,9.061538461538461,3.25,47,1065.3899999999999,7,0,7.591316662238485
CUST_00925,6,885.04,147.50666666666666,7.193333333333334,4.5,13,528.91,4,0,6.78676209631286
CUST_00926,14,4788.27,342.01928571428573,16.375714285714285,2.3333333333333335,46,3067.25,11,0,8.474133277955701
CUST_00927,22,5934.09,269.73136363636365,13.52681818181818,3.6,8,4906.9400000000005,17,0,8.688637471208489
CUST_00928,12,2271.94,189.32833333333335,8.633333333333335,3.0,12,1667.53,9,0,7.72882942667176
CUST_00929,7,1072.92,153.27428571428572,9.537142857142857,3.5,46,782.08,5,0,6.979070784398732
CUST_00930,6,1051.92,175.32000000000002,11.534999999999998,5.0,189,0.0,0,1,6.9593225358385435
CUST_00931,9,1758.78,195.42,10.821111111111112,3.0,31,1415.29,6,0,7.4729440802190465
CUST_00932,11,2006.48,182.40727272727273,11.112727272727271,4.5,58,2209.94,9,0,7.604635483131189
CUST_00933,18,9184.59,510.255,26.34277777777778,4.0,28,6683.37,13,0,9.125391230752268
CUST_00934,16,3318.45,207.403125,9.423125,3.0,21,2593.06,14,0,8.107554385536359
CUST_00935,10,1928.46,192.846,11.706,3.0,35,1662.5900000000001,6,0,7.564995450003524
CUST_00936,10,1176.7,117.67,7.862,3.0,65,829.72,7,0,7.071318662847503
CUST_00937,12,1929.42,160.785,8.262500000000001,5.0,96,1152.47,7,0,7.565492874804189
CUST_00938,10,2971.57,297.15700000000004,13.151,1.0,42,2331.33,8,0,7.997182177488668
CUST_00939,7,1563.14,223.3057142857143,12.037142857142857,3.0,207,0.0,0,1,7.355091431165608
CUST_00940,12,1035.75,86.3125,4.198333333333333,3.5,167,0.0,0,1,6.943846099126491
CUST_00941,14,3335.6400000000003,238.26000000000002,12.572142857142856,3.5,168,0.0,0,1,8.112719591601229
CUST_00942,22,8128.31,369.4686363636364,19.43318181818182,3.6666666666666665,28,5666.02,16,0,9.003231328091413
CUST_00943,10,986.77,98.67699999999999,6.355,4.0,37,818.5500000000001,7,0,6.895449877124983
CUST_00944,18,5222.93,290.1627777777778,16.845,3.0,7,3807.68,12,0,8.56100527117277
CUST_00945,4,350.42,87.605,4.855,3.0,253,0.0,0,1,5.861982089329746
CUST_00946,9,2395.18,266.13111111111107,17.125555555555554,2.0,6,2300.92,8,0,7.781631081622264
CUST_00947,17,3082.05,181.29705882352943,9.513529411764706,2.0,169,0.0,0,1,8.033674645724151
CUST_00948,6,731.87,121.97833333333334,7.1433333333333335,3.0,59,372.53,4,0,6.596968332815259
CUST_00949,13,2833.93,217.99461538461537,12.222307692307691,2.75,9,2327.08,10,0,7.949772524498991
CUST_00950,20,5845.05,292.2525,15.241499999999998,3.5,3,4987.18,15,0,8.67352149849127
CUST_00951,14,2854.64,203.90285714285713,12.379285714285714,2.0,201,0.0,0,1,7.957051265094285
CUST_00952,17,3792.1400000000003,223.06705882352944,12.234117647058824,3.75,31,2733.59,12,0,8.240949451105287
CUST_00953,13,2408.8,185.2923076923077,9.728461538461538,3.0,101,1799.21,11,0,7.787299035489176
CUST_00954,10,1405.33,140.533,6.909000000000001,3.0,19,816.03,7,0,7.248738753223508
CUST_00955,13,3270.44,251.5723076923077,11.910769230769231,4.5,182,0.0,0,1,8.092985533930698
CUST_00956,16,5896.88,368.555,19.26125,3.25,28,3861.92,11,0,8.682348243288281
CUST_00957,13,3773.7,290.2846153846154,13.454615384615384,3.6666666666666665,64,2699.17,9,0,8.236076188326527
CUST_00958,5,502.59000000000003,100.518,5.58,4.0,159,403.32,4,0,6.22176244494365
CUST_00959,7,1204.28,172.04,7.384285714285714,2.0,64,669.42,5,0,7.094467184077384
CUST_00960,11,2040.82,185.5290909090909,9.158181818181818,3.5,63,1554.43,9,0,7.621596845965617
CUST_00961,8,998.4499999999999,124.80624999999999,7.84375,4.333333333333333,69,754.8299999999999,6,0,6.907205127676656
CUST_00962,12,2200.83,183.4025,9.728333333333333,3.25,74,1774.25,8,0,7.6970441117592125
CUST_00963,10,2545.4900000000002,254.54900000000004,12.744,3.0,170,1236.78,6,0,7.842471219358378
CUST_00964,8,1008.61,126.07625,8.2475,3.0,220,0.0,0,1,6.917319396650732
CUST_00965,17,4873.34,286.66705882352943,13.242941176470588,3.5,74,2746.6,12,0,8.491739989651238
CUST_00966,18,4142.41,230.1338888888889,12.841666666666667,3.5,211,0.0,0,1,8.329274399285731
CUST_00967,14,2436.4,174.02857142857144,9.402857142857144,4.0,4,1758.0900000000001,10,0,7.798687176389402
CUST_00968,12,2377.63,198.13583333333335,9.043333333333333,4.0,28,1978.3,9,0,7.77427997067472
CUST_00969,10,1295.6200000000001,129.562,7.245,3.6666666666666665,16,896.64,8,0,7.167516157579513
CUST_00970,14,2578.17,184.155,9.436428571428573,2.8,73,1276.68,8,0,7.855222920731015
CUST_00971,10,1934.1,193.41,10.615,3.0,19,1726.36,8,0,7.567914283715101
CUST_00972,16,3990.52,249.4075,9.65625,3.5,49,2678.23,14,0,8.291927389720927
CUST_00973,9,2155.83,239.53666666666666,11.307777777777778,3.6666666666666665,220,0.0,0,1,7.6763948301168
CUST_00974,19,3727.14,196.16526315789474,12.03,4.0,10,2334.58,13,0,8.22366472874843
CUST_00975,18,3616.7,200.92777777777778,8.615,3.3333333333333335,7,2320.1,13,0,8.193593743777656
CUST_00976,11,2382.39,216.58090909090907,12.620909090909093,3.0,1,2066.07,9,0,7.7762791229610695
CUST_00977,10,2213.61,221.36100000000002,14.097,2.0,2,2149.85,7,0,7.702831594741937
CUST_00978,8,1266.21,158.27625,11.51375,3.0,182,0.0,0,1,7.144572912443166
CUST_00979,8,1568.3,196.0375,13.105,2.0,187,0.0,0,1,7.358384939044675
CUST_00980,11,1821.4299999999998,165.58454545454543,9.710909090909091,5.0,86,1545.31,8,0,7.507926054366028
CUST_00981,14,2083.05,148.78928571428574,9.954285714285714,2.0,1,1701.71,10,0,7.642068394907903
CUST_00982,13,2949.15,226.8576923076923,11.733076923076924,4.2,12,2845.16,10,0,7.989611295498804
CUST_00983,6,812.66,135.44333333333333,10.076666666666666,3.0,87,976.71,5,0,6.701542588327909
CUST_00984,9,2159.45,239.93888888888887,12.995555555555557,2.0,53,1546.0,7,0,7.678071812313169
CUST_00985,12,2192.35,182.69583333333333,10.219166666666666,3.6666666666666665,9,2106.0,9,0,7.693185334406577
CUST_00986,12,2343.89,195.32416666666666,10.179166666666665,3.0,67,1745.04,9,0,7.759993771464585
CUST_00987,11,1747.51,158.86454545454546,10.280909090909091,3.0,60,1594.0,8,0,7.466519275674951
CUST_00988,7,966.33,138.04714285714286,9.874285714285715,3.3333333333333335,19,970.53,6,0,6.874539698870707
CUST_00989,11,1456.5,132.4090909090909,8.025454545454545,4.0,14,985.91,8,0,7.284477918224647
CUST_00990,9,1651.47,183.49666666666667,13.163333333333334,3.0,3,1456.0500000000002,6,0,7.410026417249401
CUST_00991,24,4901.0199999999995,204.20916666666665,10.274166666666666,3.3333333333333335,64,3533.01,16,0,8.497402644047096
CUST_00992,8,1700.77,212.59625,15.717500000000001,2.0,8,1519.37,6,0,7.439424164866609
CUST_00993,9,1397.96,155.32888888888888,9.065555555555555,2.5,29,1233.28,7,0,7.243484382405404
CUST_00994,18,6733.63,374.09055555555557,21.35,2.5,6,4715.76,12,0,8.81501815043857
CUST_00995,8,1567.53,195.94125,9.375,3.0,43,1167.17,6,0,7.357894154001855
CUST_00996,11,1377.98,125.27090909090909,7.6000000000000005,3.0,217,0.0,0,1,7.229099374424894
CUST_00997,10,1712.38,171.238,8.677,4.5,6,1251.99,9,0,7.4462233067642565
CUST_00998,12,1472.13,122.67750000000001,7.135833333333333,2.0,0,1123.04,8,0,7.295144667829735
CUST_00999,13,4790.4400000000005,368.49538461538464,17.827692307692306,5.0,31,3311.79,9,0,8.474586271530729
CUST_01000,14,3912.93,279.495,17.062857142857144,4.0,143,3381.68,10,0,8.272297263278974
CUST_01001,11,2284.55,207.68636363636367,12.657272727272726,2.3333333333333335,251,0.0,0,1,7.734361974583473
CUST_01002,6,1000.48,166.74666666666667,9.356666666666667,3.0,69,499.2,4,0,6.909234184861536
CUST_01003,17,5826.09,342.71117647058827,18.61,2.5,9,5381.1,15,0,8.670273012364452
CUST_01004,13,1941.04,149.31076923076924,10.223076923076924,3.3333333333333335,78,1687.2,10,0,7.571494245961496
CUST_01005,8,1607.3999999999999,200.92499999999998,9.91,3.0,119,1027.9,6,0,7.382995175023119
CUST_01006,14,3934.79,281.05642857142857,16.930714285714284,4.0,6,2718.68,9,0,8.277866903090251
CUST_01007,9,1910.5,212.27777777777777,12.66777777777778,3.0,172,0.0,0,1,7.555643553136467
CUST_01008,14,6535.24,466.80285714285714,20.821428571428573,4.0,170,0.0,0,1,8.785117355571929
CUST_01009,9,1703.04,189.22666666666666,11.504444444444443,3.0,259,0.0,0,1,7.440757181292151
CUST_01010,8,1476.77,184.59625,8.6375,3.0,68,996.61,6,0,7.298289473701881
CUST_01011,14,2513.53,179.53785714285715,9.376428571428573,3.0,26,1669.02,10,0,7.8298411863422
CUST_01012,6,784.66,130.77666666666667,6.1883333333333335,3.0,182,634.13,4,0,6.666524128869272
CUST_01013,9,1587.18,176.35333333333335,9.434444444444445,4.0,59,1198.09,8,0,7.370343985509385
CUST_01014,10,2905.08,290.508,15.044999999999998,3.0,48,2386.04,7,0,7.974560373001133
CUST_01015,7,2157.2799999999997,308.18285714285713,13.034285714285714,2.0,284,0.0,0,1,7.677066887169611
CUST_01016,7,1568.1499999999999,224.02142857142854,9.995714285714286,3.0,9,1234.4199999999998,5,0,7.35828935045788
CUST_01017,10,1757.27,175.727,7.970999999999999,3.5,6,1475.94,8,0,7.472085650070113
CUST_01018,13,2712.71,208.67000000000002,11.466923076923077,2.5,27,2136.34,9,0,7.9060719813326035
CUST_01019,18,4940.79,274.48833333333334,14.712777777777777,3.0,17,3920.28,13,0,8.505482892727859
CUST_01020,18,3971.35,220.63055555555556,12.662777777777778,3.375,36,2545.79,11,0,8.287113138100729
CUST_01021,11,2155.73,195.97545454545454,11.465454545454547,3.5,43,2011.5700000000002,9,0,7.676348464701683
CUST_01022,8,1169.66,146.2075,8.8725,3.0,214,0.0,0,1,7.065322971309862
CUST_01023,18,4742.31,263.4616666666667,14.179444444444444,3.0,201,0.0,0,1,8.464490483218869
CUST_01024,12,1183.76,98.64666666666666,5.378333333333333,3.3333333333333335,235,0.0,0,1,7.077295501411359
CUST_01025,13,2931.0499999999997,225.4653846153846,12.324615384615385,3.0,42,1422.6200000000001,8,0,7.98345711606714
CUST_01026,14,7300.74,521.4814285714285,24.189999999999998,3.6,16,4597.02,10,0,8.895867954898549
CUST_01027,10,1421.06,142.106,6.975,4.0,13,1008.29,7,0,7.259861803565867
CUST_01028,13,2257.93,173.68692307692305,9.056153846153846,3.0,45,1771.1299999999999,10,0,7.72264652882543
CUST_01029,14,2866.21,204.7292857142857,10.299999999999999,3.3333333333333335,5,1891.45,9,0,7.961094710497743
CUST_01030,5,815.71,163.142,9.196000000000002,4.0,86,853.9399999999999,4,0,6.705284074687456
CUST_01031,18,5238.58,291.03222222222223,14.423333333333334,3.0,81,3683.25,15,0,8.563996621430935
CUST_01032,10,2212.74,221.27399999999997,11.613,3.5,76,2064.7599999999998,9,0,7.702438671864932
CUST_01033,8,1825.1000000000001,228.13750000000002,10.22,3.0,207,0.0,0,1,7.509937824167989
CUST_01034,11,2778.09,252.55363636363637,12.356363636363636,3.0,170,0.0,0,1,7.929878814968367
CUST_01035,8,1485.58,185.6975,12.2775,3.0,52,1392.6299999999999,6,0,7.3042334586825985
CUST_01036,23,14258.15,619.9195652173913,28.99086956521739,3.1666666666666665,24,10494.78,19,0,9.565154084898573
CUST_01037,14,3004.68,214.61999999999998,11.534285714285714,2.75,87,1804.97,9,0,8.008259110887169
CUST_01038,14,3227.18,230.51285714285714,11.475,2.6666666666666665,67,2370.51,10,0,8.079673789916976
CUST_01039,13,1665.59,128.1223076923077,6.46,3.0,64,1080.58,8,0,7.418534901690095
CUST_01040,8,1186.1799999999998,148.27249999999998,9.57125,3.0,4,906.0,6,0,7.079336025910028
CUST_01041,18,4937.97,274.3316666666667,15.695,2.0,174,0.0,0,1,8.504912086418107
CUST_01042,8,1176.05,147.00625,8.1275,3.5,298,0.0,0,1,7.070766587241592
CUST_01043,9,1171.23,130.13666666666666,5.9655555555555555,5.0,14,1046.0,8,0,7.066663196617071
CUST_01044,12,2688.33,224.0275,10.218333333333334,3.0,31,1794.33,9,0,7.897047370940673
CUST_01045,9,2935.38,326.15333333333336,16.073333333333334,3.0,176,0.0,0,1,7.9849328091522676
CUST_01046,6,1116.69,186.115,10.826666666666666,3.0,226,0.0,0,1,7.019019334406924
CUST_01047,18,2769.8,153.8777777777778,9.561666666666667,3.5,56,2721.69,14,0,7.92689136614845
CUST_01048,3,534.86,178.28666666666666,7.113333333333333,2.5,4,319.99,3,0,6.28387293292385
CUST_01049,18,3629.4700000000003,201.63722222222225,11.017222222222223,3.5,168,0.0,0,1,8.197117395461548
CUST_01050,16,4426.91,276.681875,12.30875,3.5,10,2966.38,12,0,8.395682968418715
CUST_01051,10,1254.98,125.498,6.093999999999999,2.0,30,1225.2,9,0,7.135671423334483
CUST_01052,11,3173.7200000000003,288.52000000000004,14.69909090909091,4.5,2,2007.79,8,0,8.062974718461538
CUST_01053,10,2393.1,239.31,12.99,4.0,25,1852.04,8,0,7.780762656339933
CUST_01054,10,2519.51,251.95100000000002,14.828999999999999,3.0,51,2272.31,8,0,7.832216540981587
CUST_01055,19,4856.58,255.6094736842105,11.839473684210526,3.4,211,3569.63,14,0,8.488295650493228
CUST_01056,11,2517.48,228.8618181818182,11.553636363636365,3.0,15,1806.79,8,0,7.831410823919311
CUST_01057,13,2528.33,194.48692307692306,12.986923076923079,4.0,35,1728.0,9,0,7.835709724515605
CUST_01058,12,3105.2,258.76666666666665,14.371666666666668,3.2,106,1828.5900000000001,8,0,8.041155393135911
CUST_01059,8,902.02,112.7525,5.75125,4.5,47,1107.77,8,0,6.8057447015659545
CUST_01060,2,207.13,103.565,7.484999999999999,3.0,10,235.54,2,0,5.33816288447016
CUST_01061,13,1795.52,138.1169230769231,8.531538461538462,3.3333333333333335,15,1386.1299999999999,9,0,7.493606739249746
CUST_01062,14,2828.0,202.0,9.155714285714286,3.0,37,2188.54,10,0,7.947678571301568
CUST_01063,11,2276.69,206.97181818181818,10.696363636363635,4.0,232,0.0,0,1,7.730917050462361
CUST_01064,23,4374.78,190.20782608695652,11.410869565217391,3.2,26,3469.27,16,0,8.383840068614992
CUST_01065,14,3855.38,275.38428571428574,15.267142857142858,3.25,63,2876.0699999999997,10,0,8.25748419859277
CUST_01066,16,3945.02,246.56375,15.11625,3.3333333333333335,77,2770.32,12,0,8.280462754993437
CUST_01067,8,1274.6299999999999,159.32874999999999,8.82125,3.0,81,874.5699999999999,6,0,7.151195453203659
CUST_01068,11,2338.35,212.5772727272727,10.931818181818182,3.0,137,1817.8500000000001,7,0,7.757628391986576
CUST_01069,10,1622.98,162.298,7.523000000000001,3.0,14,1151.65,8,0,7.392635205374853
CUST_01070,9,1834.21,203.8011111111111,9.918888888888889,3.0,169,0.0,0,1,7.514914195357645
CUST_01071,17,3905.14,229.71411764705883,11.807058823529411,3.5,14,2626.16,11,0,8.270304953088212
CUST_01072,8,755.7,94.4625,5.25875,3.0,21,505.96000000000004,6,0,6.628966873700476
CUST_01073,21,8607.2,409.8666666666667,23.46952380952381,3.2,20,6037.599999999999,16,0,9.0604705163324
CUST_01074,11,2800.19,254.56272727272727,12.057272727272727,3.0,3,1894.16,7,0,7.937799605876376
CUST_01075,13,2024.03,155.6946153846154,8.084615384615384,3.0,1,1899.69,10,0,7.613339794245716
CUST_01076,13,4995.5,384.2692307692308,17.643846153846155,3.0,62,3828.75,10,0,8.516492946301844
CUST_01077,8,1457.35,182.16875,9.12,3.0,179,0.0,0,1,7.285060938629728
CUST_01078,12,2276.9900000000002,189.7491666666667,10.5075,5.0,198,0.0,0,1,7.731048754181865
CUST_01079,14,2438.24,174.16,8.193571428571428,3.5,184,0.0,0,1,7.799441794358871
CUST_01080,15,5041.38,336.092,17.868666666666666,1.0,20,3167.67,10,0,8.525633471825811
CUST_01081,10,2134.03,213.40300000000002,9.731,3.5,2,1225.93,7,0,7.666235977086251
CUST_01082,19,4422.73,232.77526315789473,9.948421052631579,3.5,40,2491.3,14,0,8.394738510598309
CUST_01083,17,5542.54,326.0317647058823,15.90470588235294,3.5,168,0.0,0,1,8.620388564844351
CUST_01084,12,3127.59,260.6325,13.340000000000002,3.0,17,2707.7,9,0,8.04833770280472
CUST_01085,8,1694.07,211.75875,11.86625,4.0,182,0.0,0,1,7.4354793168969175
CUST_01086,9,2607.45,289.71666666666664,15.34,4.0,157,2827.29,8,0,7.8665114541744625
CUST_01087,21,10103.73,481.13,24.134285714285713,4.0,27,7117.54,15,0,9.220758910034931
CUST_01088,14,2980.23,212.87357142857144,11.301428571428572,5.0,53,2283.59,11,0,8.00009124601876
CUST_01089,8,1316.62,164.5775,11.065,4.0,115,1299.19,6,0,7.183582357861769
CUST_01090,16,3504.0,219.0,11.17875,3.0,24,2049.8,11,0,8.16194579946869
CUST_01091,13,4113.08,316.39076923076925,17.66,3.5,169,0.0,0,1,8.322170515818682
CUST_01092,14,2197.35,156.95357142857142,9.97642857142857,3.0,169,0.0,0,1,7.695462357955703
CUST_01093,14,2325.17,166.08357142857145,11.082142857142857,3.2,43,2227.27,12,0,7.751978417252264
CUST_01094,11,1516.37,137.85181818181817,7.9327272727272735,3.3333333333333335,272,0.0,0,1,7.324733852048192
CUST_01095,10,1408.19,140.81900000000002,7.544,3.5,5,1162.65,8,0,7.2507703502170955
CUST_01096,6,960.46,160.07666666666668,8.055,4.0,35,931.76,5,0,6.868452962499394
CUST_01097,7,1365.4,195.05714285714288,9.299999999999999,3.0,30,938.98,6,0,7.219934823034306
CUST_01098,10,3085.16,308.51599999999996,19.122999999999998,3.5,4,2232.2,7,0,8.034682878630294
CUST_01099,12,2741.84,228.48666666666668,10.744166666666667,3.0,8,1894.1100000000001,9,0,7.916749158941029
CUST_01100,11,1808.18,164.38,7.359090909090909,3.0,27,848.87,5,0,7.500628982932813
CUST_01101,10,1530.88,153.08800000000002,9.9,3.0,194,0.0,0,1,7.334251018250939
CUST_01102,15,3957.4300000000003,263.82866666666666,17.645333333333333,4.0,191,0.0,0,1,8.283602760989174
CUST_01103,17,4342.05,255.41470588235296,16.061764705882354,3.5,26,3483.0299999999997,13,0,8.376332145247735
CUST_01104,11,2184.36,198.57818181818183,10.632727272727273,2.0,58,1266.6399999999999,8,0,7.689535853683698
CUST_01105,13,1996.6,153.58461538461538,9.866923076923078,2.6666666666666665,8,1534.73,9,0,7.599701738965563
CUST_01106,9,2235.37,248.37444444444444,13.454444444444444,3.0,43,2028.08,7,0,7.71260929464649
CUST_01107,4,884.5500000000001,221.13750000000002,9.335,5.0,51,242.73,2,0,6.7862089209026415
CUST_01108,10,2472.98,247.298,11.733,3.5,17,1441.1,7,0,7.813583468845383
CUST_01109,19,7497.14,394.5863157894737,21.034736842105264,4.666666666666667,65,5691.83,15,0,8.922410268767317
CUST_01110,10,2206.99,220.69899999999998,10.223,3.4,12,1174.67,6,0,7.6998378784012225
CUST_01111,6,1036.6599999999999,172.77666666666664,8.621666666666666,3.0,158,909.6999999999999,5,0,6.944723457082125
CUST_01112,5,1043.07,208.61399999999998,11.036,3.0,60,1582.85,6,0,6.9508818160032755
CUST_01113,14,2344.19,167.44214285714287,9.557142857142855,3.0,64,1775.4,10,0,7.760121701052315
CUST_01114,9,1117.33,124.14777777777778,7.112222222222223,3.0,37,857.6899999999999,6,0,7.019591780107299
CUST_01115,14,3637.4700000000003,259.81928571428574,12.765,3.8,92,2313.79,9,0,8.19931854259718
CUST_01116,18,4719.650000000001,262.2027777777778,13.678888888888888,3.0,168,0.0,0,1,8.4597017809626
CUST_01117,7,1452.31,207.47285714285712,9.370000000000001,3.0,80,992.55,5,0,7.281598992500215
CUST_01118,12,2006.31,167.1925,7.516666666666667,4.0,9,1529.56,9,0,7.604550796260842
CUST_01119,7,997.28,142.46857142857144,9.297142857142857,4.0,197,746.36,6,0,6.906033798083796
CUST_01120,11,1976.54,179.68545454545455,10.271818181818182,3.0,174,0.0,0,1,7.589608926997285
CUST_01121,10,1953.35,195.33499999999998,7.476000000000001,3.5,9,1234.73,7,0,7.57781293631705
CUST_01122,9,1222.96,135.88444444444445,8.418888888888889,4.0,120,1095.81,7,0,7.109846782799715
CUST_01123,15,6095.23,406.34866666666665,19.246,4.0,204,0.0,0,1,8.71542582631353
CUST_01124,11,2499.53,227.23000000000002,11.430909090909092,2.0,9,1255.3899999999999,7,0,7.824257988387468
CUST_01125,9,2271.69,252.41,12.723333333333334,3.0,196,0.0,0,1,7.728719430917486
CUST_01126,14,3756.23,268.3021428571429,14.834285714285715,3.5,66,2255.5099999999998,10,0,8.231437262757918
CUST_01127,12,2809.31,234.10916666666665,13.0725,3.0,11,1645.8,8,0,7.941050076527654
CUST_01128,12,2250.37,187.53083333333333,9.744166666666667,4.0,174,0.0,0,1,7.719294198789728
CUST_01129,13,2641.5099999999998,203.19307692307692,11.486923076923079,2.0,14,1827.9299999999998,9,0,7.879484502032407
CUST_01130,15,2748.43,183.22866666666667,10.023333333333333,3.2,8,2157.76,11,0,7.919148896449384
CUST_01131,18,4310.5199999999995,239.4733333333333,12.31,3.6666666666666665,34,2942.4,14,0,8.369045789138433
CUST_01132,18,4074.67,226.37055555555557,12.126666666666667,4.0,34,2831.0299999999997,14,0,8.312790429337854
CUST_01133,8,1749.56,218.695,10.0525,3.0,35,1128.04,5,0,7.46769101572848
CUST_01134,6,787.83,131.305,6.753333333333334,3.0,30,654.42,4,0,6.670550835019571
CUST_01135,13,2524.61,194.20076923076925,10.784615384615384,3.5,50,1953.8400000000001,10,0,7.834237896691122
CUST_01136,8,1243.59,155.44875,11.42,2.0,17,1047.44,5,0,7.126561437392892
CUST_01137,10,1096.0,109.6,6.422,4.0,18,622.26,5,0,7.00033446027523
CUST_01138,16,3869.54,241.84625,12.64875,3.0,24,2293.41,12,0,8.261149311173462
CUST_01139,13,3487.39,268.2607692307692,14.52,3.5,32,2649.84,10,0,8.157195590704989
CUST_01140,20,9650.72,482.53599999999994,25.384999999999998,2.3333333333333335,15,5804.72,12,0,9.174891416792434
CUST_01141,10,1984.1899999999998,198.41899999999998,10.42,4.0,198,1107.22,7,0,7.593469906424757
CUST_01142,7,1322.83,188.97571428571428,8.852857142857143,3.0,68,847.85,5,0,7.188284329461582
CUST_01143,6,808.8,134.79999999999998,7.996666666666666,3.0,92,498.37,4,0,6.696787303598061
CUST_01144,10,1660.68,166.068,10.093,2.5,26,1696.06,9,0,7.415584417767853
CUST_01145,7,1301.24,185.89142857142858,10.494285714285713,3.0,236,0.0,0,1,7.171841137578731
CUST_01146,12,2273.25,189.4375,8.9925,3.0,184,0.0,0,1,7.729405606702171
CUST_01147,19,3618.94,190.47052631578947,10.068947368421053,3.0,183,0.0,0,1,8.19421273009682
CUST_01148,9,1017.22,113.02444444444444,6.973333333333333,2.5,20,484.54999999999995,5,0,6.925811283781708
CUST_01149,18,4654.1,258.56111111111113,14.358333333333333,3.625,41,3153.5699999999997,13,0,8.445718671757549
CUST_01150,11,1693.15,153.9227272727273,8.600909090909092,2.75,28,1186.49,8,0,7.434936419107694
CUST_01151,10,2444.63,244.46300000000002,9.344,3.0,180,0.0,0,1,7.802058037429748
CUST_01152,12,1641.01,136.75083333333333,6.454999999999999,3.0,15,1242.18,9,0,7.403676380127812
CUST_01153,9,1380.67,153.4077777777778,8.936666666666667,4.0,14,1088.3500000000001,7,0,7.231048191443611
CUST_01154,11,2249.31,204.48272727272726,10.693636363636363,2.0,56,1569.3600000000001,9,0,7.718823263485757
CUST_01155,22,4223.24,191.96545454545455,9.52590909090909,3.4,1,2985.81,17,0,8.348594641953824
CUST_01156,10,2217.85,221.785,13.165000000000001,4.0,4,1958.02,9,0,7.70474432263062
CUST_01157,16,4510.2,281.8875,15.629375,3.25,193,0.0,0,1,8.414318472492972
CUST_01158,16,3981.37,248.835625,12.72125,3.0,27,3570.16,14,0,8.289632398439112
CUST_01159,15,3637.25,242.48333333333332,14.093333333333334,2.8,26,2801.75,12,0,8.199258075793436
CUST_01160,18,5018.17,278.7872222222222,17.494444444444444,3.5,189,0.0,0,1,8.521019860370416
CUST_01161,17,3964.17,233.1864705882353,13.218235294117648,3.0,19,3134.21,12,0,8.285304008307465
CUST_01162,13,2364.61,181.89307692307693,10.803846153846154,2.6666666666666665,54,1537.43,8,0,7.768791195786688
CUST_01163,13,3709.49,285.3453846153846,14.920769230769231,3.6666666666666665,3,2582.86,10,0,8.218919222351982
CUST_01164,17,4800.85,282.4029411764706,14.797058823529412,3.0,5,3803.07,13,0,8.476756539308724
CUST_01165,14,3443.07,245.93357142857144,11.876428571428573,3.3333333333333335,83,3168.82,12,0,8.14440919054432
CUST_01166,4,462.08,115.52,6.7875,4.0,34,429.37,3,0,6.137899825337528
CUST_01167,8,1270.92,158.865,7.9975,3.0,60,858.75,6,0,7.148282848840454
CUST_01168,12,2000.97,166.7475,8.874166666666666,4.5,80,1564.81,8,0,7.601886974747904
CUST_01169,14,4040.45,288.6035714285714,13.948571428571428,3.3333333333333335,6,3003.35,11,0,8.304358817453178
CUST_01170,12,2067.33,172.2775,9.4425,3.0,242,0.0,0,1,7.634496797365753
CUST_01171,10,2696.01,269.601,14.807999999999998,4.0,97,2267.96,8,0,7.899899030956363
CUST_01172,21,6239.36,297.11238095238093,14.534285714285716,4.333333333333333,84,5681.35,16,0,8.738793152007029
CUST_01173,14,3929.5299999999997,280.68071428571426,15.301428571428572,3.0,20,3035.94,11,0,8.276529555821398
CUST_01174,12,3713.8399999999997,309.4866666666666,16.300833333333333,4.25,36,3091.31,11,0,8.220090887583734
CUST_01175,8,1449.51,181.18875,7.5925,3.5,34,947.0699999999999,6,0,7.279670497712116
CUST_01176,7,1906.68,272.3828571428572,14.65857142857143,3.0,180,1221.29,5,0,7.553643123057822
CUST_01177,11,1711.62,155.60181818181817,8.19818181818182,3.2,265,0.0,0,1,7.4457796406740835
CUST_01178,13,1893.54,145.65692307692308,6.382307692307692,2.6666666666666665,173,0.0,0,1,7.546731343986093
CUST_01179,14,2524.06,180.29,9.727142857142857,4.5,13,2020.66,11,0,7.834020103803377
CUST_01180,15,4444.0,296.26666666666665,14.379999999999999,3.5,13,3434.35,11,0,8.399535147948004
CUST_01181,9,1774.68,197.18666666666667,11.774444444444445,3.25,185,0.0,0,1,7.481938727137536
CUST_01182,17,6396.610000000001,376.2711764705883,19.384705882352943,4.333333333333333,172,0.0,0,1,8.763679762102615
CUST_01183,17,3812.96,224.29176470588234,10.582941176470587,3.75,9,2825.19,13,0,8.24642329842839
CUST_01184,21,8209.02,390.9057142857143,22.652380952380952,3.1666666666666665,50,8260.48,17,0,9.0131106384971
CUST_01185,6,1371.88,228.64666666666668,12.37,3.0,151,700.63,4,0,7.224666002094048
CUST_01186,10,2039.1499999999999,203.915,10.049,3.5,93,1145.45,7,0,7.620778613546872
CUST_01187,7,936.8,133.82857142857142,8.065714285714286,4.0,170,0.0,0,1,6.8435367066554855
CUST_01188,15,4288.23,285.88199999999995,13.430666666666667,3.0,167,0.0,0,1,8.363862508632824
CUST_01189,12,1803.75,150.3125,9.074166666666667,3.75,195,0.0,0,1,7.49817735701927
CUST_01190,13,1908.31,146.7930769230769,9.363846153846154,3.0,118,2257.4,12,0,7.554497199227308
CUST_01191,11,3226.63,293.33,14.589090909090912,4.0,178,0.0,0,1,8.079503400763228
CUST_01192,12,3347.12,278.9266666666667,13.998333333333333,3.0,40,3688.19,10,0,8.116154273260953
CUST_01193,15,4425.37,295.02466666666663,15.519333333333332,3.25,4,3839.3,12,0,8.395335114044215
CUST_01194,9,1835.8200000000002,203.98000000000002,9.035555555555554,2.0,90,1280.98,6,0,7.51579109456771
CUST_01195,16,3118.95,194.934375,9.481875,2.6666666666666665,53,2216.35,12,0,8.04557225503409
CUST_01196,11,1670.6,151.87272727272727,9.460909090909091,3.5,171,0.0,0,1,7.421536530573761
CUST_01197,10,2366.73,236.673,13.024000000000001,3.5,10,2067.85,8,0,7.769686969232821
CUST_01198,9,2599.38,288.82,16.297777777777778,4.0,74,1801.27,7,0,7.863412867176295
CUST_01199,10,2279.14,227.914,12.474,3.0,5,1397.12,7,0,7.73199212357214
CUST_01200,13,5592.65,430.20384615384614,20.75923076923077,2.6666666666666665,43,4419.33,10,0,8.629387304768397
CUST_01201,21,6265.55,298.3595238095238,13.236666666666668,3.0,9,3347.01,16,0,8.742981242955356
CUST_01202,13,1946.91,149.7623076923077,9.666923076923077,3.6,50,1867.83,9,0,7.574512281903138
CUST_01203,16,3888.8,243.05,13.44625,4.0,10,3452.04,14,0,8.266113021409005
CUST_01204,14,4724.76,337.48285714285714,19.790714285714284,3.75,69,3303.1,10,0,8.46078367355427
CUST_01205,17,6139.64,361.1552941176471,21.368235294117646,3.5,215,0.0,0,1,8.722684250236835
CUST_01206,9,2104.76,233.86222222222224,16.302222222222223,3.0,184,0.0,0,1,7.6524317260860135
CUST_01207,13,2670.56,205.4276923076923,11.403846153846153,3.0,225,0.0,0,1,7.890417850438152
CUST_01208,8,1490.48,186.31,9.8525,3.5,49,1176.37,6,0,7.307524194545421
CUST_01209,17,3916.24,230.3670588235294,12.160588235294117,3.0,44,3212.83,13,0,8.273142603169976
CUST_01210,14,4378.28,312.7342857142857,17.763571428571428,4.0,15,3526.73,10,0,8.384639606296389
CUST_01211,10,2049.24,204.92399999999998,13.644,3.0,114,1614.04,8,0,7.625712138450656
CUST_01212,12,2585.3,215.4416666666667,13.271666666666667,3.0,29,1660.92,9,0,7.857983561883989
CUST_01213,10,1927.81,192.781,9.99,3.0,153,1618.51,9,0,7.564658511424239
CUST_01214,10,1914.8600000000001,191.48600000000002,11.315000000000001,3.0,7,1407.08,8,0,7.557921886967616
CUST_01215,4,620.18,155.045,10.432500000000001,3.3333333333333335,155,902.1899999999999,4,0,6.431620895006077
CUST_01216,7,1327.73,189.6757142857143,12.768571428571429,4.5,43,1290.82,6,0,7.191978877802522
CUST_01217,21,6831.68,325.3180952380952,18.766190476190477,2.0,21,4226.49,13,0,8.829472262131388
CUST_01218,7,1378.36,196.9085714285714,10.317142857142857,3.0,17,1023.48,6,0,7.229374902461615
CUST_01219,15,2856.66,190.444,9.831333333333333,3.0,60,2106.81,11,0,7.957758387102291
CUST_01220,10,1858.23,185.823,7.401999999999999,3.75,307,0.0,0,1,7.52791770249987
CUST_01221,15,3750.73,250.04866666666666,13.308666666666666,3.0,73,3008.31,12,0,8.229972345916284
CUST_01222,19,4932.01,259.57947368421054,16.75157894736842,3.1666666666666665,23,4806.25,16,0,8.503704628395681
CUST_01223,19,5857.27,308.27736842105264,16.36578947368421,3.2,9,4005.61,11,0,8.675609617141507
CUST_01224,20,4339.34,216.967,11.4645,3.0,170,0.0,0,1,8.375707965039778
CUST_01225,8,2216.1,277.0125,12.895,3.0,44,1793.04,6,0,7.703955314598164
CUST_01226,9,1788.59,198.73222222222222,10.097777777777777,4.0,14,1527.22,7,0,7.489741822319449
CUST_01227,18,4495.77,249.76500000000001,13.082777777777778,3.2,18,2907.84,13,0,8.41111464025483
CUST_01228,6,1245.0,207.5,11.268333333333333,4.0,176,917.47,4,0,7.1276936993473985
CUST_01229,9,2054.61,228.29000000000002,10.408888888888889,3.5,14,1170.59,5,0,7.628327919865923
CUST_01230,5,966.46,193.292,11.084,3.0,351,0.0,0,1,6.8746740803800135
CUST_01231,16,3855.74,240.98375,12.50875,3.3333333333333335,7,3014.31,12,0,8.257577546032007
CUST_01232,7,1040.48,148.64000000000001,9.569999999999999,3.0,182,0.0,0,1,6.9483980574441535
CUST_01233,14,2369.65,169.2607142857143,11.379999999999999,3.0,18,1660.44,10,0,7.770919458129714
CUST_01234,10,3049.23,304.923,18.557,3.5,44,1700.2500000000002,5,0,8.022972276594345
CUST_01235,18,8713.67,484.09277777777777,25.926666666666666,3.0,194,0.0,0,1,9.072763091488486
CUST_01236,14,2040.32,145.73714285714286,8.673571428571428,3.3333333333333335,205,0.0,0,1,7.621351936409492
CUST_01237,8,1304.77,163.09625,8.13375,3.0,114,912.9200000000001,6,0,7.174548184066807
CUST_01238,9,1248.74,138.7488888888889,8.656666666666666,3.0,97,782.7,6,0,7.130690808661346
CUST_01239,13,2352.88,180.99076923076925,11.332307692307692,3.0,53,1948.35,9,0,7.763820309460525
CUST_01240,17,4861.46,285.9682352941177,13.698823529411765,3.0,169,0.0,0,1,8.489299761671786
CUST_01241,13,3059.25,235.32692307692307,12.752307692307692,3.5,24,2231.71,10,0,8.026251890955622
CUST_01242,18,3409.63,189.42388888888888,11.288333333333334,3.6,88,2805.73,12,0,8.134652303946385
CUST_01243,14,3090.93,220.78071428571428,11.35,3.0,26,2376.94,11,0,8.036550770382481
CUST_01244,16,2793.61,174.600625,9.445,4.0,180,0.0,0,1,7.935447840969581
CUST_01245,15,2513.79,167.58599999999998,9.364666666666666,3.75,12,2169.71,10,0,7.829944580041639
CUST_01246,13,2383.77,183.3669230769231,10.61923076923077,4.25,25,1958.75,10,0,7.7768579626134855
CUST_01247,10,1141.88,114.18800000000002,5.864,3.0,14,1506.69,9,0,7.041306671406662
CUST_01248,8,1235.02,154.3775,9.685,4.0,125,824.35,6,0,7.119651819116495
CUST_01249,13,2324.82,178.8323076923077,7.621538461538462,3.3333333333333335,1,1484.49,10,0,7.751827944013646
CUST_01250,12,2961.9,246.82500000000002,13.7325,4.0,9,2198.74,9,0,7.993923797425905
CUST_01251,16,3307.66,206.72875,11.453125,4.0,137,2110.4,11,0,8.10429855256691
CUST_01252,12,2952.46,246.03833333333333,11.498333333333333,3.6666666666666665,9,1691.4,8,0,7.990732643401812
CUST_01253,8,809.11,101.13875,7.02375,2.5,6,727.71,6,0,6.697170040915299
CUST_01254,9,1188.47,132.0522222222222,6.662222222222223,4.0,147,786.73,6,0,7.081263108744007
CUST_01255,12,2469.02,205.75166666666667,11.950833333333334,5.0,85,2721.85,10,0,7.811981526755233
CUST_01256,5,613.7099999999999,122.74199999999999,6.306,4.0,31,690.3,5,0,6.421150611878899
CUST_01257,15,4183.55,278.90333333333336,16.012,4.0,31,3036.58,11,0,8.339154450260425
CUST_01258,9,1009.9,112.21111111111111,5.703333333333333,4.0,63,805.08,6,0,6.918596302160012
CUST_01259,12,3093.18,257.765,13.928333333333333,3.0,2,2261.75,8,0,8.037278206557788
CUST_01260,9,1243.64,138.18222222222224,8.076666666666666,3.0,63,1277.7,7,0,7.126601610458464
CUST_01261,16,4289.95,268.121875,14.488125,3.8,28,3733.53,12,0,8.364263432628134
CUST_01262,24,14070.02,586.2508333333334,33.000416666666666,3.8,18,10624.47,19,0,9.551872642150332
CUST_01263,9,1038.63,115.40333333333335,6.838888888888889,3.5,5,752.27,8,0,6.9466201596037624
CUST_01264,15,4270.21,284.6806666666667,12.204666666666666,3.6,30,2334.94,10,0,8.359652438445645
CUST_01265,13,1620.3,124.63846153846154,6.8538461538461535,2.0,176,0.0,0,1,7.390983575556024
CUST_01266,16,3504.63,219.039375,11.499375,3.25,5,2299.4,10,0,8.162125526540779
CUST_01267,8,1451.15,181.39375,9.55625,3.0,2,918.3499999999999,6,0,7.28080049583419
CUST_01268,11,2432.99,221.18090909090907,10.921818181818182,3.0,50,1570.71,8,0,7.797287165075598
CUST_01269,3,382.21000000000004,127.40333333333335,9.396666666666667,3.0,219,259.06,2,0,5.948583141789613
CUST_01270,15,3978.52,265.23466666666667,13.802666666666665,3.0,49,2843.05,11,0,8.28891648799028
CUST_01271,13,1681.69,129.36076923076922,7.9253846153846155,3.6666666666666665,32,1520.6299999999999,11,0,7.428148982334767
CUST_01272,19,5165.12,271.8484210526316,14.622631578947368,3.5,56,4448.2,13,0,8.549877202189718
CUST_01273,6,1129.5,188.25,9.368333333333334,3.0,77,981.4200000000001,5,0,7.0304152917180245
CUST_01274,7,838.04,119.72,6.728571428571429,4.0,94,632.04,5,0,6.7322583811352805
CUST_01275,16,4742.21,296.388125,18.278125,3.75,49,4224.64,13,0,8.464469400672264
CUST_01276,10,2008.4199999999998,200.84199999999998,10.149,4.666666666666667,96,1834.72,8,0,7.605601402198547
CUST_01277,15,4532.78,302.1853333333333,20.676666666666666,2.5,4,5050.38,12,0,8.419311307614095
CUST_01278,13,4036.15,310.4730769230769,18.94846153846154,3.4,86,2311.79,9,0,8.303294276466849
CUST_01279,12,1934.95,161.24583333333334,8.545,4.0,30,1150.5,8,0,7.568353441056733
CUST_01280,5,790.22,158.044,10.262,3.0,376,0.0,0,1,6.673576058047662
CUST_01281,17,3214.7599999999998,189.1035294117647,9.878823529411765,3.75,181,0.0,0,1,8.075819000648462
CUST_01282,12,4197.43,349.78583333333336,17.108333333333334,4.333333333333333,22,3443.3500000000004,9,0,8.342465924863454
CUST_01283,10,2371.9,237.19,12.17,4.0,195,0.0,0,1,7.771868114797712
CUST_01284,15,3641.13,242.74200000000002,11.892666666666665,3.0,13,2125.43,11,0,8.20032395432377
CUST_01285,12,2132.36,177.6966666666667,10.725,3.3333333333333335,11,1689.3899999999999,9,0,7.6654534806015295
CUST_01286,10,1988.85,198.885,9.084,3.0,168,0.0,0,1,7.595814537993136
CUST_01287,9,2700.23,300.02555555555557,14.496666666666666,2.0,19,2824.79,7,0,7.901462503814047
CUST_01288,7,1588.99,226.99857142857144,8.81,4.0,35,990.56,6,0,7.371483005886323
CUST_01289,14,2407.64,171.9742857142857,9.873571428571427,3.3333333333333335,12,2116.02,10,0,7.786817551846167
CUST_01290,9,1707.19,189.6877777777778,10.100000000000001,3.0,2,934.99,7,0,7.443189609379468
CUST_01291,3,411.3,137.1,7.266666666666667,3.0,161,270.26,2,0,6.021751239712854
CUST_01292,11,1716.91,156.08272727272728,7.433636363636364,4.0,181,0.0,0,1,7.448863714676055
CUST_01293,6,913.32,152.22,9.685,2.0,193,0.0,0,1,6.818180619589342
CUST_01294,13,4095.93,315.07153846153847,16.91846153846154,3.0,72,2758.85,9,0,8.317993191728466
CUST_01295,14,2965.9700000000003,211.85500000000002,10.603571428571428,3.6666666666666665,11,1828.54,10,0,7.995296509016245
CUST_01296,12,3306.02,275.50166666666667,12.791666666666666,3.0,32,1963.0,8,0,8.103802760740948
CUST_01297,12,1340.37,111.69749999999999,6.2275,3.0,65,942.09,8,0,7.201446758721939
CUST_01298,8,1913.4099999999999,239.17624999999998,14.005,4.0,179,0.0,0,1,7.557164760149263
CUST_01299,15,2530.37,168.69133333333332,10.171333333333333,3.4,33,1978.6,11,0,7.836515937138561
CUST_01300,12,2206.82,183.90166666666667,8.529166666666667,2.0,69,1540.23,9,0,7.699760882334778
CUST_01301,6,1164.73,194.12166666666667,11.076666666666668,3.0,78,502.85,3,0,7.061102779204137
CUST_01302,8,1677.56,209.695,10.1325,3.5,18,977.28,5,0,7.425691561983175
CUST_01303,7,885.52,126.50285714285714,7.881428571428572,3.0,107,643.4,5,0,6.787303685891473
CUST_01304,7,1545.91,220.84428571428572,14.554285714285713,3.0,179,0.0,0,1,7.344014671763712
CUST_01305,15,3046.89,203.126,11.434666666666667,3.5,98,2314.4300000000003,11,0,8.02220482691646
CUST_01306,7,1165.81,166.5442857142857,9.087142857142856,2.0,62,1014.23,6,0,7.062028808405932
CUST_01307,8,1220.7,152.5875,8.285,1.0,11,1086.7,7,0,7.107998610410014
CUST_01308,7,892.45,127.49285714285715,6.158571428571428,3.0,64,955.63,6,0,6.79509037332467
CUST_01309,9,1890.3600000000001,210.04000000000002,10.211111111111112,2.3333333333333335,69,1166.57,7,0,7.5450514260020665
CUST_01310,12,3624.19,302.0158333333333,17.135,3.3333333333333335,44,3716.33,11,0,8.195661979708325
CUST_01311,15,2988.41,199.22733333333332,10.830666666666668,3.25,172,0.0,0,1,8.002831322498993
CUST_01312,11,1439.08,130.82545454545453,6.197272727272727,3.6666666666666665,39,1129.1,8,0,7.272453946582449
CUST_01313,14,2827.45,201.96071428571426,10.564285714285715,3.5,14,1829.6,10,0,7.9474841374128955
CUST_01314,11,2125.75,193.25,10.304545454545455,3.0,62,1846.25,9,0,7.662350271855994
CUST_01315,14,3344.5499999999997,238.89642857142854,13.715,2.25,73,2063.72,10,0,8.1153863835603
CUST_01316,8,2155.36,269.42,13.806249999999999,3.0,211,0.0,0,1,7.6761768939712285
CUST_01317,10,1097.01,109.701,6.248,4.0,20,761.6300000000001,7,0,7.001254729496127
CUST_01318,9,1843.44,204.82666666666668,11.508888888888889,3.0,16,1527.12,7,0,7.5199309873669575
CUST_01319,7,1083.8,154.82857142857142,7.3500000000000005,4.0,57,713.93,5,0,6.989150917186131
CUST_01320,12,2080.66,173.38833333333332,7.599166666666666,3.75,37,1472.93,9,0,7.64092093132439
CUST_01321,16,3476.94,217.30875,8.08,3.3333333333333335,89,2082.07,11,0,8.154195443471576
CUST_01322,9,1956.13,217.3477777777778,11.261111111111113,3.5,176,0.0,0,1,7.579234393396259
CUST_01323,10,1031.4,103.14000000000001,7.1370000000000005,3.0,40,833.11,7,0,6.939641467844459
CUST_01324,9,2741.0299999999997,304.5588888888889,13.893333333333334,2.3333333333333335,12,1543.79,7,0,7.916453800981445
CUST_01325,6,1584.17,264.02833333333336,12.163333333333334,3.0,28,833.53,4,0,7.3684469360804234
CUST_01326,15,2979.94,198.66266666666667,10.172,3.0,30,2344.14,11,0,7.999993966001509
CUST_01327,9,1381.33,153.4811111111111,7.847777777777777,3.6666666666666665,46,1133.88,7,0,7.231525760193643
CUST_01328,12,1695.35,141.27916666666667,8.233333333333333,3.5,31,1227.89,9,0,7.436234162985445
CUST_01329,13,3194.77,245.75153846153847,13.793076923076923,2.75,240,0.0,0,1,8.069583339340369
CUST_01330,13,1714.11,131.85461538461539,6.909230769230769,4.0,86,1388.43,9,0,7.447232497484853
CUST_01331,7,1950.78,278.68285714285713,15.104285714285712,2.0,43,2140.18,6,0,7.576497055703329
CUST_01332,13,2724.4,209.56923076923078,10.997692307692308,3.25,119,1649.0900000000001,9,0,7.91037048531572
CUST_01333,23,4468.22,194.2704347826087,10.159565217391304,2.6,7,3501.37,17,0,8.404969175737008
CUST_01334,8,1266.22,158.2775,7.2875,3.0,54,758.02,6,0,7.144580803763897
CUST_01335,9,1952.04,216.89333333333332,10.41777777777778,3.0,10,1075.3,7,0,7.577142411977744
CUST_01336,15,3969.14,264.6093333333333,13.016,3.0,28,2937.25,12,0,8.286556637543086
CUST_01337,11,1728.24,157.11272727272728,7.545454545454546,3.0,13,1033.3899999999999,8,0,7.455437284610135
CUST_01338,7,1655.59,236.51285714285714,10.959999999999999,4.5,129,1136.83,6,0,7.412516551685725
CUST_01339,8,1306.81,163.35125,11.463750000000001,3.3333333333333335,1,1136.2800000000002,6,0,7.176109261527059
CUST_01340,9,1500.75,166.75,8.892222222222223,4.0,26,805.5,6,0,7.314386373730271
CUST_01341,11,2894.54,263.14,14.125454545454545,2.6666666666666665,13,2116.7200000000003,8,0,7.970926901110228
CUST_01342,9,973.91,108.21222222222222,6.5088888888888885,2.0,168,0.0,0,1,6.882345159044922
CUST_01343,15,3082.66,205.51066666666665,11.724,2.8333333333333335,18,2512.29,10,0,8.033872482172432
CUST_01344,14,4282.7,305.90714285714284,18.705714285714286,2.75,25,3472.31,11,0,8.362572401104359
CUST_01345,21,6955.34,331.20666666666665,14.975714285714286,3.0,11,5415.65,17,0,8.847408752945551
CUST_01346,10,2484.03,248.40300000000002,13.193999999999999,4.0,16,1257.1599999999999,7,0,7.8180400108924655
CUST_01347,13,2320.9,178.53076923076924,10.90230769230769,3.2,53,1755.51,10,0,7.7501410950083205
CUST_01348,12,1894.8,157.9,9.000833333333334,4.5,177,0.0,0,1,7.547396192018941
CUST_01349,7,1551.99,221.71285714285713,10.362857142857141,1.5,155,1456.97,6,0,7.347937383977923
CUST_01350,6,1355.89,225.98166666666668,12.098333333333334,3.0,42,763.35,4,0,7.2129505953849025
CUST_01351,8,1561.06,195.1325,8.85,2.5,40,890.36,6,0,7.353760741953831
CUST_01352,11,2323.86,211.26000000000002,11.34,5.0,5,2132.0099999999998,8,0,7.751415101154694
CUST_01353,16,6204.150000000001,387.75937500000003,21.95125,3.6666666666666665,46,4766.34,12,0,8.733134871399702
CUST_01354,11,2271.37,206.4881818181818,9.437272727272727,3.0,182,1683.8899999999999,8,0,7.728578618694752
CUST_01355,8,1174.95,146.86875,7.865,4.0,35,901.08,6,0,7.0698316105478956
CUST_01356,14,2072.9,148.06428571428572,7.755,3.6666666666666665,177,0.0,0,1,7.637186171619329
CUST_01357,13,2815.77,216.5976923076923,12.032307692307691,3.0,25,2385.6,10,0,7.943346117400713
CUST_01358,15,2997.5299999999997,199.83533333333332,10.735333333333333,3.75,284,0.0,0,1,8.005877447561016
CUST_01359,9,2133.07,237.0077777777778,13.712222222222222,3.0,63,1239.58,6,0,7.665786233573014
CUST_01360,10,1700.23,170.023,10.058,3.0,67,1070.19,6,0,7.439106797834853
CUST_01361,16,4383.650000000001,273.97812500000003,13.62,3.5,19,2538.71,11,0,8.38586508406083
CUST_01362,14,2900.25,207.16071428571428,9.377142857142857,2.0,39,1395.53,9,0,7.972896957588647
CUST_01363,7,1257.32,179.61714285714285,7.741428571428571,3.0,1,1002.79,6,0,7.137532776932387
CUST_01364,13,2423.82,186.4476923076923,9.64,3.0,200,0.0,0,1,7.793512573812515
CUST_01365,8,1235.3,154.4125,7.04875,4.0,78,680.08,5,0,7.119878327012882
CUST_01366,13,5350.56,411.5815384615385,17.28846153846154,2.0,40,3667.44,9,0,8.585143386171351
CUST_01367,9,1594.68,177.18666666666667,10.729999999999999,3.0,62,1530.2,8,0,7.375055256653558
CUST_01368,13,3143.9700000000003,241.8438461538462,14.194615384615386,3.0,3,2464.96,9,0,8.053559630138329
CUST_01369,15,2252.55,150.17000000000002,9.360666666666667,4.0,44,1822.67,11,0,7.720262029592569
CUST_01370,11,1949.82,177.25636363636363,6.068181818181818,3.6,20,1303.54,8,0,7.576005075987568
CUST_01371,7,1312.33,187.47571428571428,7.8,3.6666666666666665,87,1031.2,6,0,7.180321175549583
CUST_01372,12,3697.81,308.1508333333333,13.6625,4.0,63,1971.89,8,0,8.215766425279368
CUST_01373,5,696.94,139.388,9.718,3.0,215,0.0,0,1,6.548133139182223
CUST_01374,10,1785.0,178.5,8.456999999999999,4.5,153,1423.44,8,0,7.487733761436444
CUST_01375,3,694.5699999999999,231.5233333333333,10.983333333333334,2.0,366,976.6300000000001,3,0,6.544731653315461
CUST_01376,7,1482.53,211.79,11.891428571428571,3.0,126,920.59,5,0,7.302179661973321
CUST_01377,8,2473.54,309.1925,18.9625,3.0,8,1908.7099999999998,6,0,7.813809799143085
CUST_01378,8,1589.37,198.67125,11.01625,3.0,202,0.0,0,1,7.371721972545323
CUST_01379,16,4241.4,265.0875,13.50125,4.5,7,2754.94,13,0,8.35288442582292
CUST_01380,12,3093.81,257.8175,14.221666666666666,3.0,175,0.0,0,1,8.037481793896653
CUST_01381,9,1198.83,133.20333333333332,7.452222222222222,1.5,51,1184.27,7,0,7.089935159073755
CUST_01382,11,1649.85,149.98636363636362,7.984545454545454,3.5,71,1179.09,8,0,7.4090455857647886
CUST_01383,13,1816.77,139.75153846153847,8.066923076923077,4.0,87,1342.56,9,0,7.505365754082758
CUST_01384,11,1634.51,148.59181818181818,6.498181818181819,4.0,173,0.0,0,1,7.399709961297869
CUST_01385,17,3880.04,228.23764705882354,13.862941176470589,3.0,5,3498.62,14,0,8.263858437937799
CUST_01386,8,1899.3600000000001,237.42000000000002,12.40875,4.0,144,1207.77,6,0,7.549798620890871
CUST_01387,14,2776.44,198.31714285714287,11.254285714285714,3.8,222,0.0,0,1,7.9292849191202395
CUST_01388,8,863.14,107.8925,5.3025,4.0,50,633.98,5,0,6.76173479271451
CUST_01389,15,5597.78,373.1853333333333,19.141333333333332,4.0,17,4352.27,11,0,8.630303995846068
CUST_01390,8,1003.25,125.40625,9.42875,3.0,112,751.61,6,0,6.911996273239391
CUST_01391,26,9051.34,348.1284615384615,20.189230769230768,3.6666666666666665,0,7516.14,17,0,9.110778566808094
CUST_01392,10,1683.56,168.356,8.078999999999999,2.5,4,779.7,7,0,7.429259681090276
CUST_01393,14,2426.75,173.33928571428572,8.895,3.3333333333333335,25,1840.9,11,0,7.794720181474464
CUST_01394,10,1136.21,113.62100000000001,6.75,3.0,46,959.8000000000001,7,0,7.036333173266145
CUST_01395,13,2935.82,225.8323076923077,11.41,2.5,16,1608.44,8,0,7.985082642292914
CUST_01396,10,1611.3600000000001,161.13600000000002,8.978,4.0,291,0.0,0,1,7.3854542231952784
CUST_01397,12,1810.15,150.84583333333333,8.029166666666667,3.5,14,1281.85,10,0,7.501717281620744
CUST_01398,7,1194.98,170.71142857142857,6.028571428571429,3.5,1,783.93,5,0,7.086721211962729
CUST_01399,9,2108.08,234.2311111111111,15.08888888888889,4.333333333333333,62,1965.35,6,0,7.654007112428861
CUST_01400,11,3347.06,304.2781818181818,14.315454545454545,2.3333333333333335,90,1712.92,8,0,8.116136352595737
CUST_01401,19,7054.25,371.2763157894737,17.13578947368421,3.8333333333333335,17,6104.79,16,0,8.861527299520171
CUST_01402,20,3235.56,161.778,8.560500000000001,3.25,2,2425.87,15,0,8.082266316358453
CUST_01403,7,1601.6599999999999,228.8085714285714,10.954285714285716,4.0,58,1227.75,6,0,7.379420027804505
CUST_01404,7,1172.92,167.56,7.184285714285714,3.0,46,1005.74,6,0,7.068103854965684
CUST_01405,8,1349.55,168.69375,9.97625,3.0,30,1071.58,6,0,7.208267195872018
CUST_01406,8,1540.34,192.5425,8.89875,3.5,22,855.83,6,0,7.3404074469342655
CUST_01407,13,2920.38,224.6446153846154,12.794615384615385,3.25,136,1835.79,9,0,7.979811386360552
CUST_01408,14,3311.41,236.5292857142857,15.165000000000001,3.2,0,2576.0299999999997,9,0,8.10543130011405
CUST_01409,17,4510.92,265.34823529411767,13.99764705882353,3.5,4,3875.63,14,0,8.414478062524253
CUST_01410,11,2083.0099999999998,189.36454545454544,7.9818181818181815,3.5,29,1375.18,9,0,7.642049201326236
CUST_01411,12,3507.61,292.30083333333334,12.343333333333334,4.0,59,2209.04,8,0,8.16297522663068
CUST_01412,11,2235.87,203.26090909090908,9.526363636363635,3.75,40,1199.3500000000001,8,0,7.712832846256545
CUST_01413,9,1746.69,194.07666666666668,9.885555555555555,3.5,26,1329.3400000000001,6,0,7.466050194950144
CUST_01414,8,1209.44,151.18,8.84,3.0,181,0.0,0,1,7.098739208854744
CUST_01415,6,1091.8000000000002,181.9666666666667,10.06,3.0,262,0.0,0,1,6.996498488816526
CUST_01416,21,7165.05,341.1928571428572,19.08809523809524,2.6666666666666665,70,5286.71,14,0,8.877109875233803
CUST_01417,17,3608.14,212.2435294117647,9.911764705882353,3.2,9,2277.42,12,0,8.191224795799519
CUST_01418,14,3228.41,230.60071428571428,12.332857142857142,1.0,22,2180.06,11,0,8.08005473699317
CUST_01419,15,2916.29,194.41933333333333,7.960666666666667,3.3333333333333335,8,1743.1499999999999,11,0,7.97841038213562
CUST_01420,24,11581.17,482.54875,23.812916666666666,3.5,26,8993.06,18,0,9.357222125626556
CUST_01421,14,4354.27,311.01928571428573,14.956428571428573,2.5,42,4134.36,13,0,8.379141885068615
CUST_01422,8,1039.32,129.915,6.505,2.0,148,799.12,6,0,6.94728363711554
CUST_01423,14,2380.0099999999998,170.00071428571428,10.454285714285716,3.0,177,0.0,0,1,7.775280046394045
CUST_01424,7,1352.44,193.2057142857143,11.211428571428572,2.0,16,921.08,6,0,7.210404778555705
CUST_01425,16,3053.02,190.81375,10.84,3.0,68,2841.47,12,0,8.024214034545608
CUST_01426,10,1541.78,154.178,7.19,3.0,69,1335.4,8,0,7.341341262806956
CUST_01427,11,2533.19,230.29,11.401818181818182,3.0,40,2518.57,9,0,7.837629338338555
CUST_01428,12,3794.91,316.2425,15.978333333333333,2.0,205,0.0,0,1,8.241679450281207
CUST_01429,6,783.88,130.64666666666668,7.513333333333333,2.6666666666666665,171,0.0,0,1,6.665530839855135
CUST_01430,7,1069.35,152.7642857142857,8.97,3.0,186,0.0,0,1,6.975740976773231
CUST_01431,5,714.37,142.874,11.129999999999999,2.5,1,1041.6599999999999,4,0,6.572799891363586
CUST_01432,10,1949.46,194.946,8.964,3.0,19,1381.18,7,0,7.575820521174265
CUST_01433,21,8594.09,409.242380952381,20.074285714285715,3.25,0,4856.39,13,0,9.058946388966316
CUST_01434,10,2646.61,264.661,15.177000000000001,3.6666666666666665,35,2332.1,9,0,7.881412625243225
CUST_01435,20,4784.39,239.2195,14.107,3.5,0,4650.72,16,0,8.473322805267921
CUST_01436,15,2930.44,195.36266666666668,9.286666666666667,3.8,61,1720.79,11,0,7.98324904885727
CUST_01437,13,2530.66,194.66615384615383,9.71076923076923,3.0,35,1614.09,10,0,7.836630493046907
CUST_01438,7,897.24,128.17714285714285,8.431428571428572,3.0,123,970.75,6,0,6.800437293173518
CUST_01439,17,4069.05,239.3558823529412,12.528235294117646,3.875,79,3408.68,12,0,8.311410563373466
CUST_01440,15,3769.05,251.27,11.432666666666668,3.0,102,2812.17,11,0,8.234843542953579
CUST_01441,14,4042.11,288.72214285714284,15.463571428571429,3.4,102,3072.98,10,0,8.304769476789822
CUST_01442,12,2080.14,173.345,9.136666666666667,3.0,13,1795.09,9,0,7.64067109947914
CUST_01443,7,1338.1100000000001,191.15857142857143,10.174285714285714,3.0,3,1203.57,6,0,7.199760493175826
CUST_01444,7,1524.74,217.82,10.915714285714285,3.0,53,1201.52,6,0,7.330234817249431
CUST_01445,20,5293.13,264.6565,13.114500000000001,3.5,42,4121.45,15,0,8.574353938586798
CUST_01446,8,1168.92,146.115,7.235,5.0,3,689.3100000000001,6,0,7.064690649385676
CUST_01447,11,2776.0,252.36363636363637,13.388181818181819,3.8,39,1771.02,8,0,7.9291264873067995
CUST_01448,8,1729.72,216.215,10.125,3.0,26,1226.32,6,0,7.456292785881979
CUST_01449,10,1493.24,149.324,7.795,3.0,7,838.4300000000001,6,0,7.309372995361408
CUST_01450,7,916.8100000000001,130.97285714285715,6.597142857142857,4.0,240,0.0,0,1,6.821990397521337
CUST_01451,13,2433.99,187.23,9.686153846153847,3.0,123,1537.99,8,0,7.7976979287320765
CUST_01452,15,4758.17,317.21133333333336,16.408666666666665,4.5,16,4238.9,13,0,8.467828562273395
CUST_01453,13,5888.57,452.9669230769231,17.994615384615386,4.0,123,3580.85,10,0,8.680938268887251
CUST_01454,5,1061.02,212.204,12.634,4.0,61,888.77,5,0,6.96792803401627
CUST_01455,7,2405.47,343.6385714285714,20.714285714285715,3.0,29,3175.7799999999997,8,0,7.7859162224281855
CUST_01456,9,2229.23,247.69222222222223,11.690000000000001,2.0,90,1015.7700000000001,5,0,7.709859998149155
CUST_01457,12,2529.19,210.76583333333335,13.030833333333334,3.5,8,2953.55,9,0,7.83604967771602
CUST_01458,2,399.05000000000007,199.52500000000003,6.785,3.0,279,0.0,0,1,5.991589539296133
CUST_01459,8,1827.53,228.44125,8.79,2.0,43,702.07,5,0,7.511267644345739
CUST_01460,11,1710.02,155.45636363636365,8.739090909090908,2.0,13,1212.0900000000001,8,0,7.444844962894596
CUST_01461,9,1001.99,111.33222222222223,6.413333333333333,3.0,38,1051.91,7,0,6.910740817822503
CUST_01462,9,2867.04,318.56,17.82888888888889,3.0,24,1649.5,6,0,7.961384148623647
CUST_01463,9,1475.29,163.92111111111112,9.49,3.5,17,1026.27,6,0,7.297287462826117
CUST_01464,10,1555.11,155.511,8.871,4.0,99,1267.33,8,0,7.3499443963270314
CUST_01465,13,1793.65,137.97307692307692,7.3623076923076916,3.0,28,1465.13,9,0,7.4925652958377
CUST_01466,7,1537.5,219.64285714285714,9.928571428571429,3.6666666666666665,53,1081.77,5,0,7.338563194762097
CUST_01467,11,4501.83,409.2572727272727,18.423636363636362,3.0,177,0.0,0,1,8.412461366979553
CUST_01468,10,3835.77,383.577,20.881999999999998,3.0,219,0.0,0,1,8.25238614578678
CUST_01469,18,2230.45,123.91388888888888,6.673333333333334,2.8333333333333335,22,1692.48,12,0,7.710406877365238
CUST_01470,10,1477.69,147.769,8.962,3.0,67,1807.55,8,0,7.2989118396596115
CUST_01471,6,875.55,145.92499999999998,8.106666666666667,3.0,72,836.99,5,0,6.775993747799883
CUST_01472,16,3840.94,240.05875,12.945625,2.5,108,3388.07,12,0,8.253732726340342
CUST_01473,15,2909.0699999999997,193.938,10.726666666666667,3.5,48,2405.76,10,0,7.97593241485904
CUST_01474,10,1869.55,186.95499999999998,8.846,3.0,4,1097.46,7,0,7.533987784251575
CUST_01475,7,1334.61,190.6585714285714,12.024285714285714,3.5,108,824.39,4,0,7.197143395313108
CUST_01476,13,2205.07,169.62076923076924,9.442307692307692,3.0,11,1460.8300000000002,9,0,7.698967930950989
CUST_01477,19,7669.64,403.66526315789474,16.69263157894737,4.25,30,4533.28,12,0,8.94515533286196
CUST_01478,10,2062.63,206.263,13.016,2.6666666666666665,13,1725.48,7,0,7.632221846965928
CUST_01479,13,3746.07,288.15923076923076,12.185384615384615,3.5,2,1973.6299999999999,8,0,8.228729480231145
CUST_01480,12,1131.86,94.32166666666666,5.827500000000001,3.6666666666666665,6,1050.58,10,0,7.032500687638496
CUST_01481,15,2617.97,174.53133333333332,10.235999999999999,3.2,5,1673.25,10,0,7.870536389688382
CUST_01482,19,8124.06,427.5821052631579,20.257894736842104,2.6666666666666665,24,6661.73,17,0,9.002708391786056
CUST_01483,18,6618.7699999999995,367.70944444444444,16.25722222222222,1.0,7,4146.93,13,0,8.797815905125077
CUST_01484,8,1106.4,138.3,6.335,3.0,71,710.2,6,0,7.009770204388867
CUST_01485,10,1998.74,199.874,10.456,3.0,185,0.0,0,1,7.60077245109135
CUST_01486,8,1181.15,147.64375,7.16625,3.3333333333333335,69,1039.45,7,0,7.075090093467768
CUST_01487,13,4590.49,353.1146153846154,15.424615384615386,4.0,168,0.0,0,1,8.431959869113712
CUST_01488,11,2487.39,226.12636363636364,11.254545454545454,3.3333333333333335,121,845.2900000000001,5,0,7.81939119398627
CUST_01489,14,2162.04,154.43142857142857,7.909999999999999,3.25,53,1965.03,11,0,7.679269918616095
CUST_01490,10,1936.1200000000001,193.61200000000002,9.773,3.0,207,0.0,0,1,7.56895761295943
CUST_01491,8,933.35,116.66875,6.66375,2.0,109,693.9599999999999,6,0,6.839851100368264
CUST_01492,6,950.97,158.495,7.864999999999999,3.0,16,357.43,3,0,6.8585335216897905
CUST_01493,13,2722.78,209.4446153846154,9.786923076923078,2.75,21,1776.61,10,0,7.909775900424883
CUST_01494,13,3467.9,266.76153846153846,13.216923076923077,3.0,43,3006.5299999999997,10,0,8.151592819803026
CUST_01495,5,727.61,145.522,6.62,2.0,6,494.35,4,0,6.59113860943224
CUST_01496,7,1266.87,180.98142857142855,9.284285714285714,3.0,149,1160.8,6,0,7.145093606081955
CUST_01497,18,5060.57,281.1427777777778,12.726666666666667,4.0,25,3463.4,13,0,8.529431990835498
CUST_01498,5,764.4699999999999,152.89399999999998,7.108,2.0,37,965.77,5,0,6.6404900242579386
CUST_01499,9,2012.01,223.55666666666667,10.291111111111112,3.0,97,1212.6599999999999,6,0,7.607386393337338
CUST_01500,13,2443.73,187.97923076923078,10.75923076923077,3.25,177,0.0,0,1,7.801689966363339
