event_id,customer_id,event_time,product_category
EVT_0000001,CUST_00001,2024-01-01T00:00:00,health_beauty
EVT_0000002,CUST_00001,2024-01-01T02:00:00,watches_gifts
EVT_0000003,CUST_00001,2024-01-01T04:00:00,health_beauty
EVT_0000004,CUST_00001,2024-01-01T06:00:00,watches_gifts
EVT_0000005,CUST_00001,2024-01-01T08:00:00,health_beauty
EVT_0000006,CUST_00001,2024-01-01T10:00:00,watches_gifts
EVT_0000007,CUST_00001,2024-01-01T12:00:00,health_beauty
EVT_0000008,CUST_00001,2024-01-01T14:00:00,watches_gifts
EVT_0000009,CUST_00001,2024-01-01T16:00:00,health_beauty
EVT_0000010,CUST_00001,2024-01-01T18:00:00,watches_gifts
EVT_0000011,CUST_00002,2024-01-01T00:00:00,electronics
EVT_0000012,CUST_00002,2024-01-01T02:00:00,computers
EVT_0000013,CUST_00002,2024-01-01T04:00:00,electronics
EVT_0000014,CUST_00002,2024-01-01T06:00:00,computers
EVT_0000015,CUST_00002,2024-01-01T08:00:00,electronics
EVT_0000016,CUST_00002,2024-01-01T10:00:00,computers
EVT_0000017,CUST_00002,2024-01-01T12:00:00,electronics
EVT_0000018,CUST_00002,2024-01-01T14:00:00,computers
EVT_0000019,CUST_00002,2024-01-01T16:00:00,auto
EVT_0000020,CUST_00002,2024-01-01T18:00:00,electronics
EVT_0000021,CUST_00002,2024-01-01T20:00:00,computers
EVT_0000022,CUST_00002,2024-01-01T22:00:00,electronics
EVT_0000023,CUST_00002,2024-01-02T00:00:00,computers
EVT_0000024,CUST_00002,2024-01-02T02:00:00,electronics
EVT_0000025,CUST_00002,2024-01-02T04:00:00,computers
EVT_0000026,CUST_00002,2024-01-02T06:00:00,electronics
EVT_0000027,CUST_00003,2024-01-01T00:00:00,housewares
EVT_0000028,CUST_00003,2024-01-01T02:00:00,bed_bath
EVT_0000029,CUST_00003,2024-01-01T04:00:00,furniture
EVT_0000030,CUST_00003,2024-01-01T06:00:00,housewares
EVT_0000031,CUST_00003,2024-01-01T08:00:00,bed_bath
EVT_0000032,CUST_00003,2024-01-01T10:00:00,furniture
EVT_0000033,CUST_00003,2024-01-01T12:00:00,housewares
EVT_0000034,CUST_00003,2024-01-01T14:00:00,bed_bath
EVT_0000035,CUST_00003,2024-01-01T16:00:00,furniture
EVT_0000036,CUST_00003,2024-01-01T18:00:00,furniture
EVT_0000037,CUST_00003,2024-01-01T20:00:00,housewares
EVT_0000038,CUST_00003,2024-01-01T22:00:00,bed_bath
EVT_0000039,CUST_00003,2024-01-02T00:00:00,furniture
EVT_0000040,CUST_00003,2024-01-02T02:00:00,housewares
EVT_0000041,CUST_00003,2024-01-02T04:00:00,bed_bath
EVT_0000042,CUST_00003,2024-01-02T06:00:00,furniture
EVT_0000043,CUST_00004,2024-01-01T00:00:00,watches_gifts
EVT_0000044,CUST_00004,2024-01-01T02:00:00,health_beauty
EVT_0000045,CUST_00004,2024-01-01T04:00:00,watches_gifts
EVT_0000046,CUST_00004,2024-01-01T06:00:00,health_beauty
EVT_0000047,CUST_00004,2024-01-01T08:00:00,watches_gifts
EVT_0000048,CUST_00004,2024-01-01T10:00:00,health_beauty
EVT_0000049,CUST_00004,2024-01-01T12:00:00,watches_gifts
EVT_0000050,CUST_00004,2024-01-01T14:00:00,health_beauty
EVT_0000051,CUST_00004,2024-01-01T16:00:00,watches_gifts
EVT_0000052,CUST_00004,2024-01-01T18:00:00,health_beauty
EVT_0000053,CUST_00005,2024-01-01T00:00:00,health_beauty
EVT_0000054,CUST_00005,2024-01-01T02:00:00,watches_gifts
EVT_0000055,CUST_00005,2024-01-01T04:00:00,health_beauty
EVT_0000056,CUST_00005,2024-01-01T06:00:00,watches_gifts
EVT_0000057,CUST_00005,2024-01-01T08:00:00,health_beauty
EVT_0000058,CUST_00005,2024-01-01T10:00:00,watches_gifts
EVT_0000059,CUST_00005,2024-01-01T12:00:00,computers
EVT_0000060,CUST_00005,2024-01-01T14:00:00,electronics
EVT_0000061,CUST_00005,2024-01-01T16:00:00,computers
EVT_0000062,CUST_00005,2024-01-01T18:00:00,electronics
EVT_0000063,CUST_00005,2024-01-01T20:00:00,computers
EVT_0000064,CUST_00005,2024-01-01T22:00:00,electronics
EVT_0000065,CUST_00005,2024-01-02T00:00:00,computers
EVT_0000066,CUST_00005,2024-01-02T02:00:00,electronics
EVT_0000067,CUST_00006,2024-01-01T00:00:00,housewares
EVT_0000068,CUST_00006,2024-01-01T02:00:00,bed_bath
EVT_0000069,CUST_00006,2024-01-01T04:00:00,furniture
EVT_0000070,CUST_00006,2024-01-01T06:00:00,housewares
EVT_0000071,CUST_00006,2024-01-01T08:00:00,bed_bath
EVT_0000072,CUST_00006,2024-01-01T10:00:00,furniture
EVT_0000073,CUST_00006,2024-01-01T12:00:00,housewares
EVT_0000074,CUST_00006,2024-01-01T14:00:00,bed_bath
EVT_0000075,CUST_00006,2024-01-01T16:00:00,furniture
EVT_0000076,CUST_00006,2024-01-01T18:00:00,housewares
EVT_0000077,CUST_00006,2024-01-01T20:00:00,bed_bath
EVT_0000078,CUST_00006,2024-01-01T22:00:00,furniture
EVT_0000079,CUST_00006,2024-01-02T00:00:00,housewares
EVT_0000080,CUST_00006,2024-01-02T02:00:00,bed_bath
EVT_0000081,CUST_00006,2024-01-02T04:00:00,furniture
EVT_0000082,CUST_00006,2024-01-02T06:00:00,housewares
EVT_0000083,CUST_00007,2024-01-01T00:00:00,furniture
EVT_0000084,CUST_00007,2024-01-01T02:00:00,housewares
EVT_0000085,CUST_00007,2024-01-01T04:00:00,bed_bath
EVT_0000086,CUST_00007,2024-01-01T06:00:00,furniture
EVT_0000087,CUST_00007,2024-01-01T08:00:00,housewares
EVT_0000088,CUST_00007,2024-01-01T10:00:00,bed_bath
EVT_0000089,CUST_00007,2024-01-01T12:00:00,furniture
EVT_0000090,CUST_00007,2024-01-01T14:00:00,housewares
EVT_0000091,CUST_00007,2024-01-01T16:00:00,bed_bath
EVT_0000092,CUST_00007,2024-01-01T18:00:00,furniture
EVT_0000093,CUST_00008,2024-01-01T00:00:00,housewares
EVT_0000094,CUST_00008,2024-01-01T02:00:00,bed_bath
EVT_0000095,CUST_00008,2024-01-01T04:00:00,furniture
EVT_0000096,CUST_00008,2024-01-01T06:00:00,housewares
EVT_0000097,CUST_00008,2024-01-01T08:00:00,bed_bath
EVT_0000098,CUST_00008,2024-01-01T10:00:00,furniture
EVT_0000099,CUST_00008,2024-01-01T12:00:00,housewares
EVT_0000100,CUST_00008,2024-01-01T14:00:00,bed_bath
EVT_0000101,CUST_00008,2024-01-01T16:00:00,furniture
EVT_0000102,CUST_00008,2024-01-01T18:00:00,housewares
EVT_0000103,CUST_00008,2024-01-01T20:00:00,bed_bath
EVT_0000104,CUST_00008,2024-01-01T22:00:00,furniture
EVT_0000105,CUST_00008,2024-01-02T00:00:00,housewares
EVT_0000106,CUST_00008,2024-01-02T02:00:00,bed_bath
EVT_0000107,CUST_00008,2024-01-02T04:00:00,furniture
EVT_0000108,CUST_00008,2024-01-02T06:00:00,electronics
EVT_0000109,CUST_00009,2024-01-01T00:00:00,electronics
EVT_0000110,CUST_00009,2024-01-01T02:00:00,computers
EVT_0000111,CUST_00009,2024-01-01T04:00:00,electronics
EVT_0000112,CUST_00009,2024-01-01T06:00:00,computers
EVT_0000113,CUST_00009,2024-01-01T08:00:00,electronics
EVT_0000114,CUST_00009,2024-01-01T10:00:00,computers
EVT_0000115,CUST_00009,2024-01-01T12:00:00,housewares
EVT_0000116,CUST_00009,2024-01-01T14:00:00,bed_bath
EVT_0000117,CUST_00009,2024-01-01T16:00:00,furniture
EVT_0000118,CUST_00009,2024-01-01T18:00:00,housewares
EVT_0000119,CUST_00009,2024-01-01T20:00:00,bed_bath
EVT_0000120,CUST_00009,2024-01-01T22:00:00,furniture
EVT_0000121,CUST_00010,2024-01-01T00:00:00,health_beauty
EVT_0000122,CUST_00010,2024-01-01T02:00:00,watches_gifts
EVT_0000123,CUST_00010,2024-01-01T04:00:00,health_beauty
EVT_0000124,CUST_00010,2024-01-01T06:00:00,watches_gifts
EVT_0000125,CUST_00010,2024-01-01T08:00:00,health_beauty
EVT_0000126,CUST_00010,2024-01-01T10:00:00,watches_gifts
EVT_0000127,CUST_00010,2024-01-01T12:00:00,health_beauty
EVT_0000128,CUST_00010,2024-01-01T14:00:00,watches_gifts
EVT_0000129,CUST_00010,2024-01-01T16:00:00,health_beauty
EVT_0000130,CUST_00010,2024-01-01T18:00:00,watches_gifts
EVT_0000131,CUST_00010,2024-01-01T20:00:00,bed_bath
EVT_0000132,CUST_00010,2024-01-01T22:00:00,furniture
EVT_0000133,CUST_00010,2024-01-02T00:00:00,housewares
EVT_0000134,CUST_00010,2024-01-02T02:00:00,bed_bath
EVT_0000135,CUST_00010,2024-01-02T04:00:00,furniture
EVT_0000136,CUST_00010,2024-01-02T06:00:00,housewares
EVT_0000137,CUST_00011,2024-01-01T00:00:00,bed_bath
EVT_0000138,CUST_00011,2024-01-01T02:00:00,furniture
EVT_0000139,CUST_00011,2024-01-01T04:00:00,housewares
EVT_0000140,CUST_00011,2024-01-01T06:00:00,bed_bath
EVT_0000141,CUST_00011,2024-01-01T08:00:00,furniture
EVT_0000142,CUST_00011,2024-01-01T10:00:00,housewares
EVT_0000143,CUST_00011,2024-01-01T12:00:00,bed_bath
EVT_0000144,CUST_00011,2024-01-01T14:00:00,furniture
EVT_0000145,CUST_00011,2024-01-01T16:00:00,housewares
EVT_0000146,CUST_00011,2024-01-01T18:00:00,bed_bath
EVT_0000147,CUST_00011,2024-01-01T20:00:00,furniture
EVT_0000148,CUST_00011,2024-01-01T22:00:00,housewares
EVT_0000149,CUST_00011,2024-01-02T00:00:00,bed_bath
EVT_0000150,CUST_00011,2024-01-02T02:00:00,furniture
EVT_0000151,CUST_00011,2024-01-02T04:00:00,housewares
EVT_0000152,CUST_00011,2024-01-02T06:00:00,housewares
EVT_0000153,CUST_00012,2024-01-01T00:00:00,health_beauty
EVT_0000154,CUST_00012,2024-01-01T02:00:00,watches_gifts
EVT_0000155,CUST_00012,2024-01-01T04:00:00,health_beauty
EVT_0000156,CUST_00012,2024-01-01T06:00:00,watches_gifts
EVT_0000157,CUST_00012,2024-01-01T08:00:00,health_beauty
EVT_0000158,CUST_00012,2024-01-01T10:00:00,watches_gifts
EVT_0000159,CUST_00012,2024-01-01T12:00:00,health_beauty
EVT_0000160,CUST_00012,2024-01-01T14:00:00,watches_gifts
EVT_0000161,CUST_00012,2024-01-01T16:00:00,health_beauty
EVT_0000162,CUST_00012,2024-01-01T18:00:00,watches_gifts
EVT_0000163,CUST_00012,2024-01-01T20:00:00,health_beauty
EVT_0000164,CUST_00012,2024-01-01T22:00:00,watches_gifts
EVT_0000165,CUST_00013,2024-01-01T00:00:00,housewares
EVT_0000166,CUST_00013,2024-01-01T02:00:00,bed_bath
EVT_0000167,CUST_00013,2024-01-01T04:00:00,sports_leisure
EVT_0000168,CUST_00013,2024-01-01T06:00:00,computers
EVT_0000169,CUST_00013,2024-01-01T08:00:00,electronics
EVT_0000170,CUST_00013,2024-01-01T10:00:00,computers
EVT_0000171,CUST_00013,2024-01-01T12:00:00,electronics
EVT_0000172,CUST_00013,2024-01-01T14:00:00,computers
EVT_0000173,CUST_00013,2024-01-01T16:00:00,electronics
EVT_0000174,CUST_00013,2024-01-01T18:00:00,computers
EVT_0000175,CUST_00013,2024-01-01T20:00:00,electronics
EVT_0000176,CUST_00013,2024-01-01T22:00:00,computers
EVT_0000177,CUST_00013,2024-01-02T00:00:00,toys
EVT_0000178,CUST_00013,2024-01-02T02:00:00,electronics
EVT_0000179,CUST_00013,2024-01-02T04:00:00,computers
EVT_0000180,CUST_00014,2024-01-01T00:00:00,sports_leisure
EVT_0000181,CUST_00014,2024-01-01T02:00:00,health_beauty
EVT_0000182,CUST_00014,2024-01-01T04:00:00,watches_gifts
EVT_0000183,CUST_00014,2024-01-01T06:00:00,health_beauty
EVT_0000184,CUST_00014,2024-01-01T08:00:00,watches_gifts
EVT_0000185,CUST_00014,2024-01-01T10:00:00,health_beauty
EVT_0000186,CUST_00014,2024-01-01T12:00:00,watches_gifts
EVT_0000187,CUST_00014,2024-01-01T14:00:00,health_beauty
EVT_0000188,CUST_00014,2024-01-01T16:00:00,watches_gifts
EVT_0000189,CUST_00014,2024-01-01T18:00:00,health_beauty
EVT_0000190,CUST_00014,2024-01-01T20:00:00,watches_gifts
EVT_0000191,CUST_00014,2024-01-01T22:00:00,health_beauty
EVT_0000192,CUST_00014,2024-01-02T00:00:00,watches_gifts
EVT_0000193,CUST_00014,2024-01-02T02:00:00,health_beauty
EVT_0000194,CUST_00014,2024-01-02T04:00:00,watches_gifts
EVT_0000195,CUST_00015,2024-01-01T00:00:00,auto
EVT_0000196,CUST_00015,2024-01-01T02:00:00,electronics
EVT_0000197,CUST_00015,2024-01-01T04:00:00,computers
EVT_0000198,CUST_00015,2024-01-01T06:00:00,electronics
EVT_0000199,CUST_00015,2024-01-01T08:00:00,computers
EVT_0000200,CUST_00015,2024-01-01T10:00:00,electronics
EVT_0000201,CUST_00015,2024-01-01T12:00:00,computers
EVT_0000202,CUST_00015,2024-01-01T14:00:00,electronics
EVT_0000203,CUST_00016,2024-01-01T00:00:00,health_beauty
EVT_0000204,CUST_00016,2024-01-01T02:00:00,watches_gifts
EVT_0000205,CUST_00016,2024-01-01T04:00:00,health_beauty
EVT_0000206,CUST_00016,2024-01-01T06:00:00,watches_gifts
EVT_0000207,CUST_00016,2024-01-01T08:00:00,health_beauty
EVT_0000208,CUST_00016,2024-01-01T10:00:00,furniture
EVT_0000209,CUST_00016,2024-01-01T12:00:00,housewares
EVT_0000210,CUST_00016,2024-01-01T14:00:00,bed_bath
EVT_0000211,CUST_00016,2024-01-01T16:00:00,furniture
EVT_0000212,CUST_00016,2024-01-01T18:00:00,housewares
EVT_0000213,CUST_00016,2024-01-01T20:00:00,bed_bath
EVT_0000214,CUST_00016,2024-01-01T22:00:00,furniture
EVT_0000215,CUST_00017,2024-01-01T00:00:00,health_beauty
EVT_0000216,CUST_00017,2024-01-01T02:00:00,auto
EVT_0000217,CUST_00017,2024-01-01T04:00:00,electronics
EVT_0000218,CUST_00017,2024-01-01T06:00:00,computers
EVT_0000219,CUST_00017,2024-01-01T08:00:00,electronics
EVT_0000220,CUST_00017,2024-01-01T10:00:00,computers
EVT_0000221,CUST_00017,2024-01-01T12:00:00,computers
EVT_0000222,CUST_00017,2024-01-01T14:00:00,electronics
EVT_0000223,CUST_00017,2024-01-01T16:00:00,computers
EVT_0000224,CUST_00017,2024-01-01T18:00:00,electronics
EVT_0000225,CUST_00017,2024-01-01T20:00:00,toys
EVT_0000226,CUST_00017,2024-01-01T22:00:00,electronics
EVT_0000227,CUST_00017,2024-01-02T00:00:00,computers
EVT_0000228,CUST_00017,2024-01-02T02:00:00,electronics
EVT_0000229,CUST_00018,2024-01-01T00:00:00,health_beauty
EVT_0000230,CUST_00018,2024-01-01T02:00:00,watches_gifts
EVT_0000231,CUST_00018,2024-01-01T04:00:00,health_beauty
EVT_0000232,CUST_00018,2024-01-01T06:00:00,watches_gifts
EVT_0000233,CUST_00018,2024-01-01T08:00:00,health_beauty
EVT_0000234,CUST_00018,2024-01-01T10:00:00,watches_gifts
EVT_0000235,CUST_00018,2024-01-01T12:00:00,health_beauty
EVT_0000236,CUST_00018,2024-01-01T14:00:00,watches_gifts
EVT_0000237,CUST_00018,2024-01-01T16:00:00,health_beauty
EVT_0000238,CUST_00019,2024-01-01T00:00:00,electronics
EVT_0000239,CUST_00019,2024-01-01T02:00:00,computers
EVT_0000240,CUST_00019,2024-01-01T04:00:00,electronics
EVT_0000241,CUST_00019,2024-01-01T06:00:00,computers
EVT_0000242,CUST_00019,2024-01-01T08:00:00,electronics
EVT_0000243,CUST_00019,2024-01-01T10:00:00,computers
EVT_0000244,CUST_00019,2024-01-01T12:00:00,electronics
EVT_0000245,CUST_00019,2024-01-01T14:00:00,computers
EVT_0000246,CUST_00020,2024-01-01T00:00:00,electronics
EVT_0000247,CUST_00020,2024-01-01T02:00:00,computers
EVT_0000248,CUST_00020,2024-01-01T04:00:00,electronics
EVT_0000249,CUST_00020,2024-01-01T06:00:00,computers
EVT_0000250,CUST_00020,2024-01-01T08:00:00,electronics
EVT_0000251,CUST_00020,2024-01-01T10:00:00,computers
EVT_0000252,CUST_00020,2024-01-01T12:00:00,electronics
EVT_0000253,CUST_00020,2024-01-01T14:00:00,computers
EVT_0000254,CUST_00020,2024-01-01T16:00:00,electronics
EVT_0000255,CUST_00020,2024-01-01T18:00:00,electronics
EVT_0000256,CUST_00020,2024-01-01T20:00:00,computers
EVT_0000257,CUST_00020,2024-01-01T22:00:00,electronics
EVT_0000258,CUST_00020,2024-01-02T00:00:00,computers
EVT_0000259,CUST_00020,2024-01-02T02:00:00,electronics
EVT_0000260,CUST_00021,2024-01-01T00:00:00,health_beauty
EVT_0000261,CUST_00021,2024-01-01T02:00:00,watches_gifts
EVT_0000262,CUST_00021,2024-01-01T04:00:00,health_beauty
EVT_0000263,CUST_00021,2024-01-01T06:00:00,watches_gifts
EVT_0000264,CUST_00021,2024-01-01T08:00:00,health_beauty
EVT_0000265,CUST_00021,2024-01-01T10:00:00,watches_gifts
EVT_0000266,CUST_00021,2024-01-01T12:00:00,health_beauty
EVT_0000267,CUST_00021,2024-01-01T14:00:00,watches_gifts
EVT_0000268,CUST_00021,2024-01-01T16:00:00,health_beauty
EVT_0000269,CUST_00021,2024-01-01T18:00:00,watches_gifts
EVT_0000270,CUST_00021,2024-01-01T20:00:00,health_beauty
EVT_0000271,CUST_00021,2024-01-01T22:00:00,watches_gifts
EVT_0000272,CUST_00021,2024-01-02T00:00:00,sports_leisure
EVT_0000273,CUST_00021,2024-01-02T02:00:00,health_beauty
EVT_0000274,CUST_00022,2024-01-01T00:00:00,computers
EVT_0000275,CUST_00022,2024-01-01T02:00:00,electronics
EVT_0000276,CUST_00022,2024-01-01T04:00:00,computers
EVT_0000277,CUST_00022,2024-01-01T06:00:00,electronics
EVT_0000278,CUST_00022,2024-01-01T08:00:00,computers
EVT_0000279,CUST_00022,2024-01-01T10:00:00,electronics
EVT_0000280,CUST_00022,2024-01-01T12:00:00,computers
EVT_0000281,CUST_00022,2024-01-01T14:00:00,bed_bath
EVT_0000282,CUST_00022,2024-01-01T16:00:00,furniture
EVT_0000283,CUST_00022,2024-01-01T18:00:00,housewares
EVT_0000284,CUST_00022,2024-01-01T20:00:00,bed_bath
EVT_0000285,CUST_00022,2024-01-01T22:00:00,furniture
EVT_0000286,CUST_00022,2024-01-02T00:00:00,housewares
EVT_0000287,CUST_00022,2024-01-02T02:00:00,bed_bath
EVT_0000288,CUST_00022,2024-01-02T04:00:00,furniture
EVT_0000289,CUST_00023,2024-01-01T00:00:00,housewares
EVT_0000290,CUST_00023,2024-01-01T02:00:00,bed_bath
EVT_0000291,CUST_00023,2024-01-01T04:00:00,furniture
EVT_0000292,CUST_00023,2024-01-01T06:00:00,housewares
EVT_0000293,CUST_00023,2024-01-01T08:00:00,bed_bath
EVT_0000294,CUST_00023,2024-01-01T10:00:00,furniture
EVT_0000295,CUST_00023,2024-01-01T12:00:00,housewares
EVT_0000296,CUST_00023,2024-01-01T14:00:00,bed_bath
EVT_0000297,CUST_00023,2024-01-01T16:00:00,furniture
EVT_0000298,CUST_00024,2024-01-01T00:00:00,health_beauty
EVT_0000299,CUST_00024,2024-01-01T02:00:00,watches_gifts
EVT_0000300,CUST_00024,2024-01-01T04:00:00,health_beauty
EVT_0000301,CUST_00024,2024-01-01T06:00:00,watches_gifts
EVT_0000302,CUST_00024,2024-01-01T08:00:00,health_beauty
EVT_0000303,CUST_00024,2024-01-01T10:00:00,watches_gifts
EVT_0000304,CUST_00024,2024-01-01T12:00:00,auto
EVT_0000305,CUST_00024,2024-01-01T14:00:00,electronics
EVT_0000306,CUST_00024,2024-01-01T16:00:00,computers
EVT_0000307,CUST_00024,2024-01-01T18:00:00,bed_bath
EVT_0000308,CUST_00025,2024-01-01T00:00:00,health_beauty
EVT_0000309,CUST_00025,2024-01-01T02:00:00,watches_gifts
EVT_0000310,CUST_00025,2024-01-01T04:00:00,health_beauty
EVT_0000311,CUST_00025,2024-01-01T06:00:00,watches_gifts
EVT_0000312,CUST_00025,2024-01-01T08:00:00,health_beauty
EVT_0000313,CUST_00025,2024-01-01T10:00:00,watches_gifts
EVT_0000314,CUST_00025,2024-01-01T12:00:00,health_beauty
EVT_0000315,CUST_00025,2024-01-01T14:00:00,watches_gifts
EVT_0000316,CUST_00026,2024-01-01T00:00:00,electronics
EVT_0000317,CUST_00026,2024-01-01T02:00:00,health_beauty
EVT_0000318,CUST_00026,2024-01-01T04:00:00,watches_gifts
EVT_0000319,CUST_00026,2024-01-01T06:00:00,electronics
EVT_0000320,CUST_00026,2024-01-01T08:00:00,computers
EVT_0000321,CUST_00026,2024-01-01T10:00:00,electronics
EVT_0000322,CUST_00026,2024-01-01T12:00:00,computers
EVT_0000323,CUST_00026,2024-01-01T14:00:00,electronics
EVT_0000324,CUST_00026,2024-01-01T16:00:00,computers
EVT_0000325,CUST_00026,2024-01-01T18:00:00,electronics
EVT_0000326,CUST_00026,2024-01-01T20:00:00,computers
EVT_0000327,CUST_00026,2024-01-01T22:00:00,electronics
EVT_0000328,CUST_00026,2024-01-02T00:00:00,computers
EVT_0000329,CUST_00026,2024-01-02T02:00:00,health_beauty
EVT_0000330,CUST_00026,2024-01-02T04:00:00,computers
EVT_0000331,CUST_00027,2024-01-01T00:00:00,electronics
EVT_0000332,CUST_00027,2024-01-01T02:00:00,computers
EVT_0000333,CUST_00027,2024-01-01T04:00:00,electronics
EVT_0000334,CUST_00027,2024-01-01T06:00:00,computers
EVT_0000335,CUST_00027,2024-01-01T08:00:00,electronics
EVT_0000336,CUST_00027,2024-01-01T10:00:00,computers
EVT_0000337,CUST_00027,2024-01-01T12:00:00,electronics
EVT_0000338,CUST_00027,2024-01-01T14:00:00,computers
EVT_0000339,CUST_00027,2024-01-01T16:00:00,electronics
EVT_0000340,CUST_00027,2024-01-01T18:00:00,computers
EVT_0000341,CUST_00027,2024-01-01T20:00:00,electronics
EVT_0000342,CUST_00027,2024-01-01T22:00:00,computers
EVT_0000343,CUST_00027,2024-01-02T00:00:00,electronics
EVT_0000344,CUST_00027,2024-01-02T02:00:00,computers
EVT_0000345,CUST_00028,2024-01-01T00:00:00,computers
EVT_0000346,CUST_00028,2024-01-01T02:00:00,electronics
EVT_0000347,CUST_00028,2024-01-01T04:00:00,computers
EVT_0000348,CUST_00028,2024-01-01T06:00:00,electronics
EVT_0000349,CUST_00028,2024-01-01T08:00:00,computers
EVT_0000350,CUST_00028,2024-01-01T10:00:00,electronics
EVT_0000351,CUST_00028,2024-01-01T12:00:00,computers
EVT_0000352,CUST_00028,2024-01-01T14:00:00,electronics
EVT_0000353,CUST_00029,2024-01-01T00:00:00,health_beauty
EVT_0000354,CUST_00029,2024-01-01T02:00:00,watches_gifts
EVT_0000355,CUST_00029,2024-01-01T04:00:00,health_beauty
EVT_0000356,CUST_00029,2024-01-01T06:00:00,watches_gifts
EVT_0000357,CUST_00029,2024-01-01T08:00:00,electronics
EVT_0000358,CUST_00029,2024-01-01T10:00:00,computers
EVT_0000359,CUST_00029,2024-01-01T12:00:00,electronics
EVT_0000360,CUST_00029,2024-01-01T14:00:00,computers
EVT_0000361,CUST_00029,2024-01-01T16:00:00,electronics
EVT_0000362,CUST_00029,2024-01-01T18:00:00,computers
EVT_0000363,CUST_00029,2024-01-01T20:00:00,electronics
EVT_0000364,CUST_00029,2024-01-01T22:00:00,computers
EVT_0000365,CUST_00029,2024-01-02T00:00:00,electronics
EVT_0000366,CUST_00029,2024-01-02T02:00:00,toys
EVT_0000367,CUST_00029,2024-01-02T04:00:00,electronics
EVT_0000368,CUST_00029,2024-01-02T06:00:00,computers
EVT_0000369,CUST_00029,2024-01-02T08:00:00,electronics
EVT_0000370,CUST_00030,2024-01-01T00:00:00,computers
EVT_0000371,CUST_00030,2024-01-01T02:00:00,electronics
EVT_0000372,CUST_00030,2024-01-01T04:00:00,computers
EVT_0000373,CUST_00030,2024-01-01T06:00:00,electronics
EVT_0000374,CUST_00030,2024-01-01T08:00:00,computers
EVT_0000375,CUST_00030,2024-01-01T10:00:00,electronics
EVT_0000376,CUST_00030,2024-01-01T12:00:00,computers
EVT_0000377,CUST_00030,2024-01-01T14:00:00,electronics
EVT_0000378,CUST_00030,2024-01-01T16:00:00,computers
EVT_0000379,CUST_00030,2024-01-01T18:00:00,electronics
EVT_0000380,CUST_00030,2024-01-01T20:00:00,computers
EVT_0000381,CUST_00030,2024-01-01T22:00:00,electronics
EVT_0000382,CUST_00030,2024-01-02T00:00:00,electronics
EVT_0000383,CUST_00030,2024-01-02T02:00:00,computers
EVT_0000384,CUST_00030,2024-01-02T04:00:00,electronics
EVT_0000385,CUST_00030,2024-01-02T06:00:00,computers
EVT_0000386,CUST_00031,2024-01-01T00:00:00,housewares
EVT_0000387,CUST_00031,2024-01-01T02:00:00,bed_bath
EVT_0000388,CUST_00031,2024-01-01T04:00:00,furniture
EVT_0000389,CUST_00031,2024-01-01T06:00:00,housewares
EVT_0000390,CUST_00031,2024-01-01T08:00:00,bed_bath
EVT_0000391,CUST_00031,2024-01-01T10:00:00,furniture
EVT_0000392,CUST_00031,2024-01-01T12:00:00,housewares
EVT_0000393,CUST_00031,2024-01-01T14:00:00,bed_bath
EVT_0000394,CUST_00031,2024-01-01T16:00:00,auto
EVT_0000395,CUST_00031,2024-01-01T18:00:00,electronics
EVT_0000396,CUST_00031,2024-01-01T20:00:00,computers
EVT_0000397,CUST_00031,2024-01-01T22:00:00,electronics
EVT_0000398,CUST_00031,2024-01-02T00:00:00,computers
EVT_0000399,CUST_00031,2024-01-02T02:00:00,electronics
EVT_0000400,CUST_00032,2024-01-01T00:00:00,housewares
EVT_0000401,CUST_00032,2024-01-01T02:00:00,electronics
EVT_0000402,CUST_00032,2024-01-01T04:00:00,computers
EVT_0000403,CUST_00032,2024-01-01T06:00:00,electronics
EVT_0000404,CUST_00032,2024-01-01T08:00:00,computers
EVT_0000405,CUST_00032,2024-01-01T10:00:00,electronics
EVT_0000406,CUST_00032,2024-01-01T12:00:00,computers
EVT_0000407,CUST_00032,2024-01-01T14:00:00,electronics
EVT_0000408,CUST_00033,2024-01-01T00:00:00,electronics
EVT_0000409,CUST_00033,2024-01-01T02:00:00,computers
EVT_0000410,CUST_00033,2024-01-01T04:00:00,electronics
EVT_0000411,CUST_00033,2024-01-01T06:00:00,computers
EVT_0000412,CUST_00033,2024-01-01T08:00:00,electronics
EVT_0000413,CUST_00033,2024-01-01T10:00:00,computers
EVT_0000414,CUST_00033,2024-01-01T12:00:00,electronics
EVT_0000415,CUST_00033,2024-01-01T14:00:00,computers
EVT_0000416,CUST_00033,2024-01-01T16:00:00,electronics
EVT_0000417,CUST_00033,2024-01-01T18:00:00,computers
EVT_0000418,CUST_00034,2024-01-01T00:00:00,watches_gifts
EVT_0000419,CUST_00034,2024-01-01T02:00:00,health_beauty
EVT_0000420,CUST_00034,2024-01-01T04:00:00,watches_gifts
EVT_0000421,CUST_00034,2024-01-01T06:00:00,health_beauty
EVT_0000422,CUST_00034,2024-01-01T08:00:00,watches_gifts
EVT_0000423,CUST_00034,2024-01-01T10:00:00,health_beauty
EVT_0000424,CUST_00034,2024-01-01T12:00:00,watches_gifts
EVT_0000425,CUST_00034,2024-01-01T14:00:00,health_beauty
EVT_0000426,CUST_00034,2024-01-01T16:00:00,watches_gifts
EVT_0000427,CUST_00034,2024-01-01T18:00:00,health_beauty
EVT_0000428,CUST_00034,2024-01-01T20:00:00,watches_gifts
EVT_0000429,CUST_00034,2024-01-01T22:00:00,health_beauty
EVT_0000430,CUST_00034,2024-01-02T00:00:00,sports_leisure
EVT_0000431,CUST_00034,2024-01-02T02:00:00,health_beauty
EVT_0000432,CUST_00034,2024-01-02T04:00:00,watches_gifts
EVT_0000433,CUST_00035,2024-01-01T00:00:00,health_beauty
EVT_0000434,CUST_00035,2024-01-01T02:00:00,watches_gifts
EVT_0000435,CUST_00035,2024-01-01T04:00:00,health_beauty
EVT_0000436,CUST_00035,2024-01-01T06:00:00,watches_gifts
EVT_0000437,CUST_00035,2024-01-01T08:00:00,health_beauty
EVT_0000438,CUST_00035,2024-01-01T10:00:00,watches_gifts
EVT_0000439,CUST_00035,2024-01-01T12:00:00,health_beauty
EVT_0000440,CUST_00035,2024-01-01T14:00:00,watches_gifts
EVT_0000441,CUST_00035,2024-01-01T16:00:00,health_beauty
EVT_0000442,CUST_00035,2024-01-01T18:00:00,watches_gifts
EVT_0000443,CUST_00035,2024-01-01T20:00:00,auto
EVT_0000444,CUST_00035,2024-01-01T22:00:00,electronics
EVT_0000445,CUST_00035,2024-01-02T00:00:00,computers
EVT_0000446,CUST_00035,2024-01-02T02:00:00,electronics
EVT_0000447,CUST_00035,2024-01-02T04:00:00,computers
EVT_0000448,CUST_00035,2024-01-02T06:00:00,electronics
EVT_0000449,CUST_00035,2024-01-02T08:00:00,computers
EVT_0000450,CUST_00036,2024-01-01T00:00:00,electronics
EVT_0000451,CUST_00036,2024-01-01T02:00:00,computers
EVT_0000452,CUST_00036,2024-01-01T04:00:00,electronics
EVT_0000453,CUST_00036,2024-01-01T06:00:00,computers
EVT_0000454,CUST_00036,2024-01-01T08:00:00,toys
EVT_0000455,CUST_00036,2024-01-01T10:00:00,electronics
EVT_0000456,CUST_00036,2024-01-01T12:00:00,computers
EVT_0000457,CUST_00036,2024-01-01T14:00:00,electronics
EVT_0000458,CUST_00036,2024-01-01T16:00:00,computers
EVT_0000459,CUST_00036,2024-01-01T18:00:00,electronics
EVT_0000460,CUST_00036,2024-01-01T20:00:00,computers
EVT_0000461,CUST_00036,2024-01-01T22:00:00,electronics
EVT_0000462,CUST_00036,2024-01-02T00:00:00,computers
EVT_0000463,CUST_00036,2024-01-02T02:00:00,electronics
EVT_0000464,CUST_00036,2024-01-02T04:00:00,computers
EVT_0000465,CUST_00036,2024-01-02T06:00:00,electronics
EVT_0000466,CUST_00037,2024-01-01T00:00:00,furniture
EVT_0000467,CUST_00037,2024-01-01T02:00:00,housewares
EVT_0000468,CUST_00037,2024-01-01T04:00:00,bed_bath
EVT_0000469,CUST_00037,2024-01-01T06:00:00,furniture
EVT_0000470,CUST_00037,2024-01-01T08:00:00,housewares
EVT_0000471,CUST_00037,2024-01-01T10:00:00,bed_bath
EVT_0000472,CUST_00037,2024-01-01T12:00:00,furniture
EVT_0000473,CUST_00037,2024-01-01T14:00:00,housewares
EVT_0000474,CUST_00037,2024-01-01T16:00:00,bed_bath
EVT_0000475,CUST_00037,2024-01-01T18:00:00,furniture
EVT_0000476,CUST_00037,2024-01-01T20:00:00,housewares
EVT_0000477,CUST_00037,2024-01-01T22:00:00,bed_bath
EVT_0000478,CUST_00037,2024-01-02T00:00:00,furniture
EVT_0000479,CUST_00037,2024-01-02T02:00:00,sports_leisure
EVT_0000480,CUST_00038,2024-01-01T00:00:00,electronics
EVT_0000481,CUST_00038,2024-01-01T02:00:00,computers
EVT_0000482,CUST_00038,2024-01-01T04:00:00,electronics
EVT_0000483,CUST_00038,2024-01-01T06:00:00,computers
EVT_0000484,CUST_00038,2024-01-01T08:00:00,electronics
EVT_0000485,CUST_00038,2024-01-01T10:00:00,computers
EVT_0000486,CUST_00038,2024-01-01T12:00:00,electronics
EVT_0000487,CUST_00038,2024-01-01T14:00:00,computers
EVT_0000488,CUST_00038,2024-01-01T16:00:00,toys
EVT_0000489,CUST_00038,2024-01-01T18:00:00,electronics
EVT_0000490,CUST_00038,2024-01-01T20:00:00,computers
EVT_0000491,CUST_00038,2024-01-01T22:00:00,electronics
EVT_0000492,CUST_00038,2024-01-02T00:00:00,computers
EVT_0000493,CUST_00038,2024-01-02T02:00:00,electronics
EVT_0000494,CUST_00039,2024-01-01T00:00:00,bed_bath
EVT_0000495,CUST_00039,2024-01-01T02:00:00,furniture
EVT_0000496,CUST_00039,2024-01-01T04:00:00,housewares
EVT_0000497,CUST_00039,2024-01-01T06:00:00,bed_bath
EVT_0000498,CUST_00039,2024-01-01T08:00:00,toys
EVT_0000499,CUST_00039,2024-01-01T10:00:00,electronics
EVT_0000500,CUST_00039,2024-01-01T12:00:00,computers
EVT_0000501,CUST_00039,2024-01-01T14:00:00,electronics
EVT_0000502,CUST_00039,2024-01-01T16:00:00,computers
EVT_0000503,CUST_00039,2024-01-01T18:00:00,electronics
EVT_0000504,CUST_00039,2024-01-01T20:00:00,computers
EVT_0000505,CUST_00039,2024-01-01T22:00:00,electronics
EVT_0000506,CUST_00040,2024-01-01T00:00:00,housewares
EVT_0000507,CUST_00040,2024-01-01T02:00:00,bed_bath
EVT_0000508,CUST_00040,2024-01-01T04:00:00,furniture
EVT_0000509,CUST_00040,2024-01-01T06:00:00,housewares
EVT_0000510,CUST_00040,2024-01-01T08:00:00,bed_bath
EVT_0000511,CUST_00040,2024-01-01T10:00:00,furniture
EVT_0000512,CUST_00040,2024-01-01T12:00:00,housewares
EVT_0000513,CUST_00040,2024-01-01T14:00:00,bed_bath
EVT_0000514,CUST_00040,2024-01-01T16:00:00,furniture
EVT_0000515,CUST_00040,2024-01-01T18:00:00,housewares
EVT_0000516,CUST_00040,2024-01-01T20:00:00,bed_bath
EVT_0000517,CUST_00040,2024-01-01T22:00:00,furniture
EVT_0000518,CUST_00040,2024-01-02T00:00:00,housewares
EVT_0000519,CUST_00040,2024-01-02T02:00:00,bed_bath
EVT_0000520,CUST_00040,2024-01-02T04:00:00,furniture
EVT_0000521,CUST_00041,2024-01-01T00:00:00,computers
EVT_0000522,CUST_00041,2024-01-01T02:00:00,electronics
EVT_0000523,CUST_00041,2024-01-01T04:00:00,computers
EVT_0000524,CUST_00041,2024-01-01T06:00:00,electronics
EVT_0000525,CUST_00041,2024-01-01T08:00:00,computers
EVT_0000526,CUST_00041,2024-01-01T10:00:00,electronics
EVT_0000527,CUST_00041,2024-01-01T12:00:00,computers
EVT_0000528,CUST_00041,2024-01-01T14:00:00,electronics
EVT_0000529,CUST_00041,2024-01-01T16:00:00,computers
EVT_0000530,CUST_00041,2024-01-01T18:00:00,electronics
EVT_0000531,CUST_00041,2024-01-01T20:00:00,computers
EVT_0000532,CUST_00041,2024-01-01T22:00:00,auto
EVT_0000533,CUST_00041,2024-01-02T00:00:00,electronics
EVT_0000534,CUST_00042,2024-01-01T00:00:00,sports_leisure
EVT_0000535,CUST_00042,2024-01-01T02:00:00,health_beauty
EVT_0000536,CUST_00042,2024-01-01T04:00:00,watches_gifts
EVT_0000537,CUST_00042,2024-01-01T06:00:00,sports_leisure
EVT_0000538,CUST_00042,2024-01-01T08:00:00,housewares
EVT_0000539,CUST_00042,2024-01-01T10:00:00,bed_bath
EVT_0000540,CUST_00042,2024-01-01T12:00:00,furniture
EVT_0000541,CUST_00042,2024-01-01T14:00:00,housewares
EVT_0000542,CUST_00042,2024-01-01T16:00:00,bed_bath
EVT_0000543,CUST_00042,2024-01-01T18:00:00,furniture
EVT_0000544,CUST_00043,2024-01-01T00:00:00,health_beauty
EVT_0000545,CUST_00043,2024-01-01T02:00:00,watches_gifts
EVT_0000546,CUST_00043,2024-01-01T04:00:00,health_beauty
EVT_0000547,CUST_00043,2024-01-01T06:00:00,watches_gifts
EVT_0000548,CUST_00043,2024-01-01T08:00:00,health_beauty
EVT_0000549,CUST_00043,2024-01-01T10:00:00,watches_gifts
EVT_0000550,CUST_00043,2024-01-01T12:00:00,health_beauty
EVT_0000551,CUST_00043,2024-01-01T14:00:00,watches_gifts
EVT_0000552,CUST_00043,2024-01-01T16:00:00,health_beauty
EVT_0000553,CUST_00044,2024-01-01T00:00:00,furniture
EVT_0000554,CUST_00044,2024-01-01T02:00:00,housewares
EVT_0000555,CUST_00044,2024-01-01T04:00:00,bed_bath
EVT_0000556,CUST_00044,2024-01-01T06:00:00,furniture
EVT_0000557,CUST_00044,2024-01-01T08:00:00,sports_leisure
EVT_0000558,CUST_00044,2024-01-01T10:00:00,health_beauty
EVT_0000559,CUST_00044,2024-01-01T12:00:00,watches_gifts
EVT_0000560,CUST_00044,2024-01-01T14:00:00,health_beauty
EVT_0000561,CUST_00044,2024-01-01T16:00:00,watches_gifts
EVT_0000562,CUST_00044,2024-01-01T18:00:00,health_beauty
EVT_0000563,CUST_00044,2024-01-01T20:00:00,watches_gifts
EVT_0000564,CUST_00044,2024-01-01T22:00:00,health_beauty
EVT_0000565,CUST_00044,2024-01-02T00:00:00,watches_gifts
EVT_0000566,CUST_00044,2024-01-02T02:00:00,health_beauty
EVT_0000567,CUST_00044,2024-01-02T04:00:00,watches_gifts
EVT_0000568,CUST_00044,2024-01-02T06:00:00,health_beauty
EVT_0000569,CUST_00044,2024-01-02T08:00:00,watches_gifts
EVT_0000570,CUST_00045,2024-01-01T00:00:00,electronics
EVT_0000571,CUST_00045,2024-01-01T02:00:00,computers
EVT_0000572,CUST_00045,2024-01-01T04:00:00,electronics
EVT_0000573,CUST_00045,2024-01-01T06:00:00,computers
EVT_0000574,CUST_00045,2024-01-01T08:00:00,electronics
EVT_0000575,CUST_00045,2024-01-01T10:00:00,computers
EVT_0000576,CUST_00045,2024-01-01T12:00:00,electronics
EVT_0000577,CUST_00045,2024-01-01T14:00:00,computers
EVT_0000578,CUST_00045,2024-01-01T16:00:00,electronics
EVT_0000579,CUST_00045,2024-01-01T18:00:00,health_beauty
EVT_0000580,CUST_00045,2024-01-01T20:00:00,watches_gifts
EVT_0000581,CUST_00045,2024-01-01T22:00:00,health_beauty
EVT_0000582,CUST_00045,2024-01-02T00:00:00,watches_gifts
EVT_0000583,CUST_00045,2024-01-02T02:00:00,toys
EVT_0000584,CUST_00046,2024-01-01T00:00:00,electronics
EVT_0000585,CUST_00046,2024-01-01T02:00:00,furniture
EVT_0000586,CUST_00046,2024-01-01T04:00:00,housewares
EVT_0000587,CUST_00046,2024-01-01T06:00:00,bed_bath
EVT_0000588,CUST_00046,2024-01-01T08:00:00,furniture
EVT_0000589,CUST_00046,2024-01-01T10:00:00,housewares
EVT_0000590,CUST_00046,2024-01-01T12:00:00,electronics
EVT_0000591,CUST_00046,2024-01-01T14:00:00,computers
EVT_0000592,CUST_00047,2024-01-01T00:00:00,electronics
EVT_0000593,CUST_00047,2024-01-01T02:00:00,computers
EVT_0000594,CUST_00047,2024-01-01T04:00:00,electronics
EVT_0000595,CUST_00047,2024-01-01T06:00:00,computers
EVT_0000596,CUST_00047,2024-01-01T08:00:00,electronics
EVT_0000597,CUST_00047,2024-01-01T10:00:00,computers
EVT_0000598,CUST_00047,2024-01-01T12:00:00,electronics
EVT_0000599,CUST_00047,2024-01-01T14:00:00,computers
EVT_0000600,CUST_00047,2024-01-01T16:00:00,electronics
EVT_0000601,CUST_00047,2024-01-01T18:00:00,bed_bath
EVT_0000602,CUST_00047,2024-01-01T20:00:00,furniture
EVT_0000603,CUST_00047,2024-01-01T22:00:00,housewares
EVT_0000604,CUST_00047,2024-01-02T00:00:00,bed_bath
EVT_0000605,CUST_00047,2024-01-02T02:00:00,furniture
EVT_0000606,CUST_00047,2024-01-02T04:00:00,housewares
EVT_0000607,CUST_00047,2024-01-02T06:00:00,bed_bath
EVT_0000608,CUST_00047,2024-01-02T08:00:00,furniture
EVT_0000609,CUST_00048,2024-01-01T00:00:00,housewares
EVT_0000610,CUST_00048,2024-01-01T02:00:00,bed_bath
EVT_0000611,CUST_00048,2024-01-01T04:00:00,furniture
EVT_0000612,CUST_00048,2024-01-01T06:00:00,housewares
EVT_0000613,CUST_00048,2024-01-01T08:00:00,bed_bath
EVT_0000614,CUST_00048,2024-01-01T10:00:00,furniture
EVT_0000615,CUST_00048,2024-01-01T12:00:00,housewares
EVT_0000616,CUST_00048,2024-01-01T14:00:00,bed_bath
EVT_0000617,CUST_00048,2024-01-01T16:00:00,furniture
EVT_0000618,CUST_00049,2024-01-01T00:00:00,furniture
EVT_0000619,CUST_00049,2024-01-01T02:00:00,housewares
EVT_0000620,CUST_00049,2024-01-01T04:00:00,bed_bath
EVT_0000621,CUST_00049,2024-01-01T06:00:00,furniture
EVT_0000622,CUST_00049,2024-01-01T08:00:00,housewares
EVT_0000623,CUST_00049,2024-01-01T10:00:00,bed_bath
EVT_0000624,CUST_00049,2024-01-01T12:00:00,furniture
EVT_0000625,CUST_00049,2024-01-01T14:00:00,housewares
EVT_0000626,CUST_00049,2024-01-01T16:00:00,bed_bath
EVT_0000627,CUST_00049,2024-01-01T18:00:00,furniture
EVT_0000628,CUST_00049,2024-01-01T20:00:00,housewares
EVT_0000629,CUST_00050,2024-01-01T00:00:00,furniture
EVT_0000630,CUST_00050,2024-01-01T02:00:00,housewares
EVT_0000631,CUST_00050,2024-01-01T04:00:00,bed_bath
EVT_0000632,CUST_00050,2024-01-01T06:00:00,furniture
EVT_0000633,CUST_00050,2024-01-01T08:00:00,housewares
EVT_0000634,CUST_00050,2024-01-01T10:00:00,bed_bath
EVT_0000635,CUST_00050,2024-01-01T12:00:00,furniture
EVT_0000636,CUST_00050,2024-01-01T14:00:00,housewares
EVT_0000637,CUST_00050,2024-01-01T16:00:00,bed_bath
EVT_0000638,CUST_00050,2024-01-01T18:00:00,furniture
EVT_0000639,CUST_00050,2024-01-01T20:00:00,housewares
EVT_0000640,CUST_00050,2024-01-01T22:00:00,bed_bath
EVT_0000641,CUST_00050,2024-01-02T00:00:00,furniture
EVT_0000642,CUST_00050,2024-01-02T02:00:00,housewares
EVT_0000643,CUST_00050,2024-01-02T04:00:00,bed_bath
EVT_0000644,CUST_00050,2024-01-02T06:00:00,furniture
EVT_0000645,CUST_00051,2024-01-01T00:00:00,furniture
EVT_0000646,CUST_00051,2024-01-01T02:00:00,bed_bath
EVT_0000647,CUST_00051,2024-01-01T04:00:00,furniture
EVT_0000648,CUST_00051,2024-01-01T06:00:00,housewares
EVT_0000649,CUST_00051,2024-01-01T08:00:00,bed_bath
EVT_0000650,CUST_00051,2024-01-01T10:00:00,furniture
EVT_0000651,CUST_00051,2024-01-01T12:00:00,housewares
EVT_0000652,CUST_00051,2024-01-01T14:00:00,bed_bath
EVT_0000653,CUST_00051,2024-01-01T16:00:00,furniture
EVT_0000654,CUST_00051,2024-01-01T18:00:00,housewares
EVT_0000655,CUST_00051,2024-01-01T20:00:00,bed_bath
EVT_0000656,CUST_00051,2024-01-01T22:00:00,furniture
EVT_0000657,CUST_00052,2024-01-01T00:00:00,sports_leisure
EVT_0000658,CUST_00052,2024-01-01T02:00:00,health_beauty
EVT_0000659,CUST_00052,2024-01-01T04:00:00,watches_gifts
EVT_0000660,CUST_00052,2024-01-01T06:00:00,health_beauty
EVT_0000661,CUST_00052,2024-01-01T08:00:00,watches_gifts
EVT_0000662,CUST_00052,2024-01-01T10:00:00,health_beauty
EVT_0000663,CUST_00052,2024-01-01T12:00:00,watches_gifts
EVT_0000664,CUST_00052,2024-01-01T14:00:00,health_beauty
EVT_0000665,CUST_00052,2024-01-01T16:00:00,watches_gifts
EVT_0000666,CUST_00052,2024-01-01T18:00:00,bed_bath
EVT_0000667,CUST_00053,2024-01-01T00:00:00,furniture
EVT_0000668,CUST_00053,2024-01-01T02:00:00,housewares
EVT_0000669,CUST_00053,2024-01-01T04:00:00,bed_bath
EVT_0000670,CUST_00053,2024-01-01T06:00:00,furniture
EVT_0000671,CUST_00053,2024-01-01T08:00:00,housewares
EVT_0000672,CUST_00053,2024-01-01T10:00:00,bed_bath
EVT_0000673,CUST_00053,2024-01-01T12:00:00,furniture
EVT_0000674,CUST_00053,2024-01-01T14:00:00,housewares
EVT_0000675,CUST_00053,2024-01-01T16:00:00,bed_bath
EVT_0000676,CUST_00053,2024-01-01T18:00:00,furniture
EVT_0000677,CUST_00053,2024-01-01T20:00:00,housewares
EVT_0000678,CUST_00053,2024-01-01T22:00:00,bed_bath
EVT_0000679,CUST_00053,2024-01-02T00:00:00,furniture
EVT_0000680,CUST_00054,2024-01-01T00:00:00,computers
EVT_0000681,CUST_00054,2024-01-01T02:00:00,electronics
EVT_0000682,CUST_00054,2024-01-01T04:00:00,computers
EVT_0000683,CUST_00054,2024-01-01T06:00:00,electronics
EVT_0000684,CUST_00054,2024-01-01T08:00:00,computers
EVT_0000685,CUST_00054,2024-01-01T10:00:00,electronics
EVT_0000686,CUST_00054,2024-01-01T12:00:00,computers
EVT_0000687,CUST_00054,2024-01-01T14:00:00,electronics
EVT_0000688,CUST_00055,2024-01-01T00:00:00,electronics
EVT_0000689,CUST_00055,2024-01-01T02:00:00,computers
EVT_0000690,CUST_00055,2024-01-01T04:00:00,electronics
EVT_0000691,CUST_00055,2024-01-01T06:00:00,computers
EVT_0000692,CUST_00055,2024-01-01T08:00:00,electronics
EVT_0000693,CUST_00055,2024-01-01T10:00:00,computers
EVT_0000694,CUST_00055,2024-01-01T12:00:00,electronics
EVT_0000695,CUST_00055,2024-01-01T14:00:00,watches_gifts
EVT_0000696,CUST_00055,2024-01-01T16:00:00,health_beauty
EVT_0000697,CUST_00055,2024-01-01T18:00:00,watches_gifts
EVT_0000698,CUST_00055,2024-01-01T20:00:00,housewares
EVT_0000699,CUST_00056,2024-01-01T00:00:00,electronics
EVT_0000700,CUST_00056,2024-01-01T02:00:00,computers
EVT_0000701,CUST_00056,2024-01-01T04:00:00,electronics
EVT_0000702,CUST_00056,2024-01-01T06:00:00,computers
EVT_0000703,CUST_00056,2024-01-01T08:00:00,electronics
EVT_0000704,CUST_00056,2024-01-01T10:00:00,computers
EVT_0000705,CUST_00056,2024-01-01T12:00:00,electronics
EVT_0000706,CUST_00056,2024-01-01T14:00:00,computers
EVT_0000707,CUST_00056,2024-01-01T16:00:00,electronics
EVT_0000708,CUST_00056,2024-01-01T18:00:00,computers
EVT_0000709,CUST_00056,2024-01-01T20:00:00,electronics
EVT_0000710,CUST_00056,2024-01-01T22:00:00,computers
EVT_0000711,CUST_00056,2024-01-02T00:00:00,electronics
EVT_0000712,CUST_00056,2024-01-02T02:00:00,computers
EVT_0000713,CUST_00056,2024-01-02T04:00:00,electronics
EVT_0000714,CUST_00056,2024-01-02T06:00:00,computers
EVT_0000715,CUST_00056,2024-01-02T08:00:00,electronics
EVT_0000716,CUST_00057,2024-01-01T00:00:00,computers
EVT_0000717,CUST_00057,2024-01-01T02:00:00,electronics
EVT_0000718,CUST_00057,2024-01-01T04:00:00,computers
EVT_0000719,CUST_00057,2024-01-01T06:00:00,electronics
EVT_0000720,CUST_00057,2024-01-01T08:00:00,health_beauty
EVT_0000721,CUST_00057,2024-01-01T10:00:00,watches_gifts
EVT_0000722,CUST_00057,2024-01-01T12:00:00,health_beauty
EVT_0000723,CUST_00057,2024-01-01T14:00:00,watches_gifts
EVT_0000724,CUST_00057,2024-01-01T16:00:00,health_beauty
EVT_0000725,CUST_00057,2024-01-01T18:00:00,watches_gifts
EVT_0000726,CUST_00057,2024-01-01T20:00:00,health_beauty
EVT_0000727,CUST_00057,2024-01-01T22:00:00,watches_gifts
EVT_0000728,CUST_00057,2024-01-02T00:00:00,health_beauty
EVT_0000729,CUST_00057,2024-01-02T02:00:00,watches_gifts
EVT_0000730,CUST_00057,2024-01-02T04:00:00,health_beauty
EVT_0000731,CUST_00057,2024-01-02T06:00:00,watches_gifts
EVT_0000732,CUST_00057,2024-01-02T08:00:00,health_beauty
EVT_0000733,CUST_00058,2024-01-01T00:00:00,housewares
EVT_0000734,CUST_00058,2024-01-01T02:00:00,bed_bath
EVT_0000735,CUST_00058,2024-01-01T04:00:00,toys
EVT_0000736,CUST_00058,2024-01-01T06:00:00,electronics
EVT_0000737,CUST_00058,2024-01-01T08:00:00,furniture
EVT_0000738,CUST_00058,2024-01-01T10:00:00,housewares
EVT_0000739,CUST_00058,2024-01-01T12:00:00,bed_bath
EVT_0000740,CUST_00058,2024-01-01T14:00:00,furniture
EVT_0000741,CUST_00058,2024-01-01T16:00:00,housewares
EVT_0000742,CUST_00058,2024-01-01T18:00:00,bed_bath
EVT_0000743,CUST_00058,2024-01-01T20:00:00,furniture
EVT_0000744,CUST_00058,2024-01-01T22:00:00,housewares
EVT_0000745,CUST_00058,2024-01-02T00:00:00,bed_bath
EVT_0000746,CUST_00058,2024-01-02T02:00:00,furniture
EVT_0000747,CUST_00058,2024-01-02T04:00:00,housewares
EVT_0000748,CUST_00059,2024-01-01T00:00:00,computers
EVT_0000749,CUST_00059,2024-01-01T02:00:00,furniture
EVT_0000750,CUST_00059,2024-01-01T04:00:00,housewares
EVT_0000751,CUST_00059,2024-01-01T06:00:00,bed_bath
EVT_0000752,CUST_00059,2024-01-01T08:00:00,furniture
EVT_0000753,CUST_00059,2024-01-01T10:00:00,housewares
EVT_0000754,CUST_00059,2024-01-01T12:00:00,bed_bath
EVT_0000755,CUST_00059,2024-01-01T14:00:00,furniture
EVT_0000756,CUST_00059,2024-01-01T16:00:00,housewares
EVT_0000757,CUST_00059,2024-01-01T18:00:00,bed_bath
EVT_0000758,CUST_00059,2024-01-01T20:00:00,furniture
EVT_0000759,CUST_00059,2024-01-01T22:00:00,housewares
EVT_0000760,CUST_00059,2024-01-02T00:00:00,bed_bath
EVT_0000761,CUST_00059,2024-01-02T02:00:00,furniture
EVT_0000762,CUST_00059,2024-01-02T04:00:00,housewares
EVT_0000763,CUST_00059,2024-01-02T06:00:00,bed_bath
EVT_0000764,CUST_00060,2024-01-01T00:00:00,electronics
EVT_0000765,CUST_00060,2024-01-01T02:00:00,watches_gifts
EVT_0000766,CUST_00060,2024-01-01T04:00:00,health_beauty
EVT_0000767,CUST_00060,2024-01-01T06:00:00,watches_gifts
EVT_0000768,CUST_00060,2024-01-01T08:00:00,health_beauty
EVT_0000769,CUST_00060,2024-01-01T10:00:00,watches_gifts
EVT_0000770,CUST_00060,2024-01-01T12:00:00,health_beauty
EVT_0000771,CUST_00060,2024-01-01T14:00:00,watches_gifts
EVT_0000772,CUST_00060,2024-01-01T16:00:00,health_beauty
EVT_0000773,CUST_00060,2024-01-01T18:00:00,furniture
EVT_0000774,CUST_00060,2024-01-01T20:00:00,housewares
EVT_0000775,CUST_00060,2024-01-01T22:00:00,bed_bath
EVT_0000776,CUST_00060,2024-01-02T00:00:00,furniture
EVT_0000777,CUST_00061,2024-01-01T00:00:00,electronics
EVT_0000778,CUST_00061,2024-01-01T02:00:00,computers
EVT_0000779,CUST_00061,2024-01-01T04:00:00,electronics
EVT_0000780,CUST_00061,2024-01-01T06:00:00,computers
EVT_0000781,CUST_00061,2024-01-01T08:00:00,electronics
EVT_0000782,CUST_00061,2024-01-01T10:00:00,computers
EVT_0000783,CUST_00061,2024-01-01T12:00:00,electronics
EVT_0000784,CUST_00061,2024-01-01T14:00:00,computers
EVT_0000785,CUST_00061,2024-01-01T16:00:00,electronics
EVT_0000786,CUST_00061,2024-01-01T18:00:00,computers
EVT_0000787,CUST_00061,2024-01-01T20:00:00,electronics
EVT_0000788,CUST_00061,2024-01-01T22:00:00,computers
EVT_0000789,CUST_00062,2024-01-01T00:00:00,electronics
EVT_0000790,CUST_00062,2024-01-01T02:00:00,computers
EVT_0000791,CUST_00062,2024-01-01T04:00:00,electronics
EVT_0000792,CUST_00062,2024-01-01T06:00:00,computers
EVT_0000793,CUST_00062,2024-01-01T08:00:00,electronics
EVT_0000794,CUST_00062,2024-01-01T10:00:00,computers
EVT_0000795,CUST_00062,2024-01-01T12:00:00,electronics
EVT_0000796,CUST_00062,2024-01-01T14:00:00,computers
EVT_0000797,CUST_00062,2024-01-01T16:00:00,electronics
EVT_0000798,CUST_00062,2024-01-01T18:00:00,computers
EVT_0000799,CUST_00062,2024-01-01T20:00:00,electronics
EVT_0000800,CUST_00062,2024-01-01T22:00:00,watches_gifts
EVT_0000801,CUST_00062,2024-01-02T00:00:00,health_beauty
EVT_0000802,CUST_00063,2024-01-01T00:00:00,watches_gifts
EVT_0000803,CUST_00063,2024-01-01T02:00:00,health_beauty
EVT_0000804,CUST_00063,2024-01-01T04:00:00,watches_gifts
EVT_0000805,CUST_00063,2024-01-01T06:00:00,health_beauty
EVT_0000806,CUST_00063,2024-01-01T08:00:00,watches_gifts
EVT_0000807,CUST_00063,2024-01-01T10:00:00,health_beauty
EVT_0000808,CUST_00063,2024-01-01T12:00:00,watches_gifts
EVT_0000809,CUST_00063,2024-01-01T14:00:00,health_beauty
EVT_0000810,CUST_00063,2024-01-01T16:00:00,watches_gifts
EVT_0000811,CUST_00063,2024-01-01T18:00:00,health_beauty
EVT_0000812,CUST_00064,2024-01-01T00:00:00,watches_gifts
EVT_0000813,CUST_00064,2024-01-01T02:00:00,bed_bath
EVT_0000814,CUST_00064,2024-01-01T04:00:00,furniture
EVT_0000815,CUST_00064,2024-01-01T06:00:00,housewares
EVT_0000816,CUST_00064,2024-01-01T08:00:00,bed_bath
EVT_0000817,CUST_00064,2024-01-01T10:00:00,furniture
EVT_0000818,CUST_00064,2024-01-01T12:00:00,housewares
EVT_0000819,CUST_00064,2024-01-01T14:00:00,bed_bath
EVT_0000820,CUST_00064,2024-01-01T16:00:00,furniture
EVT_0000821,CUST_00064,2024-01-01T18:00:00,housewares
EVT_0000822,CUST_00064,2024-01-01T20:00:00,bed_bath
EVT_0000823,CUST_00064,2024-01-01T22:00:00,furniture
EVT_0000824,CUST_00064,2024-01-02T00:00:00,housewares
EVT_0000825,CUST_00064,2024-01-02T02:00:00,toys
EVT_0000826,CUST_00065,2024-01-01T00:00:00,electronics
EVT_0000827,CUST_00065,2024-01-01T02:00:00,computers
EVT_0000828,CUST_00065,2024-01-01T04:00:00,electronics
EVT_0000829,CUST_00065,2024-01-01T06:00:00,computers
EVT_0000830,CUST_00065,2024-01-01T08:00:00,electronics
EVT_0000831,CUST_00065,2024-01-01T10:00:00,computers
EVT_0000832,CUST_00065,2024-01-01T12:00:00,electronics
EVT_0000833,CUST_00065,2024-01-01T14:00:00,computers
EVT_0000834,CUST_00065,2024-01-01T16:00:00,bed_bath
EVT_0000835,CUST_00066,2024-01-01T00:00:00,furniture
EVT_0000836,CUST_00066,2024-01-01T02:00:00,housewares
EVT_0000837,CUST_00066,2024-01-01T04:00:00,bed_bath
EVT_0000838,CUST_00066,2024-01-01T06:00:00,furniture
EVT_0000839,CUST_00066,2024-01-01T08:00:00,housewares
EVT_0000840,CUST_00066,2024-01-01T10:00:00,bed_bath
EVT_0000841,CUST_00066,2024-01-01T12:00:00,furniture
EVT_0000842,CUST_00066,2024-01-01T14:00:00,housewares
EVT_0000843,CUST_00066,2024-01-01T16:00:00,bed_bath
EVT_0000844,CUST_00066,2024-01-01T18:00:00,furniture
EVT_0000845,CUST_00066,2024-01-01T20:00:00,housewares
EVT_0000846,CUST_00066,2024-01-01T22:00:00,bed_bath
EVT_0000847,CUST_00066,2024-01-02T00:00:00,furniture
EVT_0000848,CUST_00067,2024-01-01T00:00:00,electronics
EVT_0000849,CUST_00067,2024-01-01T02:00:00,computers
EVT_0000850,CUST_00067,2024-01-01T04:00:00,electronics
EVT_0000851,CUST_00067,2024-01-01T06:00:00,computers
EVT_0000852,CUST_00067,2024-01-01T08:00:00,electronics
EVT_0000853,CUST_00067,2024-01-01T10:00:00,computers
EVT_0000854,CUST_00067,2024-01-01T12:00:00,electronics
EVT_0000855,CUST_00067,2024-01-01T14:00:00,computers
EVT_0000856,CUST_00067,2024-01-01T16:00:00,electronics
EVT_0000857,CUST_00067,2024-01-01T18:00:00,computers
EVT_0000858,CUST_00067,2024-01-01T20:00:00,computers
EVT_0000859,CUST_00067,2024-01-01T22:00:00,health_beauty
EVT_0000860,CUST_00067,2024-01-02T00:00:00,computers
EVT_0000861,CUST_00067,2024-01-02T02:00:00,electronics
EVT_0000862,CUST_00067,2024-01-02T04:00:00,computers
EVT_0000863,CUST_00068,2024-01-01T00:00:00,electronics
EVT_0000864,CUST_00068,2024-01-01T02:00:00,computers
EVT_0000865,CUST_00068,2024-01-01T04:00:00,electronics
EVT_0000866,CUST_00068,2024-01-01T06:00:00,computers
EVT_0000867,CUST_00068,2024-01-01T08:00:00,electronics
EVT_0000868,CUST_00068,2024-01-01T10:00:00,computers
EVT_0000869,CUST_00068,2024-01-01T12:00:00,electronics
EVT_0000870,CUST_00068,2024-01-01T14:00:00,computers
EVT_0000871,CUST_00068,2024-01-01T16:00:00,electronics
EVT_0000872,CUST_00068,2024-01-01T18:00:00,computers
EVT_0000873,CUST_00068,2024-01-01T20:00:00,electronics
EVT_0000874,CUST_00068,2024-01-01T22:00:00,computers
EVT_0000875,CUST_00068,2024-01-02T00:00:00,electronics
EVT_0000876,CUST_00069,2024-01-01T00:00:00,electronics
EVT_0000877,CUST_00069,2024-01-01T02:00:00,computers
EVT_0000878,CUST_00069,2024-01-01T04:00:00,electronics
EVT_0000879,CUST_00069,2024-01-01T06:00:00,computers
EVT_0000880,CUST_00069,2024-01-01T08:00:00,electronics
EVT_0000881,CUST_00069,2024-01-01T10:00:00,housewares
EVT_0000882,CUST_00069,2024-01-01T12:00:00,bed_bath
EVT_0000883,CUST_00069,2024-01-01T14:00:00,furniture
EVT_0000884,CUST_00069,2024-01-01T16:00:00,housewares
EVT_0000885,CUST_00069,2024-01-01T18:00:00,bed_bath
EVT_0000886,CUST_00069,2024-01-01T20:00:00,furniture
EVT_0000887,CUST_00069,2024-01-01T22:00:00,housewares
EVT_0000888,CUST_00069,2024-01-02T00:00:00,bed_bath
EVT_0000889,CUST_00069,2024-01-02T02:00:00,furniture
EVT_0000890,CUST_00069,2024-01-02T04:00:00,housewares
EVT_0000891,CUST_00069,2024-01-02T06:00:00,bed_bath
EVT_0000892,CUST_00070,2024-01-01T00:00:00,electronics
EVT_0000893,CUST_00070,2024-01-01T02:00:00,computers
EVT_0000894,CUST_00070,2024-01-01T04:00:00,electronics
EVT_0000895,CUST_00070,2024-01-01T06:00:00,computers
EVT_0000896,CUST_00070,2024-01-01T08:00:00,electronics
EVT_0000897,CUST_00070,2024-01-01T10:00:00,computers
EVT_0000898,CUST_00070,2024-01-01T12:00:00,electronics
EVT_0000899,CUST_00070,2024-01-01T14:00:00,watches_gifts
EVT_0000900,CUST_00070,2024-01-01T16:00:00,health_beauty
EVT_0000901,CUST_00070,2024-01-01T18:00:00,watches_gifts
EVT_0000902,CUST_00070,2024-01-01T20:00:00,health_beauty
EVT_0000903,CUST_00070,2024-01-01T22:00:00,watches_gifts
EVT_0000904,CUST_00070,2024-01-02T00:00:00,health_beauty
EVT_0000905,CUST_00070,2024-01-02T02:00:00,watches_gifts
EVT_0000906,CUST_00071,2024-01-01T00:00:00,health_beauty
EVT_0000907,CUST_00071,2024-01-01T02:00:00,watches_gifts
EVT_0000908,CUST_00071,2024-01-01T04:00:00,health_beauty
EVT_0000909,CUST_00071,2024-01-01T06:00:00,watches_gifts
EVT_0000910,CUST_00071,2024-01-01T08:00:00,health_beauty
EVT_0000911,CUST_00071,2024-01-01T10:00:00,watches_gifts
EVT_0000912,CUST_00071,2024-01-01T12:00:00,furniture
EVT_0000913,CUST_00071,2024-01-01T14:00:00,housewares
EVT_0000914,CUST_00071,2024-01-01T16:00:00,bed_bath
EVT_0000915,CUST_00072,2024-01-01T00:00:00,health_beauty
EVT_0000916,CUST_00072,2024-01-01T02:00:00,watches_gifts
EVT_0000917,CUST_00072,2024-01-01T04:00:00,health_beauty
EVT_0000918,CUST_00072,2024-01-01T06:00:00,watches_gifts
EVT_0000919,CUST_00072,2024-01-01T08:00:00,auto
EVT_0000920,CUST_00072,2024-01-01T10:00:00,electronics
EVT_0000921,CUST_00072,2024-01-01T12:00:00,computers
EVT_0000922,CUST_00072,2024-01-01T14:00:00,electronics
EVT_0000923,CUST_00072,2024-01-01T16:00:00,computers
EVT_0000924,CUST_00072,2024-01-01T18:00:00,electronics
EVT_0000925,CUST_00072,2024-01-01T20:00:00,computers
EVT_0000926,CUST_00072,2024-01-01T22:00:00,electronics
EVT_0000927,CUST_00072,2024-01-02T00:00:00,computers
EVT_0000928,CUST_00072,2024-01-02T02:00:00,electronics
EVT_0000929,CUST_00073,2024-01-01T00:00:00,electronics
EVT_0000930,CUST_00073,2024-01-01T02:00:00,computers
EVT_0000931,CUST_00073,2024-01-01T04:00:00,electronics
EVT_0000932,CUST_00073,2024-01-01T06:00:00,computers
EVT_0000933,CUST_00073,2024-01-01T08:00:00,electronics
EVT_0000934,CUST_00073,2024-01-01T10:00:00,computers
EVT_0000935,CUST_00073,2024-01-01T12:00:00,electronics
EVT_0000936,CUST_00073,2024-01-01T14:00:00,computers
EVT_0000937,CUST_00074,2024-01-01T00:00:00,health_beauty
EVT_0000938,CUST_00074,2024-01-01T02:00:00,watches_gifts
EVT_0000939,CUST_00074,2024-01-01T04:00:00,electronics
EVT_0000940,CUST_00074,2024-01-01T06:00:00,computers
EVT_0000941,CUST_00074,2024-01-01T08:00:00,electronics
EVT_0000942,CUST_00074,2024-01-01T10:00:00,computers
EVT_0000943,CUST_00074,2024-01-01T12:00:00,electronics
EVT_0000944,CUST_00074,2024-01-01T14:00:00,computers
EVT_0000945,CUST_00074,2024-01-01T16:00:00,electronics
EVT_0000946,CUST_00074,2024-01-01T18:00:00,computers
EVT_0000947,CUST_00074,2024-01-01T20:00:00,electronics
EVT_0000948,CUST_00074,2024-01-01T22:00:00,computers
EVT_0000949,CUST_00074,2024-01-02T00:00:00,electronics
EVT_0000950,CUST_00074,2024-01-02T02:00:00,computers
EVT_0000951,CUST_00074,2024-01-02T04:00:00,electronics
EVT_0000952,CUST_00074,2024-01-02T06:00:00,computers
EVT_0000953,CUST_00074,2024-01-02T08:00:00,electronics
EVT_0000954,CUST_00075,2024-01-01T00:00:00,electronics
EVT_0000955,CUST_00075,2024-01-01T02:00:00,computers
EVT_0000956,CUST_00075,2024-01-01T04:00:00,electronics
EVT_0000957,CUST_00075,2024-01-01T06:00:00,toys
EVT_0000958,CUST_00075,2024-01-01T08:00:00,electronics
EVT_0000959,CUST_00075,2024-01-01T10:00:00,computers
EVT_0000960,CUST_00075,2024-01-01T12:00:00,electronics
EVT_0000961,CUST_00075,2024-01-01T14:00:00,computers
EVT_0000962,CUST_00075,2024-01-01T16:00:00,electronics
EVT_0000963,CUST_00075,2024-01-01T18:00:00,computers
EVT_0000964,CUST_00075,2024-01-01T20:00:00,electronics
EVT_0000965,CUST_00075,2024-01-01T22:00:00,computers
EVT_0000966,CUST_00075,2024-01-02T00:00:00,electronics
EVT_0000967,CUST_00075,2024-01-02T02:00:00,computers
EVT_0000968,CUST_00075,2024-01-02T04:00:00,electronics
EVT_0000969,CUST_00076,2024-01-01T00:00:00,health_beauty
EVT_0000970,CUST_00076,2024-01-01T02:00:00,watches_gifts
EVT_0000971,CUST_00076,2024-01-01T04:00:00,health_beauty
EVT_0000972,CUST_00076,2024-01-01T06:00:00,watches_gifts
EVT_0000973,CUST_00076,2024-01-01T08:00:00,health_beauty
EVT_0000974,CUST_00076,2024-01-01T10:00:00,watches_gifts
EVT_0000975,CUST_00076,2024-01-01T12:00:00,watches_gifts
EVT_0000976,CUST_00076,2024-01-01T14:00:00,health_beauty
EVT_0000977,CUST_00076,2024-01-01T16:00:00,watches_gifts
EVT_0000978,CUST_00076,2024-01-01T18:00:00,health_beauty
EVT_0000979,CUST_00076,2024-01-01T20:00:00,watches_gifts
EVT_0000980,CUST_00076,2024-01-01T22:00:00,health_beauty
EVT_0000981,CUST_00076,2024-01-02T00:00:00,health_beauty
EVT_0000982,CUST_00076,2024-01-02T02:00:00,watches_gifts
EVT_0000983,CUST_00077,2024-01-01T00:00:00,sports_leisure
EVT_0000984,CUST_00077,2024-01-01T02:00:00,health_beauty
EVT_0000985,CUST_00077,2024-01-01T04:00:00,watches_gifts
EVT_0000986,CUST_00077,2024-01-01T06:00:00,health_beauty
EVT_0000987,CUST_00077,2024-01-01T08:00:00,watches_gifts
EVT_0000988,CUST_00077,2024-01-01T10:00:00,watches_gifts
EVT_0000989,CUST_00077,2024-01-01T12:00:00,health_beauty
EVT_0000990,CUST_00077,2024-01-01T14:00:00,watches_gifts
EVT_0000991,CUST_00077,2024-01-01T16:00:00,health_beauty
EVT_0000992,CUST_00078,2024-01-01T00:00:00,bed_bath
EVT_0000993,CUST_00078,2024-01-01T02:00:00,furniture
EVT_0000994,CUST_00078,2024-01-01T04:00:00,housewares
EVT_0000995,CUST_00078,2024-01-01T06:00:00,bed_bath
EVT_0000996,CUST_00078,2024-01-01T08:00:00,furniture
EVT_0000997,CUST_00078,2024-01-01T10:00:00,housewares
EVT_0000998,CUST_00078,2024-01-01T12:00:00,bed_bath
EVT_0000999,CUST_00078,2024-01-01T14:00:00,furniture
EVT_0001000,CUST_00078,2024-01-01T16:00:00,housewares
EVT_0001001,CUST_00078,2024-01-01T18:00:00,bed_bath
EVT_0001002,CUST_00078,2024-01-01T20:00:00,furniture
EVT_0001003,CUST_00078,2024-01-01T22:00:00,housewares
EVT_0001004,CUST_00078,2024-01-02T00:00:00,bed_bath
EVT_0001005,CUST_00078,2024-01-02T02:00:00,bed_bath
EVT_0001006,CUST_00079,2024-01-01T00:00:00,health_beauty
EVT_0001007,CUST_00079,2024-01-01T02:00:00,watches_gifts
EVT_0001008,CUST_00079,2024-01-01T04:00:00,health_beauty
EVT_0001009,CUST_00079,2024-01-01T06:00:00,watches_gifts
EVT_0001010,CUST_00079,2024-01-01T08:00:00,health_beauty
EVT_0001011,CUST_00079,2024-01-01T10:00:00,watches_gifts
EVT_0001012,CUST_00079,2024-01-01T12:00:00,health_beauty
EVT_0001013,CUST_00079,2024-01-01T14:00:00,watches_gifts
EVT_0001014,CUST_00079,2024-01-01T16:00:00,health_beauty
EVT_0001015,CUST_00079,2024-01-01T18:00:00,watches_gifts
EVT_0001016,CUST_00079,2024-01-01T20:00:00,health_beauty
EVT_0001017,CUST_00079,2024-01-01T22:00:00,watches_gifts
EVT_0001018,CUST_00079,2024-01-02T00:00:00,housewares
EVT_0001019,CUST_00079,2024-01-02T02:00:00,bed_bath
EVT_0001020,CUST_00079,2024-01-02T04:00:00,furniture
EVT_0001021,CUST_00079,2024-01-02T06:00:00,housewares
EVT_0001022,CUST_00079,2024-01-02T08:00:00,bed_bath
EVT_0001023,CUST_00080,2024-01-01T00:00:00,furniture
EVT_0001024,CUST_00080,2024-01-01T02:00:00,housewares
EVT_0001025,CUST_00080,2024-01-01T04:00:00,bed_bath
EVT_0001026,CUST_00080,2024-01-01T06:00:00,furniture
EVT_0001027,CUST_00080,2024-01-01T08:00:00,housewares
EVT_0001028,CUST_00080,2024-01-01T10:00:00,bed_bath
EVT_0001029,CUST_00080,2024-01-01T12:00:00,auto
EVT_0001030,CUST_00080,2024-01-01T14:00:00,electronics
EVT_0001031,CUST_00081,2024-01-01T00:00:00,housewares
EVT_0001032,CUST_00081,2024-01-01T02:00:00,bed_bath
EVT_0001033,CUST_00081,2024-01-01T04:00:00,furniture
EVT_0001034,CUST_00081,2024-01-01T06:00:00,housewares
EVT_0001035,CUST_00081,2024-01-01T08:00:00,bed_bath
EVT_0001036,CUST_00081,2024-01-01T10:00:00,furniture
EVT_0001037,CUST_00081,2024-01-01T12:00:00,housewares
EVT_0001038,CUST_00081,2024-01-01T14:00:00,bed_bath
EVT_0001039,CUST_00081,2024-01-01T16:00:00,furniture
EVT_0001040,CUST_00081,2024-01-01T18:00:00,housewares
EVT_0001041,CUST_00081,2024-01-01T20:00:00,bed_bath
EVT_0001042,CUST_00081,2024-01-01T22:00:00,furniture
EVT_0001043,CUST_00081,2024-01-02T00:00:00,housewares
EVT_0001044,CUST_00081,2024-01-02T02:00:00,bed_bath
EVT_0001045,CUST_00081,2024-01-02T04:00:00,furniture
EVT_0001046,CUST_00081,2024-01-02T06:00:00,housewares
EVT_0001047,CUST_00081,2024-01-02T08:00:00,bed_bath
EVT_0001048,CUST_00082,2024-01-01T00:00:00,bed_bath
EVT_0001049,CUST_00082,2024-01-01T02:00:00,housewares
EVT_0001050,CUST_00082,2024-01-01T04:00:00,bed_bath
EVT_0001051,CUST_00082,2024-01-01T06:00:00,furniture
EVT_0001052,CUST_00082,2024-01-01T08:00:00,housewares
EVT_0001053,CUST_00082,2024-01-01T10:00:00,bed_bath
EVT_0001054,CUST_00082,2024-01-01T12:00:00,furniture
EVT_0001055,CUST_00082,2024-01-01T14:00:00,housewares
EVT_0001056,CUST_00082,2024-01-01T16:00:00,bed_bath
EVT_0001057,CUST_00082,2024-01-01T18:00:00,furniture
EVT_0001058,CUST_00082,2024-01-01T20:00:00,housewares
EVT_0001059,CUST_00082,2024-01-01T22:00:00,bed_bath
EVT_0001060,CUST_00082,2024-01-02T00:00:00,furniture
EVT_0001061,CUST_00082,2024-01-02T02:00:00,electronics
EVT_0001062,CUST_00082,2024-01-02T04:00:00,computers
EVT_0001063,CUST_00082,2024-01-02T06:00:00,electronics
EVT_0001064,CUST_00082,2024-01-02T08:00:00,computers
EVT_0001065,CUST_00083,2024-01-01T00:00:00,computers
EVT_0001066,CUST_00083,2024-01-01T02:00:00,electronics
EVT_0001067,CUST_00083,2024-01-01T04:00:00,computers
EVT_0001068,CUST_00083,2024-01-01T06:00:00,electronics
EVT_0001069,CUST_00083,2024-01-01T08:00:00,computers
EVT_0001070,CUST_00083,2024-01-01T10:00:00,electronics
EVT_0001071,CUST_00083,2024-01-01T12:00:00,computers
EVT_0001072,CUST_00083,2024-01-01T14:00:00,electronics
EVT_0001073,CUST_00083,2024-01-01T16:00:00,computers
EVT_0001074,CUST_00083,2024-01-01T18:00:00,electronics
EVT_0001075,CUST_00083,2024-01-01T20:00:00,computers
EVT_0001076,CUST_00083,2024-01-01T22:00:00,electronics
EVT_0001077,CUST_00084,2024-01-01T00:00:00,health_beauty
EVT_0001078,CUST_00084,2024-01-01T02:00:00,watches_gifts
EVT_0001079,CUST_00084,2024-01-01T04:00:00,health_beauty
EVT_0001080,CUST_00084,2024-01-01T06:00:00,watches_gifts
EVT_0001081,CUST_00084,2024-01-01T08:00:00,health_beauty
EVT_0001082,CUST_00084,2024-01-01T10:00:00,watches_gifts
EVT_0001083,CUST_00084,2024-01-01T12:00:00,health_beauty
EVT_0001084,CUST_00084,2024-01-01T14:00:00,health_beauty
EVT_0001085,CUST_00084,2024-01-01T16:00:00,watches_gifts
EVT_0001086,CUST_00084,2024-01-01T18:00:00,health_beauty
EVT_0001087,CUST_00084,2024-01-01T20:00:00,watches_gifts
EVT_0001088,CUST_00084,2024-01-01T22:00:00,health_beauty
EVT_0001089,CUST_00084,2024-01-02T00:00:00,watches_gifts
EVT_0001090,CUST_00084,2024-01-02T02:00:00,health_beauty
EVT_0001091,CUST_00084,2024-01-02T04:00:00,watches_gifts
EVT_0001092,CUST_00084,2024-01-02T06:00:00,health_beauty
EVT_0001093,CUST_00085,2024-01-01T00:00:00,electronics
EVT_0001094,CUST_00085,2024-01-01T02:00:00,computers
EVT_0001095,CUST_00085,2024-01-01T04:00:00,electronics
EVT_0001096,CUST_00085,2024-01-01T06:00:00,computers
EVT_0001097,CUST_00085,2024-01-01T08:00:00,electronics
EVT_0001098,CUST_00085,2024-01-01T10:00:00,computers
EVT_0001099,CUST_00085,2024-01-01T12:00:00,electronics
EVT_0001100,CUST_00085,2024-01-01T14:00:00,watches_gifts
EVT_0001101,CUST_00085,2024-01-01T16:00:00,health_beauty
EVT_0001102,CUST_00085,2024-01-01T18:00:00,watches_gifts
EVT_0001103,CUST_00085,2024-01-01T20:00:00,health_beauty
EVT_0001104,CUST_00085,2024-01-01T22:00:00,watches_gifts
EVT_0001105,CUST_00085,2024-01-02T00:00:00,health_beauty
EVT_0001106,CUST_00086,2024-01-01T00:00:00,electronics
EVT_0001107,CUST_00086,2024-01-01T02:00:00,sports_leisure
EVT_0001108,CUST_00086,2024-01-01T04:00:00,health_beauty
EVT_0001109,CUST_00086,2024-01-01T06:00:00,watches_gifts
EVT_0001110,CUST_00086,2024-01-01T08:00:00,sports_leisure
EVT_0001111,CUST_00086,2024-01-01T10:00:00,health_beauty
EVT_0001112,CUST_00086,2024-01-01T12:00:00,watches_gifts
EVT_0001113,CUST_00086,2024-01-01T14:00:00,health_beauty
EVT_0001114,CUST_00086,2024-01-01T16:00:00,watches_gifts
EVT_0001115,CUST_00086,2024-01-01T18:00:00,health_beauty
EVT_0001116,CUST_00086,2024-01-01T20:00:00,watches_gifts
EVT_0001117,CUST_00086,2024-01-01T22:00:00,health_beauty
EVT_0001118,CUST_00086,2024-01-02T00:00:00,watches_gifts
EVT_0001119,CUST_00086,2024-01-02T02:00:00,health_beauty
EVT_0001120,CUST_00086,2024-01-02T04:00:00,watches_gifts
EVT_0001121,CUST_00086,2024-01-02T06:00:00,health_beauty
EVT_0001122,CUST_00086,2024-01-02T08:00:00,watches_gifts
EVT_0001123,CUST_00087,2024-01-01T00:00:00,bed_bath
EVT_0001124,CUST_00087,2024-01-01T02:00:00,furniture
EVT_0001125,CUST_00087,2024-01-01T04:00:00,housewares
EVT_0001126,CUST_00087,2024-01-01T06:00:00,bed_bath
EVT_0001127,CUST_00087,2024-01-01T08:00:00,auto
EVT_0001128,CUST_00087,2024-01-01T10:00:00,electronics
EVT_0001129,CUST_00087,2024-01-01T12:00:00,toys
EVT_0001130,CUST_00087,2024-01-01T14:00:00,electronics
EVT_0001131,CUST_00088,2024-01-01T00:00:00,electronics
EVT_0001132,CUST_00088,2024-01-01T02:00:00,computers
EVT_0001133,CUST_00088,2024-01-01T04:00:00,electronics
EVT_0001134,CUST_00088,2024-01-01T06:00:00,computers
EVT_0001135,CUST_00088,2024-01-01T08:00:00,electronics
EVT_0001136,CUST_00088,2024-01-01T10:00:00,computers
EVT_0001137,CUST_00088,2024-01-01T12:00:00,electronics
EVT_0001138,CUST_00088,2024-01-01T14:00:00,computers
EVT_0001139,CUST_00088,2024-01-01T16:00:00,electronics
EVT_0001140,CUST_00088,2024-01-01T18:00:00,computers
EVT_0001141,CUST_00088,2024-01-01T20:00:00,electronics
EVT_0001142,CUST_00088,2024-01-01T22:00:00,computers
EVT_0001143,CUST_00088,2024-01-02T00:00:00,electronics
EVT_0001144,CUST_00088,2024-01-02T02:00:00,computers
EVT_0001145,CUST_00088,2024-01-02T04:00:00,electronics
EVT_0001146,CUST_00089,2024-01-01T00:00:00,electronics
EVT_0001147,CUST_00089,2024-01-01T02:00:00,computers
EVT_0001148,CUST_00089,2024-01-01T04:00:00,electronics
EVT_0001149,CUST_00089,2024-01-01T06:00:00,computers
EVT_0001150,CUST_00089,2024-01-01T08:00:00,electronics
EVT_0001151,CUST_00089,2024-01-01T10:00:00,computers
EVT_0001152,CUST_00089,2024-01-01T12:00:00,electronics
EVT_0001153,CUST_00089,2024-01-01T14:00:00,computers
EVT_0001154,CUST_00089,2024-01-01T16:00:00,electronics
EVT_0001155,CUST_00089,2024-01-01T18:00:00,computers
EVT_0001156,CUST_00089,2024-01-01T20:00:00,electronics
EVT_0001157,CUST_00089,2024-01-01T22:00:00,computers
EVT_0001158,CUST_00089,2024-01-02T00:00:00,electronics
EVT_0001159,CUST_00090,2024-01-01T00:00:00,health_beauty
EVT_0001160,CUST_00090,2024-01-01T02:00:00,watches_gifts
EVT_0001161,CUST_00090,2024-01-01T04:00:00,health_beauty
EVT_0001162,CUST_00090,2024-01-01T06:00:00,watches_gifts
EVT_0001163,CUST_00090,2024-01-01T08:00:00,health_beauty
EVT_0001164,CUST_00090,2024-01-01T10:00:00,watches_gifts
EVT_0001165,CUST_00090,2024-01-01T12:00:00,health_beauty
EVT_0001166,CUST_00090,2024-01-01T14:00:00,watches_gifts
EVT_0001167,CUST_00090,2024-01-01T16:00:00,health_beauty
EVT_0001168,CUST_00090,2024-01-01T18:00:00,watches_gifts
EVT_0001169,CUST_00090,2024-01-01T20:00:00,health_beauty
EVT_0001170,CUST_00090,2024-01-01T22:00:00,computers
EVT_0001171,CUST_00090,2024-01-02T00:00:00,electronics
EVT_0001172,CUST_00090,2024-01-02T02:00:00,bed_bath
EVT_0001173,CUST_00090,2024-01-02T04:00:00,furniture
EVT_0001174,CUST_00090,2024-01-02T06:00:00,electronics
EVT_0001175,CUST_00091,2024-01-01T00:00:00,electronics
EVT_0001176,CUST_00091,2024-01-01T02:00:00,computers
EVT_0001177,CUST_00091,2024-01-01T04:00:00,electronics
EVT_0001178,CUST_00091,2024-01-01T06:00:00,computers
EVT_0001179,CUST_00091,2024-01-01T08:00:00,electronics
EVT_0001180,CUST_00091,2024-01-01T10:00:00,computers
EVT_0001181,CUST_00091,2024-01-01T12:00:00,electronics
EVT_0001182,CUST_00091,2024-01-01T14:00:00,computers
EVT_0001183,CUST_00091,2024-01-01T16:00:00,electronics
EVT_0001184,CUST_00091,2024-01-01T18:00:00,computers
EVT_0001185,CUST_00091,2024-01-01T20:00:00,electronics
EVT_0001186,CUST_00091,2024-01-01T22:00:00,computers
EVT_0001187,CUST_00091,2024-01-02T00:00:00,electronics
EVT_0001188,CUST_00091,2024-01-02T02:00:00,computers
EVT_0001189,CUST_00092,2024-01-01T00:00:00,electronics
EVT_0001190,CUST_00092,2024-01-01T02:00:00,computers
EVT_0001191,CUST_00092,2024-01-01T04:00:00,electronics
EVT_0001192,CUST_00092,2024-01-01T06:00:00,computers
EVT_0001193,CUST_00092,2024-01-01T08:00:00,electronics
EVT_0001194,CUST_00092,2024-01-01T10:00:00,computers
EVT_0001195,CUST_00092,2024-01-01T12:00:00,electronics
EVT_0001196,CUST_00092,2024-01-01T14:00:00,computers
EVT_0001197,CUST_00092,2024-01-01T16:00:00,electronics
EVT_0001198,CUST_00092,2024-01-01T18:00:00,computers
EVT_0001199,CUST_00093,2024-01-01T00:00:00,computers
EVT_0001200,CUST_00093,2024-01-01T02:00:00,electronics
EVT_0001201,CUST_00093,2024-01-01T04:00:00,computers
EVT_0001202,CUST_00093,2024-01-01T06:00:00,electronics
EVT_0001203,CUST_00093,2024-01-01T08:00:00,computers
EVT_0001204,CUST_00093,2024-01-01T10:00:00,electronics
EVT_0001205,CUST_00093,2024-01-01T12:00:00,computers
EVT_0001206,CUST_00093,2024-01-01T14:00:00,electronics
EVT_0001207,CUST_00093,2024-01-01T16:00:00,computers
EVT_0001208,CUST_00093,2024-01-01T18:00:00,electronics
EVT_0001209,CUST_00093,2024-01-01T20:00:00,computers
EVT_0001210,CUST_00093,2024-01-01T22:00:00,electronics
EVT_0001211,CUST_00093,2024-01-02T00:00:00,computers
EVT_0001212,CUST_00093,2024-01-02T02:00:00,auto
EVT_0001213,CUST_00093,2024-01-02T04:00:00,electronics
EVT_0001214,CUST_00093,2024-01-02T06:00:00,computers
EVT_0001215,CUST_00093,2024-01-02T08:00:00,electronics
EVT_0001216,CUST_00094,2024-01-01T00:00:00,furniture
EVT_0001217,CUST_00094,2024-01-01T02:00:00,housewares
EVT_0001218,CUST_00094,2024-01-01T04:00:00,housewares
EVT_0001219,CUST_00094,2024-01-01T06:00:00,bed_bath
EVT_0001220,CUST_00094,2024-01-01T08:00:00,furniture
EVT_0001221,CUST_00094,2024-01-01T10:00:00,housewares
EVT_0001222,CUST_00094,2024-01-01T12:00:00,bed_bath
EVT_0001223,CUST_00094,2024-01-01T14:00:00,furniture
EVT_0001224,CUST_00094,2024-01-01T16:00:00,housewares
EVT_0001225,CUST_00094,2024-01-01T18:00:00,bed_bath
EVT_0001226,CUST_00094,2024-01-01T20:00:00,furniture
EVT_0001227,CUST_00094,2024-01-01T22:00:00,housewares
EVT_0001228,CUST_00094,2024-01-02T00:00:00,bed_bath
EVT_0001229,CUST_00095,2024-01-01T00:00:00,housewares
EVT_0001230,CUST_00095,2024-01-01T02:00:00,bed_bath
EVT_0001231,CUST_00095,2024-01-01T04:00:00,furniture
EVT_0001232,CUST_00095,2024-01-01T06:00:00,housewares
EVT_0001233,CUST_00095,2024-01-01T08:00:00,bed_bath
EVT_0001234,CUST_00095,2024-01-01T10:00:00,furniture
EVT_0001235,CUST_00095,2024-01-01T12:00:00,housewares
EVT_0001236,CUST_00095,2024-01-01T14:00:00,bed_bath
EVT_0001237,CUST_00095,2024-01-01T16:00:00,furniture
EVT_0001238,CUST_00095,2024-01-01T18:00:00,housewares
EVT_0001239,CUST_00095,2024-01-01T20:00:00,bed_bath
EVT_0001240,CUST_00095,2024-01-01T22:00:00,sports_leisure
EVT_0001241,CUST_00095,2024-01-02T00:00:00,health_beauty
EVT_0001242,CUST_00096,2024-01-01T00:00:00,furniture
EVT_0001243,CUST_00096,2024-01-01T02:00:00,housewares
EVT_0001244,CUST_00096,2024-01-01T04:00:00,bed_bath
EVT_0001245,CUST_00096,2024-01-01T06:00:00,furniture
EVT_0001246,CUST_00096,2024-01-01T08:00:00,housewares
EVT_0001247,CUST_00096,2024-01-01T10:00:00,bed_bath
EVT_0001248,CUST_00096,2024-01-01T12:00:00,furniture
EVT_0001249,CUST_00096,2024-01-01T14:00:00,housewares
EVT_0001250,CUST_00096,2024-01-01T16:00:00,bed_bath
EVT_0001251,CUST_00097,2024-01-01T00:00:00,bed_bath
EVT_0001252,CUST_00097,2024-01-01T02:00:00,furniture
EVT_0001253,CUST_00097,2024-01-01T04:00:00,housewares
EVT_0001254,CUST_00097,2024-01-01T06:00:00,bed_bath
EVT_0001255,CUST_00097,2024-01-01T08:00:00,furniture
EVT_0001256,CUST_00097,2024-01-01T10:00:00,housewares
EVT_0001257,CUST_00097,2024-01-01T12:00:00,bed_bath
EVT_0001258,CUST_00097,2024-01-01T14:00:00,furniture
EVT_0001259,CUST_00097,2024-01-01T16:00:00,housewares
EVT_0001260,CUST_00098,2024-01-01T00:00:00,electronics
EVT_0001261,CUST_00098,2024-01-01T02:00:00,auto
EVT_0001262,CUST_00098,2024-01-01T04:00:00,electronics
EVT_0001263,CUST_00098,2024-01-01T06:00:00,computers
EVT_0001264,CUST_00098,2024-01-01T08:00:00,computers
EVT_0001265,CUST_00098,2024-01-01T10:00:00,electronics
EVT_0001266,CUST_00098,2024-01-01T12:00:00,computers
EVT_0001267,CUST_00098,2024-01-01T14:00:00,electronics
EVT_0001268,CUST_00098,2024-01-01T16:00:00,computers
EVT_0001269,CUST_00098,2024-01-01T18:00:00,electronics
EVT_0001270,CUST_00098,2024-01-01T20:00:00,computers
EVT_0001271,CUST_00098,2024-01-01T22:00:00,electronics
EVT_0001272,CUST_00098,2024-01-02T00:00:00,computers
EVT_0001273,CUST_00098,2024-01-02T02:00:00,bed_bath
EVT_0001274,CUST_00098,2024-01-02T04:00:00,furniture
EVT_0001275,CUST_00098,2024-01-02T06:00:00,housewares
EVT_0001276,CUST_00099,2024-01-01T00:00:00,housewares
EVT_0001277,CUST_00099,2024-01-01T02:00:00,sports_leisure
EVT_0001278,CUST_00099,2024-01-01T04:00:00,health_beauty
EVT_0001279,CUST_00099,2024-01-01T06:00:00,sports_leisure
EVT_0001280,CUST_00099,2024-01-01T08:00:00,health_beauty
EVT_0001281,CUST_00099,2024-01-01T10:00:00,watches_gifts
EVT_0001282,CUST_00099,2024-01-01T12:00:00,health_beauty
EVT_0001283,CUST_00099,2024-01-01T14:00:00,watches_gifts
EVT_0001284,CUST_00099,2024-01-01T16:00:00,health_beauty
EVT_0001285,CUST_00099,2024-01-01T18:00:00,watches_gifts
EVT_0001286,CUST_00099,2024-01-01T20:00:00,health_beauty
EVT_0001287,CUST_00099,2024-01-01T22:00:00,health_beauty
EVT_0001288,CUST_00099,2024-01-02T00:00:00,watches_gifts
EVT_0001289,CUST_00099,2024-01-02T02:00:00,electronics
EVT_0001290,CUST_00099,2024-01-02T04:00:00,computers
EVT_0001291,CUST_00099,2024-01-02T06:00:00,electronics
EVT_0001292,CUST_00099,2024-01-02T08:00:00,computers
EVT_0001293,CUST_00100,2024-01-01T00:00:00,watches_gifts
EVT_0001294,CUST_00100,2024-01-01T02:00:00,health_beauty
EVT_0001295,CUST_00100,2024-01-01T04:00:00,watches_gifts
EVT_0001296,CUST_00100,2024-01-01T06:00:00,health_beauty
EVT_0001297,CUST_00100,2024-01-01T08:00:00,watches_gifts
EVT_0001298,CUST_00100,2024-01-01T10:00:00,health_beauty
EVT_0001299,CUST_00100,2024-01-01T12:00:00,watches_gifts
EVT_0001300,CUST_00100,2024-01-01T14:00:00,health_beauty
EVT_0001301,CUST_00100,2024-01-01T16:00:00,watches_gifts
EVT_0001302,CUST_00100,2024-01-01T18:00:00,health_beauty
EVT_0001303,CUST_00100,2024-01-01T20:00:00,watches_gifts
EVT_0001304,CUST_00100,2024-01-01T22:00:00,health_beauty
EVT_0001305,CUST_00100,2024-01-02T00:00:00,watches_gifts
EVT_0001306,CUST_00100,2024-01-02T02:00:00,health_beauty
EVT_0001307,CUST_00100,2024-01-02T04:00:00,watches_gifts
EVT_0001308,CUST_00100,2024-01-02T06:00:00,health_beauty
EVT_0001309,CUST_00100,2024-01-02T08:00:00,watches_gifts
EVT_0001310,CUST_00101,2024-01-01T00:00:00,computers
EVT_0001311,CUST_00101,2024-01-01T02:00:00,electronics
EVT_0001312,CUST_00101,2024-01-01T04:00:00,computers
EVT_0001313,CUST_00101,2024-01-01T06:00:00,electronics
EVT_0001314,CUST_00101,2024-01-01T08:00:00,computers
EVT_0001315,CUST_00101,2024-01-01T10:00:00,electronics
EVT_0001316,CUST_00101,2024-01-01T12:00:00,computers
EVT_0001317,CUST_00101,2024-01-01T14:00:00,electronics
EVT_0001318,CUST_00101,2024-01-01T16:00:00,computers
EVT_0001319,CUST_00101,2024-01-01T18:00:00,electronics
EVT_0001320,CUST_00101,2024-01-01T20:00:00,computers
EVT_0001321,CUST_00102,2024-01-01T00:00:00,health_beauty
EVT_0001322,CUST_00102,2024-01-01T02:00:00,watches_gifts
EVT_0001323,CUST_00102,2024-01-01T04:00:00,health_beauty
EVT_0001324,CUST_00102,2024-01-01T06:00:00,watches_gifts
EVT_0001325,CUST_00102,2024-01-01T08:00:00,health_beauty
EVT_0001326,CUST_00102,2024-01-01T10:00:00,watches_gifts
EVT_0001327,CUST_00102,2024-01-01T12:00:00,health_beauty
EVT_0001328,CUST_00102,2024-01-01T14:00:00,furniture
EVT_0001329,CUST_00102,2024-01-01T16:00:00,housewares
EVT_0001330,CUST_00102,2024-01-01T18:00:00,bed_bath
EVT_0001331,CUST_00102,2024-01-01T20:00:00,furniture
EVT_0001332,CUST_00102,2024-01-01T22:00:00,housewares
EVT_0001333,CUST_00102,2024-01-02T00:00:00,bed_bath
EVT_0001334,CUST_00102,2024-01-02T02:00:00,furniture
EVT_0001335,CUST_00103,2024-01-01T00:00:00,health_beauty
EVT_0001336,CUST_00103,2024-01-01T02:00:00,watches_gifts
EVT_0001337,CUST_00103,2024-01-01T04:00:00,health_beauty
EVT_0001338,CUST_00103,2024-01-01T06:00:00,watches_gifts
EVT_0001339,CUST_00103,2024-01-01T08:00:00,health_beauty
EVT_0001340,CUST_00103,2024-01-01T10:00:00,watches_gifts
EVT_0001341,CUST_00103,2024-01-01T12:00:00,health_beauty
EVT_0001342,CUST_00103,2024-01-01T14:00:00,watches_gifts
EVT_0001343,CUST_00103,2024-01-01T16:00:00,health_beauty
EVT_0001344,CUST_00103,2024-01-01T18:00:00,watches_gifts
EVT_0001345,CUST_00104,2024-01-01T00:00:00,furniture
EVT_0001346,CUST_00104,2024-01-01T02:00:00,housewares
EVT_0001347,CUST_00104,2024-01-01T04:00:00,bed_bath
EVT_0001348,CUST_00104,2024-01-01T06:00:00,furniture
EVT_0001349,CUST_00104,2024-01-01T08:00:00,housewares
EVT_0001350,CUST_00104,2024-01-01T10:00:00,bed_bath
EVT_0001351,CUST_00104,2024-01-01T12:00:00,furniture
EVT_0001352,CUST_00104,2024-01-01T14:00:00,housewares
EVT_0001353,CUST_00104,2024-01-01T16:00:00,bed_bath
EVT_0001354,CUST_00104,2024-01-01T18:00:00,furniture
EVT_0001355,CUST_00104,2024-01-01T20:00:00,housewares
EVT_0001356,CUST_00104,2024-01-01T22:00:00,auto
EVT_0001357,CUST_00104,2024-01-02T00:00:00,electronics
EVT_0001358,CUST_00104,2024-01-02T02:00:00,computers
EVT_0001359,CUST_00105,2024-01-01T00:00:00,electronics
EVT_0001360,CUST_00105,2024-01-01T02:00:00,computers
EVT_0001361,CUST_00105,2024-01-01T04:00:00,electronics
EVT_0001362,CUST_00105,2024-01-01T06:00:00,computers
EVT_0001363,CUST_00105,2024-01-01T08:00:00,electronics
EVT_0001364,CUST_00105,2024-01-01T10:00:00,computers
EVT_0001365,CUST_00105,2024-01-01T12:00:00,electronics
EVT_0001366,CUST_00105,2024-01-01T14:00:00,computers
EVT_0001367,CUST_00105,2024-01-01T16:00:00,electronics
EVT_0001368,CUST_00105,2024-01-01T18:00:00,auto
EVT_0001369,CUST_00105,2024-01-01T20:00:00,electronics
EVT_0001370,CUST_00105,2024-01-01T22:00:00,computers
EVT_0001371,CUST_00105,2024-01-02T00:00:00,electronics
EVT_0001372,CUST_00105,2024-01-02T02:00:00,computers
EVT_0001373,CUST_00105,2024-01-02T04:00:00,electronics
EVT_0001374,CUST_00106,2024-01-01T00:00:00,electronics
EVT_0001375,CUST_00106,2024-01-01T02:00:00,computers
EVT_0001376,CUST_00106,2024-01-01T04:00:00,electronics
EVT_0001377,CUST_00106,2024-01-01T06:00:00,computers
EVT_0001378,CUST_00106,2024-01-01T08:00:00,electronics
EVT_0001379,CUST_00106,2024-01-01T10:00:00,computers
EVT_0001380,CUST_00106,2024-01-01T12:00:00,housewares
EVT_0001381,CUST_00106,2024-01-01T14:00:00,bed_bath
EVT_0001382,CUST_00106,2024-01-01T16:00:00,furniture
EVT_0001383,CUST_00106,2024-01-01T18:00:00,housewares
EVT_0001384,CUST_00106,2024-01-01T20:00:00,bed_bath
EVT_0001385,CUST_00106,2024-01-01T22:00:00,furniture
EVT_0001386,CUST_00107,2024-01-01T00:00:00,housewares
EVT_0001387,CUST_00107,2024-01-01T02:00:00,bed_bath
EVT_0001388,CUST_00107,2024-01-01T04:00:00,watches_gifts
EVT_0001389,CUST_00107,2024-01-01T06:00:00,health_beauty
EVT_0001390,CUST_00107,2024-01-01T08:00:00,watches_gifts
EVT_0001391,CUST_00107,2024-01-01T10:00:00,health_beauty
EVT_0001392,CUST_00107,2024-01-01T12:00:00,watches_gifts
EVT_0001393,CUST_00107,2024-01-01T14:00:00,health_beauty
EVT_0001394,CUST_00107,2024-01-01T16:00:00,watches_gifts
EVT_0001395,CUST_00107,2024-01-01T18:00:00,health_beauty
EVT_0001396,CUST_00107,2024-01-01T20:00:00,watches_gifts
EVT_0001397,CUST_00107,2024-01-01T22:00:00,health_beauty
EVT_0001398,CUST_00107,2024-01-02T00:00:00,watches_gifts
EVT_0001399,CUST_00108,2024-01-01T00:00:00,health_beauty
EVT_0001400,CUST_00108,2024-01-01T02:00:00,watches_gifts
EVT_0001401,CUST_00108,2024-01-01T04:00:00,health_beauty
EVT_0001402,CUST_00108,2024-01-01T06:00:00,watches_gifts
EVT_0001403,CUST_00108,2024-01-01T08:00:00,health_beauty
EVT_0001404,CUST_00108,2024-01-01T10:00:00,watches_gifts
EVT_0001405,CUST_00108,2024-01-01T12:00:00,health_beauty
EVT_0001406,CUST_00108,2024-01-01T14:00:00,watches_gifts
EVT_0001407,CUST_00108,2024-01-01T16:00:00,health_beauty
EVT_0001408,CUST_00108,2024-01-01T18:00:00,watches_gifts
EVT_0001409,CUST_00108,2024-01-01T20:00:00,health_beauty
EVT_0001410,CUST_00109,2024-01-01T00:00:00,health_beauty
EVT_0001411,CUST_00109,2024-01-01T02:00:00,watches_gifts
EVT_0001412,CUST_00109,2024-01-01T04:00:00,health_beauty
EVT_0001413,CUST_00109,2024-01-01T06:00:00,watches_gifts
EVT_0001414,CUST_00109,2024-01-01T08:00:00,health_beauty
EVT_0001415,CUST_00109,2024-01-01T10:00:00,watches_gifts
EVT_0001416,CUST_00109,2024-01-01T12:00:00,health_beauty
EVT_0001417,CUST_00109,2024-01-01T14:00:00,furniture
EVT_0001418,CUST_00109,2024-01-01T16:00:00,housewares
EVT_0001419,CUST_00109,2024-01-01T18:00:00,bed_bath
EVT_0001420,CUST_00109,2024-01-01T20:00:00,furniture
EVT_0001421,CUST_00109,2024-01-01T22:00:00,housewares
EVT_0001422,CUST_00109,2024-01-02T00:00:00,bed_bath
EVT_0001423,CUST_00109,2024-01-02T02:00:00,furniture
EVT_0001424,CUST_00109,2024-01-02T04:00:00,housewares
EVT_0001425,CUST_00109,2024-01-02T06:00:00,bed_bath
EVT_0001426,CUST_00109,2024-01-02T08:00:00,furniture
EVT_0001427,CUST_00110,2024-01-01T00:00:00,furniture
EVT_0001428,CUST_00110,2024-01-01T02:00:00,housewares
EVT_0001429,CUST_00110,2024-01-01T04:00:00,bed_bath
EVT_0001430,CUST_00110,2024-01-01T06:00:00,furniture
EVT_0001431,CUST_00110,2024-01-01T08:00:00,housewares
EVT_0001432,CUST_00110,2024-01-01T10:00:00,bed_bath
EVT_0001433,CUST_00110,2024-01-01T12:00:00,furniture
EVT_0001434,CUST_00110,2024-01-01T14:00:00,housewares
EVT_0001435,CUST_00110,2024-01-01T16:00:00,bed_bath
EVT_0001436,CUST_00110,2024-01-01T18:00:00,furniture
EVT_0001437,CUST_00110,2024-01-01T20:00:00,housewares
EVT_0001438,CUST_00110,2024-01-01T22:00:00,bed_bath
EVT_0001439,CUST_00110,2024-01-02T00:00:00,furniture
EVT_0001440,CUST_00110,2024-01-02T02:00:00,housewares
EVT_0001441,CUST_00111,2024-01-01T00:00:00,watches_gifts
EVT_0001442,CUST_00111,2024-01-01T02:00:00,health_beauty
EVT_0001443,CUST_00111,2024-01-01T04:00:00,watches_gifts
EVT_0001444,CUST_00111,2024-01-01T06:00:00,health_beauty
EVT_0001445,CUST_00111,2024-01-01T08:00:00,watches_gifts
EVT_0001446,CUST_00111,2024-01-01T10:00:00,health_beauty
EVT_0001447,CUST_00111,2024-01-01T12:00:00,watches_gifts
EVT_0001448,CUST_00111,2024-01-01T14:00:00,health_beauty
EVT_0001449,CUST_00111,2024-01-01T16:00:00,watches_gifts
EVT_0001450,CUST_00112,2024-01-01T00:00:00,electronics
EVT_0001451,CUST_00112,2024-01-01T02:00:00,computers
EVT_0001452,CUST_00112,2024-01-01T04:00:00,bed_bath
EVT_0001453,CUST_00112,2024-01-01T06:00:00,furniture
EVT_0001454,CUST_00112,2024-01-01T08:00:00,housewares
EVT_0001455,CUST_00112,2024-01-01T10:00:00,bed_bath
EVT_0001456,CUST_00112,2024-01-01T12:00:00,furniture
EVT_0001457,CUST_00112,2024-01-01T14:00:00,housewares
EVT_0001458,CUST_00112,2024-01-01T16:00:00,bed_bath
EVT_0001459,CUST_00112,2024-01-01T18:00:00,furniture
EVT_0001460,CUST_00112,2024-01-01T20:00:00,housewares
EVT_0001461,CUST_00113,2024-01-01T00:00:00,electronics
EVT_0001462,CUST_00113,2024-01-01T02:00:00,computers
EVT_0001463,CUST_00113,2024-01-01T04:00:00,electronics
EVT_0001464,CUST_00113,2024-01-01T06:00:00,computers
EVT_0001465,CUST_00113,2024-01-01T08:00:00,bed_bath
EVT_0001466,CUST_00113,2024-01-01T10:00:00,furniture
EVT_0001467,CUST_00113,2024-01-01T12:00:00,housewares
EVT_0001468,CUST_00113,2024-01-01T14:00:00,bed_bath
EVT_0001469,CUST_00113,2024-01-01T16:00:00,furniture
EVT_0001470,CUST_00113,2024-01-01T18:00:00,housewares
EVT_0001471,CUST_00113,2024-01-01T20:00:00,bed_bath
EVT_0001472,CUST_00113,2024-01-01T22:00:00,furniture
EVT_0001473,CUST_00113,2024-01-02T00:00:00,housewares
EVT_0001474,CUST_00113,2024-01-02T02:00:00,bed_bath
EVT_0001475,CUST_00113,2024-01-02T04:00:00,furniture
EVT_0001476,CUST_00113,2024-01-02T06:00:00,housewares
EVT_0001477,CUST_00113,2024-01-02T08:00:00,bed_bath
EVT_0001478,CUST_00114,2024-01-01T00:00:00,electronics
EVT_0001479,CUST_00114,2024-01-01T02:00:00,computers
EVT_0001480,CUST_00114,2024-01-01T04:00:00,electronics
EVT_0001481,CUST_00114,2024-01-01T06:00:00,computers
EVT_0001482,CUST_00114,2024-01-01T08:00:00,electronics
EVT_0001483,CUST_00114,2024-01-01T10:00:00,computers
EVT_0001484,CUST_00114,2024-01-01T12:00:00,electronics
EVT_0001485,CUST_00114,2024-01-01T14:00:00,computers
EVT_0001486,CUST_00114,2024-01-01T16:00:00,electronics
EVT_0001487,CUST_00114,2024-01-01T18:00:00,computers
EVT_0001488,CUST_00114,2024-01-01T20:00:00,electronics
EVT_0001489,CUST_00114,2024-01-01T22:00:00,computers
EVT_0001490,CUST_00115,2024-01-01T00:00:00,electronics
EVT_0001491,CUST_00115,2024-01-01T02:00:00,computers
EVT_0001492,CUST_00115,2024-01-01T04:00:00,electronics
EVT_0001493,CUST_00115,2024-01-01T06:00:00,computers
EVT_0001494,CUST_00115,2024-01-01T08:00:00,electronics
EVT_0001495,CUST_00115,2024-01-01T10:00:00,computers
EVT_0001496,CUST_00115,2024-01-01T12:00:00,electronics
EVT_0001497,CUST_00115,2024-01-01T14:00:00,computers
EVT_0001498,CUST_00115,2024-01-01T16:00:00,electronics
EVT_0001499,CUST_00115,2024-01-01T18:00:00,computers
EVT_0001500,CUST_00115,2024-01-01T20:00:00,electronics
EVT_0001501,CUST_00115,2024-01-01T22:00:00,computers
EVT_0001502,CUST_00115,2024-01-02T00:00:00,electronics
EVT_0001503,CUST_00115,2024-01-02T02:00:00,computers
EVT_0001504,CUST_00115,2024-01-02T04:00:00,electronics
EVT_0001505,CUST_00115,2024-01-02T06:00:00,computers
EVT_0001506,CUST_00116,2024-01-01T00:00:00,furniture
EVT_0001507,CUST_00116,2024-01-01T02:00:00,housewares
EVT_0001508,CUST_00116,2024-01-01T04:00:00,bed_bath
EVT_0001509,CUST_00116,2024-01-01T06:00:00,furniture
EVT_0001510,CUST_00116,2024-01-01T08:00:00,housewares
EVT_0001511,CUST_00116,2024-01-01T10:00:00,bed_bath
EVT_0001512,CUST_00116,2024-01-01T12:00:00,furniture
EVT_0001513,CUST_00116,2024-01-01T14:00:00,housewares
EVT_0001514,CUST_00117,2024-01-01T00:00:00,bed_bath
EVT_0001515,CUST_00117,2024-01-01T02:00:00,furniture
EVT_0001516,CUST_00117,2024-01-01T04:00:00,electronics
EVT_0001517,CUST_00117,2024-01-01T06:00:00,computers
EVT_0001518,CUST_00117,2024-01-01T08:00:00,electronics
EVT_0001519,CUST_00117,2024-01-01T10:00:00,computers
EVT_0001520,CUST_00117,2024-01-01T12:00:00,electronics
EVT_0001521,CUST_00117,2024-01-01T14:00:00,computers
EVT_0001522,CUST_00117,2024-01-01T16:00:00,electronics
EVT_0001523,CUST_00117,2024-01-01T18:00:00,computers
EVT_0001524,CUST_00117,2024-01-01T20:00:00,electronics
EVT_0001525,CUST_00117,2024-01-01T22:00:00,computers
EVT_0001526,CUST_00117,2024-01-02T00:00:00,electronics
EVT_0001527,CUST_00117,2024-01-02T02:00:00,computers
EVT_0001528,CUST_00117,2024-01-02T04:00:00,electronics
EVT_0001529,CUST_00117,2024-01-02T06:00:00,computers
EVT_0001530,CUST_00118,2024-01-01T00:00:00,electronics
EVT_0001531,CUST_00118,2024-01-01T02:00:00,computers
EVT_0001532,CUST_00118,2024-01-01T04:00:00,electronics
EVT_0001533,CUST_00118,2024-01-01T06:00:00,housewares
EVT_0001534,CUST_00118,2024-01-01T08:00:00,bed_bath
EVT_0001535,CUST_00118,2024-01-01T10:00:00,furniture
EVT_0001536,CUST_00118,2024-01-01T12:00:00,housewares
EVT_0001537,CUST_00118,2024-01-01T14:00:00,bed_bath
EVT_0001538,CUST_00118,2024-01-01T16:00:00,furniture
EVT_0001539,CUST_00118,2024-01-01T18:00:00,housewares
EVT_0001540,CUST_00118,2024-01-01T20:00:00,bed_bath
EVT_0001541,CUST_00118,2024-01-01T22:00:00,furniture
EVT_0001542,CUST_00118,2024-01-02T00:00:00,housewares
EVT_0001543,CUST_00118,2024-01-02T02:00:00,bed_bath
EVT_0001544,CUST_00118,2024-01-02T04:00:00,furniture
EVT_0001545,CUST_00118,2024-01-02T06:00:00,housewares
EVT_0001546,CUST_00119,2024-01-01T00:00:00,watches_gifts
EVT_0001547,CUST_00119,2024-01-01T02:00:00,health_beauty
EVT_0001548,CUST_00119,2024-01-01T04:00:00,watches_gifts
EVT_0001549,CUST_00119,2024-01-01T06:00:00,health_beauty
EVT_0001550,CUST_00119,2024-01-01T08:00:00,watches_gifts
EVT_0001551,CUST_00119,2024-01-01T10:00:00,health_beauty
EVT_0001552,CUST_00119,2024-01-01T12:00:00,watches_gifts
EVT_0001553,CUST_00119,2024-01-01T14:00:00,health_beauty
EVT_0001554,CUST_00119,2024-01-01T16:00:00,watches_gifts
EVT_0001555,CUST_00119,2024-01-01T18:00:00,health_beauty
EVT_0001556,CUST_00119,2024-01-01T20:00:00,watches_gifts
EVT_0001557,CUST_00119,2024-01-01T22:00:00,health_beauty
EVT_0001558,CUST_00119,2024-01-02T00:00:00,watches_gifts
EVT_0001559,CUST_00119,2024-01-02T02:00:00,health_beauty
EVT_0001560,CUST_00120,2024-01-01T00:00:00,electronics
EVT_0001561,CUST_00120,2024-01-01T02:00:00,computers
EVT_0001562,CUST_00120,2024-01-01T04:00:00,electronics
EVT_0001563,CUST_00120,2024-01-01T06:00:00,computers
EVT_0001564,CUST_00120,2024-01-01T08:00:00,electronics
EVT_0001565,CUST_00120,2024-01-01T10:00:00,computers
EVT_0001566,CUST_00120,2024-01-01T12:00:00,electronics
EVT_0001567,CUST_00120,2024-01-01T14:00:00,computers
EVT_0001568,CUST_00120,2024-01-01T16:00:00,electronics
EVT_0001569,CUST_00120,2024-01-01T18:00:00,computers
EVT_0001570,CUST_00121,2024-01-01T00:00:00,computers
EVT_0001571,CUST_00121,2024-01-01T02:00:00,electronics
EVT_0001572,CUST_00121,2024-01-01T04:00:00,computers
EVT_0001573,CUST_00121,2024-01-01T06:00:00,electronics
EVT_0001574,CUST_00121,2024-01-01T08:00:00,computers
EVT_0001575,CUST_00121,2024-01-01T10:00:00,electronics
EVT_0001576,CUST_00121,2024-01-01T12:00:00,computers
EVT_0001577,CUST_00121,2024-01-01T14:00:00,electronics
EVT_0001578,CUST_00121,2024-01-01T16:00:00,computers
EVT_0001579,CUST_00121,2024-01-01T18:00:00,electronics
EVT_0001580,CUST_00121,2024-01-01T20:00:00,computers
EVT_0001581,CUST_00121,2024-01-01T22:00:00,electronics
EVT_0001582,CUST_00122,2024-01-01T00:00:00,health_beauty
EVT_0001583,CUST_00122,2024-01-01T02:00:00,watches_gifts
EVT_0001584,CUST_00122,2024-01-01T04:00:00,health_beauty
EVT_0001585,CUST_00122,2024-01-01T06:00:00,watches_gifts
EVT_0001586,CUST_00122,2024-01-01T08:00:00,health_beauty
EVT_0001587,CUST_00122,2024-01-01T10:00:00,watches_gifts
EVT_0001588,CUST_00122,2024-01-01T12:00:00,health_beauty
EVT_0001589,CUST_00122,2024-01-01T14:00:00,watches_gifts
EVT_0001590,CUST_00123,2024-01-01T00:00:00,housewares
EVT_0001591,CUST_00123,2024-01-01T02:00:00,bed_bath
EVT_0001592,CUST_00123,2024-01-01T04:00:00,furniture
EVT_0001593,CUST_00123,2024-01-01T06:00:00,housewares
EVT_0001594,CUST_00123,2024-01-01T08:00:00,bed_bath
EVT_0001595,CUST_00123,2024-01-01T10:00:00,furniture
EVT_0001596,CUST_00123,2024-01-01T12:00:00,housewares
EVT_0001597,CUST_00123,2024-01-01T14:00:00,bed_bath
EVT_0001598,CUST_00123,2024-01-01T16:00:00,furniture
EVT_0001599,CUST_00123,2024-01-01T18:00:00,housewares
EVT_0001600,CUST_00123,2024-01-01T20:00:00,bed_bath
EVT_0001601,CUST_00124,2024-01-01T00:00:00,health_beauty
EVT_0001602,CUST_00124,2024-01-01T02:00:00,watches_gifts
EVT_0001603,CUST_00124,2024-01-01T04:00:00,health_beauty
EVT_0001604,CUST_00124,2024-01-01T06:00:00,watches_gifts
EVT_0001605,CUST_00124,2024-01-01T08:00:00,health_beauty
EVT_0001606,CUST_00124,2024-01-01T10:00:00,watches_gifts
EVT_0001607,CUST_00124,2024-01-01T12:00:00,health_beauty
EVT_0001608,CUST_00124,2024-01-01T14:00:00,watches_gifts
EVT_0001609,CUST_00124,2024-01-01T16:00:00,health_beauty
EVT_0001610,CUST_00124,2024-01-01T18:00:00,watches_gifts
EVT_0001611,CUST_00124,2024-01-01T20:00:00,health_beauty
EVT_0001612,CUST_00124,2024-01-01T22:00:00,watches_gifts
EVT_0001613,CUST_00124,2024-01-02T00:00:00,health_beauty
EVT_0001614,CUST_00124,2024-01-02T02:00:00,watches_gifts
EVT_0001615,CUST_00124,2024-01-02T04:00:00,health_beauty
EVT_0001616,CUST_00124,2024-01-02T06:00:00,watches_gifts
EVT_0001617,CUST_00125,2024-01-01T00:00:00,electronics
EVT_0001618,CUST_00125,2024-01-01T02:00:00,computers
EVT_0001619,CUST_00125,2024-01-01T04:00:00,electronics
EVT_0001620,CUST_00125,2024-01-01T06:00:00,computers
EVT_0001621,CUST_00125,2024-01-01T08:00:00,electronics
EVT_0001622,CUST_00125,2024-01-01T10:00:00,computers
EVT_0001623,CUST_00125,2024-01-01T12:00:00,electronics
EVT_0001624,CUST_00125,2024-01-01T14:00:00,computers
EVT_0001625,CUST_00125,2024-01-01T16:00:00,electronics
EVT_0001626,CUST_00125,2024-01-01T18:00:00,computers
EVT_0001627,CUST_00125,2024-01-01T20:00:00,electronics
EVT_0001628,CUST_00125,2024-01-01T22:00:00,furniture
EVT_0001629,CUST_00125,2024-01-02T00:00:00,housewares
EVT_0001630,CUST_00125,2024-01-02T02:00:00,bed_bath
EVT_0001631,CUST_00125,2024-01-02T04:00:00,furniture
EVT_0001632,CUST_00125,2024-01-02T06:00:00,housewares
EVT_0001633,CUST_00125,2024-01-02T08:00:00,bed_bath
EVT_0001634,CUST_00126,2024-01-01T00:00:00,electronics
EVT_0001635,CUST_00126,2024-01-01T02:00:00,computers
EVT_0001636,CUST_00126,2024-01-01T04:00:00,electronics
EVT_0001637,CUST_00126,2024-01-01T06:00:00,computers
EVT_0001638,CUST_00126,2024-01-01T08:00:00,furniture
EVT_0001639,CUST_00126,2024-01-01T10:00:00,housewares
EVT_0001640,CUST_00126,2024-01-01T12:00:00,bed_bath
EVT_0001641,CUST_00126,2024-01-01T14:00:00,furniture
EVT_0001642,CUST_00126,2024-01-01T16:00:00,housewares
EVT_0001643,CUST_00126,2024-01-01T18:00:00,bed_bath
EVT_0001644,CUST_00126,2024-01-01T20:00:00,furniture
EVT_0001645,CUST_00126,2024-01-01T22:00:00,housewares
EVT_0001646,CUST_00126,2024-01-02T00:00:00,bed_bath
EVT_0001647,CUST_00126,2024-01-02T02:00:00,furniture
EVT_0001648,CUST_00126,2024-01-02T04:00:00,housewares
EVT_0001649,CUST_00127,2024-01-01T00:00:00,health_beauty
EVT_0001650,CUST_00127,2024-01-01T02:00:00,watches_gifts
EVT_0001651,CUST_00127,2024-01-01T04:00:00,health_beauty
EVT_0001652,CUST_00127,2024-01-01T06:00:00,watches_gifts
EVT_0001653,CUST_00127,2024-01-01T08:00:00,health_beauty
EVT_0001654,CUST_00127,2024-01-01T10:00:00,watches_gifts
EVT_0001655,CUST_00127,2024-01-01T12:00:00,health_beauty
EVT_0001656,CUST_00127,2024-01-01T14:00:00,watches_gifts
EVT_0001657,CUST_00128,2024-01-01T00:00:00,furniture
EVT_0001658,CUST_00128,2024-01-01T02:00:00,housewares
EVT_0001659,CUST_00128,2024-01-01T04:00:00,bed_bath
EVT_0001660,CUST_00128,2024-01-01T06:00:00,furniture
EVT_0001661,CUST_00128,2024-01-01T08:00:00,housewares
EVT_0001662,CUST_00128,2024-01-01T10:00:00,bed_bath
EVT_0001663,CUST_00128,2024-01-01T12:00:00,furniture
EVT_0001664,CUST_00128,2024-01-01T14:00:00,housewares
EVT_0001665,CUST_00128,2024-01-01T16:00:00,bed_bath
EVT_0001666,CUST_00128,2024-01-01T18:00:00,furniture
EVT_0001667,CUST_00128,2024-01-01T20:00:00,housewares
EVT_0001668,CUST_00128,2024-01-01T22:00:00,bed_bath
EVT_0001669,CUST_00128,2024-01-02T00:00:00,furniture
EVT_0001670,CUST_00128,2024-01-02T02:00:00,housewares
EVT_0001671,CUST_00128,2024-01-02T04:00:00,bed_bath
EVT_0001672,CUST_00128,2024-01-02T06:00:00,furniture
EVT_0001673,CUST_00128,2024-01-02T08:00:00,housewares
EVT_0001674,CUST_00129,2024-01-01T00:00:00,bed_bath
EVT_0001675,CUST_00129,2024-01-01T02:00:00,furniture
EVT_0001676,CUST_00129,2024-01-01T04:00:00,housewares
EVT_0001677,CUST_00129,2024-01-01T06:00:00,bed_bath
EVT_0001678,CUST_00129,2024-01-01T08:00:00,furniture
EVT_0001679,CUST_00129,2024-01-01T10:00:00,housewares
EVT_0001680,CUST_00129,2024-01-01T12:00:00,bed_bath
EVT_0001681,CUST_00129,2024-01-01T14:00:00,furniture
EVT_0001682,CUST_00129,2024-01-01T16:00:00,housewares
EVT_0001683,CUST_00129,2024-01-01T18:00:00,health_beauty
EVT_0001684,CUST_00130,2024-01-01T00:00:00,electronics
EVT_0001685,CUST_00130,2024-01-01T02:00:00,computers
EVT_0001686,CUST_00130,2024-01-01T04:00:00,electronics
EVT_0001687,CUST_00130,2024-01-01T06:00:00,computers
EVT_0001688,CUST_00130,2024-01-01T08:00:00,electronics
EVT_0001689,CUST_00130,2024-01-01T10:00:00,computers
EVT_0001690,CUST_00130,2024-01-01T12:00:00,electronics
EVT_0001691,CUST_00130,2024-01-01T14:00:00,computers
EVT_0001692,CUST_00130,2024-01-01T16:00:00,electronics
EVT_0001693,CUST_00131,2024-01-01T00:00:00,furniture
EVT_0001694,CUST_00131,2024-01-01T02:00:00,housewares
EVT_0001695,CUST_00131,2024-01-01T04:00:00,bed_bath
EVT_0001696,CUST_00131,2024-01-01T06:00:00,furniture
EVT_0001697,CUST_00131,2024-01-01T08:00:00,housewares
EVT_0001698,CUST_00131,2024-01-01T10:00:00,bed_bath
EVT_0001699,CUST_00131,2024-01-01T12:00:00,furniture
EVT_0001700,CUST_00131,2024-01-01T14:00:00,housewares
EVT_0001701,CUST_00131,2024-01-01T16:00:00,bed_bath
EVT_0001702,CUST_00132,2024-01-01T00:00:00,computers
EVT_0001703,CUST_00132,2024-01-01T02:00:00,electronics
EVT_0001704,CUST_00132,2024-01-01T04:00:00,computers
EVT_0001705,CUST_00132,2024-01-01T06:00:00,electronics
EVT_0001706,CUST_00132,2024-01-01T08:00:00,computers
EVT_0001707,CUST_00132,2024-01-01T10:00:00,electronics
EVT_0001708,CUST_00132,2024-01-01T12:00:00,computers
EVT_0001709,CUST_00132,2024-01-01T14:00:00,electronics
EVT_0001710,CUST_00132,2024-01-01T16:00:00,computers
EVT_0001711,CUST_00133,2024-01-01T00:00:00,housewares
EVT_0001712,CUST_00133,2024-01-01T02:00:00,sports_leisure
EVT_0001713,CUST_00133,2024-01-01T04:00:00,health_beauty
EVT_0001714,CUST_00133,2024-01-01T06:00:00,watches_gifts
EVT_0001715,CUST_00133,2024-01-01T08:00:00,health_beauty
EVT_0001716,CUST_00133,2024-01-01T10:00:00,watches_gifts
EVT_0001717,CUST_00133,2024-01-01T12:00:00,health_beauty
EVT_0001718,CUST_00133,2024-01-01T14:00:00,watches_gifts
EVT_0001719,CUST_00134,2024-01-01T00:00:00,computers
EVT_0001720,CUST_00134,2024-01-01T02:00:00,electronics
EVT_0001721,CUST_00134,2024-01-01T04:00:00,computers
EVT_0001722,CUST_00134,2024-01-01T06:00:00,electronics
EVT_0001723,CUST_00134,2024-01-01T08:00:00,computers
EVT_0001724,CUST_00134,2024-01-01T10:00:00,electronics
EVT_0001725,CUST_00134,2024-01-01T12:00:00,computers
EVT_0001726,CUST_00134,2024-01-01T14:00:00,electronics
EVT_0001727,CUST_00134,2024-01-01T16:00:00,computers
EVT_0001728,CUST_00134,2024-01-01T18:00:00,electronics
EVT_0001729,CUST_00134,2024-01-01T20:00:00,computers
EVT_0001730,CUST_00134,2024-01-01T22:00:00,electronics
EVT_0001731,CUST_00134,2024-01-02T00:00:00,computers
EVT_0001732,CUST_00134,2024-01-02T02:00:00,electronics
EVT_0001733,CUST_00135,2024-01-01T00:00:00,health_beauty
EVT_0001734,CUST_00135,2024-01-01T02:00:00,watches_gifts
EVT_0001735,CUST_00135,2024-01-01T04:00:00,health_beauty
EVT_0001736,CUST_00135,2024-01-01T06:00:00,watches_gifts
EVT_0001737,CUST_00135,2024-01-01T08:00:00,health_beauty
EVT_0001738,CUST_00135,2024-01-01T10:00:00,watches_gifts
EVT_0001739,CUST_00135,2024-01-01T12:00:00,health_beauty
EVT_0001740,CUST_00135,2024-01-01T14:00:00,watches_gifts
EVT_0001741,CUST_00135,2024-01-01T16:00:00,health_beauty
EVT_0001742,CUST_00135,2024-01-01T18:00:00,watches_gifts
EVT_0001743,CUST_00135,2024-01-01T20:00:00,health_beauty
EVT_0001744,CUST_00135,2024-01-01T22:00:00,watches_gifts
EVT_0001745,CUST_00135,2024-01-02T00:00:00,health_beauty
EVT_0001746,CUST_00135,2024-01-02T02:00:00,watches_gifts
EVT_0001747,CUST_00135,2024-01-02T04:00:00,health_beauty
EVT_0001748,CUST_00135,2024-01-02T06:00:00,watches_gifts
EVT_0001749,CUST_00136,2024-01-01T00:00:00,furniture
EVT_0001750,CUST_00136,2024-01-01T02:00:00,housewares
EVT_0001751,CUST_00136,2024-01-01T04:00:00,bed_bath
EVT_0001752,CUST_00136,2024-01-01T06:00:00,furniture
EVT_0001753,CUST_00136,2024-01-01T08:00:00,housewares
EVT_0001754,CUST_00136,2024-01-01T10:00:00,bed_bath
EVT_0001755,CUST_00136,2024-01-01T12:00:00,furniture
EVT_0001756,CUST_00136,2024-01-01T14:00:00,housewares
EVT_0001757,CUST_00137,2024-01-01T00:00:00,electronics
EVT_0001758,CUST_00137,2024-01-01T02:00:00,computers
EVT_0001759,CUST_00137,2024-01-01T04:00:00,electronics
EVT_0001760,CUST_00137,2024-01-01T06:00:00,computers
EVT_0001761,CUST_00137,2024-01-01T08:00:00,electronics
EVT_0001762,CUST_00137,2024-01-01T10:00:00,computers
EVT_0001763,CUST_00137,2024-01-01T12:00:00,electronics
EVT_0001764,CUST_00137,2024-01-01T14:00:00,computers
EVT_0001765,CUST_00138,2024-01-01T00:00:00,watches_gifts
EVT_0001766,CUST_00138,2024-01-01T02:00:00,health_beauty
EVT_0001767,CUST_00138,2024-01-01T04:00:00,watches_gifts
EVT_0001768,CUST_00138,2024-01-01T06:00:00,health_beauty
EVT_0001769,CUST_00138,2024-01-01T08:00:00,watches_gifts
EVT_0001770,CUST_00138,2024-01-01T10:00:00,health_beauty
EVT_0001771,CUST_00138,2024-01-01T12:00:00,watches_gifts
EVT_0001772,CUST_00138,2024-01-01T14:00:00,health_beauty
EVT_0001773,CUST_00138,2024-01-01T16:00:00,watches_gifts
EVT_0001774,CUST_00139,2024-01-01T00:00:00,housewares
EVT_0001775,CUST_00139,2024-01-01T02:00:00,bed_bath
EVT_0001776,CUST_00139,2024-01-01T04:00:00,furniture
EVT_0001777,CUST_00139,2024-01-01T06:00:00,housewares
EVT_0001778,CUST_00139,2024-01-01T08:00:00,bed_bath
EVT_0001779,CUST_00139,2024-01-01T10:00:00,furniture
EVT_0001780,CUST_00139,2024-01-01T12:00:00,housewares
EVT_0001781,CUST_00139,2024-01-01T14:00:00,bed_bath
EVT_0001782,CUST_00139,2024-01-01T16:00:00,furniture
EVT_0001783,CUST_00139,2024-01-01T18:00:00,housewares
EVT_0001784,CUST_00140,2024-01-01T00:00:00,housewares
EVT_0001785,CUST_00140,2024-01-01T02:00:00,bed_bath
EVT_0001786,CUST_00140,2024-01-01T04:00:00,furniture
EVT_0001787,CUST_00140,2024-01-01T06:00:00,housewares
EVT_0001788,CUST_00140,2024-01-01T08:00:00,bed_bath
EVT_0001789,CUST_00140,2024-01-01T10:00:00,furniture
EVT_0001790,CUST_00140,2024-01-01T12:00:00,housewares
EVT_0001791,CUST_00140,2024-01-01T14:00:00,bed_bath
EVT_0001792,CUST_00140,2024-01-01T16:00:00,furniture
EVT_0001793,CUST_00140,2024-01-01T18:00:00,housewares
EVT_0001794,CUST_00140,2024-01-01T20:00:00,bed_bath
EVT_0001795,CUST_00140,2024-01-01T22:00:00,furniture
EVT_0001796,CUST_00141,2024-01-01T00:00:00,furniture
EVT_0001797,CUST_00141,2024-01-01T02:00:00,housewares
EVT_0001798,CUST_00141,2024-01-01T04:00:00,bed_bath
EVT_0001799,CUST_00141,2024-01-01T06:00:00,furniture
EVT_0001800,CUST_00141,2024-01-01T08:00:00,housewares
EVT_0001801,CUST_00141,2024-01-01T10:00:00,auto
EVT_0001802,CUST_00141,2024-01-01T12:00:00,electronics
EVT_0001803,CUST_00141,2024-01-01T14:00:00,computers
EVT_0001804,CUST_00141,2024-01-01T16:00:00,electronics
EVT_0001805,CUST_00141,2024-01-01T18:00:00,computers
EVT_0001806,CUST_00141,2024-01-01T20:00:00,electronics
EVT_0001807,CUST_00142,2024-01-01T00:00:00,electronics
EVT_0001808,CUST_00142,2024-01-01T02:00:00,computers
EVT_0001809,CUST_00142,2024-01-01T04:00:00,electronics
EVT_0001810,CUST_00142,2024-01-01T06:00:00,computers
EVT_0001811,CUST_00142,2024-01-01T08:00:00,electronics
EVT_0001812,CUST_00142,2024-01-01T10:00:00,computers
EVT_0001813,CUST_00142,2024-01-01T12:00:00,electronics
EVT_0001814,CUST_00142,2024-01-01T14:00:00,computers
EVT_0001815,CUST_00142,2024-01-01T16:00:00,electronics
EVT_0001816,CUST_00142,2024-01-01T18:00:00,computers
EVT_0001817,CUST_00142,2024-01-01T20:00:00,electronics
EVT_0001818,CUST_00143,2024-01-01T00:00:00,electronics
EVT_0001819,CUST_00143,2024-01-01T02:00:00,computers
EVT_0001820,CUST_00143,2024-01-01T04:00:00,electronics
EVT_0001821,CUST_00143,2024-01-01T06:00:00,computers
EVT_0001822,CUST_00143,2024-01-01T08:00:00,toys
EVT_0001823,CUST_00143,2024-01-01T10:00:00,electronics
EVT_0001824,CUST_00143,2024-01-01T12:00:00,computers
EVT_0001825,CUST_00143,2024-01-01T14:00:00,electronics
EVT_0001826,CUST_00143,2024-01-01T16:00:00,computers
EVT_0001827,CUST_00143,2024-01-01T18:00:00,electronics
EVT_0001828,CUST_00143,2024-01-01T20:00:00,computers
EVT_0001829,CUST_00143,2024-01-01T22:00:00,electronics
EVT_0001830,CUST_00144,2024-01-01T00:00:00,watches_gifts
EVT_0001831,CUST_00144,2024-01-01T02:00:00,health_beauty
EVT_0001832,CUST_00144,2024-01-01T04:00:00,watches_gifts
EVT_0001833,CUST_00144,2024-01-01T06:00:00,health_beauty
EVT_0001834,CUST_00144,2024-01-01T08:00:00,watches_gifts
EVT_0001835,CUST_00144,2024-01-01T10:00:00,health_beauty
EVT_0001836,CUST_00144,2024-01-01T12:00:00,watches_gifts
EVT_0001837,CUST_00144,2024-01-01T14:00:00,health_beauty
EVT_0001838,CUST_00144,2024-01-01T16:00:00,watches_gifts
EVT_0001839,CUST_00144,2024-01-01T18:00:00,health_beauty
EVT_0001840,CUST_00144,2024-01-01T20:00:00,watches_gifts
EVT_0001841,CUST_00144,2024-01-01T22:00:00,health_beauty
EVT_0001842,CUST_00144,2024-01-02T00:00:00,watches_gifts
EVT_0001843,CUST_00144,2024-01-02T02:00:00,health_beauty
EVT_0001844,CUST_00144,2024-01-02T04:00:00,watches_gifts
EVT_0001845,CUST_00144,2024-01-02T06:00:00,toys
EVT_0001846,CUST_00145,2024-01-01T00:00:00,electronics
EVT_0001847,CUST_00145,2024-01-01T02:00:00,computers
EVT_0001848,CUST_00145,2024-01-01T04:00:00,electronics
EVT_0001849,CUST_00145,2024-01-01T06:00:00,computers
EVT_0001850,CUST_00145,2024-01-01T08:00:00,electronics
EVT_0001851,CUST_00145,2024-01-01T10:00:00,computers
EVT_0001852,CUST_00145,2024-01-01T12:00:00,electronics
EVT_0001853,CUST_00145,2024-01-01T14:00:00,computers
EVT_0001854,CUST_00145,2024-01-01T16:00:00,electronics
EVT_0001855,CUST_00145,2024-01-01T18:00:00,computers
EVT_0001856,CUST_00145,2024-01-01T20:00:00,sports_leisure
EVT_0001857,CUST_00146,2024-01-01T00:00:00,housewares
EVT_0001858,CUST_00146,2024-01-01T02:00:00,bed_bath
EVT_0001859,CUST_00146,2024-01-01T04:00:00,furniture
EVT_0001860,CUST_00146,2024-01-01T06:00:00,housewares
EVT_0001861,CUST_00146,2024-01-01T08:00:00,bed_bath
EVT_0001862,CUST_00146,2024-01-01T10:00:00,furniture
EVT_0001863,CUST_00146,2024-01-01T12:00:00,housewares
EVT_0001864,CUST_00146,2024-01-01T14:00:00,bed_bath
EVT_0001865,CUST_00146,2024-01-01T16:00:00,furniture
EVT_0001866,CUST_00147,2024-01-01T00:00:00,watches_gifts
EVT_0001867,CUST_00147,2024-01-01T02:00:00,health_beauty
EVT_0001868,CUST_00147,2024-01-01T04:00:00,watches_gifts
EVT_0001869,CUST_00147,2024-01-01T06:00:00,health_beauty
EVT_0001870,CUST_00147,2024-01-01T08:00:00,watches_gifts
EVT_0001871,CUST_00147,2024-01-01T10:00:00,health_beauty
EVT_0001872,CUST_00147,2024-01-01T12:00:00,watches_gifts
EVT_0001873,CUST_00147,2024-01-01T14:00:00,health_beauty
EVT_0001874,CUST_00147,2024-01-01T16:00:00,watches_gifts
EVT_0001875,CUST_00147,2024-01-01T18:00:00,health_beauty
EVT_0001876,CUST_00147,2024-01-01T20:00:00,watches_gifts
EVT_0001877,CUST_00147,2024-01-01T22:00:00,health_beauty
EVT_0001878,CUST_00147,2024-01-02T00:00:00,watches_gifts
EVT_0001879,CUST_00147,2024-01-02T02:00:00,health_beauty
EVT_0001880,CUST_00147,2024-01-02T04:00:00,watches_gifts
EVT_0001881,CUST_00147,2024-01-02T06:00:00,health_beauty
EVT_0001882,CUST_00147,2024-01-02T08:00:00,watches_gifts
EVT_0001883,CUST_00148,2024-01-01T00:00:00,electronics
EVT_0001884,CUST_00148,2024-01-01T02:00:00,sports_leisure
EVT_0001885,CUST_00148,2024-01-01T04:00:00,health_beauty
EVT_0001886,CUST_00148,2024-01-01T06:00:00,watches_gifts
EVT_0001887,CUST_00148,2024-01-01T08:00:00,health_beauty
EVT_0001888,CUST_00148,2024-01-01T10:00:00,watches_gifts
EVT_0001889,CUST_00148,2024-01-01T12:00:00,health_beauty
EVT_0001890,CUST_00148,2024-01-01T14:00:00,bed_bath
EVT_0001891,CUST_00148,2024-01-01T16:00:00,furniture
EVT_0001892,CUST_00148,2024-01-01T18:00:00,housewares
EVT_0001893,CUST_00148,2024-01-01T20:00:00,bed_bath
EVT_0001894,CUST_00148,2024-01-01T22:00:00,furniture
EVT_0001895,CUST_00148,2024-01-02T00:00:00,housewares
EVT_0001896,CUST_00148,2024-01-02T02:00:00,bed_bath
EVT_0001897,CUST_00149,2024-01-01T00:00:00,health_beauty
EVT_0001898,CUST_00149,2024-01-01T02:00:00,watches_gifts
EVT_0001899,CUST_00149,2024-01-01T04:00:00,health_beauty
EVT_0001900,CUST_00149,2024-01-01T06:00:00,auto
EVT_0001901,CUST_00149,2024-01-01T08:00:00,electronics
EVT_0001902,CUST_00149,2024-01-01T10:00:00,computers
EVT_0001903,CUST_00149,2024-01-01T12:00:00,electronics
EVT_0001904,CUST_00149,2024-01-01T14:00:00,computers
EVT_0001905,CUST_00149,2024-01-01T16:00:00,electronics
EVT_0001906,CUST_00149,2024-01-01T18:00:00,computers
EVT_0001907,CUST_00149,2024-01-01T20:00:00,electronics
EVT_0001908,CUST_00150,2024-01-01T00:00:00,electronics
EVT_0001909,CUST_00150,2024-01-01T02:00:00,computers
EVT_0001910,CUST_00150,2024-01-01T04:00:00,electronics
EVT_0001911,CUST_00150,2024-01-01T06:00:00,computers
EVT_0001912,CUST_00150,2024-01-01T08:00:00,electronics
EVT_0001913,CUST_00150,2024-01-01T10:00:00,computers
EVT_0001914,CUST_00150,2024-01-01T12:00:00,electronics
EVT_0001915,CUST_00150,2024-01-01T14:00:00,computers
EVT_0001916,CUST_00150,2024-01-01T16:00:00,electronics
EVT_0001917,CUST_00150,2024-01-01T18:00:00,computers
EVT_0001918,CUST_00150,2024-01-01T20:00:00,electronics
EVT_0001919,CUST_00150,2024-01-01T22:00:00,computers
EVT_0001920,CUST_00150,2024-01-02T00:00:00,electronics
EVT_0001921,CUST_00150,2024-01-02T02:00:00,computers
EVT_0001922,CUST_00150,2024-01-02T04:00:00,electronics
EVT_0001923,CUST_00150,2024-01-02T06:00:00,computers
EVT_0001924,CUST_00151,2024-01-01T00:00:00,watches_gifts
EVT_0001925,CUST_00151,2024-01-01T02:00:00,health_beauty
EVT_0001926,CUST_00151,2024-01-01T04:00:00,watches_gifts
EVT_0001927,CUST_00151,2024-01-01T06:00:00,health_beauty
EVT_0001928,CUST_00151,2024-01-01T08:00:00,watches_gifts
EVT_0001929,CUST_00151,2024-01-01T10:00:00,health_beauty
EVT_0001930,CUST_00151,2024-01-01T12:00:00,watches_gifts
EVT_0001931,CUST_00151,2024-01-01T14:00:00,health_beauty
EVT_0001932,CUST_00151,2024-01-01T16:00:00,watches_gifts
EVT_0001933,CUST_00151,2024-01-01T18:00:00,health_beauty
EVT_0001934,CUST_00151,2024-01-01T20:00:00,watches_gifts
EVT_0001935,CUST_00151,2024-01-01T22:00:00,health_beauty
EVT_0001936,CUST_00151,2024-01-02T00:00:00,electronics
EVT_0001937,CUST_00151,2024-01-02T02:00:00,computers
EVT_0001938,CUST_00151,2024-01-02T04:00:00,electronics
EVT_0001939,CUST_00151,2024-01-02T06:00:00,computers
EVT_0001940,CUST_00152,2024-01-01T00:00:00,electronics
EVT_0001941,CUST_00152,2024-01-01T02:00:00,furniture
EVT_0001942,CUST_00152,2024-01-01T04:00:00,housewares
EVT_0001943,CUST_00152,2024-01-01T06:00:00,bed_bath
EVT_0001944,CUST_00152,2024-01-01T08:00:00,furniture
EVT_0001945,CUST_00152,2024-01-01T10:00:00,housewares
EVT_0001946,CUST_00152,2024-01-01T12:00:00,bed_bath
EVT_0001947,CUST_00152,2024-01-01T14:00:00,furniture
EVT_0001948,CUST_00152,2024-01-01T16:00:00,housewares
EVT_0001949,CUST_00152,2024-01-01T18:00:00,bed_bath
EVT_0001950,CUST_00152,2024-01-01T20:00:00,furniture
EVT_0001951,CUST_00152,2024-01-01T22:00:00,housewares
EVT_0001952,CUST_00153,2024-01-01T00:00:00,health_beauty
EVT_0001953,CUST_00153,2024-01-01T02:00:00,watches_gifts
EVT_0001954,CUST_00153,2024-01-01T04:00:00,health_beauty
EVT_0001955,CUST_00153,2024-01-01T06:00:00,watches_gifts
EVT_0001956,CUST_00153,2024-01-01T08:00:00,health_beauty
EVT_0001957,CUST_00153,2024-01-01T10:00:00,watches_gifts
EVT_0001958,CUST_00153,2024-01-01T12:00:00,housewares
EVT_0001959,CUST_00153,2024-01-01T14:00:00,bed_bath
EVT_0001960,CUST_00154,2024-01-01T00:00:00,health_beauty
EVT_0001961,CUST_00154,2024-01-01T02:00:00,watches_gifts
EVT_0001962,CUST_00154,2024-01-01T04:00:00,health_beauty
EVT_0001963,CUST_00154,2024-01-01T06:00:00,watches_gifts
EVT_0001964,CUST_00154,2024-01-01T08:00:00,health_beauty
EVT_0001965,CUST_00154,2024-01-01T10:00:00,watches_gifts
EVT_0001966,CUST_00154,2024-01-01T12:00:00,health_beauty
EVT_0001967,CUST_00154,2024-01-01T14:00:00,watches_gifts
EVT_0001968,CUST_00154,2024-01-01T16:00:00,health_beauty
EVT_0001969,CUST_00154,2024-01-01T18:00:00,watches_gifts
EVT_0001970,CUST_00154,2024-01-01T20:00:00,health_beauty
EVT_0001971,CUST_00154,2024-01-01T22:00:00,watches_gifts
EVT_0001972,CUST_00154,2024-01-02T00:00:00,health_beauty
EVT_0001973,CUST_00154,2024-01-02T02:00:00,watches_gifts
EVT_0001974,CUST_00154,2024-01-02T04:00:00,health_beauty
EVT_0001975,CUST_00155,2024-01-01T00:00:00,furniture
EVT_0001976,CUST_00155,2024-01-01T02:00:00,housewares
EVT_0001977,CUST_00155,2024-01-01T04:00:00,bed_bath
EVT_0001978,CUST_00155,2024-01-01T06:00:00,furniture
EVT_0001979,CUST_00155,2024-01-01T08:00:00,health_beauty
EVT_0001980,CUST_00155,2024-01-01T10:00:00,watches_gifts
EVT_0001981,CUST_00155,2024-01-01T12:00:00,health_beauty
EVT_0001982,CUST_00155,2024-01-01T14:00:00,watches_gifts
EVT_0001983,CUST_00155,2024-01-01T16:00:00,housewares
EVT_0001984,CUST_00156,2024-01-01T00:00:00,health_beauty
EVT_0001985,CUST_00156,2024-01-01T02:00:00,watches_gifts
EVT_0001986,CUST_00156,2024-01-01T04:00:00,health_beauty
EVT_0001987,CUST_00156,2024-01-01T06:00:00,watches_gifts
EVT_0001988,CUST_00156,2024-01-01T08:00:00,housewares
EVT_0001989,CUST_00156,2024-01-01T10:00:00,bed_bath
EVT_0001990,CUST_00156,2024-01-01T12:00:00,toys
EVT_0001991,CUST_00156,2024-01-01T14:00:00,electronics
EVT_0001992,CUST_00156,2024-01-01T16:00:00,computers
EVT_0001993,CUST_00156,2024-01-01T18:00:00,electronics
EVT_0001994,CUST_00156,2024-01-01T20:00:00,computers
EVT_0001995,CUST_00157,2024-01-01T00:00:00,furniture
EVT_0001996,CUST_00157,2024-01-01T02:00:00,housewares
EVT_0001997,CUST_00157,2024-01-01T04:00:00,bed_bath
EVT_0001998,CUST_00157,2024-01-01T06:00:00,bed_bath
EVT_0001999,CUST_00157,2024-01-01T08:00:00,furniture
EVT_0002000,CUST_00157,2024-01-01T10:00:00,housewares
EVT_0002001,CUST_00157,2024-01-01T12:00:00,bed_bath
EVT_0002002,CUST_00157,2024-01-01T14:00:00,furniture
EVT_0002003,CUST_00157,2024-01-01T16:00:00,housewares
EVT_0002004,CUST_00157,2024-01-01T18:00:00,bed_bath
EVT_0002005,CUST_00157,2024-01-01T20:00:00,furniture
EVT_0002006,CUST_00158,2024-01-01T00:00:00,computers
EVT_0002007,CUST_00158,2024-01-01T02:00:00,toys
EVT_0002008,CUST_00158,2024-01-01T04:00:00,electronics
EVT_0002009,CUST_00158,2024-01-01T06:00:00,computers
EVT_0002010,CUST_00158,2024-01-01T08:00:00,electronics
EVT_0002011,CUST_00158,2024-01-01T10:00:00,computers
EVT_0002012,CUST_00158,2024-01-01T12:00:00,electronics
EVT_0002013,CUST_00158,2024-01-01T14:00:00,computers
EVT_0002014,CUST_00158,2024-01-01T16:00:00,electronics
EVT_0002015,CUST_00158,2024-01-01T18:00:00,sports_leisure
EVT_0002016,CUST_00158,2024-01-01T20:00:00,health_beauty
EVT_0002017,CUST_00158,2024-01-01T22:00:00,watches_gifts
EVT_0002018,CUST_00159,2024-01-01T00:00:00,electronics
EVT_0002019,CUST_00159,2024-01-01T02:00:00,computers
EVT_0002020,CUST_00159,2024-01-01T04:00:00,electronics
EVT_0002021,CUST_00159,2024-01-01T06:00:00,computers
EVT_0002022,CUST_00159,2024-01-01T08:00:00,electronics
EVT_0002023,CUST_00159,2024-01-01T10:00:00,computers
EVT_0002024,CUST_00159,2024-01-01T12:00:00,electronics
EVT_0002025,CUST_00159,2024-01-01T14:00:00,computers
EVT_0002026,CUST_00159,2024-01-01T16:00:00,electronics
EVT_0002027,CUST_00159,2024-01-01T18:00:00,computers
EVT_0002028,CUST_00159,2024-01-01T20:00:00,electronics
EVT_0002029,CUST_00159,2024-01-01T22:00:00,computers
EVT_0002030,CUST_00159,2024-01-02T00:00:00,electronics
EVT_0002031,CUST_00159,2024-01-02T02:00:00,computers
EVT_0002032,CUST_00160,2024-01-01T00:00:00,watches_gifts
EVT_0002033,CUST_00160,2024-01-01T02:00:00,health_beauty
EVT_0002034,CUST_00160,2024-01-01T04:00:00,watches_gifts
EVT_0002035,CUST_00160,2024-01-01T06:00:00,health_beauty
EVT_0002036,CUST_00160,2024-01-01T08:00:00,watches_gifts
EVT_0002037,CUST_00160,2024-01-01T10:00:00,health_beauty
EVT_0002038,CUST_00160,2024-01-01T12:00:00,watches_gifts
EVT_0002039,CUST_00160,2024-01-01T14:00:00,health_beauty
EVT_0002040,CUST_00160,2024-01-01T16:00:00,watches_gifts
EVT_0002041,CUST_00160,2024-01-01T18:00:00,health_beauty
EVT_0002042,CUST_00160,2024-01-01T20:00:00,watches_gifts
EVT_0002043,CUST_00160,2024-01-01T22:00:00,health_beauty
EVT_0002044,CUST_00160,2024-01-02T00:00:00,watches_gifts
EVT_0002045,CUST_00160,2024-01-02T02:00:00,health_beauty
EVT_0002046,CUST_00160,2024-01-02T04:00:00,watches_gifts
EVT_0002047,CUST_00160,2024-01-02T06:00:00,health_beauty
EVT_0002048,CUST_00160,2024-01-02T08:00:00,watches_gifts
EVT_0002049,CUST_00161,2024-01-01T00:00:00,health_beauty
EVT_0002050,CUST_00161,2024-01-01T02:00:00,watches_gifts
EVT_0002051,CUST_00161,2024-01-01T04:00:00,health_beauty
EVT_0002052,CUST_00161,2024-01-01T06:00:00,watches_gifts
EVT_0002053,CUST_00161,2024-01-01T08:00:00,health_beauty
EVT_0002054,CUST_00161,2024-01-01T10:00:00,watches_gifts
EVT_0002055,CUST_00161,2024-01-01T12:00:00,health_beauty
EVT_0002056,CUST_00161,2024-01-01T14:00:00,watches_gifts
EVT_0002057,CUST_00161,2024-01-01T16:00:00,health_beauty
EVT_0002058,CUST_00161,2024-01-01T18:00:00,watches_gifts
EVT_0002059,CUST_00161,2024-01-01T20:00:00,auto
EVT_0002060,CUST_00161,2024-01-01T22:00:00,electronics
EVT_0002061,CUST_00161,2024-01-02T00:00:00,computers
EVT_0002062,CUST_00161,2024-01-02T02:00:00,electronics
EVT_0002063,CUST_00162,2024-01-01T00:00:00,electronics
EVT_0002064,CUST_00162,2024-01-01T02:00:00,computers
EVT_0002065,CUST_00162,2024-01-01T04:00:00,electronics
EVT_0002066,CUST_00162,2024-01-01T06:00:00,computers
EVT_0002067,CUST_00162,2024-01-01T08:00:00,electronics
EVT_0002068,CUST_00162,2024-01-01T10:00:00,computers
EVT_0002069,CUST_00162,2024-01-01T12:00:00,electronics
EVT_0002070,CUST_00162,2024-01-01T14:00:00,computers
EVT_0002071,CUST_00162,2024-01-01T16:00:00,electronics
EVT_0002072,CUST_00162,2024-01-01T18:00:00,computers
EVT_0002073,CUST_00162,2024-01-01T20:00:00,electronics
EVT_0002074,CUST_00162,2024-01-01T22:00:00,computers
EVT_0002075,CUST_00162,2024-01-02T00:00:00,electronics
EVT_0002076,CUST_00163,2024-01-01T00:00:00,bed_bath
EVT_0002077,CUST_00163,2024-01-01T02:00:00,furniture
EVT_0002078,CUST_00163,2024-01-01T04:00:00,housewares
EVT_0002079,CUST_00163,2024-01-01T06:00:00,bed_bath
EVT_0002080,CUST_00163,2024-01-01T08:00:00,furniture
EVT_0002081,CUST_00163,2024-01-01T10:00:00,housewares
EVT_0002082,CUST_00163,2024-01-01T12:00:00,toys
EVT_0002083,CUST_00163,2024-01-01T14:00:00,electronics
EVT_0002084,CUST_00163,2024-01-01T16:00:00,computers
EVT_0002085,CUST_00163,2024-01-01T18:00:00,electronics
EVT_0002086,CUST_00163,2024-01-01T20:00:00,computers
EVT_0002087,CUST_00163,2024-01-01T22:00:00,electronics
EVT_0002088,CUST_00163,2024-01-02T00:00:00,computers
EVT_0002089,CUST_00164,2024-01-01T00:00:00,electronics
EVT_0002090,CUST_00164,2024-01-01T02:00:00,computers
EVT_0002091,CUST_00164,2024-01-01T04:00:00,electronics
EVT_0002092,CUST_00164,2024-01-01T06:00:00,computers
EVT_0002093,CUST_00164,2024-01-01T08:00:00,electronics
EVT_0002094,CUST_00164,2024-01-01T10:00:00,computers
EVT_0002095,CUST_00164,2024-01-01T12:00:00,electronics
EVT_0002096,CUST_00164,2024-01-01T14:00:00,computers
EVT_0002097,CUST_00164,2024-01-01T16:00:00,electronics
EVT_0002098,CUST_00164,2024-01-01T18:00:00,computers
EVT_0002099,CUST_00164,2024-01-01T20:00:00,electronics
EVT_0002100,CUST_00164,2024-01-01T22:00:00,computers
EVT_0002101,CUST_00164,2024-01-02T00:00:00,electronics
EVT_0002102,CUST_00164,2024-01-02T02:00:00,computers
EVT_0002103,CUST_00164,2024-01-02T04:00:00,electronics
EVT_0002104,CUST_00165,2024-01-01T00:00:00,electronics
EVT_0002105,CUST_00165,2024-01-01T02:00:00,computers
EVT_0002106,CUST_00165,2024-01-01T04:00:00,electronics
EVT_0002107,CUST_00165,2024-01-01T06:00:00,computers
EVT_0002108,CUST_00165,2024-01-01T08:00:00,electronics
EVT_0002109,CUST_00165,2024-01-01T10:00:00,computers
EVT_0002110,CUST_00165,2024-01-01T12:00:00,bed_bath
EVT_0002111,CUST_00165,2024-01-01T14:00:00,furniture
EVT_0002112,CUST_00165,2024-01-01T16:00:00,housewares
EVT_0002113,CUST_00165,2024-01-01T18:00:00,bed_bath
EVT_0002114,CUST_00165,2024-01-01T20:00:00,furniture
EVT_0002115,CUST_00165,2024-01-01T22:00:00,housewares
EVT_0002116,CUST_00165,2024-01-02T00:00:00,bed_bath
EVT_0002117,CUST_00165,2024-01-02T02:00:00,furniture
EVT_0002118,CUST_00166,2024-01-01T00:00:00,electronics
EVT_0002119,CUST_00166,2024-01-01T02:00:00,computers
EVT_0002120,CUST_00166,2024-01-01T04:00:00,electronics
EVT_0002121,CUST_00166,2024-01-01T06:00:00,computers
EVT_0002122,CUST_00166,2024-01-01T08:00:00,electronics
EVT_0002123,CUST_00166,2024-01-01T10:00:00,watches_gifts
EVT_0002124,CUST_00166,2024-01-01T12:00:00,health_beauty
EVT_0002125,CUST_00166,2024-01-01T14:00:00,watches_gifts
EVT_0002126,CUST_00166,2024-01-01T16:00:00,health_beauty
EVT_0002127,CUST_00166,2024-01-01T18:00:00,watches_gifts
EVT_0002128,CUST_00166,2024-01-01T20:00:00,electronics
EVT_0002129,CUST_00166,2024-01-01T22:00:00,computers
EVT_0002130,CUST_00166,2024-01-02T00:00:00,electronics
EVT_0002131,CUST_00166,2024-01-02T02:00:00,computers
EVT_0002132,CUST_00166,2024-01-02T04:00:00,electronics
EVT_0002133,CUST_00166,2024-01-02T06:00:00,computers
EVT_0002134,CUST_00167,2024-01-01T00:00:00,health_beauty
EVT_0002135,CUST_00167,2024-01-01T02:00:00,watches_gifts
EVT_0002136,CUST_00167,2024-01-01T04:00:00,health_beauty
EVT_0002137,CUST_00167,2024-01-01T06:00:00,watches_gifts
EVT_0002138,CUST_00167,2024-01-01T08:00:00,sports_leisure
EVT_0002139,CUST_00167,2024-01-01T10:00:00,health_beauty
EVT_0002140,CUST_00167,2024-01-01T12:00:00,watches_gifts
EVT_0002141,CUST_00167,2024-01-01T14:00:00,health_beauty
EVT_0002142,CUST_00167,2024-01-01T16:00:00,watches_gifts
EVT_0002143,CUST_00167,2024-01-01T18:00:00,toys
EVT_0002144,CUST_00167,2024-01-01T20:00:00,electronics
EVT_0002145,CUST_00167,2024-01-01T22:00:00,watches_gifts
EVT_0002146,CUST_00168,2024-01-01T00:00:00,housewares
EVT_0002147,CUST_00168,2024-01-01T02:00:00,bed_bath
EVT_0002148,CUST_00168,2024-01-01T04:00:00,furniture
EVT_0002149,CUST_00168,2024-01-01T06:00:00,housewares
EVT_0002150,CUST_00168,2024-01-01T08:00:00,bed_bath
EVT_0002151,CUST_00168,2024-01-01T10:00:00,furniture
EVT_0002152,CUST_00168,2024-01-01T12:00:00,housewares
EVT_0002153,CUST_00168,2024-01-01T14:00:00,bed_bath
EVT_0002154,CUST_00168,2024-01-01T16:00:00,furniture
EVT_0002155,CUST_00168,2024-01-01T18:00:00,housewares
EVT_0002156,CUST_00168,2024-01-01T20:00:00,bed_bath
EVT_0002157,CUST_00169,2024-01-01T00:00:00,computers
EVT_0002158,CUST_00169,2024-01-01T02:00:00,electronics
EVT_0002159,CUST_00169,2024-01-01T04:00:00,computers
EVT_0002160,CUST_00169,2024-01-01T06:00:00,electronics
EVT_0002161,CUST_00169,2024-01-01T08:00:00,computers
EVT_0002162,CUST_00169,2024-01-01T10:00:00,electronics
EVT_0002163,CUST_00169,2024-01-01T12:00:00,computers
EVT_0002164,CUST_00169,2024-01-01T14:00:00,electronics
EVT_0002165,CUST_00169,2024-01-01T16:00:00,computers
EVT_0002166,CUST_00169,2024-01-01T18:00:00,electronics
EVT_0002167,CUST_00169,2024-01-01T20:00:00,computers
EVT_0002168,CUST_00169,2024-01-01T22:00:00,electronics
EVT_0002169,CUST_00169,2024-01-02T00:00:00,computers
EVT_0002170,CUST_00169,2024-01-02T02:00:00,electronics
EVT_0002171,CUST_00170,2024-01-01T00:00:00,electronics
EVT_0002172,CUST_00170,2024-01-01T02:00:00,computers
EVT_0002173,CUST_00170,2024-01-01T04:00:00,electronics
EVT_0002174,CUST_00170,2024-01-01T06:00:00,computers
EVT_0002175,CUST_00170,2024-01-01T08:00:00,electronics
EVT_0002176,CUST_00170,2024-01-01T10:00:00,computers
EVT_0002177,CUST_00170,2024-01-01T12:00:00,electronics
EVT_0002178,CUST_00170,2024-01-01T14:00:00,computers
EVT_0002179,CUST_00170,2024-01-01T16:00:00,electronics
EVT_0002180,CUST_00170,2024-01-01T18:00:00,computers
EVT_0002181,CUST_00170,2024-01-01T20:00:00,electronics
EVT_0002182,CUST_00171,2024-01-01T00:00:00,computers
EVT_0002183,CUST_00171,2024-01-01T02:00:00,electronics
EVT_0002184,CUST_00171,2024-01-01T04:00:00,computers
EVT_0002185,CUST_00171,2024-01-01T06:00:00,electronics
EVT_0002186,CUST_00171,2024-01-01T08:00:00,computers
EVT_0002187,CUST_00171,2024-01-01T10:00:00,electronics
EVT_0002188,CUST_00171,2024-01-01T12:00:00,computers
EVT_0002189,CUST_00171,2024-01-01T14:00:00,electronics
EVT_0002190,CUST_00171,2024-01-01T16:00:00,computers
EVT_0002191,CUST_00172,2024-01-01T00:00:00,electronics
EVT_0002192,CUST_00172,2024-01-01T02:00:00,computers
EVT_0002193,CUST_00172,2024-01-01T04:00:00,electronics
EVT_0002194,CUST_00172,2024-01-01T06:00:00,computers
EVT_0002195,CUST_00172,2024-01-01T08:00:00,electronics
EVT_0002196,CUST_00172,2024-01-01T10:00:00,computers
EVT_0002197,CUST_00172,2024-01-01T12:00:00,electronics
EVT_0002198,CUST_00172,2024-01-01T14:00:00,computers
EVT_0002199,CUST_00172,2024-01-01T16:00:00,electronics
EVT_0002200,CUST_00172,2024-01-01T18:00:00,computers
EVT_0002201,CUST_00172,2024-01-01T20:00:00,electronics
EVT_0002202,CUST_00173,2024-01-01T00:00:00,furniture
EVT_0002203,CUST_00173,2024-01-01T02:00:00,housewares
EVT_0002204,CUST_00173,2024-01-01T04:00:00,bed_bath
EVT_0002205,CUST_00173,2024-01-01T06:00:00,furniture
EVT_0002206,CUST_00173,2024-01-01T08:00:00,housewares
EVT_0002207,CUST_00173,2024-01-01T10:00:00,bed_bath
EVT_0002208,CUST_00173,2024-01-01T12:00:00,furniture
EVT_0002209,CUST_00173,2024-01-01T14:00:00,housewares
EVT_0002210,CUST_00173,2024-01-01T16:00:00,bed_bath
EVT_0002211,CUST_00173,2024-01-01T18:00:00,furniture
EVT_0002212,CUST_00173,2024-01-01T20:00:00,housewares
EVT_0002213,CUST_00173,2024-01-01T22:00:00,bed_bath
EVT_0002214,CUST_00173,2024-01-02T00:00:00,furniture
EVT_0002215,CUST_00173,2024-01-02T02:00:00,housewares
EVT_0002216,CUST_00173,2024-01-02T04:00:00,bed_bath
EVT_0002217,CUST_00174,2024-01-01T00:00:00,computers
EVT_0002218,CUST_00174,2024-01-01T02:00:00,electronics
EVT_0002219,CUST_00174,2024-01-01T04:00:00,computers
EVT_0002220,CUST_00174,2024-01-01T06:00:00,electronics
EVT_0002221,CUST_00174,2024-01-01T08:00:00,computers
EVT_0002222,CUST_00174,2024-01-01T10:00:00,electronics
EVT_0002223,CUST_00174,2024-01-01T12:00:00,computers
EVT_0002224,CUST_00174,2024-01-01T14:00:00,electronics
EVT_0002225,CUST_00174,2024-01-01T16:00:00,computers
EVT_0002226,CUST_00174,2024-01-01T18:00:00,electronics
EVT_0002227,CUST_00174,2024-01-01T20:00:00,toys
EVT_0002228,CUST_00174,2024-01-01T22:00:00,electronics
EVT_0002229,CUST_00174,2024-01-02T00:00:00,computers
EVT_0002230,CUST_00175,2024-01-01T00:00:00,furniture
EVT_0002231,CUST_00175,2024-01-01T02:00:00,housewares
EVT_0002232,CUST_00175,2024-01-01T04:00:00,bed_bath
EVT_0002233,CUST_00175,2024-01-01T06:00:00,furniture
EVT_0002234,CUST_00175,2024-01-01T08:00:00,housewares
EVT_0002235,CUST_00175,2024-01-01T10:00:00,bed_bath
EVT_0002236,CUST_00175,2024-01-01T12:00:00,furniture
EVT_0002237,CUST_00175,2024-01-01T14:00:00,housewares
EVT_0002238,CUST_00175,2024-01-01T16:00:00,bed_bath
EVT_0002239,CUST_00176,2024-01-01T00:00:00,electronics
EVT_0002240,CUST_00176,2024-01-01T02:00:00,computers
EVT_0002241,CUST_00176,2024-01-01T04:00:00,electronics
EVT_0002242,CUST_00176,2024-01-01T06:00:00,computers
EVT_0002243,CUST_00176,2024-01-01T08:00:00,electronics
EVT_0002244,CUST_00176,2024-01-01T10:00:00,housewares
EVT_0002245,CUST_00176,2024-01-01T12:00:00,bed_bath
EVT_0002246,CUST_00176,2024-01-01T14:00:00,furniture
EVT_0002247,CUST_00176,2024-01-01T16:00:00,sports_leisure
EVT_0002248,CUST_00176,2024-01-01T18:00:00,health_beauty
EVT_0002249,CUST_00176,2024-01-01T20:00:00,watches_gifts
EVT_0002250,CUST_00176,2024-01-01T22:00:00,health_beauty
EVT_0002251,CUST_00176,2024-01-02T00:00:00,watches_gifts
EVT_0002252,CUST_00176,2024-01-02T02:00:00,health_beauty
EVT_0002253,CUST_00177,2024-01-01T00:00:00,bed_bath
EVT_0002254,CUST_00177,2024-01-01T02:00:00,furniture
EVT_0002255,CUST_00177,2024-01-01T04:00:00,housewares
EVT_0002256,CUST_00177,2024-01-01T06:00:00,auto
EVT_0002257,CUST_00177,2024-01-01T08:00:00,electronics
EVT_0002258,CUST_00177,2024-01-01T10:00:00,computers
EVT_0002259,CUST_00177,2024-01-01T12:00:00,electronics
EVT_0002260,CUST_00177,2024-01-01T14:00:00,computers
EVT_0002261,CUST_00177,2024-01-01T16:00:00,electronics
EVT_0002262,CUST_00178,2024-01-01T00:00:00,health_beauty
EVT_0002263,CUST_00178,2024-01-01T02:00:00,watches_gifts
EVT_0002264,CUST_00178,2024-01-01T04:00:00,health_beauty
EVT_0002265,CUST_00178,2024-01-01T06:00:00,watches_gifts
EVT_0002266,CUST_00178,2024-01-01T08:00:00,health_beauty
EVT_0002267,CUST_00178,2024-01-01T10:00:00,watches_gifts
EVT_0002268,CUST_00178,2024-01-01T12:00:00,health_beauty
EVT_0002269,CUST_00178,2024-01-01T14:00:00,watches_gifts
EVT_0002270,CUST_00179,2024-01-01T00:00:00,housewares
EVT_0002271,CUST_00179,2024-01-01T02:00:00,bed_bath
EVT_0002272,CUST_00179,2024-01-01T04:00:00,furniture
EVT_0002273,CUST_00179,2024-01-01T06:00:00,housewares
EVT_0002274,CUST_00179,2024-01-01T08:00:00,computers
EVT_0002275,CUST_00179,2024-01-01T10:00:00,electronics
EVT_0002276,CUST_00179,2024-01-01T12:00:00,computers
EVT_0002277,CUST_00179,2024-01-01T14:00:00,electronics
EVT_0002278,CUST_00179,2024-01-01T16:00:00,computers
EVT_0002279,CUST_00179,2024-01-01T18:00:00,electronics
EVT_0002280,CUST_00180,2024-01-01T00:00:00,watches_gifts
EVT_0002281,CUST_00180,2024-01-01T02:00:00,auto
EVT_0002282,CUST_00180,2024-01-01T04:00:00,electronics
EVT_0002283,CUST_00180,2024-01-01T06:00:00,computers
EVT_0002284,CUST_00180,2024-01-01T08:00:00,electronics
EVT_0002285,CUST_00180,2024-01-01T10:00:00,computers
EVT_0002286,CUST_00180,2024-01-01T12:00:00,electronics
EVT_0002287,CUST_00180,2024-01-01T14:00:00,computers
EVT_0002288,CUST_00180,2024-01-01T16:00:00,electronics
EVT_0002289,CUST_00180,2024-01-01T18:00:00,computers
EVT_0002290,CUST_00180,2024-01-01T20:00:00,electronics
EVT_0002291,CUST_00181,2024-01-01T00:00:00,health_beauty
EVT_0002292,CUST_00181,2024-01-01T02:00:00,watches_gifts
EVT_0002293,CUST_00181,2024-01-01T04:00:00,health_beauty
EVT_0002294,CUST_00181,2024-01-01T06:00:00,watches_gifts
EVT_0002295,CUST_00181,2024-01-01T08:00:00,health_beauty
EVT_0002296,CUST_00181,2024-01-01T10:00:00,watches_gifts
EVT_0002297,CUST_00181,2024-01-01T12:00:00,health_beauty
EVT_0002298,CUST_00181,2024-01-01T14:00:00,electronics
EVT_0002299,CUST_00182,2024-01-01T00:00:00,bed_bath
EVT_0002300,CUST_00182,2024-01-01T02:00:00,furniture
EVT_0002301,CUST_00182,2024-01-01T04:00:00,housewares
EVT_0002302,CUST_00182,2024-01-01T06:00:00,bed_bath
EVT_0002303,CUST_00182,2024-01-01T08:00:00,furniture
EVT_0002304,CUST_00182,2024-01-01T10:00:00,housewares
EVT_0002305,CUST_00182,2024-01-01T12:00:00,bed_bath
EVT_0002306,CUST_00182,2024-01-01T14:00:00,furniture
EVT_0002307,CUST_00182,2024-01-01T16:00:00,housewares
EVT_0002308,CUST_00182,2024-01-01T18:00:00,bed_bath
EVT_0002309,CUST_00182,2024-01-01T20:00:00,furniture
EVT_0002310,CUST_00182,2024-01-01T22:00:00,housewares
EVT_0002311,CUST_00182,2024-01-02T00:00:00,bed_bath
EVT_0002312,CUST_00182,2024-01-02T02:00:00,furniture
EVT_0002313,CUST_00183,2024-01-01T00:00:00,furniture
EVT_0002314,CUST_00183,2024-01-01T02:00:00,housewares
EVT_0002315,CUST_00183,2024-01-01T04:00:00,bed_bath
EVT_0002316,CUST_00183,2024-01-01T06:00:00,furniture
EVT_0002317,CUST_00183,2024-01-01T08:00:00,housewares
EVT_0002318,CUST_00183,2024-01-01T10:00:00,bed_bath
EVT_0002319,CUST_00183,2024-01-01T12:00:00,furniture
EVT_0002320,CUST_00183,2024-01-01T14:00:00,housewares
EVT_0002321,CUST_00183,2024-01-01T16:00:00,bed_bath
EVT_0002322,CUST_00184,2024-01-01T00:00:00,bed_bath
EVT_0002323,CUST_00184,2024-01-01T02:00:00,furniture
EVT_0002324,CUST_00184,2024-01-01T04:00:00,housewares
EVT_0002325,CUST_00184,2024-01-01T06:00:00,furniture
EVT_0002326,CUST_00184,2024-01-01T08:00:00,housewares
EVT_0002327,CUST_00184,2024-01-01T10:00:00,bed_bath
EVT_0002328,CUST_00184,2024-01-01T12:00:00,furniture
EVT_0002329,CUST_00184,2024-01-01T14:00:00,housewares
EVT_0002330,CUST_00184,2024-01-01T16:00:00,bed_bath
EVT_0002331,CUST_00184,2024-01-01T18:00:00,furniture
EVT_0002332,CUST_00184,2024-01-01T20:00:00,housewares
EVT_0002333,CUST_00184,2024-01-01T22:00:00,health_beauty
EVT_0002334,CUST_00184,2024-01-02T00:00:00,watches_gifts
EVT_0002335,CUST_00184,2024-01-02T02:00:00,health_beauty
EVT_0002336,CUST_00184,2024-01-02T04:00:00,watches_gifts
EVT_0002337,CUST_00184,2024-01-02T06:00:00,health_beauty
EVT_0002338,CUST_00184,2024-01-02T08:00:00,watches_gifts
EVT_0002339,CUST_00185,2024-01-01T00:00:00,health_beauty
EVT_0002340,CUST_00185,2024-01-01T02:00:00,watches_gifts
EVT_0002341,CUST_00185,2024-01-01T04:00:00,health_beauty
EVT_0002342,CUST_00185,2024-01-01T06:00:00,watches_gifts
EVT_0002343,CUST_00185,2024-01-01T08:00:00,auto
EVT_0002344,CUST_00185,2024-01-01T10:00:00,sports_leisure
EVT_0002345,CUST_00185,2024-01-01T12:00:00,health_beauty
EVT_0002346,CUST_00185,2024-01-01T14:00:00,watches_gifts
EVT_0002347,CUST_00185,2024-01-01T16:00:00,health_beauty
EVT_0002348,CUST_00185,2024-01-01T18:00:00,watches_gifts
EVT_0002349,CUST_00185,2024-01-01T20:00:00,health_beauty
EVT_0002350,CUST_00186,2024-01-01T00:00:00,housewares
EVT_0002351,CUST_00186,2024-01-01T02:00:00,bed_bath
EVT_0002352,CUST_00186,2024-01-01T04:00:00,furniture
EVT_0002353,CUST_00186,2024-01-01T06:00:00,housewares
EVT_0002354,CUST_00186,2024-01-01T08:00:00,bed_bath
EVT_0002355,CUST_00186,2024-01-01T10:00:00,furniture
EVT_0002356,CUST_00186,2024-01-01T12:00:00,housewares
EVT_0002357,CUST_00186,2024-01-01T14:00:00,bed_bath
EVT_0002358,CUST_00186,2024-01-01T16:00:00,furniture
EVT_0002359,CUST_00186,2024-01-01T18:00:00,housewares
EVT_0002360,CUST_00186,2024-01-01T20:00:00,bed_bath
EVT_0002361,CUST_00186,2024-01-01T22:00:00,furniture
EVT_0002362,CUST_00186,2024-01-02T00:00:00,housewares
EVT_0002363,CUST_00186,2024-01-02T02:00:00,bed_bath
EVT_0002364,CUST_00186,2024-01-02T04:00:00,furniture
EVT_0002365,CUST_00186,2024-01-02T06:00:00,housewares
EVT_0002366,CUST_00186,2024-01-02T08:00:00,bed_bath
EVT_0002367,CUST_00187,2024-01-01T00:00:00,computers
EVT_0002368,CUST_00187,2024-01-01T02:00:00,electronics
EVT_0002369,CUST_00187,2024-01-01T04:00:00,computers
EVT_0002370,CUST_00187,2024-01-01T06:00:00,electronics
EVT_0002371,CUST_00187,2024-01-01T08:00:00,computers
EVT_0002372,CUST_00187,2024-01-01T10:00:00,electronics
EVT_0002373,CUST_00187,2024-01-01T12:00:00,computers
EVT_0002374,CUST_00187,2024-01-01T14:00:00,electronics
EVT_0002375,CUST_00187,2024-01-01T16:00:00,computers
EVT_0002376,CUST_00188,2024-01-01T00:00:00,health_beauty
EVT_0002377,CUST_00188,2024-01-01T02:00:00,watches_gifts
EVT_0002378,CUST_00188,2024-01-01T04:00:00,health_beauty
EVT_0002379,CUST_00188,2024-01-01T06:00:00,watches_gifts
EVT_0002380,CUST_00188,2024-01-01T08:00:00,health_beauty
EVT_0002381,CUST_00188,2024-01-01T10:00:00,watches_gifts
EVT_0002382,CUST_00188,2024-01-01T12:00:00,health_beauty
EVT_0002383,CUST_00188,2024-01-01T14:00:00,watches_gifts
EVT_0002384,CUST_00188,2024-01-01T16:00:00,health_beauty
EVT_0002385,CUST_00188,2024-01-01T18:00:00,watches_gifts
EVT_0002386,CUST_00188,2024-01-01T20:00:00,health_beauty
EVT_0002387,CUST_00188,2024-01-01T22:00:00,watches_gifts
EVT_0002388,CUST_00188,2024-01-02T00:00:00,health_beauty
EVT_0002389,CUST_00188,2024-01-02T02:00:00,watches_gifts
EVT_0002390,CUST_00188,2024-01-02T04:00:00,health_beauty
EVT_0002391,CUST_00188,2024-01-02T06:00:00,watches_gifts
EVT_0002392,CUST_00189,2024-01-01T00:00:00,electronics
EVT_0002393,CUST_00189,2024-01-01T02:00:00,computers
EVT_0002394,CUST_00189,2024-01-01T04:00:00,electronics
EVT_0002395,CUST_00189,2024-01-01T06:00:00,computers
EVT_0002396,CUST_00189,2024-01-01T08:00:00,electronics
EVT_0002397,CUST_00189,2024-01-01T10:00:00,computers
EVT_0002398,CUST_00189,2024-01-01T12:00:00,electronics
EVT_0002399,CUST_00189,2024-01-01T14:00:00,computers
EVT_0002400,CUST_00189,2024-01-01T16:00:00,electronics
EVT_0002401,CUST_00189,2024-01-01T18:00:00,auto
EVT_0002402,CUST_00189,2024-01-01T20:00:00,electronics
EVT_0002403,CUST_00189,2024-01-01T22:00:00,computers
EVT_0002404,CUST_00189,2024-01-02T00:00:00,electronics
EVT_0002405,CUST_00189,2024-01-02T02:00:00,computers
EVT_0002406,CUST_00190,2024-01-01T00:00:00,computers
EVT_0002407,CUST_00190,2024-01-01T02:00:00,electronics
EVT_0002408,CUST_00190,2024-01-01T04:00:00,computers
EVT_0002409,CUST_00190,2024-01-01T06:00:00,electronics
EVT_0002410,CUST_00190,2024-01-01T08:00:00,computers
EVT_0002411,CUST_00190,2024-01-01T10:00:00,electronics
EVT_0002412,CUST_00190,2024-01-01T12:00:00,auto
EVT_0002413,CUST_00190,2024-01-01T14:00:00,furniture
EVT_0002414,CUST_00190,2024-01-01T16:00:00,housewares
EVT_0002415,CUST_00190,2024-01-01T18:00:00,bed_bath
EVT_0002416,CUST_00190,2024-01-01T20:00:00,furniture
EVT_0002417,CUST_00190,2024-01-01T22:00:00,health_beauty
EVT_0002418,CUST_00191,2024-01-01T00:00:00,furniture
EVT_0002419,CUST_00191,2024-01-01T02:00:00,housewares
EVT_0002420,CUST_00191,2024-01-01T04:00:00,bed_bath
EVT_0002421,CUST_00191,2024-01-01T06:00:00,furniture
EVT_0002422,CUST_00191,2024-01-01T08:00:00,housewares
EVT_0002423,CUST_00191,2024-01-01T10:00:00,bed_bath
EVT_0002424,CUST_00191,2024-01-01T12:00:00,furniture
EVT_0002425,CUST_00191,2024-01-01T14:00:00,housewares
EVT_0002426,CUST_00191,2024-01-01T16:00:00,bed_bath
EVT_0002427,CUST_00191,2024-01-01T18:00:00,furniture
EVT_0002428,CUST_00191,2024-01-01T20:00:00,housewares
EVT_0002429,CUST_00191,2024-01-01T22:00:00,bed_bath
EVT_0002430,CUST_00191,2024-01-02T00:00:00,furniture
EVT_0002431,CUST_00192,2024-01-01T00:00:00,health_beauty
EVT_0002432,CUST_00192,2024-01-01T02:00:00,watches_gifts
EVT_0002433,CUST_00192,2024-01-01T04:00:00,health_beauty
EVT_0002434,CUST_00192,2024-01-01T06:00:00,watches_gifts
EVT_0002435,CUST_00192,2024-01-01T08:00:00,health_beauty
EVT_0002436,CUST_00192,2024-01-01T10:00:00,watches_gifts
EVT_0002437,CUST_00192,2024-01-01T12:00:00,housewares
EVT_0002438,CUST_00192,2024-01-01T14:00:00,bed_bath
EVT_0002439,CUST_00192,2024-01-01T16:00:00,furniture
EVT_0002440,CUST_00192,2024-01-01T18:00:00,housewares
EVT_0002441,CUST_00193,2024-01-01T00:00:00,health_beauty
EVT_0002442,CUST_00193,2024-01-01T02:00:00,watches_gifts
EVT_0002443,CUST_00193,2024-01-01T04:00:00,health_beauty
EVT_0002444,CUST_00193,2024-01-01T06:00:00,watches_gifts
EVT_0002445,CUST_00193,2024-01-01T08:00:00,health_beauty
EVT_0002446,CUST_00193,2024-01-01T10:00:00,watches_gifts
EVT_0002447,CUST_00193,2024-01-01T12:00:00,health_beauty
EVT_0002448,CUST_00193,2024-01-01T14:00:00,watches_gifts
EVT_0002449,CUST_00193,2024-01-01T16:00:00,health_beauty
EVT_0002450,CUST_00193,2024-01-01T18:00:00,watches_gifts
EVT_0002451,CUST_00193,2024-01-01T20:00:00,health_beauty
EVT_0002452,CUST_00194,2024-01-01T00:00:00,electronics
EVT_0002453,CUST_00194,2024-01-01T02:00:00,computers
EVT_0002454,CUST_00194,2024-01-01T04:00:00,electronics
EVT_0002455,CUST_00194,2024-01-01T06:00:00,furniture
EVT_0002456,CUST_00194,2024-01-01T08:00:00,housewares
EVT_0002457,CUST_00194,2024-01-01T10:00:00,bed_bath
EVT_0002458,CUST_00194,2024-01-01T12:00:00,furniture
EVT_0002459,CUST_00194,2024-01-01T14:00:00,housewares
EVT_0002460,CUST_00194,2024-01-01T16:00:00,bed_bath
EVT_0002461,CUST_00194,2024-01-01T18:00:00,furniture
EVT_0002462,CUST_00195,2024-01-01T00:00:00,housewares
EVT_0002463,CUST_00195,2024-01-01T02:00:00,bed_bath
EVT_0002464,CUST_00195,2024-01-01T04:00:00,furniture
EVT_0002465,CUST_00195,2024-01-01T06:00:00,housewares
EVT_0002466,CUST_00195,2024-01-01T08:00:00,bed_bath
EVT_0002467,CUST_00195,2024-01-01T10:00:00,furniture
EVT_0002468,CUST_00195,2024-01-01T12:00:00,housewares
EVT_0002469,CUST_00195,2024-01-01T14:00:00,bed_bath
EVT_0002470,CUST_00195,2024-01-01T16:00:00,furniture
EVT_0002471,CUST_00196,2024-01-01T00:00:00,health_beauty
EVT_0002472,CUST_00196,2024-01-01T02:00:00,watches_gifts
EVT_0002473,CUST_00196,2024-01-01T04:00:00,health_beauty
EVT_0002474,CUST_00196,2024-01-01T06:00:00,watches_gifts
EVT_0002475,CUST_00196,2024-01-01T08:00:00,auto
EVT_0002476,CUST_00196,2024-01-01T10:00:00,electronics
EVT_0002477,CUST_00196,2024-01-01T12:00:00,computers
EVT_0002478,CUST_00196,2024-01-01T14:00:00,electronics
EVT_0002479,CUST_00196,2024-01-01T16:00:00,computers
EVT_0002480,CUST_00196,2024-01-01T18:00:00,computers
EVT_0002481,CUST_00196,2024-01-01T20:00:00,electronics
EVT_0002482,CUST_00197,2024-01-01T00:00:00,bed_bath
EVT_0002483,CUST_00197,2024-01-01T02:00:00,furniture
EVT_0002484,CUST_00197,2024-01-01T04:00:00,housewares
EVT_0002485,CUST_00197,2024-01-01T06:00:00,bed_bath
EVT_0002486,CUST_00197,2024-01-01T08:00:00,furniture
EVT_0002487,CUST_00197,2024-01-01T10:00:00,housewares
EVT_0002488,CUST_00197,2024-01-01T12:00:00,bed_bath
EVT_0002489,CUST_00197,2024-01-01T14:00:00,furniture
EVT_0002490,CUST_00197,2024-01-01T16:00:00,housewares
EVT_0002491,CUST_00197,2024-01-01T18:00:00,bed_bath
EVT_0002492,CUST_00197,2024-01-01T20:00:00,furniture
EVT_0002493,CUST_00198,2024-01-01T00:00:00,housewares
EVT_0002494,CUST_00198,2024-01-01T02:00:00,bed_bath
EVT_0002495,CUST_00198,2024-01-01T04:00:00,furniture
EVT_0002496,CUST_00198,2024-01-01T06:00:00,housewares
EVT_0002497,CUST_00198,2024-01-01T08:00:00,bed_bath
EVT_0002498,CUST_00198,2024-01-01T10:00:00,furniture
EVT_0002499,CUST_00198,2024-01-01T12:00:00,housewares
EVT_0002500,CUST_00198,2024-01-01T14:00:00,bed_bath
EVT_0002501,CUST_00198,2024-01-01T16:00:00,furniture
EVT_0002502,CUST_00198,2024-01-01T18:00:00,housewares
EVT_0002503,CUST_00198,2024-01-01T20:00:00,bed_bath
EVT_0002504,CUST_00198,2024-01-01T22:00:00,furniture
EVT_0002505,CUST_00198,2024-01-02T00:00:00,housewares
EVT_0002506,CUST_00198,2024-01-02T02:00:00,bed_bath
EVT_0002507,CUST_00198,2024-01-02T04:00:00,furniture
EVT_0002508,CUST_00198,2024-01-02T06:00:00,housewares
EVT_0002509,CUST_00199,2024-01-01T00:00:00,watches_gifts
EVT_0002510,CUST_00199,2024-01-01T02:00:00,health_beauty
EVT_0002511,CUST_00199,2024-01-01T04:00:00,watches_gifts
EVT_0002512,CUST_00199,2024-01-01T06:00:00,health_beauty
EVT_0002513,CUST_00199,2024-01-01T08:00:00,watches_gifts
EVT_0002514,CUST_00199,2024-01-01T10:00:00,health_beauty
EVT_0002515,CUST_00199,2024-01-01T12:00:00,watches_gifts
EVT_0002516,CUST_00199,2024-01-01T14:00:00,health_beauty
EVT_0002517,CUST_00199,2024-01-01T16:00:00,watches_gifts
EVT_0002518,CUST_00199,2024-01-01T18:00:00,health_beauty
EVT_0002519,CUST_00199,2024-01-01T20:00:00,watches_gifts
EVT_0002520,CUST_00199,2024-01-01T22:00:00,health_beauty
EVT_0002521,CUST_00200,2024-01-01T00:00:00,computers
EVT_0002522,CUST_00200,2024-01-01T02:00:00,electronics
EVT_0002523,CUST_00200,2024-01-01T04:00:00,computers
EVT_0002524,CUST_00200,2024-01-01T06:00:00,electronics
EVT_0002525,CUST_00200,2024-01-01T08:00:00,computers
EVT_0002526,CUST_00200,2024-01-01T10:00:00,electronics
EVT_0002527,CUST_00200,2024-01-01T12:00:00,computers
EVT_0002528,CUST_00200,2024-01-01T14:00:00,sports_leisure
EVT_0002529,CUST_00200,2024-01-01T16:00:00,health_beauty
EVT_0002530,CUST_00200,2024-01-01T18:00:00,watches_gifts
EVT_0002531,CUST_00200,2024-01-01T20:00:00,health_beauty
EVT_0002532,CUST_00200,2024-01-01T22:00:00,watches_gifts
EVT_0002533,CUST_00200,2024-01-02T00:00:00,health_beauty
EVT_0002534,CUST_00201,2024-01-01T00:00:00,bed_bath
EVT_0002535,CUST_00201,2024-01-01T02:00:00,furniture
EVT_0002536,CUST_00201,2024-01-01T04:00:00,housewares
EVT_0002537,CUST_00201,2024-01-01T06:00:00,bed_bath
EVT_0002538,CUST_00201,2024-01-01T08:00:00,furniture
EVT_0002539,CUST_00201,2024-01-01T10:00:00,housewares
EVT_0002540,CUST_00201,2024-01-01T12:00:00,bed_bath
EVT_0002541,CUST_00201,2024-01-01T14:00:00,furniture
EVT_0002542,CUST_00202,2024-01-01T00:00:00,electronics
EVT_0002543,CUST_00202,2024-01-01T02:00:00,furniture
EVT_0002544,CUST_00202,2024-01-01T04:00:00,housewares
EVT_0002545,CUST_00202,2024-01-01T06:00:00,bed_bath
EVT_0002546,CUST_00202,2024-01-01T08:00:00,furniture
EVT_0002547,CUST_00202,2024-01-01T10:00:00,housewares
EVT_0002548,CUST_00202,2024-01-01T12:00:00,bed_bath
EVT_0002549,CUST_00202,2024-01-01T14:00:00,furniture
EVT_0002550,CUST_00202,2024-01-01T16:00:00,housewares
EVT_0002551,CUST_00202,2024-01-01T18:00:00,bed_bath
EVT_0002552,CUST_00203,2024-01-01T00:00:00,health_beauty
EVT_0002553,CUST_00203,2024-01-01T02:00:00,watches_gifts
EVT_0002554,CUST_00203,2024-01-01T04:00:00,health_beauty
EVT_0002555,CUST_00203,2024-01-01T06:00:00,watches_gifts
EVT_0002556,CUST_00203,2024-01-01T08:00:00,health_beauty
EVT_0002557,CUST_00203,2024-01-01T10:00:00,watches_gifts
EVT_0002558,CUST_00203,2024-01-01T12:00:00,electronics
EVT_0002559,CUST_00203,2024-01-01T14:00:00,computers
EVT_0002560,CUST_00203,2024-01-01T16:00:00,electronics
EVT_0002561,CUST_00203,2024-01-01T18:00:00,computers
EVT_0002562,CUST_00203,2024-01-01T20:00:00,electronics
EVT_0002563,CUST_00203,2024-01-01T22:00:00,furniture
EVT_0002564,CUST_00203,2024-01-02T00:00:00,housewares
EVT_0002565,CUST_00203,2024-01-02T02:00:00,bed_bath
EVT_0002566,CUST_00203,2024-01-02T04:00:00,furniture
EVT_0002567,CUST_00204,2024-01-01T00:00:00,electronics
EVT_0002568,CUST_00204,2024-01-01T02:00:00,computers
EVT_0002569,CUST_00204,2024-01-01T04:00:00,computers
EVT_0002570,CUST_00204,2024-01-01T06:00:00,electronics
EVT_0002571,CUST_00204,2024-01-01T08:00:00,sports_leisure
EVT_0002572,CUST_00204,2024-01-01T10:00:00,health_beauty
EVT_0002573,CUST_00204,2024-01-01T12:00:00,watches_gifts
EVT_0002574,CUST_00204,2024-01-01T14:00:00,health_beauty
EVT_0002575,CUST_00205,2024-01-01T00:00:00,electronics
EVT_0002576,CUST_00205,2024-01-01T02:00:00,computers
EVT_0002577,CUST_00205,2024-01-01T04:00:00,electronics
EVT_0002578,CUST_00205,2024-01-01T06:00:00,computers
EVT_0002579,CUST_00205,2024-01-01T08:00:00,electronics
EVT_0002580,CUST_00205,2024-01-01T10:00:00,computers
EVT_0002581,CUST_00205,2024-01-01T12:00:00,health_beauty
EVT_0002582,CUST_00205,2024-01-01T14:00:00,watches_gifts
EVT_0002583,CUST_00205,2024-01-01T16:00:00,health_beauty
EVT_0002584,CUST_00205,2024-01-01T18:00:00,watches_gifts
EVT_0002585,CUST_00205,2024-01-01T20:00:00,health_beauty
EVT_0002586,CUST_00205,2024-01-01T22:00:00,watches_gifts
EVT_0002587,CUST_00205,2024-01-02T00:00:00,health_beauty
EVT_0002588,CUST_00205,2024-01-02T02:00:00,watches_gifts
EVT_0002589,CUST_00206,2024-01-01T00:00:00,health_beauty
EVT_0002590,CUST_00206,2024-01-01T02:00:00,watches_gifts
EVT_0002591,CUST_00206,2024-01-01T04:00:00,health_beauty
EVT_0002592,CUST_00206,2024-01-01T06:00:00,watches_gifts
EVT_0002593,CUST_00206,2024-01-01T08:00:00,health_beauty
EVT_0002594,CUST_00206,2024-01-01T10:00:00,watches_gifts
EVT_0002595,CUST_00206,2024-01-01T12:00:00,health_beauty
EVT_0002596,CUST_00206,2024-01-01T14:00:00,watches_gifts
EVT_0002597,CUST_00207,2024-01-01T00:00:00,housewares
EVT_0002598,CUST_00207,2024-01-01T02:00:00,bed_bath
EVT_0002599,CUST_00207,2024-01-01T04:00:00,furniture
EVT_0002600,CUST_00207,2024-01-01T06:00:00,housewares
EVT_0002601,CUST_00207,2024-01-01T08:00:00,bed_bath
EVT_0002602,CUST_00207,2024-01-01T10:00:00,furniture
EVT_0002603,CUST_00207,2024-01-01T12:00:00,housewares
EVT_0002604,CUST_00207,2024-01-01T14:00:00,bed_bath
EVT_0002605,CUST_00207,2024-01-01T16:00:00,furniture
EVT_0002606,CUST_00207,2024-01-01T18:00:00,housewares
EVT_0002607,CUST_00207,2024-01-01T20:00:00,bed_bath
EVT_0002608,CUST_00207,2024-01-01T22:00:00,furniture
EVT_0002609,CUST_00208,2024-01-01T00:00:00,electronics
EVT_0002610,CUST_00208,2024-01-01T02:00:00,computers
EVT_0002611,CUST_00208,2024-01-01T04:00:00,computers
EVT_0002612,CUST_00208,2024-01-01T06:00:00,electronics
EVT_0002613,CUST_00208,2024-01-01T08:00:00,computers
EVT_0002614,CUST_00208,2024-01-01T10:00:00,electronics
EVT_0002615,CUST_00208,2024-01-01T12:00:00,computers
EVT_0002616,CUST_00208,2024-01-01T14:00:00,electronics
EVT_0002617,CUST_00208,2024-01-01T16:00:00,computers
EVT_0002618,CUST_00208,2024-01-01T18:00:00,electronics
EVT_0002619,CUST_00208,2024-01-01T20:00:00,auto
EVT_0002620,CUST_00208,2024-01-01T22:00:00,electronics
EVT_0002621,CUST_00208,2024-01-02T00:00:00,computers
EVT_0002622,CUST_00208,2024-01-02T02:00:00,electronics
EVT_0002623,CUST_00208,2024-01-02T04:00:00,computers
EVT_0002624,CUST_00208,2024-01-02T06:00:00,electronics
EVT_0002625,CUST_00209,2024-01-01T00:00:00,watches_gifts
EVT_0002626,CUST_00209,2024-01-01T02:00:00,health_beauty
EVT_0002627,CUST_00209,2024-01-01T04:00:00,computers
EVT_0002628,CUST_00209,2024-01-01T06:00:00,electronics
EVT_0002629,CUST_00209,2024-01-01T08:00:00,computers
EVT_0002630,CUST_00209,2024-01-01T10:00:00,electronics
EVT_0002631,CUST_00209,2024-01-01T12:00:00,computers
EVT_0002632,CUST_00209,2024-01-01T14:00:00,electronics
EVT_0002633,CUST_00209,2024-01-01T16:00:00,computers
EVT_0002634,CUST_00209,2024-01-01T18:00:00,electronics
EVT_0002635,CUST_00209,2024-01-01T20:00:00,computers
EVT_0002636,CUST_00210,2024-01-01T00:00:00,electronics
EVT_0002637,CUST_00210,2024-01-01T02:00:00,computers
EVT_0002638,CUST_00210,2024-01-01T04:00:00,electronics
EVT_0002639,CUST_00210,2024-01-01T06:00:00,computers
EVT_0002640,CUST_00210,2024-01-01T08:00:00,electronics
EVT_0002641,CUST_00210,2024-01-01T10:00:00,computers
EVT_0002642,CUST_00210,2024-01-01T12:00:00,auto
EVT_0002643,CUST_00210,2024-01-01T14:00:00,electronics
EVT_0002644,CUST_00210,2024-01-01T16:00:00,computers
EVT_0002645,CUST_00210,2024-01-01T18:00:00,electronics
EVT_0002646,CUST_00210,2024-01-01T20:00:00,watches_gifts
EVT_0002647,CUST_00210,2024-01-01T22:00:00,health_beauty
EVT_0002648,CUST_00210,2024-01-02T00:00:00,watches_gifts
EVT_0002649,CUST_00210,2024-01-02T02:00:00,health_beauty
EVT_0002650,CUST_00211,2024-01-01T00:00:00,computers
EVT_0002651,CUST_00211,2024-01-01T02:00:00,electronics
EVT_0002652,CUST_00211,2024-01-01T04:00:00,computers
EVT_0002653,CUST_00211,2024-01-01T06:00:00,electronics
EVT_0002654,CUST_00211,2024-01-01T08:00:00,computers
EVT_0002655,CUST_00211,2024-01-01T10:00:00,electronics
EVT_0002656,CUST_00211,2024-01-01T12:00:00,computers
EVT_0002657,CUST_00211,2024-01-01T14:00:00,electronics
EVT_0002658,CUST_00211,2024-01-01T16:00:00,computers
EVT_0002659,CUST_00211,2024-01-01T18:00:00,computers
EVT_0002660,CUST_00211,2024-01-01T20:00:00,electronics
EVT_0002661,CUST_00211,2024-01-01T22:00:00,computers
EVT_0002662,CUST_00211,2024-01-02T00:00:00,electronics
EVT_0002663,CUST_00212,2024-01-01T00:00:00,electronics
EVT_0002664,CUST_00212,2024-01-01T02:00:00,computers
EVT_0002665,CUST_00212,2024-01-01T04:00:00,electronics
EVT_0002666,CUST_00212,2024-01-01T06:00:00,computers
EVT_0002667,CUST_00212,2024-01-01T08:00:00,electronics
EVT_0002668,CUST_00212,2024-01-01T10:00:00,computers
EVT_0002669,CUST_00212,2024-01-01T12:00:00,electronics
EVT_0002670,CUST_00212,2024-01-01T14:00:00,computers
EVT_0002671,CUST_00212,2024-01-01T16:00:00,electronics
EVT_0002672,CUST_00212,2024-01-01T18:00:00,computers
EVT_0002673,CUST_00212,2024-01-01T20:00:00,electronics
EVT_0002674,CUST_00213,2024-01-01T00:00:00,furniture
EVT_0002675,CUST_00213,2024-01-01T02:00:00,housewares
EVT_0002676,CUST_00213,2024-01-01T04:00:00,bed_bath
EVT_0002677,CUST_00213,2024-01-01T06:00:00,furniture
EVT_0002678,CUST_00213,2024-01-01T08:00:00,auto
EVT_0002679,CUST_00213,2024-01-01T10:00:00,electronics
EVT_0002680,CUST_00213,2024-01-01T12:00:00,computers
EVT_0002681,CUST_00213,2024-01-01T14:00:00,electronics
EVT_0002682,CUST_00213,2024-01-01T16:00:00,computers
EVT_0002683,CUST_00213,2024-01-01T18:00:00,electronics
EVT_0002684,CUST_00214,2024-01-01T00:00:00,electronics
EVT_0002685,CUST_00214,2024-01-01T02:00:00,computers
EVT_0002686,CUST_00214,2024-01-01T04:00:00,furniture
EVT_0002687,CUST_00214,2024-01-01T06:00:00,housewares
EVT_0002688,CUST_00214,2024-01-01T08:00:00,bed_bath
EVT_0002689,CUST_00214,2024-01-01T10:00:00,furniture
EVT_0002690,CUST_00214,2024-01-01T12:00:00,housewares
EVT_0002691,CUST_00214,2024-01-01T14:00:00,bed_bath
EVT_0002692,CUST_00214,2024-01-01T16:00:00,furniture
EVT_0002693,CUST_00214,2024-01-01T18:00:00,housewares
EVT_0002694,CUST_00214,2024-01-01T20:00:00,bed_bath
EVT_0002695,CUST_00214,2024-01-01T22:00:00,furniture
EVT_0002696,CUST_00214,2024-01-02T00:00:00,housewares
EVT_0002697,CUST_00215,2024-01-01T00:00:00,electronics
EVT_0002698,CUST_00215,2024-01-01T02:00:00,computers
EVT_0002699,CUST_00215,2024-01-01T04:00:00,electronics
EVT_0002700,CUST_00215,2024-01-01T06:00:00,computers
EVT_0002701,CUST_00215,2024-01-01T08:00:00,electronics
EVT_0002702,CUST_00215,2024-01-01T10:00:00,computers
EVT_0002703,CUST_00215,2024-01-01T12:00:00,auto
EVT_0002704,CUST_00215,2024-01-01T14:00:00,electronics
EVT_0002705,CUST_00215,2024-01-01T16:00:00,computers
EVT_0002706,CUST_00215,2024-01-01T18:00:00,electronics
EVT_0002707,CUST_00215,2024-01-01T20:00:00,computers
EVT_0002708,CUST_00215,2024-01-01T22:00:00,electronics
EVT_0002709,CUST_00215,2024-01-02T00:00:00,toys
EVT_0002710,CUST_00215,2024-01-02T02:00:00,electronics
EVT_0002711,CUST_00215,2024-01-02T04:00:00,computers
EVT_0002712,CUST_00215,2024-01-02T06:00:00,electronics
EVT_0002713,CUST_00216,2024-01-01T00:00:00,housewares
EVT_0002714,CUST_00216,2024-01-01T02:00:00,bed_bath
EVT_0002715,CUST_00216,2024-01-01T04:00:00,furniture
EVT_0002716,CUST_00216,2024-01-01T06:00:00,housewares
EVT_0002717,CUST_00216,2024-01-01T08:00:00,bed_bath
EVT_0002718,CUST_00216,2024-01-01T10:00:00,furniture
EVT_0002719,CUST_00216,2024-01-01T12:00:00,housewares
EVT_0002720,CUST_00216,2024-01-01T14:00:00,computers
EVT_0002721,CUST_00216,2024-01-01T16:00:00,electronics
EVT_0002722,CUST_00216,2024-01-01T18:00:00,computers
EVT_0002723,CUST_00217,2024-01-01T00:00:00,electronics
EVT_0002724,CUST_00217,2024-01-01T02:00:00,computers
EVT_0002725,CUST_00217,2024-01-01T04:00:00,electronics
EVT_0002726,CUST_00217,2024-01-01T06:00:00,computers
EVT_0002727,CUST_00217,2024-01-01T08:00:00,electronics
EVT_0002728,CUST_00217,2024-01-01T10:00:00,computers
EVT_0002729,CUST_00217,2024-01-01T12:00:00,electronics
EVT_0002730,CUST_00217,2024-01-01T14:00:00,computers
EVT_0002731,CUST_00217,2024-01-01T16:00:00,electronics
EVT_0002732,CUST_00217,2024-01-01T18:00:00,computers
EVT_0002733,CUST_00217,2024-01-01T20:00:00,electronics
EVT_0002734,CUST_00217,2024-01-01T22:00:00,computers
EVT_0002735,CUST_00217,2024-01-02T00:00:00,electronics
EVT_0002736,CUST_00217,2024-01-02T02:00:00,computers
EVT_0002737,CUST_00217,2024-01-02T04:00:00,electronics
EVT_0002738,CUST_00217,2024-01-02T06:00:00,computers
EVT_0002739,CUST_00217,2024-01-02T08:00:00,electronics
EVT_0002740,CUST_00218,2024-01-01T00:00:00,furniture
EVT_0002741,CUST_00218,2024-01-01T02:00:00,housewares
EVT_0002742,CUST_00218,2024-01-01T04:00:00,bed_bath
EVT_0002743,CUST_00218,2024-01-01T06:00:00,furniture
EVT_0002744,CUST_00218,2024-01-01T08:00:00,computers
EVT_0002745,CUST_00218,2024-01-01T10:00:00,electronics
EVT_0002746,CUST_00218,2024-01-01T12:00:00,computers
EVT_0002747,CUST_00218,2024-01-01T14:00:00,electronics
EVT_0002748,CUST_00218,2024-01-01T16:00:00,computers
EVT_0002749,CUST_00218,2024-01-01T18:00:00,electronics
EVT_0002750,CUST_00218,2024-01-01T20:00:00,computers
EVT_0002751,CUST_00218,2024-01-01T22:00:00,electronics
EVT_0002752,CUST_00218,2024-01-02T00:00:00,computers
EVT_0002753,CUST_00218,2024-01-02T02:00:00,electronics
EVT_0002754,CUST_00218,2024-01-02T04:00:00,computers
EVT_0002755,CUST_00218,2024-01-02T06:00:00,electronics
EVT_0002756,CUST_00219,2024-01-01T00:00:00,computers
EVT_0002757,CUST_00219,2024-01-01T02:00:00,electronics
EVT_0002758,CUST_00219,2024-01-01T04:00:00,computers
EVT_0002759,CUST_00219,2024-01-01T06:00:00,furniture
EVT_0002760,CUST_00219,2024-01-01T08:00:00,housewares
EVT_0002761,CUST_00219,2024-01-01T10:00:00,bed_bath
EVT_0002762,CUST_00219,2024-01-01T12:00:00,furniture
EVT_0002763,CUST_00219,2024-01-01T14:00:00,housewares
EVT_0002764,CUST_00219,2024-01-01T16:00:00,bed_bath
EVT_0002765,CUST_00219,2024-01-01T18:00:00,furniture
EVT_0002766,CUST_00219,2024-01-01T20:00:00,housewares
EVT_0002767,CUST_00219,2024-01-01T22:00:00,bed_bath
EVT_0002768,CUST_00219,2024-01-02T00:00:00,furniture
EVT_0002769,CUST_00220,2024-01-01T00:00:00,watches_gifts
EVT_0002770,CUST_00220,2024-01-01T02:00:00,health_beauty
EVT_0002771,CUST_00220,2024-01-01T04:00:00,watches_gifts
EVT_0002772,CUST_00220,2024-01-01T06:00:00,health_beauty
EVT_0002773,CUST_00220,2024-01-01T08:00:00,watches_gifts
EVT_0002774,CUST_00220,2024-01-01T10:00:00,health_beauty
EVT_0002775,CUST_00220,2024-01-01T12:00:00,watches_gifts
EVT_0002776,CUST_00220,2024-01-01T14:00:00,health_beauty
EVT_0002777,CUST_00220,2024-01-01T16:00:00,watches_gifts
EVT_0002778,CUST_00220,2024-01-01T18:00:00,health_beauty
EVT_0002779,CUST_00221,2024-01-01T00:00:00,bed_bath
EVT_0002780,CUST_00221,2024-01-01T02:00:00,furniture
EVT_0002781,CUST_00221,2024-01-01T04:00:00,housewares
EVT_0002782,CUST_00221,2024-01-01T06:00:00,electronics
EVT_0002783,CUST_00221,2024-01-01T08:00:00,computers
EVT_0002784,CUST_00221,2024-01-01T10:00:00,electronics
EVT_0002785,CUST_00221,2024-01-01T12:00:00,computers
EVT_0002786,CUST_00221,2024-01-01T14:00:00,electronics
EVT_0002787,CUST_00221,2024-01-01T16:00:00,computers
EVT_0002788,CUST_00221,2024-01-01T18:00:00,electronics
EVT_0002789,CUST_00221,2024-01-01T20:00:00,computers
EVT_0002790,CUST_00221,2024-01-01T22:00:00,electronics
EVT_0002791,CUST_00221,2024-01-02T00:00:00,computers
EVT_0002792,CUST_00221,2024-01-02T02:00:00,electronics
EVT_0002793,CUST_00221,2024-01-02T04:00:00,computers
EVT_0002794,CUST_00222,2024-01-01T00:00:00,health_beauty
EVT_0002795,CUST_00222,2024-01-01T02:00:00,watches_gifts
EVT_0002796,CUST_00222,2024-01-01T04:00:00,health_beauty
EVT_0002797,CUST_00222,2024-01-01T06:00:00,watches_gifts
EVT_0002798,CUST_00222,2024-01-01T08:00:00,health_beauty
EVT_0002799,CUST_00222,2024-01-01T10:00:00,watches_gifts
EVT_0002800,CUST_00222,2024-01-01T12:00:00,health_beauty
EVT_0002801,CUST_00222,2024-01-01T14:00:00,health_beauty
EVT_0002802,CUST_00223,2024-01-01T00:00:00,health_beauty
EVT_0002803,CUST_00223,2024-01-01T02:00:00,furniture
EVT_0002804,CUST_00223,2024-01-01T04:00:00,housewares
EVT_0002805,CUST_00223,2024-01-01T06:00:00,bed_bath
EVT_0002806,CUST_00223,2024-01-01T08:00:00,furniture
EVT_0002807,CUST_00223,2024-01-01T10:00:00,housewares
EVT_0002808,CUST_00223,2024-01-01T12:00:00,bed_bath
EVT_0002809,CUST_00223,2024-01-01T14:00:00,furniture
EVT_0002810,CUST_00223,2024-01-01T16:00:00,housewares
EVT_0002811,CUST_00223,2024-01-01T18:00:00,bed_bath
EVT_0002812,CUST_00223,2024-01-01T20:00:00,furniture
EVT_0002813,CUST_00223,2024-01-01T22:00:00,housewares
EVT_0002814,CUST_00223,2024-01-02T00:00:00,bed_bath
EVT_0002815,CUST_00223,2024-01-02T02:00:00,furniture
EVT_0002816,CUST_00223,2024-01-02T04:00:00,housewares
EVT_0002817,CUST_00223,2024-01-02T06:00:00,bed_bath
EVT_0002818,CUST_00224,2024-01-01T00:00:00,electronics
EVT_0002819,CUST_00224,2024-01-01T02:00:00,computers
EVT_0002820,CUST_00224,2024-01-01T04:00:00,electronics
EVT_0002821,CUST_00224,2024-01-01T06:00:00,computers
EVT_0002822,CUST_00224,2024-01-01T08:00:00,electronics
EVT_0002823,CUST_00224,2024-01-01T10:00:00,computers
EVT_0002824,CUST_00224,2024-01-01T12:00:00,electronics
EVT_0002825,CUST_00224,2024-01-01T14:00:00,computers
EVT_0002826,CUST_00224,2024-01-01T16:00:00,watches_gifts
EVT_0002827,CUST_00224,2024-01-01T18:00:00,health_beauty
EVT_0002828,CUST_00224,2024-01-01T20:00:00,watches_gifts
EVT_0002829,CUST_00224,2024-01-01T22:00:00,health_beauty
EVT_0002830,CUST_00224,2024-01-02T00:00:00,watches_gifts
EVT_0002831,CUST_00225,2024-01-01T00:00:00,electronics
EVT_0002832,CUST_00225,2024-01-01T02:00:00,computers
EVT_0002833,CUST_00225,2024-01-01T04:00:00,electronics
EVT_0002834,CUST_00225,2024-01-01T06:00:00,computers
EVT_0002835,CUST_00225,2024-01-01T08:00:00,electronics
EVT_0002836,CUST_00225,2024-01-01T10:00:00,computers
EVT_0002837,CUST_00225,2024-01-01T12:00:00,electronics
EVT_0002838,CUST_00225,2024-01-01T14:00:00,computers
EVT_0002839,CUST_00225,2024-01-01T16:00:00,electronics
EVT_0002840,CUST_00225,2024-01-01T18:00:00,computers
EVT_0002841,CUST_00226,2024-01-01T00:00:00,electronics
EVT_0002842,CUST_00226,2024-01-01T02:00:00,computers
EVT_0002843,CUST_00226,2024-01-01T04:00:00,electronics
EVT_0002844,CUST_00226,2024-01-01T06:00:00,computers
EVT_0002845,CUST_00226,2024-01-01T08:00:00,electronics
EVT_0002846,CUST_00226,2024-01-01T10:00:00,computers
EVT_0002847,CUST_00226,2024-01-01T12:00:00,electronics
EVT_0002848,CUST_00226,2024-01-01T14:00:00,computers
EVT_0002849,CUST_00226,2024-01-01T16:00:00,electronics
EVT_0002850,CUST_00226,2024-01-01T18:00:00,computers
EVT_0002851,CUST_00226,2024-01-01T20:00:00,electronics
EVT_0002852,CUST_00226,2024-01-01T22:00:00,computers
EVT_0002853,CUST_00227,2024-01-01T00:00:00,computers
EVT_0002854,CUST_00227,2024-01-01T02:00:00,electronics
EVT_0002855,CUST_00227,2024-01-01T04:00:00,computers
EVT_0002856,CUST_00227,2024-01-01T06:00:00,health_beauty
EVT_0002857,CUST_00227,2024-01-01T08:00:00,watches_gifts
EVT_0002858,CUST_00227,2024-01-01T10:00:00,health_beauty
EVT_0002859,CUST_00227,2024-01-01T12:00:00,watches_gifts
EVT_0002860,CUST_00227,2024-01-01T14:00:00,health_beauty
EVT_0002861,CUST_00227,2024-01-01T16:00:00,watches_gifts
EVT_0002862,CUST_00227,2024-01-01T18:00:00,furniture
EVT_0002863,CUST_00227,2024-01-01T20:00:00,housewares
EVT_0002864,CUST_00227,2024-01-01T22:00:00,bed_bath
EVT_0002865,CUST_00228,2024-01-01T00:00:00,watches_gifts
EVT_0002866,CUST_00228,2024-01-01T02:00:00,health_beauty
EVT_0002867,CUST_00228,2024-01-01T04:00:00,watches_gifts
EVT_0002868,CUST_00228,2024-01-01T06:00:00,health_beauty
EVT_0002869,CUST_00228,2024-01-01T08:00:00,watches_gifts
EVT_0002870,CUST_00228,2024-01-01T10:00:00,health_beauty
EVT_0002871,CUST_00228,2024-01-01T12:00:00,watches_gifts
EVT_0002872,CUST_00228,2024-01-01T14:00:00,health_beauty
EVT_0002873,CUST_00228,2024-01-01T16:00:00,watches_gifts
EVT_0002874,CUST_00228,2024-01-01T18:00:00,health_beauty
EVT_0002875,CUST_00228,2024-01-01T20:00:00,watches_gifts
EVT_0002876,CUST_00228,2024-01-01T22:00:00,health_beauty
EVT_0002877,CUST_00228,2024-01-02T00:00:00,watches_gifts
EVT_0002878,CUST_00228,2024-01-02T02:00:00,health_beauty
EVT_0002879,CUST_00228,2024-01-02T04:00:00,watches_gifts
EVT_0002880,CUST_00228,2024-01-02T06:00:00,health_beauty
EVT_0002881,CUST_00229,2024-01-01T00:00:00,bed_bath
EVT_0002882,CUST_00229,2024-01-01T02:00:00,furniture
EVT_0002883,CUST_00229,2024-01-01T04:00:00,toys
EVT_0002884,CUST_00229,2024-01-01T06:00:00,electronics
EVT_0002885,CUST_00229,2024-01-01T08:00:00,computers
EVT_0002886,CUST_00229,2024-01-01T10:00:00,electronics
EVT_0002887,CUST_00229,2024-01-01T12:00:00,computers
EVT_0002888,CUST_00229,2024-01-01T14:00:00,electronics
EVT_0002889,CUST_00229,2024-01-01T16:00:00,computers
EVT_0002890,CUST_00229,2024-01-01T18:00:00,electronics
EVT_0002891,CUST_00229,2024-01-01T20:00:00,computers
EVT_0002892,CUST_00229,2024-01-01T22:00:00,electronics
EVT_0002893,CUST_00229,2024-01-02T00:00:00,computers
EVT_0002894,CUST_00229,2024-01-02T02:00:00,electronics
EVT_0002895,CUST_00229,2024-01-02T04:00:00,computers
EVT_0002896,CUST_00229,2024-01-02T06:00:00,electronics
EVT_0002897,CUST_00229,2024-01-02T08:00:00,computers
EVT_0002898,CUST_00230,2024-01-01T00:00:00,health_beauty
EVT_0002899,CUST_00230,2024-01-01T02:00:00,watches_gifts
EVT_0002900,CUST_00230,2024-01-01T04:00:00,health_beauty
EVT_0002901,CUST_00230,2024-01-01T06:00:00,watches_gifts
EVT_0002902,CUST_00230,2024-01-01T08:00:00,health_beauty
EVT_0002903,CUST_00230,2024-01-01T10:00:00,watches_gifts
EVT_0002904,CUST_00230,2024-01-01T12:00:00,health_beauty
EVT_0002905,CUST_00230,2024-01-01T14:00:00,watches_gifts
EVT_0002906,CUST_00230,2024-01-01T16:00:00,health_beauty
EVT_0002907,CUST_00230,2024-01-01T18:00:00,watches_gifts
EVT_0002908,CUST_00231,2024-01-01T00:00:00,furniture
EVT_0002909,CUST_00231,2024-01-01T02:00:00,housewares
EVT_0002910,CUST_00231,2024-01-01T04:00:00,bed_bath
EVT_0002911,CUST_00231,2024-01-01T06:00:00,furniture
EVT_0002912,CUST_00231,2024-01-01T08:00:00,housewares
EVT_0002913,CUST_00231,2024-01-01T10:00:00,bed_bath
EVT_0002914,CUST_00231,2024-01-01T12:00:00,furniture
EVT_0002915,CUST_00231,2024-01-01T14:00:00,housewares
EVT_0002916,CUST_00231,2024-01-01T16:00:00,bed_bath
EVT_0002917,CUST_00231,2024-01-01T18:00:00,furniture
EVT_0002918,CUST_00231,2024-01-01T20:00:00,housewares
EVT_0002919,CUST_00232,2024-01-01T00:00:00,electronics
EVT_0002920,CUST_00232,2024-01-01T02:00:00,computers
EVT_0002921,CUST_00232,2024-01-01T04:00:00,electronics
EVT_0002922,CUST_00232,2024-01-01T06:00:00,computers
EVT_0002923,CUST_00232,2024-01-01T08:00:00,electronics
EVT_0002924,CUST_00232,2024-01-01T10:00:00,computers
EVT_0002925,CUST_00232,2024-01-01T12:00:00,electronics
EVT_0002926,CUST_00232,2024-01-01T14:00:00,computers
EVT_0002927,CUST_00232,2024-01-01T16:00:00,electronics
EVT_0002928,CUST_00232,2024-01-01T18:00:00,computers
EVT_0002929,CUST_00232,2024-01-01T20:00:00,electronics
EVT_0002930,CUST_00232,2024-01-01T22:00:00,computers
EVT_0002931,CUST_00232,2024-01-02T00:00:00,electronics
EVT_0002932,CUST_00232,2024-01-02T02:00:00,computers
EVT_0002933,CUST_00232,2024-01-02T04:00:00,electronics
EVT_0002934,CUST_00233,2024-01-01T00:00:00,electronics
EVT_0002935,CUST_00233,2024-01-01T02:00:00,computers
EVT_0002936,CUST_00233,2024-01-01T04:00:00,bed_bath
EVT_0002937,CUST_00233,2024-01-01T06:00:00,furniture
EVT_0002938,CUST_00233,2024-01-01T08:00:00,housewares
EVT_0002939,CUST_00233,2024-01-01T10:00:00,bed_bath
EVT_0002940,CUST_00233,2024-01-01T12:00:00,furniture
EVT_0002941,CUST_00233,2024-01-01T14:00:00,housewares
EVT_0002942,CUST_00233,2024-01-01T16:00:00,furniture
EVT_0002943,CUST_00233,2024-01-01T18:00:00,housewares
EVT_0002944,CUST_00233,2024-01-01T20:00:00,bed_bath
EVT_0002945,CUST_00233,2024-01-01T22:00:00,furniture
EVT_0002946,CUST_00233,2024-01-02T00:00:00,housewares
EVT_0002947,CUST_00233,2024-01-02T02:00:00,bed_bath
EVT_0002948,CUST_00233,2024-01-02T04:00:00,furniture
EVT_0002949,CUST_00233,2024-01-02T06:00:00,housewares
EVT_0002950,CUST_00234,2024-01-01T00:00:00,housewares
EVT_0002951,CUST_00234,2024-01-01T02:00:00,bed_bath
EVT_0002952,CUST_00234,2024-01-01T04:00:00,furniture
EVT_0002953,CUST_00234,2024-01-01T06:00:00,housewares
EVT_0002954,CUST_00234,2024-01-01T08:00:00,bed_bath
EVT_0002955,CUST_00234,2024-01-01T10:00:00,furniture
EVT_0002956,CUST_00234,2024-01-01T12:00:00,housewares
EVT_0002957,CUST_00234,2024-01-01T14:00:00,bed_bath
EVT_0002958,CUST_00234,2024-01-01T16:00:00,furniture
EVT_0002959,CUST_00234,2024-01-01T18:00:00,housewares
EVT_0002960,CUST_00234,2024-01-01T20:00:00,bed_bath
EVT_0002961,CUST_00234,2024-01-01T22:00:00,health_beauty
EVT_0002962,CUST_00234,2024-01-02T00:00:00,watches_gifts
EVT_0002963,CUST_00234,2024-01-02T02:00:00,health_beauty
EVT_0002964,CUST_00234,2024-01-02T04:00:00,watches_gifts
EVT_0002965,CUST_00234,2024-01-02T06:00:00,health_beauty
EVT_0002966,CUST_00235,2024-01-01T00:00:00,health_beauty
EVT_0002967,CUST_00235,2024-01-01T02:00:00,watches_gifts
EVT_0002968,CUST_00235,2024-01-01T04:00:00,health_beauty
EVT_0002969,CUST_00235,2024-01-01T06:00:00,watches_gifts
EVT_0002970,CUST_00235,2024-01-01T08:00:00,health_beauty
EVT_0002971,CUST_00235,2024-01-01T10:00:00,watches_gifts
EVT_0002972,CUST_00235,2024-01-01T12:00:00,health_beauty
EVT_0002973,CUST_00235,2024-01-01T14:00:00,watches_gifts
EVT_0002974,CUST_00236,2024-01-01T00:00:00,electronics
EVT_0002975,CUST_00236,2024-01-01T02:00:00,watches_gifts
EVT_0002976,CUST_00236,2024-01-01T04:00:00,health_beauty
EVT_0002977,CUST_00236,2024-01-01T06:00:00,watches_gifts
EVT_0002978,CUST_00236,2024-01-01T08:00:00,health_beauty
EVT_0002979,CUST_00236,2024-01-01T10:00:00,watches_gifts
EVT_0002980,CUST_00236,2024-01-01T12:00:00,health_beauty
EVT_0002981,CUST_00236,2024-01-01T14:00:00,auto
EVT_0002982,CUST_00236,2024-01-01T16:00:00,electronics
EVT_0002983,CUST_00236,2024-01-01T18:00:00,computers
EVT_0002984,CUST_00236,2024-01-01T20:00:00,electronics
EVT_0002985,CUST_00236,2024-01-01T22:00:00,computers
EVT_0002986,CUST_00236,2024-01-02T00:00:00,electronics
EVT_0002987,CUST_00236,2024-01-02T02:00:00,computers
EVT_0002988,CUST_00236,2024-01-02T04:00:00,electronics
EVT_0002989,CUST_00237,2024-01-01T00:00:00,electronics
EVT_0002990,CUST_00237,2024-01-01T02:00:00,computers
EVT_0002991,CUST_00237,2024-01-01T04:00:00,electronics
EVT_0002992,CUST_00237,2024-01-01T06:00:00,computers
EVT_0002993,CUST_00237,2024-01-01T08:00:00,electronics
EVT_0002994,CUST_00237,2024-01-01T10:00:00,computers
EVT_0002995,CUST_00237,2024-01-01T12:00:00,electronics
EVT_0002996,CUST_00237,2024-01-01T14:00:00,computers
EVT_0002997,CUST_00237,2024-01-01T16:00:00,electronics
EVT_0002998,CUST_00237,2024-01-01T18:00:00,computers
EVT_0002999,CUST_00237,2024-01-01T20:00:00,electronics
EVT_0003000,CUST_00237,2024-01-01T22:00:00,computers
EVT_0003001,CUST_00237,2024-01-02T00:00:00,electronics
EVT_0003002,CUST_00237,2024-01-02T02:00:00,computers
EVT_0003003,CUST_00238,2024-01-01T00:00:00,electronics
EVT_0003004,CUST_00238,2024-01-01T02:00:00,computers
EVT_0003005,CUST_00238,2024-01-01T04:00:00,electronics
EVT_0003006,CUST_00238,2024-01-01T06:00:00,computers
EVT_0003007,CUST_00238,2024-01-01T08:00:00,electronics
EVT_0003008,CUST_00238,2024-01-01T10:00:00,computers
EVT_0003009,CUST_00238,2024-01-01T12:00:00,electronics
EVT_0003010,CUST_00238,2024-01-01T14:00:00,computers
EVT_0003011,CUST_00238,2024-01-01T16:00:00,watches_gifts
EVT_0003012,CUST_00239,2024-01-01T00:00:00,health_beauty
EVT_0003013,CUST_00239,2024-01-01T02:00:00,watches_gifts
EVT_0003014,CUST_00239,2024-01-01T04:00:00,health_beauty
EVT_0003015,CUST_00239,2024-01-01T06:00:00,watches_gifts
EVT_0003016,CUST_00239,2024-01-01T08:00:00,health_beauty
EVT_0003017,CUST_00239,2024-01-01T10:00:00,watches_gifts
EVT_0003018,CUST_00239,2024-01-01T12:00:00,health_beauty
EVT_0003019,CUST_00239,2024-01-01T14:00:00,watches_gifts
EVT_0003020,CUST_00239,2024-01-01T16:00:00,health_beauty
EVT_0003021,CUST_00239,2024-01-01T18:00:00,watches_gifts
EVT_0003022,CUST_00239,2024-01-01T20:00:00,health_beauty
EVT_0003023,CUST_00239,2024-01-01T22:00:00,watches_gifts
EVT_0003024,CUST_00239,2024-01-02T00:00:00,health_beauty
EVT_0003025,CUST_00239,2024-01-02T02:00:00,sports_leisure
EVT_0003026,CUST_00240,2024-01-01T00:00:00,electronics
EVT_0003027,CUST_00240,2024-01-01T02:00:00,electronics
EVT_0003028,CUST_00240,2024-01-01T04:00:00,computers
EVT_0003029,CUST_00240,2024-01-01T06:00:00,housewares
EVT_0003030,CUST_00240,2024-01-01T08:00:00,bed_bath
EVT_0003031,CUST_00240,2024-01-01T10:00:00,furniture
EVT_0003032,CUST_00240,2024-01-01T12:00:00,toys
EVT_0003033,CUST_00240,2024-01-01T14:00:00,electronics
EVT_0003034,CUST_00240,2024-01-01T16:00:00,computers
EVT_0003035,CUST_00240,2024-01-01T18:00:00,electronics
EVT_0003036,CUST_00240,2024-01-01T20:00:00,computers
EVT_0003037,CUST_00240,2024-01-01T22:00:00,electronics
EVT_0003038,CUST_00241,2024-01-01T00:00:00,bed_bath
EVT_0003039,CUST_00241,2024-01-01T02:00:00,furniture
EVT_0003040,CUST_00241,2024-01-01T04:00:00,housewares
EVT_0003041,CUST_00241,2024-01-01T06:00:00,bed_bath
EVT_0003042,CUST_00241,2024-01-01T08:00:00,furniture
EVT_0003043,CUST_00241,2024-01-01T10:00:00,housewares
EVT_0003044,CUST_00241,2024-01-01T12:00:00,bed_bath
EVT_0003045,CUST_00241,2024-01-01T14:00:00,furniture
EVT_0003046,CUST_00242,2024-01-01T00:00:00,bed_bath
EVT_0003047,CUST_00242,2024-01-01T02:00:00,furniture
EVT_0003048,CUST_00242,2024-01-01T04:00:00,housewares
EVT_0003049,CUST_00242,2024-01-01T06:00:00,bed_bath
EVT_0003050,CUST_00242,2024-01-01T08:00:00,furniture
EVT_0003051,CUST_00242,2024-01-01T10:00:00,housewares
EVT_0003052,CUST_00242,2024-01-01T12:00:00,bed_bath
EVT_0003053,CUST_00242,2024-01-01T14:00:00,furniture
EVT_0003054,CUST_00242,2024-01-01T16:00:00,health_beauty
EVT_0003055,CUST_00242,2024-01-01T18:00:00,sports_leisure
EVT_0003056,CUST_00243,2024-01-01T00:00:00,furniture
EVT_0003057,CUST_00243,2024-01-01T02:00:00,housewares
EVT_0003058,CUST_00243,2024-01-01T04:00:00,bed_bath
EVT_0003059,CUST_00243,2024-01-01T06:00:00,housewares
EVT_0003060,CUST_00243,2024-01-01T08:00:00,bed_bath
EVT_0003061,CUST_00243,2024-01-01T10:00:00,furniture
EVT_0003062,CUST_00243,2024-01-01T12:00:00,housewares
EVT_0003063,CUST_00243,2024-01-01T14:00:00,bed_bath
EVT_0003064,CUST_00243,2024-01-01T16:00:00,furniture
EVT_0003065,CUST_00243,2024-01-01T18:00:00,housewares
EVT_0003066,CUST_00243,2024-01-01T20:00:00,bed_bath
EVT_0003067,CUST_00243,2024-01-01T22:00:00,furniture
EVT_0003068,CUST_00243,2024-01-02T00:00:00,housewares
EVT_0003069,CUST_00243,2024-01-02T02:00:00,bed_bath
EVT_0003070,CUST_00243,2024-01-02T04:00:00,furniture
EVT_0003071,CUST_00243,2024-01-02T06:00:00,housewares
EVT_0003072,CUST_00243,2024-01-02T08:00:00,bed_bath
EVT_0003073,CUST_00244,2024-01-01T00:00:00,health_beauty
EVT_0003074,CUST_00244,2024-01-01T02:00:00,watches_gifts
EVT_0003075,CUST_00244,2024-01-01T04:00:00,health_beauty
EVT_0003076,CUST_00244,2024-01-01T06:00:00,watches_gifts
EVT_0003077,CUST_00244,2024-01-01T08:00:00,watches_gifts
EVT_0003078,CUST_00244,2024-01-01T10:00:00,toys
EVT_0003079,CUST_00244,2024-01-01T12:00:00,electronics
EVT_0003080,CUST_00244,2024-01-01T14:00:00,computers
EVT_0003081,CUST_00244,2024-01-01T16:00:00,electronics
EVT_0003082,CUST_00244,2024-01-01T18:00:00,computers
EVT_0003083,CUST_00244,2024-01-01T20:00:00,electronics
EVT_0003084,CUST_00244,2024-01-01T22:00:00,computers
EVT_0003085,CUST_00244,2024-01-02T00:00:00,computers
EVT_0003086,CUST_00244,2024-01-02T02:00:00,electronics
EVT_0003087,CUST_00245,2024-01-01T00:00:00,electronics
EVT_0003088,CUST_00245,2024-01-01T02:00:00,computers
EVT_0003089,CUST_00245,2024-01-01T04:00:00,electronics
EVT_0003090,CUST_00245,2024-01-01T06:00:00,computers
EVT_0003091,CUST_00245,2024-01-01T08:00:00,electronics
EVT_0003092,CUST_00245,2024-01-01T10:00:00,computers
EVT_0003093,CUST_00245,2024-01-01T12:00:00,electronics
EVT_0003094,CUST_00245,2024-01-01T14:00:00,computers
EVT_0003095,CUST_00245,2024-01-01T16:00:00,electronics
EVT_0003096,CUST_00246,2024-01-01T00:00:00,watches_gifts
EVT_0003097,CUST_00246,2024-01-01T02:00:00,health_beauty
EVT_0003098,CUST_00246,2024-01-01T04:00:00,watches_gifts
EVT_0003099,CUST_00246,2024-01-01T06:00:00,health_beauty
EVT_0003100,CUST_00246,2024-01-01T08:00:00,electronics
EVT_0003101,CUST_00246,2024-01-01T10:00:00,computers
EVT_0003102,CUST_00246,2024-01-01T12:00:00,electronics
EVT_0003103,CUST_00246,2024-01-01T14:00:00,computers
EVT_0003104,CUST_00246,2024-01-01T16:00:00,electronics
EVT_0003105,CUST_00246,2024-01-01T18:00:00,computers
EVT_0003106,CUST_00246,2024-01-01T20:00:00,electronics
EVT_0003107,CUST_00246,2024-01-01T22:00:00,computers
EVT_0003108,CUST_00246,2024-01-02T00:00:00,electronics
EVT_0003109,CUST_00246,2024-01-02T02:00:00,computers
EVT_0003110,CUST_00246,2024-01-02T04:00:00,electronics
EVT_0003111,CUST_00246,2024-01-02T06:00:00,computers
EVT_0003112,CUST_00247,2024-01-01T00:00:00,watches_gifts
EVT_0003113,CUST_00247,2024-01-01T02:00:00,health_beauty
EVT_0003114,CUST_00247,2024-01-01T04:00:00,watches_gifts
EVT_0003115,CUST_00247,2024-01-01T06:00:00,health_beauty
EVT_0003116,CUST_00247,2024-01-01T08:00:00,watches_gifts
EVT_0003117,CUST_00247,2024-01-01T10:00:00,health_beauty
EVT_0003118,CUST_00247,2024-01-01T12:00:00,watches_gifts
EVT_0003119,CUST_00247,2024-01-01T14:00:00,health_beauty
EVT_0003120,CUST_00247,2024-01-01T16:00:00,watches_gifts
EVT_0003121,CUST_00247,2024-01-01T18:00:00,health_beauty
EVT_0003122,CUST_00247,2024-01-01T20:00:00,watches_gifts
EVT_0003123,CUST_00248,2024-01-01T00:00:00,computers
EVT_0003124,CUST_00248,2024-01-01T02:00:00,toys
EVT_0003125,CUST_00248,2024-01-01T04:00:00,electronics
EVT_0003126,CUST_00248,2024-01-01T06:00:00,computers
EVT_0003127,CUST_00248,2024-01-01T08:00:00,electronics
EVT_0003128,CUST_00248,2024-01-01T10:00:00,bed_bath
EVT_0003129,CUST_00248,2024-01-01T12:00:00,furniture
EVT_0003130,CUST_00248,2024-01-01T14:00:00,housewares
EVT_0003131,CUST_00248,2024-01-01T16:00:00,watches_gifts
EVT_0003132,CUST_00248,2024-01-01T18:00:00,health_beauty
EVT_0003133,CUST_00248,2024-01-01T20:00:00,watches_gifts
EVT_0003134,CUST_00248,2024-01-01T22:00:00,computers
EVT_0003135,CUST_00248,2024-01-02T00:00:00,electronics
EVT_0003136,CUST_00248,2024-01-02T02:00:00,computers
EVT_0003137,CUST_00248,2024-01-02T04:00:00,electronics
EVT_0003138,CUST_00248,2024-01-02T06:00:00,computers
EVT_0003139,CUST_00248,2024-01-02T08:00:00,electronics
EVT_0003140,CUST_00249,2024-01-01T00:00:00,computers
EVT_0003141,CUST_00249,2024-01-01T02:00:00,electronics
EVT_0003142,CUST_00249,2024-01-01T04:00:00,computers
EVT_0003143,CUST_00249,2024-01-01T06:00:00,electronics
EVT_0003144,CUST_00249,2024-01-01T08:00:00,computers
EVT_0003145,CUST_00249,2024-01-01T10:00:00,electronics
EVT_0003146,CUST_00249,2024-01-01T12:00:00,computers
EVT_0003147,CUST_00249,2024-01-01T14:00:00,electronics
EVT_0003148,CUST_00249,2024-01-01T16:00:00,computers
EVT_0003149,CUST_00249,2024-01-01T18:00:00,electronics
EVT_0003150,CUST_00249,2024-01-01T20:00:00,computers
EVT_0003151,CUST_00249,2024-01-01T22:00:00,electronics
EVT_0003152,CUST_00250,2024-01-01T00:00:00,housewares
EVT_0003153,CUST_00250,2024-01-01T02:00:00,bed_bath
EVT_0003154,CUST_00250,2024-01-01T04:00:00,furniture
EVT_0003155,CUST_00250,2024-01-01T06:00:00,housewares
EVT_0003156,CUST_00250,2024-01-01T08:00:00,bed_bath
EVT_0003157,CUST_00250,2024-01-01T10:00:00,electronics
EVT_0003158,CUST_00250,2024-01-01T12:00:00,computers
EVT_0003159,CUST_00250,2024-01-01T14:00:00,electronics
EVT_0003160,CUST_00250,2024-01-01T16:00:00,watches_gifts
EVT_0003161,CUST_00250,2024-01-01T18:00:00,health_beauty
EVT_0003162,CUST_00250,2024-01-01T20:00:00,watches_gifts
EVT_0003163,CUST_00251,2024-01-01T00:00:00,bed_bath
EVT_0003164,CUST_00251,2024-01-01T02:00:00,furniture
EVT_0003165,CUST_00251,2024-01-01T04:00:00,housewares
EVT_0003166,CUST_00251,2024-01-01T06:00:00,bed_bath
EVT_0003167,CUST_00251,2024-01-01T08:00:00,furniture
EVT_0003168,CUST_00251,2024-01-01T10:00:00,housewares
EVT_0003169,CUST_00251,2024-01-01T12:00:00,bed_bath
EVT_0003170,CUST_00251,2024-01-01T14:00:00,furniture
EVT_0003171,CUST_00251,2024-01-01T16:00:00,housewares
EVT_0003172,CUST_00251,2024-01-01T18:00:00,bed_bath
EVT_0003173,CUST_00251,2024-01-01T20:00:00,furniture
EVT_0003174,CUST_00252,2024-01-01T00:00:00,computers
EVT_0003175,CUST_00252,2024-01-01T02:00:00,furniture
EVT_0003176,CUST_00252,2024-01-01T04:00:00,housewares
EVT_0003177,CUST_00252,2024-01-01T06:00:00,health_beauty
EVT_0003178,CUST_00252,2024-01-01T08:00:00,watches_gifts
EVT_0003179,CUST_00252,2024-01-01T10:00:00,health_beauty
EVT_0003180,CUST_00252,2024-01-01T12:00:00,watches_gifts
EVT_0003181,CUST_00252,2024-01-01T14:00:00,health_beauty
EVT_0003182,CUST_00252,2024-01-01T16:00:00,watches_gifts
EVT_0003183,CUST_00252,2024-01-01T18:00:00,health_beauty
EVT_0003184,CUST_00252,2024-01-01T20:00:00,watches_gifts
EVT_0003185,CUST_00252,2024-01-01T22:00:00,health_beauty
EVT_0003186,CUST_00252,2024-01-02T00:00:00,watches_gifts
EVT_0003187,CUST_00253,2024-01-01T00:00:00,computers
EVT_0003188,CUST_00253,2024-01-01T02:00:00,electronics
EVT_0003189,CUST_00253,2024-01-01T04:00:00,computers
EVT_0003190,CUST_00253,2024-01-01T06:00:00,electronics
EVT_0003191,CUST_00253,2024-01-01T08:00:00,computers
EVT_0003192,CUST_00253,2024-01-01T10:00:00,electronics
EVT_0003193,CUST_00253,2024-01-01T12:00:00,computers
EVT_0003194,CUST_00253,2024-01-01T14:00:00,electronics
EVT_0003195,CUST_00253,2024-01-01T16:00:00,computers
EVT_0003196,CUST_00253,2024-01-01T18:00:00,electronics
EVT_0003197,CUST_00253,2024-01-01T20:00:00,computers
EVT_0003198,CUST_00253,2024-01-01T22:00:00,electronics
EVT_0003199,CUST_00253,2024-01-02T00:00:00,computers
EVT_0003200,CUST_00253,2024-01-02T02:00:00,electronics
EVT_0003201,CUST_00253,2024-01-02T04:00:00,computers
EVT_0003202,CUST_00253,2024-01-02T06:00:00,electronics
EVT_0003203,CUST_00254,2024-01-01T00:00:00,furniture
EVT_0003204,CUST_00254,2024-01-01T02:00:00,housewares
EVT_0003205,CUST_00254,2024-01-01T04:00:00,bed_bath
EVT_0003206,CUST_00254,2024-01-01T06:00:00,furniture
EVT_0003207,CUST_00254,2024-01-01T08:00:00,housewares
EVT_0003208,CUST_00254,2024-01-01T10:00:00,bed_bath
EVT_0003209,CUST_00254,2024-01-01T12:00:00,furniture
EVT_0003210,CUST_00254,2024-01-01T14:00:00,housewares
EVT_0003211,CUST_00254,2024-01-01T16:00:00,bed_bath
EVT_0003212,CUST_00254,2024-01-01T18:00:00,furniture
EVT_0003213,CUST_00254,2024-01-01T20:00:00,housewares
EVT_0003214,CUST_00254,2024-01-01T22:00:00,computers
EVT_0003215,CUST_00255,2024-01-01T00:00:00,housewares
EVT_0003216,CUST_00255,2024-01-01T02:00:00,bed_bath
EVT_0003217,CUST_00255,2024-01-01T04:00:00,furniture
EVT_0003218,CUST_00255,2024-01-01T06:00:00,housewares
EVT_0003219,CUST_00255,2024-01-01T08:00:00,bed_bath
EVT_0003220,CUST_00255,2024-01-01T10:00:00,furniture
EVT_0003221,CUST_00255,2024-01-01T12:00:00,computers
EVT_0003222,CUST_00255,2024-01-01T14:00:00,electronics
EVT_0003223,CUST_00255,2024-01-01T16:00:00,computers
EVT_0003224,CUST_00255,2024-01-01T18:00:00,electronics
EVT_0003225,CUST_00255,2024-01-01T20:00:00,computers
EVT_0003226,CUST_00255,2024-01-01T22:00:00,electronics
EVT_0003227,CUST_00255,2024-01-02T00:00:00,computers
EVT_0003228,CUST_00256,2024-01-01T00:00:00,computers
EVT_0003229,CUST_00256,2024-01-01T02:00:00,electronics
EVT_0003230,CUST_00256,2024-01-01T04:00:00,computers
EVT_0003231,CUST_00256,2024-01-01T06:00:00,electronics
EVT_0003232,CUST_00256,2024-01-01T08:00:00,computers
EVT_0003233,CUST_00256,2024-01-01T10:00:00,electronics
EVT_0003234,CUST_00256,2024-01-01T12:00:00,computers
EVT_0003235,CUST_00256,2024-01-01T14:00:00,electronics
EVT_0003236,CUST_00256,2024-01-01T16:00:00,computers
EVT_0003237,CUST_00256,2024-01-01T18:00:00,electronics
EVT_0003238,CUST_00256,2024-01-01T20:00:00,computers
EVT_0003239,CUST_00256,2024-01-01T22:00:00,watches_gifts
EVT_0003240,CUST_00256,2024-01-02T00:00:00,health_beauty
EVT_0003241,CUST_00256,2024-01-02T02:00:00,watches_gifts
EVT_0003242,CUST_00256,2024-01-02T04:00:00,health_beauty
EVT_0003243,CUST_00256,2024-01-02T06:00:00,watches_gifts
EVT_0003244,CUST_00256,2024-01-02T08:00:00,health_beauty
EVT_0003245,CUST_00257,2024-01-01T00:00:00,housewares
EVT_0003246,CUST_00257,2024-01-01T02:00:00,bed_bath
EVT_0003247,CUST_00257,2024-01-01T04:00:00,furniture
EVT_0003248,CUST_00257,2024-01-01T06:00:00,housewares
EVT_0003249,CUST_00257,2024-01-01T08:00:00,bed_bath
EVT_0003250,CUST_00257,2024-01-01T10:00:00,bed_bath
EVT_0003251,CUST_00257,2024-01-01T12:00:00,furniture
EVT_0003252,CUST_00257,2024-01-01T14:00:00,housewares
EVT_0003253,CUST_00258,2024-01-01T00:00:00,housewares
EVT_0003254,CUST_00258,2024-01-01T02:00:00,bed_bath
EVT_0003255,CUST_00258,2024-01-01T04:00:00,furniture
EVT_0003256,CUST_00258,2024-01-01T06:00:00,housewares
EVT_0003257,CUST_00258,2024-01-01T08:00:00,bed_bath
EVT_0003258,CUST_00258,2024-01-01T10:00:00,furniture
EVT_0003259,CUST_00258,2024-01-01T12:00:00,computers
EVT_0003260,CUST_00258,2024-01-01T14:00:00,electronics
EVT_0003261,CUST_00258,2024-01-01T16:00:00,computers
EVT_0003262,CUST_00258,2024-01-01T18:00:00,electronics
EVT_0003263,CUST_00258,2024-01-01T20:00:00,computers
EVT_0003264,CUST_00258,2024-01-01T22:00:00,electronics
EVT_0003265,CUST_00258,2024-01-02T00:00:00,computers
EVT_0003266,CUST_00258,2024-01-02T02:00:00,electronics
EVT_0003267,CUST_00258,2024-01-02T04:00:00,watches_gifts
EVT_0003268,CUST_00258,2024-01-02T06:00:00,health_beauty
EVT_0003269,CUST_00259,2024-01-01T00:00:00,electronics
EVT_0003270,CUST_00259,2024-01-01T02:00:00,computers
EVT_0003271,CUST_00259,2024-01-01T04:00:00,electronics
EVT_0003272,CUST_00259,2024-01-01T06:00:00,computers
EVT_0003273,CUST_00259,2024-01-01T08:00:00,electronics
EVT_0003274,CUST_00259,2024-01-01T10:00:00,computers
EVT_0003275,CUST_00259,2024-01-01T12:00:00,electronics
EVT_0003276,CUST_00259,2024-01-01T14:00:00,computers
EVT_0003277,CUST_00259,2024-01-01T16:00:00,electronics
EVT_0003278,CUST_00259,2024-01-01T18:00:00,computers
EVT_0003279,CUST_00259,2024-01-01T20:00:00,electronics
EVT_0003280,CUST_00259,2024-01-01T22:00:00,computers
EVT_0003281,CUST_00259,2024-01-02T00:00:00,electronics
EVT_0003282,CUST_00259,2024-01-02T02:00:00,toys
EVT_0003283,CUST_00260,2024-01-01T00:00:00,bed_bath
EVT_0003284,CUST_00260,2024-01-01T02:00:00,furniture
EVT_0003285,CUST_00260,2024-01-01T04:00:00,housewares
EVT_0003286,CUST_00260,2024-01-01T06:00:00,auto
EVT_0003287,CUST_00260,2024-01-01T08:00:00,electronics
EVT_0003288,CUST_00260,2024-01-01T10:00:00,electronics
EVT_0003289,CUST_00260,2024-01-01T12:00:00,computers
EVT_0003290,CUST_00260,2024-01-01T14:00:00,electronics
EVT_0003291,CUST_00260,2024-01-01T16:00:00,computers
EVT_0003292,CUST_00261,2024-01-01T00:00:00,housewares
EVT_0003293,CUST_00261,2024-01-01T02:00:00,bed_bath
EVT_0003294,CUST_00261,2024-01-01T04:00:00,furniture
EVT_0003295,CUST_00261,2024-01-01T06:00:00,furniture
EVT_0003296,CUST_00261,2024-01-01T08:00:00,housewares
EVT_0003297,CUST_00261,2024-01-01T10:00:00,bed_bath
EVT_0003298,CUST_00261,2024-01-01T12:00:00,furniture
EVT_0003299,CUST_00261,2024-01-01T14:00:00,housewares
EVT_0003300,CUST_00261,2024-01-01T16:00:00,bed_bath
EVT_0003301,CUST_00261,2024-01-01T18:00:00,furniture
EVT_0003302,CUST_00261,2024-01-01T20:00:00,housewares
EVT_0003303,CUST_00262,2024-01-01T00:00:00,electronics
EVT_0003304,CUST_00262,2024-01-01T02:00:00,computers
EVT_0003305,CUST_00262,2024-01-01T04:00:00,electronics
EVT_0003306,CUST_00262,2024-01-01T06:00:00,computers
EVT_0003307,CUST_00262,2024-01-01T08:00:00,electronics
EVT_0003308,CUST_00262,2024-01-01T10:00:00,computers
EVT_0003309,CUST_00262,2024-01-01T12:00:00,electronics
EVT_0003310,CUST_00262,2024-01-01T14:00:00,computers
EVT_0003311,CUST_00262,2024-01-01T16:00:00,electronics
EVT_0003312,CUST_00262,2024-01-01T18:00:00,computers
EVT_0003313,CUST_00262,2024-01-01T20:00:00,electronics
EVT_0003314,CUST_00262,2024-01-01T22:00:00,computers
EVT_0003315,CUST_00262,2024-01-02T00:00:00,electronics
EVT_0003316,CUST_00262,2024-01-02T02:00:00,computers
EVT_0003317,CUST_00263,2024-01-01T00:00:00,computers
EVT_0003318,CUST_00263,2024-01-01T02:00:00,electronics
EVT_0003319,CUST_00263,2024-01-01T04:00:00,computers
EVT_0003320,CUST_00263,2024-01-01T06:00:00,electronics
EVT_0003321,CUST_00263,2024-01-01T08:00:00,computers
EVT_0003322,CUST_00263,2024-01-01T10:00:00,electronics
EVT_0003323,CUST_00263,2024-01-01T12:00:00,computers
EVT_0003324,CUST_00263,2024-01-01T14:00:00,electronics
EVT_0003325,CUST_00263,2024-01-01T16:00:00,computers
EVT_0003326,CUST_00263,2024-01-01T18:00:00,watches_gifts
EVT_0003327,CUST_00263,2024-01-01T20:00:00,health_beauty
EVT_0003328,CUST_00263,2024-01-01T22:00:00,watches_gifts
EVT_0003329,CUST_00263,2024-01-02T00:00:00,health_beauty
EVT_0003330,CUST_00264,2024-01-01T00:00:00,furniture
EVT_0003331,CUST_00264,2024-01-01T02:00:00,housewares
EVT_0003332,CUST_00264,2024-01-01T04:00:00,bed_bath
EVT_0003333,CUST_00264,2024-01-01T06:00:00,furniture
EVT_0003334,CUST_00264,2024-01-01T08:00:00,housewares
EVT_0003335,CUST_00264,2024-01-01T10:00:00,bed_bath
EVT_0003336,CUST_00264,2024-01-01T12:00:00,auto
EVT_0003337,CUST_00264,2024-01-01T14:00:00,electronics
EVT_0003338,CUST_00264,2024-01-01T16:00:00,computers
EVT_0003339,CUST_00265,2024-01-01T00:00:00,health_beauty
EVT_0003340,CUST_00265,2024-01-01T02:00:00,watches_gifts
EVT_0003341,CUST_00265,2024-01-01T04:00:00,health_beauty
EVT_0003342,CUST_00265,2024-01-01T06:00:00,watches_gifts
EVT_0003343,CUST_00265,2024-01-01T08:00:00,health_beauty
EVT_0003344,CUST_00265,2024-01-01T10:00:00,watches_gifts
EVT_0003345,CUST_00265,2024-01-01T12:00:00,health_beauty
EVT_0003346,CUST_00265,2024-01-01T14:00:00,electronics
EVT_0003347,CUST_00265,2024-01-01T16:00:00,computers
EVT_0003348,CUST_00265,2024-01-01T18:00:00,electronics
EVT_0003349,CUST_00265,2024-01-01T20:00:00,computers
EVT_0003350,CUST_00265,2024-01-01T22:00:00,electronics
EVT_0003351,CUST_00265,2024-01-02T00:00:00,computers
EVT_0003352,CUST_00265,2024-01-02T02:00:00,electronics
EVT_0003353,CUST_00266,2024-01-01T00:00:00,computers
EVT_0003354,CUST_00266,2024-01-01T02:00:00,sports_leisure
EVT_0003355,CUST_00266,2024-01-01T04:00:00,toys
EVT_0003356,CUST_00266,2024-01-01T06:00:00,sports_leisure
EVT_0003357,CUST_00266,2024-01-01T08:00:00,health_beauty
EVT_0003358,CUST_00266,2024-01-01T10:00:00,watches_gifts
EVT_0003359,CUST_00266,2024-01-01T12:00:00,health_beauty
EVT_0003360,CUST_00266,2024-01-01T14:00:00,watches_gifts
EVT_0003361,CUST_00266,2024-01-01T16:00:00,health_beauty
EVT_0003362,CUST_00266,2024-01-01T18:00:00,watches_gifts
EVT_0003363,CUST_00266,2024-01-01T20:00:00,health_beauty
EVT_0003364,CUST_00266,2024-01-01T22:00:00,watches_gifts
EVT_0003365,CUST_00266,2024-01-02T00:00:00,health_beauty
EVT_0003366,CUST_00266,2024-01-02T02:00:00,watches_gifts
EVT_0003367,CUST_00266,2024-01-02T04:00:00,health_beauty
EVT_0003368,CUST_00267,2024-01-01T00:00:00,electronics
EVT_0003369,CUST_00267,2024-01-01T02:00:00,computers
EVT_0003370,CUST_00267,2024-01-01T04:00:00,electronics
EVT_0003371,CUST_00267,2024-01-01T06:00:00,housewares
EVT_0003372,CUST_00267,2024-01-01T08:00:00,bed_bath
EVT_0003373,CUST_00267,2024-01-01T10:00:00,watches_gifts
EVT_0003374,CUST_00267,2024-01-01T12:00:00,health_beauty
EVT_0003375,CUST_00267,2024-01-01T14:00:00,watches_gifts
EVT_0003376,CUST_00267,2024-01-01T16:00:00,health_beauty
EVT_0003377,CUST_00267,2024-01-01T18:00:00,watches_gifts
EVT_0003378,CUST_00267,2024-01-01T20:00:00,health_beauty
EVT_0003379,CUST_00267,2024-01-01T22:00:00,watches_gifts
EVT_0003380,CUST_00267,2024-01-02T00:00:00,health_beauty
EVT_0003381,CUST_00268,2024-01-01T00:00:00,housewares
EVT_0003382,CUST_00268,2024-01-01T02:00:00,housewares
EVT_0003383,CUST_00268,2024-01-01T04:00:00,bed_bath
EVT_0003384,CUST_00268,2024-01-01T06:00:00,furniture
EVT_0003385,CUST_00268,2024-01-01T08:00:00,housewares
EVT_0003386,CUST_00268,2024-01-01T10:00:00,bed_bath
EVT_0003387,CUST_00268,2024-01-01T12:00:00,furniture
EVT_0003388,CUST_00268,2024-01-01T14:00:00,housewares
EVT_0003389,CUST_00268,2024-01-01T16:00:00,bed_bath
EVT_0003390,CUST_00268,2024-01-01T18:00:00,furniture
EVT_0003391,CUST_00268,2024-01-01T20:00:00,housewares
EVT_0003392,CUST_00268,2024-01-01T22:00:00,bed_bath
EVT_0003393,CUST_00268,2024-01-02T00:00:00,furniture
EVT_0003394,CUST_00269,2024-01-01T00:00:00,computers
EVT_0003395,CUST_00269,2024-01-01T02:00:00,electronics
EVT_0003396,CUST_00269,2024-01-01T04:00:00,computers
EVT_0003397,CUST_00269,2024-01-01T06:00:00,electronics
EVT_0003398,CUST_00269,2024-01-01T08:00:00,computers
EVT_0003399,CUST_00269,2024-01-01T10:00:00,electronics
EVT_0003400,CUST_00269,2024-01-01T12:00:00,computers
EVT_0003401,CUST_00269,2024-01-01T14:00:00,toys
EVT_0003402,CUST_00269,2024-01-01T16:00:00,electronics
EVT_0003403,CUST_00269,2024-01-01T18:00:00,computers
EVT_0003404,CUST_00269,2024-01-01T20:00:00,electronics
EVT_0003405,CUST_00269,2024-01-01T22:00:00,computers
EVT_0003406,CUST_00269,2024-01-02T00:00:00,electronics
EVT_0003407,CUST_00270,2024-01-01T00:00:00,electronics
EVT_0003408,CUST_00270,2024-01-01T02:00:00,computers
EVT_0003409,CUST_00270,2024-01-01T04:00:00,bed_bath
EVT_0003410,CUST_00270,2024-01-01T06:00:00,furniture
EVT_0003411,CUST_00270,2024-01-01T08:00:00,housewares
EVT_0003412,CUST_00270,2024-01-01T10:00:00,bed_bath
EVT_0003413,CUST_00270,2024-01-01T12:00:00,furniture
EVT_0003414,CUST_00270,2024-01-01T14:00:00,housewares
EVT_0003415,CUST_00270,2024-01-01T16:00:00,bed_bath
EVT_0003416,CUST_00270,2024-01-01T18:00:00,furniture
EVT_0003417,CUST_00270,2024-01-01T20:00:00,housewares
EVT_0003418,CUST_00270,2024-01-01T22:00:00,bed_bath
EVT_0003419,CUST_00270,2024-01-02T00:00:00,furniture
EVT_0003420,CUST_00270,2024-01-02T02:00:00,housewares
EVT_0003421,CUST_00270,2024-01-02T04:00:00,bed_bath
EVT_0003422,CUST_00270,2024-01-02T06:00:00,furniture
EVT_0003423,CUST_00271,2024-01-01T00:00:00,electronics
EVT_0003424,CUST_00271,2024-01-01T02:00:00,computers
EVT_0003425,CUST_00271,2024-01-01T04:00:00,electronics
EVT_0003426,CUST_00271,2024-01-01T06:00:00,watches_gifts
EVT_0003427,CUST_00271,2024-01-01T08:00:00,health_beauty
EVT_0003428,CUST_00271,2024-01-01T10:00:00,watches_gifts
EVT_0003429,CUST_00271,2024-01-01T12:00:00,health_beauty
EVT_0003430,CUST_00271,2024-01-01T14:00:00,watches_gifts
EVT_0003431,CUST_00271,2024-01-01T16:00:00,health_beauty
EVT_0003432,CUST_00272,2024-01-01T00:00:00,furniture
EVT_0003433,CUST_00272,2024-01-01T02:00:00,housewares
EVT_0003434,CUST_00272,2024-01-01T04:00:00,bed_bath
EVT_0003435,CUST_00272,2024-01-01T06:00:00,furniture
EVT_0003436,CUST_00272,2024-01-01T08:00:00,housewares
EVT_0003437,CUST_00272,2024-01-01T10:00:00,bed_bath
EVT_0003438,CUST_00272,2024-01-01T12:00:00,furniture
EVT_0003439,CUST_00272,2024-01-01T14:00:00,housewares
EVT_0003440,CUST_00272,2024-01-01T16:00:00,bed_bath
EVT_0003441,CUST_00272,2024-01-01T18:00:00,furniture
EVT_0003442,CUST_00272,2024-01-01T20:00:00,housewares
EVT_0003443,CUST_00272,2024-01-01T22:00:00,bed_bath
EVT_0003444,CUST_00272,2024-01-02T00:00:00,furniture
EVT_0003445,CUST_00272,2024-01-02T02:00:00,housewares
EVT_0003446,CUST_00272,2024-01-02T04:00:00,bed_bath
EVT_0003447,CUST_00272,2024-01-02T06:00:00,furniture
EVT_0003448,CUST_00272,2024-01-02T08:00:00,housewares
EVT_0003449,CUST_00273,2024-01-01T00:00:00,electronics
EVT_0003450,CUST_00273,2024-01-01T02:00:00,computers
EVT_0003451,CUST_00273,2024-01-01T04:00:00,electronics
EVT_0003452,CUST_00273,2024-01-01T06:00:00,computers
EVT_0003453,CUST_00273,2024-01-01T08:00:00,electronics
EVT_0003454,CUST_00273,2024-01-01T10:00:00,bed_bath
EVT_0003455,CUST_00273,2024-01-01T12:00:00,furniture
EVT_0003456,CUST_00273,2024-01-01T14:00:00,housewares
EVT_0003457,CUST_00273,2024-01-01T16:00:00,bed_bath
EVT_0003458,CUST_00273,2024-01-01T18:00:00,furniture
EVT_0003459,CUST_00273,2024-01-01T20:00:00,housewares
EVT_0003460,CUST_00273,2024-01-01T22:00:00,bed_bath
EVT_0003461,CUST_00273,2024-01-02T00:00:00,furniture
EVT_0003462,CUST_00273,2024-01-02T02:00:00,housewares
EVT_0003463,CUST_00274,2024-01-01T00:00:00,electronics
EVT_0003464,CUST_00274,2024-01-01T02:00:00,computers
EVT_0003465,CUST_00274,2024-01-01T04:00:00,electronics
EVT_0003466,CUST_00274,2024-01-01T06:00:00,computers
EVT_0003467,CUST_00274,2024-01-01T08:00:00,electronics
EVT_0003468,CUST_00274,2024-01-01T10:00:00,computers
EVT_0003469,CUST_00274,2024-01-01T12:00:00,electronics
EVT_0003470,CUST_00274,2024-01-01T14:00:00,computers
EVT_0003471,CUST_00275,2024-01-01T00:00:00,housewares
EVT_0003472,CUST_00275,2024-01-01T02:00:00,bed_bath
EVT_0003473,CUST_00275,2024-01-01T04:00:00,auto
EVT_0003474,CUST_00275,2024-01-01T06:00:00,health_beauty
EVT_0003475,CUST_00275,2024-01-01T08:00:00,toys
EVT_0003476,CUST_00275,2024-01-01T10:00:00,electronics
EVT_0003477,CUST_00275,2024-01-01T12:00:00,computers
EVT_0003478,CUST_00275,2024-01-01T14:00:00,electronics
EVT_0003479,CUST_00275,2024-01-01T16:00:00,computers
EVT_0003480,CUST_00275,2024-01-01T18:00:00,electronics
EVT_0003481,CUST_00275,2024-01-01T20:00:00,computers
EVT_0003482,CUST_00275,2024-01-01T22:00:00,electronics
EVT_0003483,CUST_00275,2024-01-02T00:00:00,computers
EVT_0003484,CUST_00276,2024-01-01T00:00:00,computers
EVT_0003485,CUST_00276,2024-01-01T02:00:00,electronics
EVT_0003486,CUST_00276,2024-01-01T04:00:00,computers
EVT_0003487,CUST_00276,2024-01-01T06:00:00,electronics
EVT_0003488,CUST_00276,2024-01-01T08:00:00,computers
EVT_0003489,CUST_00276,2024-01-01T10:00:00,electronics
EVT_0003490,CUST_00276,2024-01-01T12:00:00,computers
EVT_0003491,CUST_00276,2024-01-01T14:00:00,electronics
EVT_0003492,CUST_00277,2024-01-01T00:00:00,computers
EVT_0003493,CUST_00277,2024-01-01T02:00:00,electronics
EVT_0003494,CUST_00277,2024-01-01T04:00:00,computers
EVT_0003495,CUST_00277,2024-01-01T06:00:00,electronics
EVT_0003496,CUST_00277,2024-01-01T08:00:00,computers
EVT_0003497,CUST_00277,2024-01-01T10:00:00,electronics
EVT_0003498,CUST_00277,2024-01-01T12:00:00,computers
EVT_0003499,CUST_00277,2024-01-01T14:00:00,electronics
EVT_0003500,CUST_00277,2024-01-01T16:00:00,computers
EVT_0003501,CUST_00277,2024-01-01T18:00:00,electronics
EVT_0003502,CUST_00277,2024-01-01T20:00:00,computers
EVT_0003503,CUST_00277,2024-01-01T22:00:00,electronics
EVT_0003504,CUST_00277,2024-01-02T00:00:00,computers
EVT_0003505,CUST_00277,2024-01-02T02:00:00,electronics
EVT_0003506,CUST_00277,2024-01-02T04:00:00,computers
EVT_0003507,CUST_00277,2024-01-02T06:00:00,electronics
EVT_0003508,CUST_00277,2024-01-02T08:00:00,computers
EVT_0003509,CUST_00278,2024-01-01T00:00:00,electronics
EVT_0003510,CUST_00278,2024-01-01T02:00:00,computers
EVT_0003511,CUST_00278,2024-01-01T04:00:00,electronics
EVT_0003512,CUST_00278,2024-01-01T06:00:00,computers
EVT_0003513,CUST_00278,2024-01-01T08:00:00,electronics
EVT_0003514,CUST_00278,2024-01-01T10:00:00,computers
EVT_0003515,CUST_00278,2024-01-01T12:00:00,electronics
EVT_0003516,CUST_00278,2024-01-01T14:00:00,computers
EVT_0003517,CUST_00278,2024-01-01T16:00:00,electronics
EVT_0003518,CUST_00278,2024-01-01T18:00:00,computers
EVT_0003519,CUST_00278,2024-01-01T20:00:00,electronics
EVT_0003520,CUST_00279,2024-01-01T00:00:00,computers
EVT_0003521,CUST_00279,2024-01-01T02:00:00,electronics
EVT_0003522,CUST_00279,2024-01-01T04:00:00,computers
EVT_0003523,CUST_00279,2024-01-01T06:00:00,electronics
EVT_0003524,CUST_00279,2024-01-01T08:00:00,computers
EVT_0003525,CUST_00279,2024-01-01T10:00:00,electronics
EVT_0003526,CUST_00279,2024-01-01T12:00:00,computers
EVT_0003527,CUST_00279,2024-01-01T14:00:00,electronics
EVT_0003528,CUST_00279,2024-01-01T16:00:00,electronics
EVT_0003529,CUST_00279,2024-01-01T18:00:00,computers
EVT_0003530,CUST_00279,2024-01-01T20:00:00,electronics
EVT_0003531,CUST_00279,2024-01-01T22:00:00,auto
EVT_0003532,CUST_00279,2024-01-02T00:00:00,electronics
EVT_0003533,CUST_00279,2024-01-02T02:00:00,computers
EVT_0003534,CUST_00279,2024-01-02T04:00:00,electronics
EVT_0003535,CUST_00280,2024-01-01T00:00:00,watches_gifts
EVT_0003536,CUST_00280,2024-01-01T02:00:00,housewares
EVT_0003537,CUST_00280,2024-01-01T04:00:00,bed_bath
EVT_0003538,CUST_00280,2024-01-01T06:00:00,furniture
EVT_0003539,CUST_00280,2024-01-01T08:00:00,housewares
EVT_0003540,CUST_00280,2024-01-01T10:00:00,bed_bath
EVT_0003541,CUST_00280,2024-01-01T12:00:00,furniture
EVT_0003542,CUST_00280,2024-01-01T14:00:00,housewares
EVT_0003543,CUST_00280,2024-01-01T16:00:00,bed_bath
EVT_0003544,CUST_00280,2024-01-01T18:00:00,furniture
EVT_0003545,CUST_00280,2024-01-01T20:00:00,housewares
EVT_0003546,CUST_00280,2024-01-01T22:00:00,bed_bath
EVT_0003547,CUST_00280,2024-01-02T00:00:00,furniture
EVT_0003548,CUST_00280,2024-01-02T02:00:00,housewares
EVT_0003549,CUST_00280,2024-01-02T04:00:00,housewares
EVT_0003550,CUST_00280,2024-01-02T06:00:00,bed_bath
EVT_0003551,CUST_00281,2024-01-01T00:00:00,electronics
EVT_0003552,CUST_00281,2024-01-01T02:00:00,computers
EVT_0003553,CUST_00281,2024-01-01T04:00:00,electronics
EVT_0003554,CUST_00281,2024-01-01T06:00:00,computers
EVT_0003555,CUST_00281,2024-01-01T08:00:00,electronics
EVT_0003556,CUST_00281,2024-01-01T10:00:00,computers
EVT_0003557,CUST_00281,2024-01-01T12:00:00,electronics
EVT_0003558,CUST_00281,2024-01-01T14:00:00,computers
EVT_0003559,CUST_00281,2024-01-01T16:00:00,electronics
EVT_0003560,CUST_00281,2024-01-01T18:00:00,computers
EVT_0003561,CUST_00281,2024-01-01T20:00:00,electronics
EVT_0003562,CUST_00281,2024-01-01T22:00:00,computers
EVT_0003563,CUST_00281,2024-01-02T00:00:00,electronics
EVT_0003564,CUST_00281,2024-01-02T02:00:00,computers
EVT_0003565,CUST_00281,2024-01-02T04:00:00,electronics
EVT_0003566,CUST_00282,2024-01-01T00:00:00,watches_gifts
EVT_0003567,CUST_00282,2024-01-01T02:00:00,health_beauty
EVT_0003568,CUST_00282,2024-01-01T04:00:00,watches_gifts
EVT_0003569,CUST_00282,2024-01-01T06:00:00,health_beauty
EVT_0003570,CUST_00282,2024-01-01T08:00:00,watches_gifts
EVT_0003571,CUST_00282,2024-01-01T10:00:00,health_beauty
EVT_0003572,CUST_00282,2024-01-01T12:00:00,watches_gifts
EVT_0003573,CUST_00282,2024-01-01T14:00:00,health_beauty
EVT_0003574,CUST_00282,2024-01-01T16:00:00,furniture
EVT_0003575,CUST_00282,2024-01-01T18:00:00,housewares
EVT_0003576,CUST_00282,2024-01-01T20:00:00,toys
EVT_0003577,CUST_00282,2024-01-01T22:00:00,sports_leisure
EVT_0003578,CUST_00283,2024-01-01T00:00:00,bed_bath
EVT_0003579,CUST_00283,2024-01-01T02:00:00,furniture
EVT_0003580,CUST_00283,2024-01-01T04:00:00,housewares
EVT_0003581,CUST_00283,2024-01-01T06:00:00,bed_bath
EVT_0003582,CUST_00283,2024-01-01T08:00:00,furniture
EVT_0003583,CUST_00283,2024-01-01T10:00:00,housewares
EVT_0003584,CUST_00283,2024-01-01T12:00:00,bed_bath
EVT_0003585,CUST_00283,2024-01-01T14:00:00,furniture
EVT_0003586,CUST_00283,2024-01-01T16:00:00,housewares
EVT_0003587,CUST_00283,2024-01-01T18:00:00,bed_bath
EVT_0003588,CUST_00283,2024-01-01T20:00:00,toys
EVT_0003589,CUST_00283,2024-01-01T22:00:00,bed_bath
EVT_0003590,CUST_00284,2024-01-01T00:00:00,furniture
EVT_0003591,CUST_00284,2024-01-01T02:00:00,housewares
EVT_0003592,CUST_00284,2024-01-01T04:00:00,bed_bath
EVT_0003593,CUST_00284,2024-01-01T06:00:00,furniture
EVT_0003594,CUST_00284,2024-01-01T08:00:00,housewares
EVT_0003595,CUST_00284,2024-01-01T10:00:00,bed_bath
EVT_0003596,CUST_00284,2024-01-01T12:00:00,furniture
EVT_0003597,CUST_00284,2024-01-01T14:00:00,housewares
EVT_0003598,CUST_00284,2024-01-01T16:00:00,bed_bath
EVT_0003599,CUST_00284,2024-01-01T18:00:00,furniture
EVT_0003600,CUST_00285,2024-01-01T00:00:00,electronics
EVT_0003601,CUST_00285,2024-01-01T02:00:00,computers
EVT_0003602,CUST_00285,2024-01-01T04:00:00,electronics
EVT_0003603,CUST_00285,2024-01-01T06:00:00,computers
EVT_0003604,CUST_00285,2024-01-01T08:00:00,electronics
EVT_0003605,CUST_00285,2024-01-01T10:00:00,computers
EVT_0003606,CUST_00285,2024-01-01T12:00:00,electronics
EVT_0003607,CUST_00285,2024-01-01T14:00:00,computers
EVT_0003608,CUST_00285,2024-01-01T16:00:00,electronics
EVT_0003609,CUST_00285,2024-01-01T18:00:00,health_beauty
EVT_0003610,CUST_00285,2024-01-01T20:00:00,watches_gifts
EVT_0003611,CUST_00285,2024-01-01T22:00:00,health_beauty
EVT_0003612,CUST_00286,2024-01-01T00:00:00,bed_bath
EVT_0003613,CUST_00286,2024-01-01T02:00:00,furniture
EVT_0003614,CUST_00286,2024-01-01T04:00:00,housewares
EVT_0003615,CUST_00286,2024-01-01T06:00:00,bed_bath
EVT_0003616,CUST_00286,2024-01-01T08:00:00,furniture
EVT_0003617,CUST_00286,2024-01-01T10:00:00,housewares
EVT_0003618,CUST_00286,2024-01-01T12:00:00,bed_bath
EVT_0003619,CUST_00286,2024-01-01T14:00:00,furniture
EVT_0003620,CUST_00286,2024-01-01T16:00:00,housewares
EVT_0003621,CUST_00286,2024-01-01T18:00:00,bed_bath
EVT_0003622,CUST_00286,2024-01-01T20:00:00,furniture
EVT_0003623,CUST_00286,2024-01-01T22:00:00,housewares
EVT_0003624,CUST_00286,2024-01-02T00:00:00,bed_bath
EVT_0003625,CUST_00287,2024-01-01T00:00:00,bed_bath
EVT_0003626,CUST_00287,2024-01-01T02:00:00,furniture
EVT_0003627,CUST_00287,2024-01-01T04:00:00,housewares
EVT_0003628,CUST_00287,2024-01-01T06:00:00,bed_bath
EVT_0003629,CUST_00287,2024-01-01T08:00:00,furniture
EVT_0003630,CUST_00287,2024-01-01T10:00:00,housewares
EVT_0003631,CUST_00287,2024-01-01T12:00:00,bed_bath
EVT_0003632,CUST_00287,2024-01-01T14:00:00,health_beauty
EVT_0003633,CUST_00287,2024-01-01T16:00:00,watches_gifts
EVT_0003634,CUST_00287,2024-01-01T18:00:00,health_beauty
EVT_0003635,CUST_00288,2024-01-01T00:00:00,toys
EVT_0003636,CUST_00288,2024-01-01T02:00:00,furniture
EVT_0003637,CUST_00288,2024-01-01T04:00:00,housewares
EVT_0003638,CUST_00288,2024-01-01T06:00:00,auto
EVT_0003639,CUST_00288,2024-01-01T08:00:00,electronics
EVT_0003640,CUST_00288,2024-01-01T10:00:00,electronics
EVT_0003641,CUST_00288,2024-01-01T12:00:00,computers
EVT_0003642,CUST_00288,2024-01-01T14:00:00,furniture
EVT_0003643,CUST_00288,2024-01-01T16:00:00,housewares
EVT_0003644,CUST_00289,2024-01-01T00:00:00,computers
EVT_0003645,CUST_00289,2024-01-01T02:00:00,electronics
EVT_0003646,CUST_00289,2024-01-01T04:00:00,toys
EVT_0003647,CUST_00289,2024-01-01T06:00:00,electronics
EVT_0003648,CUST_00289,2024-01-01T08:00:00,computers
EVT_0003649,CUST_00289,2024-01-01T10:00:00,electronics
EVT_0003650,CUST_00289,2024-01-01T12:00:00,computers
EVT_0003651,CUST_00289,2024-01-01T14:00:00,electronics
EVT_0003652,CUST_00289,2024-01-01T16:00:00,computers
EVT_0003653,CUST_00289,2024-01-01T18:00:00,electronics
EVT_0003654,CUST_00289,2024-01-01T20:00:00,computers
EVT_0003655,CUST_00289,2024-01-01T22:00:00,electronics
EVT_0003656,CUST_00290,2024-01-01T00:00:00,housewares
EVT_0003657,CUST_00290,2024-01-01T02:00:00,bed_bath
EVT_0003658,CUST_00290,2024-01-01T04:00:00,furniture
EVT_0003659,CUST_00290,2024-01-01T06:00:00,housewares
EVT_0003660,CUST_00290,2024-01-01T08:00:00,bed_bath
EVT_0003661,CUST_00290,2024-01-01T10:00:00,furniture
EVT_0003662,CUST_00290,2024-01-01T12:00:00,housewares
EVT_0003663,CUST_00290,2024-01-01T14:00:00,bed_bath
EVT_0003664,CUST_00290,2024-01-01T16:00:00,furniture
EVT_0003665,CUST_00291,2024-01-01T00:00:00,bed_bath
EVT_0003666,CUST_00291,2024-01-01T02:00:00,furniture
EVT_0003667,CUST_00291,2024-01-01T04:00:00,housewares
EVT_0003668,CUST_00291,2024-01-01T06:00:00,bed_bath
EVT_0003669,CUST_00291,2024-01-01T08:00:00,furniture
EVT_0003670,CUST_00291,2024-01-01T10:00:00,housewares
EVT_0003671,CUST_00291,2024-01-01T12:00:00,bed_bath
EVT_0003672,CUST_00291,2024-01-01T14:00:00,furniture
EVT_0003673,CUST_00292,2024-01-01T00:00:00,bed_bath
EVT_0003674,CUST_00292,2024-01-01T02:00:00,furniture
EVT_0003675,CUST_00292,2024-01-01T04:00:00,housewares
EVT_0003676,CUST_00292,2024-01-01T06:00:00,bed_bath
EVT_0003677,CUST_00292,2024-01-01T08:00:00,furniture
EVT_0003678,CUST_00292,2024-01-01T10:00:00,housewares
EVT_0003679,CUST_00292,2024-01-01T12:00:00,bed_bath
EVT_0003680,CUST_00292,2024-01-01T14:00:00,furniture
EVT_0003681,CUST_00292,2024-01-01T16:00:00,housewares
EVT_0003682,CUST_00292,2024-01-01T18:00:00,bed_bath
EVT_0003683,CUST_00292,2024-01-01T20:00:00,furniture
EVT_0003684,CUST_00292,2024-01-01T22:00:00,housewares
EVT_0003685,CUST_00292,2024-01-02T00:00:00,bed_bath
EVT_0003686,CUST_00292,2024-01-02T02:00:00,furniture
EVT_0003687,CUST_00292,2024-01-02T04:00:00,housewares
EVT_0003688,CUST_00293,2024-01-01T00:00:00,furniture
EVT_0003689,CUST_00293,2024-01-01T02:00:00,housewares
EVT_0003690,CUST_00293,2024-01-01T04:00:00,bed_bath
EVT_0003691,CUST_00293,2024-01-01T06:00:00,furniture
EVT_0003692,CUST_00293,2024-01-01T08:00:00,housewares
EVT_0003693,CUST_00293,2024-01-01T10:00:00,bed_bath
EVT_0003694,CUST_00293,2024-01-01T12:00:00,furniture
EVT_0003695,CUST_00293,2024-01-01T14:00:00,sports_leisure
EVT_0003696,CUST_00293,2024-01-01T16:00:00,health_beauty
EVT_0003697,CUST_00293,2024-01-01T18:00:00,watches_gifts
EVT_0003698,CUST_00293,2024-01-01T20:00:00,health_beauty
EVT_0003699,CUST_00293,2024-01-01T22:00:00,watches_gifts
EVT_0003700,CUST_00294,2024-01-01T00:00:00,electronics
EVT_0003701,CUST_00294,2024-01-01T02:00:00,computers
EVT_0003702,CUST_00294,2024-01-01T04:00:00,electronics
EVT_0003703,CUST_00294,2024-01-01T06:00:00,bed_bath
EVT_0003704,CUST_00294,2024-01-01T08:00:00,furniture
EVT_0003705,CUST_00294,2024-01-01T10:00:00,housewares
EVT_0003706,CUST_00294,2024-01-01T12:00:00,bed_bath
EVT_0003707,CUST_00294,2024-01-01T14:00:00,furniture
EVT_0003708,CUST_00294,2024-01-01T16:00:00,housewares
EVT_0003709,CUST_00294,2024-01-01T18:00:00,bed_bath
EVT_0003710,CUST_00294,2024-01-01T20:00:00,furniture
EVT_0003711,CUST_00294,2024-01-01T22:00:00,housewares
EVT_0003712,CUST_00294,2024-01-02T00:00:00,bed_bath
EVT_0003713,CUST_00295,2024-01-01T00:00:00,furniture
EVT_0003714,CUST_00295,2024-01-01T02:00:00,housewares
EVT_0003715,CUST_00295,2024-01-01T04:00:00,bed_bath
EVT_0003716,CUST_00295,2024-01-01T06:00:00,furniture
EVT_0003717,CUST_00295,2024-01-01T08:00:00,housewares
EVT_0003718,CUST_00295,2024-01-01T10:00:00,bed_bath
EVT_0003719,CUST_00295,2024-01-01T12:00:00,furniture
EVT_0003720,CUST_00295,2024-01-01T14:00:00,housewares
EVT_0003721,CUST_00296,2024-01-01T00:00:00,bed_bath
EVT_0003722,CUST_00296,2024-01-01T02:00:00,furniture
EVT_0003723,CUST_00296,2024-01-01T04:00:00,housewares
EVT_0003724,CUST_00296,2024-01-01T06:00:00,bed_bath
EVT_0003725,CUST_00296,2024-01-01T08:00:00,furniture
EVT_0003726,CUST_00296,2024-01-01T10:00:00,housewares
EVT_0003727,CUST_00296,2024-01-01T12:00:00,bed_bath
EVT_0003728,CUST_00296,2024-01-01T14:00:00,furniture
EVT_0003729,CUST_00296,2024-01-01T16:00:00,housewares
EVT_0003730,CUST_00296,2024-01-01T18:00:00,bed_bath
EVT_0003731,CUST_00296,2024-01-01T20:00:00,furniture
EVT_0003732,CUST_00297,2024-01-01T00:00:00,electronics
EVT_0003733,CUST_00297,2024-01-01T02:00:00,computers
EVT_0003734,CUST_00297,2024-01-01T04:00:00,auto
EVT_0003735,CUST_00297,2024-01-01T06:00:00,electronics
EVT_0003736,CUST_00297,2024-01-01T08:00:00,computers
EVT_0003737,CUST_00297,2024-01-01T10:00:00,electronics
EVT_0003738,CUST_00297,2024-01-01T12:00:00,computers
EVT_0003739,CUST_00297,2024-01-01T14:00:00,electronics
EVT_0003740,CUST_00298,2024-01-01T00:00:00,electronics
EVT_0003741,CUST_00298,2024-01-01T02:00:00,computers
EVT_0003742,CUST_00298,2024-01-01T04:00:00,electronics
EVT_0003743,CUST_00298,2024-01-01T06:00:00,computers
EVT_0003744,CUST_00298,2024-01-01T08:00:00,electronics
EVT_0003745,CUST_00298,2024-01-01T10:00:00,computers
EVT_0003746,CUST_00298,2024-01-01T12:00:00,toys
EVT_0003747,CUST_00298,2024-01-01T14:00:00,electronics
EVT_0003748,CUST_00298,2024-01-01T16:00:00,computers
EVT_0003749,CUST_00298,2024-01-01T18:00:00,electronics
EVT_0003750,CUST_00298,2024-01-01T20:00:00,computers
EVT_0003751,CUST_00298,2024-01-01T22:00:00,electronics
EVT_0003752,CUST_00298,2024-01-02T00:00:00,computers
EVT_0003753,CUST_00299,2024-01-01T00:00:00,health_beauty
EVT_0003754,CUST_00299,2024-01-01T02:00:00,watches_gifts
EVT_0003755,CUST_00299,2024-01-01T04:00:00,furniture
EVT_0003756,CUST_00299,2024-01-01T06:00:00,housewares
EVT_0003757,CUST_00299,2024-01-01T08:00:00,bed_bath
EVT_0003758,CUST_00299,2024-01-01T10:00:00,furniture
EVT_0003759,CUST_00299,2024-01-01T12:00:00,housewares
EVT_0003760,CUST_00299,2024-01-01T14:00:00,bed_bath
EVT_0003761,CUST_00299,2024-01-01T16:00:00,furniture
EVT_0003762,CUST_00299,2024-01-01T18:00:00,housewares
EVT_0003763,CUST_00300,2024-01-01T00:00:00,electronics
EVT_0003764,CUST_00300,2024-01-01T02:00:00,computers
EVT_0003765,CUST_00300,2024-01-01T04:00:00,electronics
EVT_0003766,CUST_00300,2024-01-01T06:00:00,computers
EVT_0003767,CUST_00300,2024-01-01T08:00:00,electronics
EVT_0003768,CUST_00300,2024-01-01T10:00:00,computers
EVT_0003769,CUST_00300,2024-01-01T12:00:00,electronics
EVT_0003770,CUST_00300,2024-01-01T14:00:00,computers
EVT_0003771,CUST_00300,2024-01-01T16:00:00,electronics
EVT_0003772,CUST_00300,2024-01-01T18:00:00,computers
EVT_0003773,CUST_00300,2024-01-01T20:00:00,electronics
EVT_0003774,CUST_00300,2024-01-01T22:00:00,computers
EVT_0003775,CUST_00300,2024-01-02T00:00:00,electronics
EVT_0003776,CUST_00301,2024-01-01T00:00:00,electronics
EVT_0003777,CUST_00301,2024-01-01T02:00:00,computers
EVT_0003778,CUST_00301,2024-01-01T04:00:00,electronics
EVT_0003779,CUST_00301,2024-01-01T06:00:00,computers
EVT_0003780,CUST_00301,2024-01-01T08:00:00,electronics
EVT_0003781,CUST_00301,2024-01-01T10:00:00,auto
EVT_0003782,CUST_00301,2024-01-01T12:00:00,electronics
EVT_0003783,CUST_00301,2024-01-01T14:00:00,bed_bath
EVT_0003784,CUST_00301,2024-01-01T16:00:00,furniture
EVT_0003785,CUST_00301,2024-01-01T18:00:00,housewares
EVT_0003786,CUST_00302,2024-01-01T00:00:00,bed_bath
EVT_0003787,CUST_00302,2024-01-01T02:00:00,furniture
EVT_0003788,CUST_00302,2024-01-01T04:00:00,housewares
EVT_0003789,CUST_00302,2024-01-01T06:00:00,bed_bath
EVT_0003790,CUST_00302,2024-01-01T08:00:00,furniture
EVT_0003791,CUST_00302,2024-01-01T10:00:00,housewares
EVT_0003792,CUST_00302,2024-01-01T12:00:00,bed_bath
EVT_0003793,CUST_00302,2024-01-01T14:00:00,furniture
EVT_0003794,CUST_00303,2024-01-01T00:00:00,furniture
EVT_0003795,CUST_00303,2024-01-01T02:00:00,housewares
EVT_0003796,CUST_00303,2024-01-01T04:00:00,bed_bath
EVT_0003797,CUST_00303,2024-01-01T06:00:00,furniture
EVT_0003798,CUST_00303,2024-01-01T08:00:00,housewares
EVT_0003799,CUST_00303,2024-01-01T10:00:00,bed_bath
EVT_0003800,CUST_00303,2024-01-01T12:00:00,furniture
EVT_0003801,CUST_00303,2024-01-01T14:00:00,housewares
EVT_0003802,CUST_00303,2024-01-01T16:00:00,sports_leisure
EVT_0003803,CUST_00303,2024-01-01T18:00:00,health_beauty
EVT_0003804,CUST_00303,2024-01-01T20:00:00,watches_gifts
EVT_0003805,CUST_00303,2024-01-01T22:00:00,health_beauty
EVT_0003806,CUST_00303,2024-01-02T00:00:00,watches_gifts
EVT_0003807,CUST_00303,2024-01-02T02:00:00,health_beauty
EVT_0003808,CUST_00303,2024-01-02T04:00:00,watches_gifts
EVT_0003809,CUST_00304,2024-01-01T00:00:00,computers
EVT_0003810,CUST_00304,2024-01-01T02:00:00,electronics
EVT_0003811,CUST_00304,2024-01-01T04:00:00,computers
EVT_0003812,CUST_00304,2024-01-01T06:00:00,electronics
EVT_0003813,CUST_00304,2024-01-01T08:00:00,auto
EVT_0003814,CUST_00304,2024-01-01T10:00:00,electronics
EVT_0003815,CUST_00304,2024-01-01T12:00:00,computers
EVT_0003816,CUST_00304,2024-01-01T14:00:00,electronics
EVT_0003817,CUST_00304,2024-01-01T16:00:00,computers
EVT_0003818,CUST_00304,2024-01-01T18:00:00,electronics
EVT_0003819,CUST_00304,2024-01-01T20:00:00,computers
EVT_0003820,CUST_00305,2024-01-01T00:00:00,furniture
EVT_0003821,CUST_00305,2024-01-01T02:00:00,housewares
EVT_0003822,CUST_00305,2024-01-01T04:00:00,bed_bath
EVT_0003823,CUST_00305,2024-01-01T06:00:00,electronics
EVT_0003824,CUST_00305,2024-01-01T08:00:00,computers
EVT_0003825,CUST_00305,2024-01-01T10:00:00,electronics
EVT_0003826,CUST_00305,2024-01-01T12:00:00,auto
EVT_0003827,CUST_00305,2024-01-01T14:00:00,electronics
EVT_0003828,CUST_00305,2024-01-01T16:00:00,computers
EVT_0003829,CUST_00305,2024-01-01T18:00:00,electronics
EVT_0003830,CUST_00305,2024-01-01T20:00:00,computers
EVT_0003831,CUST_00305,2024-01-01T22:00:00,electronics
EVT_0003832,CUST_00305,2024-01-02T00:00:00,housewares
EVT_0003833,CUST_00305,2024-01-02T02:00:00,bed_bath
EVT_0003834,CUST_00305,2024-01-02T04:00:00,furniture
EVT_0003835,CUST_00306,2024-01-01T00:00:00,housewares
EVT_0003836,CUST_00306,2024-01-01T02:00:00,bed_bath
EVT_0003837,CUST_00306,2024-01-01T04:00:00,furniture
EVT_0003838,CUST_00306,2024-01-01T06:00:00,housewares
EVT_0003839,CUST_00306,2024-01-01T08:00:00,bed_bath
EVT_0003840,CUST_00306,2024-01-01T10:00:00,furniture
EVT_0003841,CUST_00306,2024-01-01T12:00:00,housewares
EVT_0003842,CUST_00306,2024-01-01T14:00:00,bed_bath
EVT_0003843,CUST_00306,2024-01-01T16:00:00,furniture
EVT_0003844,CUST_00306,2024-01-01T18:00:00,housewares
EVT_0003845,CUST_00306,2024-01-01T20:00:00,bed_bath
EVT_0003846,CUST_00307,2024-01-01T00:00:00,bed_bath
EVT_0003847,CUST_00307,2024-01-01T02:00:00,furniture
EVT_0003848,CUST_00307,2024-01-01T04:00:00,housewares
EVT_0003849,CUST_00307,2024-01-01T06:00:00,bed_bath
EVT_0003850,CUST_00307,2024-01-01T08:00:00,furniture
EVT_0003851,CUST_00307,2024-01-01T10:00:00,housewares
EVT_0003852,CUST_00307,2024-01-01T12:00:00,bed_bath
EVT_0003853,CUST_00307,2024-01-01T14:00:00,furniture
EVT_0003854,CUST_00307,2024-01-01T16:00:00,housewares
EVT_0003855,CUST_00308,2024-01-01T00:00:00,toys
EVT_0003856,CUST_00308,2024-01-01T02:00:00,electronics
EVT_0003857,CUST_00308,2024-01-01T04:00:00,computers
EVT_0003858,CUST_00308,2024-01-01T06:00:00,electronics
EVT_0003859,CUST_00308,2024-01-01T08:00:00,computers
EVT_0003860,CUST_00308,2024-01-01T10:00:00,electronics
EVT_0003861,CUST_00308,2024-01-01T12:00:00,computers
EVT_0003862,CUST_00308,2024-01-01T14:00:00,electronics
EVT_0003863,CUST_00308,2024-01-01T16:00:00,computers
EVT_0003864,CUST_00308,2024-01-01T18:00:00,electronics
EVT_0003865,CUST_00308,2024-01-01T20:00:00,computers
EVT_0003866,CUST_00308,2024-01-01T22:00:00,electronics
EVT_0003867,CUST_00308,2024-01-02T00:00:00,computers
EVT_0003868,CUST_00308,2024-01-02T02:00:00,electronics
EVT_0003869,CUST_00308,2024-01-02T04:00:00,computers
EVT_0003870,CUST_00308,2024-01-02T06:00:00,electronics
EVT_0003871,CUST_00308,2024-01-02T08:00:00,computers
EVT_0003872,CUST_00309,2024-01-01T00:00:00,health_beauty
EVT_0003873,CUST_00309,2024-01-01T02:00:00,watches_gifts
EVT_0003874,CUST_00309,2024-01-01T04:00:00,health_beauty
EVT_0003875,CUST_00309,2024-01-01T06:00:00,watches_gifts
EVT_0003876,CUST_00309,2024-01-01T08:00:00,health_beauty
EVT_0003877,CUST_00309,2024-01-01T10:00:00,watches_gifts
EVT_0003878,CUST_00309,2024-01-01T12:00:00,health_beauty
EVT_0003879,CUST_00309,2024-01-01T14:00:00,watches_gifts
EVT_0003880,CUST_00309,2024-01-01T16:00:00,health_beauty
EVT_0003881,CUST_00309,2024-01-01T18:00:00,watches_gifts
EVT_0003882,CUST_00309,2024-01-01T20:00:00,health_beauty
EVT_0003883,CUST_00309,2024-01-01T22:00:00,watches_gifts
EVT_0003884,CUST_00309,2024-01-02T00:00:00,health_beauty
EVT_0003885,CUST_00310,2024-01-01T00:00:00,health_beauty
EVT_0003886,CUST_00310,2024-01-01T02:00:00,watches_gifts
EVT_0003887,CUST_00310,2024-01-01T04:00:00,health_beauty
EVT_0003888,CUST_00310,2024-01-01T06:00:00,watches_gifts
EVT_0003889,CUST_00310,2024-01-01T08:00:00,bed_bath
EVT_0003890,CUST_00310,2024-01-01T10:00:00,furniture
EVT_0003891,CUST_00310,2024-01-01T12:00:00,housewares
EVT_0003892,CUST_00310,2024-01-01T14:00:00,bed_bath
EVT_0003893,CUST_00310,2024-01-01T16:00:00,housewares
EVT_0003894,CUST_00310,2024-01-01T18:00:00,bed_bath
EVT_0003895,CUST_00310,2024-01-01T20:00:00,furniture
EVT_0003896,CUST_00310,2024-01-01T22:00:00,housewares
EVT_0003897,CUST_00310,2024-01-02T00:00:00,bed_bath
EVT_0003898,CUST_00310,2024-01-02T02:00:00,computers
EVT_0003899,CUST_00310,2024-01-02T04:00:00,electronics
EVT_0003900,CUST_00310,2024-01-02T06:00:00,computers
EVT_0003901,CUST_00311,2024-01-01T00:00:00,furniture
EVT_0003902,CUST_00311,2024-01-01T02:00:00,housewares
EVT_0003903,CUST_00311,2024-01-01T04:00:00,bed_bath
EVT_0003904,CUST_00311,2024-01-01T06:00:00,furniture
EVT_0003905,CUST_00311,2024-01-01T08:00:00,housewares
EVT_0003906,CUST_00311,2024-01-01T10:00:00,bed_bath
EVT_0003907,CUST_00311,2024-01-01T12:00:00,furniture
EVT_0003908,CUST_00311,2024-01-01T14:00:00,housewares
EVT_0003909,CUST_00312,2024-01-01T00:00:00,watches_gifts
EVT_0003910,CUST_00312,2024-01-01T02:00:00,health_beauty
EVT_0003911,CUST_00312,2024-01-01T04:00:00,watches_gifts
EVT_0003912,CUST_00312,2024-01-01T06:00:00,housewares
EVT_0003913,CUST_00312,2024-01-01T08:00:00,bed_bath
EVT_0003914,CUST_00312,2024-01-01T10:00:00,furniture
EVT_0003915,CUST_00312,2024-01-01T12:00:00,toys
EVT_0003916,CUST_00312,2024-01-01T14:00:00,electronics
EVT_0003917,CUST_00313,2024-01-01T00:00:00,housewares
EVT_0003918,CUST_00313,2024-01-01T02:00:00,bed_bath
EVT_0003919,CUST_00313,2024-01-01T04:00:00,toys
EVT_0003920,CUST_00313,2024-01-01T06:00:00,electronics
EVT_0003921,CUST_00313,2024-01-01T08:00:00,computers
EVT_0003922,CUST_00313,2024-01-01T10:00:00,electronics
EVT_0003923,CUST_00313,2024-01-01T12:00:00,computers
EVT_0003924,CUST_00313,2024-01-01T14:00:00,electronics
EVT_0003925,CUST_00313,2024-01-01T16:00:00,computers
EVT_0003926,CUST_00313,2024-01-01T18:00:00,electronics
EVT_0003927,CUST_00313,2024-01-01T20:00:00,computers
EVT_0003928,CUST_00314,2024-01-01T00:00:00,health_beauty
EVT_0003929,CUST_00314,2024-01-01T02:00:00,watches_gifts
EVT_0003930,CUST_00314,2024-01-01T04:00:00,health_beauty
EVT_0003931,CUST_00314,2024-01-01T06:00:00,watches_gifts
EVT_0003932,CUST_00314,2024-01-01T08:00:00,health_beauty
EVT_0003933,CUST_00314,2024-01-01T10:00:00,watches_gifts
EVT_0003934,CUST_00314,2024-01-01T12:00:00,health_beauty
EVT_0003935,CUST_00314,2024-01-01T14:00:00,watches_gifts
EVT_0003936,CUST_00315,2024-01-01T00:00:00,electronics
EVT_0003937,CUST_00315,2024-01-01T02:00:00,computers
EVT_0003938,CUST_00315,2024-01-01T04:00:00,electronics
EVT_0003939,CUST_00315,2024-01-01T06:00:00,computers
EVT_0003940,CUST_00315,2024-01-01T08:00:00,electronics
EVT_0003941,CUST_00315,2024-01-01T10:00:00,computers
EVT_0003942,CUST_00315,2024-01-01T12:00:00,electronics
EVT_0003943,CUST_00315,2024-01-01T14:00:00,computers
EVT_0003944,CUST_00315,2024-01-01T16:00:00,electronics
EVT_0003945,CUST_00315,2024-01-01T18:00:00,computers
EVT_0003946,CUST_00316,2024-01-01T00:00:00,bed_bath
EVT_0003947,CUST_00316,2024-01-01T02:00:00,furniture
EVT_0003948,CUST_00316,2024-01-01T04:00:00,housewares
EVT_0003949,CUST_00316,2024-01-01T06:00:00,bed_bath
EVT_0003950,CUST_00316,2024-01-01T08:00:00,furniture
EVT_0003951,CUST_00316,2024-01-01T10:00:00,sports_leisure
EVT_0003952,CUST_00316,2024-01-01T12:00:00,health_beauty
EVT_0003953,CUST_00316,2024-01-01T14:00:00,watches_gifts
EVT_0003954,CUST_00316,2024-01-01T16:00:00,health_beauty
EVT_0003955,CUST_00316,2024-01-01T18:00:00,watches_gifts
EVT_0003956,CUST_00316,2024-01-01T20:00:00,health_beauty
EVT_0003957,CUST_00317,2024-01-01T00:00:00,computers
EVT_0003958,CUST_00317,2024-01-01T02:00:00,electronics
EVT_0003959,CUST_00317,2024-01-01T04:00:00,computers
EVT_0003960,CUST_00317,2024-01-01T06:00:00,electronics
EVT_0003961,CUST_00317,2024-01-01T08:00:00,computers
EVT_0003962,CUST_00317,2024-01-01T10:00:00,electronics
EVT_0003963,CUST_00317,2024-01-01T12:00:00,computers
EVT_0003964,CUST_00317,2024-01-01T14:00:00,electronics
EVT_0003965,CUST_00317,2024-01-01T16:00:00,computers
EVT_0003966,CUST_00317,2024-01-01T18:00:00,electronics
EVT_0003967,CUST_00318,2024-01-01T00:00:00,housewares
EVT_0003968,CUST_00318,2024-01-01T02:00:00,bed_bath
EVT_0003969,CUST_00318,2024-01-01T04:00:00,furniture
EVT_0003970,CUST_00318,2024-01-01T06:00:00,housewares
EVT_0003971,CUST_00318,2024-01-01T08:00:00,bed_bath
EVT_0003972,CUST_00318,2024-01-01T10:00:00,furniture
EVT_0003973,CUST_00318,2024-01-01T12:00:00,sports_leisure
EVT_0003974,CUST_00318,2024-01-01T14:00:00,health_beauty
EVT_0003975,CUST_00318,2024-01-01T16:00:00,watches_gifts
EVT_0003976,CUST_00318,2024-01-01T18:00:00,health_beauty
EVT_0003977,CUST_00318,2024-01-01T20:00:00,auto
EVT_0003978,CUST_00319,2024-01-01T00:00:00,housewares
EVT_0003979,CUST_00319,2024-01-01T02:00:00,auto
EVT_0003980,CUST_00319,2024-01-01T04:00:00,electronics
EVT_0003981,CUST_00319,2024-01-01T06:00:00,computers
EVT_0003982,CUST_00319,2024-01-01T08:00:00,electronics
EVT_0003983,CUST_00319,2024-01-01T10:00:00,computers
EVT_0003984,CUST_00319,2024-01-01T12:00:00,electronics
EVT_0003985,CUST_00319,2024-01-01T14:00:00,computers
EVT_0003986,CUST_00319,2024-01-01T16:00:00,electronics
EVT_0003987,CUST_00319,2024-01-01T18:00:00,computers
EVT_0003988,CUST_00319,2024-01-01T20:00:00,electronics
EVT_0003989,CUST_00319,2024-01-01T22:00:00,computers
EVT_0003990,CUST_00319,2024-01-02T00:00:00,electronics
EVT_0003991,CUST_00319,2024-01-02T02:00:00,computers
EVT_0003992,CUST_00319,2024-01-02T04:00:00,electronics
EVT_0003993,CUST_00320,2024-01-01T00:00:00,housewares
EVT_0003994,CUST_00320,2024-01-01T02:00:00,electronics
EVT_0003995,CUST_00320,2024-01-01T04:00:00,computers
EVT_0003996,CUST_00320,2024-01-01T06:00:00,electronics
EVT_0003997,CUST_00320,2024-01-01T08:00:00,computers
EVT_0003998,CUST_00320,2024-01-01T10:00:00,electronics
EVT_0003999,CUST_00320,2024-01-01T12:00:00,computers
EVT_0004000,CUST_00320,2024-01-01T14:00:00,electronics
EVT_0004001,CUST_00320,2024-01-01T16:00:00,computers
EVT_0004002,CUST_00320,2024-01-01T18:00:00,electronics
EVT_0004003,CUST_00320,2024-01-01T20:00:00,computers
EVT_0004004,CUST_00320,2024-01-01T22:00:00,electronics
EVT_0004005,CUST_00320,2024-01-02T00:00:00,computers
EVT_0004006,CUST_00320,2024-01-02T02:00:00,electronics
EVT_0004007,CUST_00320,2024-01-02T04:00:00,sports_leisure
EVT_0004008,CUST_00320,2024-01-02T06:00:00,health_beauty
EVT_0004009,CUST_00321,2024-01-01T00:00:00,watches_gifts
EVT_0004010,CUST_00321,2024-01-01T02:00:00,health_beauty
EVT_0004011,CUST_00321,2024-01-01T04:00:00,watches_gifts
EVT_0004012,CUST_00321,2024-01-01T06:00:00,health_beauty
EVT_0004013,CUST_00321,2024-01-01T08:00:00,watches_gifts
EVT_0004014,CUST_00321,2024-01-01T10:00:00,health_beauty
EVT_0004015,CUST_00321,2024-01-01T12:00:00,watches_gifts
EVT_0004016,CUST_00321,2024-01-01T14:00:00,health_beauty
EVT_0004017,CUST_00321,2024-01-01T16:00:00,watches_gifts
EVT_0004018,CUST_00321,2024-01-01T18:00:00,health_beauty
EVT_0004019,CUST_00321,2024-01-01T20:00:00,watches_gifts
EVT_0004020,CUST_00321,2024-01-01T22:00:00,health_beauty
EVT_0004021,CUST_00321,2024-01-02T00:00:00,watches_gifts
EVT_0004022,CUST_00322,2024-01-01T00:00:00,electronics
EVT_0004023,CUST_00322,2024-01-01T02:00:00,computers
EVT_0004024,CUST_00322,2024-01-01T04:00:00,electronics
EVT_0004025,CUST_00322,2024-01-01T06:00:00,toys
EVT_0004026,CUST_00322,2024-01-01T08:00:00,electronics
EVT_0004027,CUST_00322,2024-01-01T10:00:00,computers
EVT_0004028,CUST_00322,2024-01-01T12:00:00,electronics
EVT_0004029,CUST_00322,2024-01-01T14:00:00,computers
EVT_0004030,CUST_00322,2024-01-01T16:00:00,electronics
EVT_0004031,CUST_00322,2024-01-01T18:00:00,computers
EVT_0004032,CUST_00322,2024-01-01T20:00:00,electronics
EVT_0004033,CUST_00322,2024-01-01T22:00:00,computers
EVT_0004034,CUST_00322,2024-01-02T00:00:00,electronics
EVT_0004035,CUST_00322,2024-01-02T02:00:00,computers
EVT_0004036,CUST_00322,2024-01-02T04:00:00,electronics
EVT_0004037,CUST_00322,2024-01-02T06:00:00,furniture
EVT_0004038,CUST_00323,2024-01-01T00:00:00,electronics
EVT_0004039,CUST_00323,2024-01-01T02:00:00,computers
EVT_0004040,CUST_00323,2024-01-01T04:00:00,electronics
EVT_0004041,CUST_00323,2024-01-01T06:00:00,computers
EVT_0004042,CUST_00323,2024-01-01T08:00:00,sports_leisure
EVT_0004043,CUST_00323,2024-01-01T10:00:00,health_beauty
EVT_0004044,CUST_00323,2024-01-01T12:00:00,watches_gifts
EVT_0004045,CUST_00323,2024-01-01T14:00:00,health_beauty
EVT_0004046,CUST_00323,2024-01-01T16:00:00,watches_gifts
EVT_0004047,CUST_00323,2024-01-01T18:00:00,toys
EVT_0004048,CUST_00323,2024-01-01T20:00:00,watches_gifts
EVT_0004049,CUST_00323,2024-01-01T22:00:00,health_beauty
EVT_0004050,CUST_00324,2024-01-01T00:00:00,watches_gifts
EVT_0004051,CUST_00324,2024-01-01T02:00:00,health_beauty
EVT_0004052,CUST_00324,2024-01-01T04:00:00,watches_gifts
EVT_0004053,CUST_00324,2024-01-01T06:00:00,health_beauty
EVT_0004054,CUST_00324,2024-01-01T08:00:00,watches_gifts
EVT_0004055,CUST_00324,2024-01-01T10:00:00,health_beauty
EVT_0004056,CUST_00324,2024-01-01T12:00:00,sports_leisure
EVT_0004057,CUST_00324,2024-01-01T14:00:00,health_beauty
EVT_0004058,CUST_00324,2024-01-01T16:00:00,watches_gifts
EVT_0004059,CUST_00324,2024-01-01T18:00:00,health_beauty
EVT_0004060,CUST_00324,2024-01-01T20:00:00,watches_gifts
EVT_0004061,CUST_00324,2024-01-01T22:00:00,health_beauty
EVT_0004062,CUST_00325,2024-01-01T00:00:00,bed_bath
EVT_0004063,CUST_00325,2024-01-01T02:00:00,furniture
EVT_0004064,CUST_00325,2024-01-01T04:00:00,housewares
EVT_0004065,CUST_00325,2024-01-01T06:00:00,bed_bath
EVT_0004066,CUST_00325,2024-01-01T08:00:00,furniture
EVT_0004067,CUST_00325,2024-01-01T10:00:00,housewares
EVT_0004068,CUST_00325,2024-01-01T12:00:00,sports_leisure
EVT_0004069,CUST_00325,2024-01-01T14:00:00,health_beauty
EVT_0004070,CUST_00325,2024-01-01T16:00:00,watches_gifts
EVT_0004071,CUST_00325,2024-01-01T18:00:00,health_beauty
EVT_0004072,CUST_00325,2024-01-01T20:00:00,watches_gifts
EVT_0004073,CUST_00325,2024-01-01T22:00:00,health_beauty
EVT_0004074,CUST_00325,2024-01-02T00:00:00,watches_gifts
EVT_0004075,CUST_00325,2024-01-02T02:00:00,health_beauty
EVT_0004076,CUST_00325,2024-01-02T04:00:00,watches_gifts
EVT_0004077,CUST_00325,2024-01-02T06:00:00,health_beauty
EVT_0004078,CUST_00326,2024-01-01T00:00:00,computers
EVT_0004079,CUST_00326,2024-01-01T02:00:00,electronics
EVT_0004080,CUST_00326,2024-01-01T04:00:00,computers
EVT_0004081,CUST_00326,2024-01-01T06:00:00,housewares
EVT_0004082,CUST_00326,2024-01-01T08:00:00,bed_bath
EVT_0004083,CUST_00326,2024-01-01T10:00:00,furniture
EVT_0004084,CUST_00326,2024-01-01T12:00:00,housewares
EVT_0004085,CUST_00326,2024-01-01T14:00:00,bed_bath
EVT_0004086,CUST_00326,2024-01-01T16:00:00,furniture
EVT_0004087,CUST_00326,2024-01-01T18:00:00,housewares
EVT_0004088,CUST_00326,2024-01-01T20:00:00,bed_bath
EVT_0004089,CUST_00327,2024-01-01T00:00:00,furniture
EVT_0004090,CUST_00327,2024-01-01T02:00:00,housewares
EVT_0004091,CUST_00327,2024-01-01T04:00:00,bed_bath
EVT_0004092,CUST_00327,2024-01-01T06:00:00,furniture
EVT_0004093,CUST_00327,2024-01-01T08:00:00,housewares
EVT_0004094,CUST_00327,2024-01-01T10:00:00,bed_bath
EVT_0004095,CUST_00327,2024-01-01T12:00:00,furniture
EVT_0004096,CUST_00327,2024-01-01T14:00:00,housewares
EVT_0004097,CUST_00327,2024-01-01T16:00:00,bed_bath
EVT_0004098,CUST_00327,2024-01-01T18:00:00,furniture
EVT_0004099,CUST_00327,2024-01-01T20:00:00,furniture
EVT_0004100,CUST_00327,2024-01-01T22:00:00,housewares
EVT_0004101,CUST_00327,2024-01-02T00:00:00,bed_bath
EVT_0004102,CUST_00327,2024-01-02T02:00:00,furniture
EVT_0004103,CUST_00327,2024-01-02T04:00:00,electronics
EVT_0004104,CUST_00327,2024-01-02T06:00:00,computers
EVT_0004105,CUST_00327,2024-01-02T08:00:00,electronics
EVT_0004106,CUST_00328,2024-01-01T00:00:00,computers
EVT_0004107,CUST_00328,2024-01-01T02:00:00,electronics
EVT_0004108,CUST_00328,2024-01-01T04:00:00,computers
EVT_0004109,CUST_00328,2024-01-01T06:00:00,electronics
EVT_0004110,CUST_00328,2024-01-01T08:00:00,computers
EVT_0004111,CUST_00328,2024-01-01T10:00:00,electronics
EVT_0004112,CUST_00328,2024-01-01T12:00:00,computers
EVT_0004113,CUST_00328,2024-01-01T14:00:00,electronics
EVT_0004114,CUST_00328,2024-01-01T16:00:00,computers
EVT_0004115,CUST_00328,2024-01-01T18:00:00,electronics
EVT_0004116,CUST_00328,2024-01-01T20:00:00,computers
EVT_0004117,CUST_00328,2024-01-01T22:00:00,electronics
EVT_0004118,CUST_00328,2024-01-02T00:00:00,auto
EVT_0004119,CUST_00328,2024-01-02T02:00:00,electronics
EVT_0004120,CUST_00329,2024-01-01T00:00:00,watches_gifts
EVT_0004121,CUST_00329,2024-01-01T02:00:00,health_beauty
EVT_0004122,CUST_00329,2024-01-01T04:00:00,watches_gifts
EVT_0004123,CUST_00329,2024-01-01T06:00:00,health_beauty
EVT_0004124,CUST_00329,2024-01-01T08:00:00,watches_gifts
EVT_0004125,CUST_00329,2024-01-01T10:00:00,health_beauty
EVT_0004126,CUST_00329,2024-01-01T12:00:00,watches_gifts
EVT_0004127,CUST_00329,2024-01-01T14:00:00,health_beauty
EVT_0004128,CUST_00329,2024-01-01T16:00:00,watches_gifts
EVT_0004129,CUST_00329,2024-01-01T18:00:00,health_beauty
EVT_0004130,CUST_00329,2024-01-01T20:00:00,watches_gifts
EVT_0004131,CUST_00329,2024-01-01T22:00:00,electronics
EVT_0004132,CUST_00329,2024-01-02T00:00:00,computers
EVT_0004133,CUST_00329,2024-01-02T02:00:00,electronics
EVT_0004134,CUST_00329,2024-01-02T04:00:00,computers
EVT_0004135,CUST_00330,2024-01-01T00:00:00,bed_bath
EVT_0004136,CUST_00330,2024-01-01T02:00:00,furniture
EVT_0004137,CUST_00330,2024-01-01T04:00:00,housewares
EVT_0004138,CUST_00330,2024-01-01T06:00:00,bed_bath
EVT_0004139,CUST_00330,2024-01-01T08:00:00,furniture
EVT_0004140,CUST_00330,2024-01-01T10:00:00,housewares
EVT_0004141,CUST_00330,2024-01-01T12:00:00,bed_bath
EVT_0004142,CUST_00330,2024-01-01T14:00:00,furniture
EVT_0004143,CUST_00330,2024-01-01T16:00:00,housewares
EVT_0004144,CUST_00330,2024-01-01T18:00:00,bed_bath
EVT_0004145,CUST_00330,2024-01-01T20:00:00,furniture
EVT_0004146,CUST_00330,2024-01-01T22:00:00,housewares
EVT_0004147,CUST_00330,2024-01-02T00:00:00,bed_bath
EVT_0004148,CUST_00330,2024-01-02T02:00:00,furniture
EVT_0004149,CUST_00330,2024-01-02T04:00:00,housewares
EVT_0004150,CUST_00331,2024-01-01T00:00:00,bed_bath
EVT_0004151,CUST_00331,2024-01-01T02:00:00,furniture
EVT_0004152,CUST_00331,2024-01-01T04:00:00,housewares
EVT_0004153,CUST_00331,2024-01-01T06:00:00,bed_bath
EVT_0004154,CUST_00331,2024-01-01T08:00:00,furniture
EVT_0004155,CUST_00331,2024-01-01T10:00:00,housewares
EVT_0004156,CUST_00331,2024-01-01T12:00:00,bed_bath
EVT_0004157,CUST_00331,2024-01-01T14:00:00,furniture
EVT_0004158,CUST_00331,2024-01-01T16:00:00,housewares
EVT_0004159,CUST_00331,2024-01-01T18:00:00,bed_bath
EVT_0004160,CUST_00331,2024-01-01T20:00:00,furniture
EVT_0004161,CUST_00331,2024-01-01T22:00:00,housewares
EVT_0004162,CUST_00332,2024-01-01T00:00:00,electronics
EVT_0004163,CUST_00332,2024-01-01T02:00:00,computers
EVT_0004164,CUST_00332,2024-01-01T04:00:00,electronics
EVT_0004165,CUST_00332,2024-01-01T06:00:00,computers
EVT_0004166,CUST_00332,2024-01-01T08:00:00,electronics
EVT_0004167,CUST_00332,2024-01-01T10:00:00,computers
EVT_0004168,CUST_00332,2024-01-01T12:00:00,electronics
EVT_0004169,CUST_00332,2024-01-01T14:00:00,computers
EVT_0004170,CUST_00332,2024-01-01T16:00:00,electronics
EVT_0004171,CUST_00332,2024-01-01T18:00:00,computers
EVT_0004172,CUST_00332,2024-01-01T20:00:00,electronics
EVT_0004173,CUST_00332,2024-01-01T22:00:00,computers
EVT_0004174,CUST_00332,2024-01-02T00:00:00,electronics
EVT_0004175,CUST_00332,2024-01-02T02:00:00,computers
EVT_0004176,CUST_00332,2024-01-02T04:00:00,electronics
EVT_0004177,CUST_00333,2024-01-01T00:00:00,health_beauty
EVT_0004178,CUST_00333,2024-01-01T02:00:00,toys
EVT_0004179,CUST_00333,2024-01-01T04:00:00,electronics
EVT_0004180,CUST_00333,2024-01-01T06:00:00,computers
EVT_0004181,CUST_00333,2024-01-01T08:00:00,electronics
EVT_0004182,CUST_00333,2024-01-01T10:00:00,computers
EVT_0004183,CUST_00333,2024-01-01T12:00:00,electronics
EVT_0004184,CUST_00333,2024-01-01T14:00:00,computers
EVT_0004185,CUST_00333,2024-01-01T16:00:00,electronics
EVT_0004186,CUST_00333,2024-01-01T18:00:00,computers
EVT_0004187,CUST_00333,2024-01-01T20:00:00,electronics
EVT_0004188,CUST_00334,2024-01-01T00:00:00,bed_bath
EVT_0004189,CUST_00334,2024-01-01T02:00:00,furniture
EVT_0004190,CUST_00334,2024-01-01T04:00:00,housewares
EVT_0004191,CUST_00334,2024-01-01T06:00:00,bed_bath
EVT_0004192,CUST_00334,2024-01-01T08:00:00,furniture
EVT_0004193,CUST_00334,2024-01-01T10:00:00,housewares
EVT_0004194,CUST_00334,2024-01-01T12:00:00,bed_bath
EVT_0004195,CUST_00334,2024-01-01T14:00:00,furniture
EVT_0004196,CUST_00334,2024-01-01T16:00:00,housewares
EVT_0004197,CUST_00334,2024-01-01T18:00:00,bed_bath
EVT_0004198,CUST_00334,2024-01-01T20:00:00,sports_leisure
EVT_0004199,CUST_00335,2024-01-01T00:00:00,furniture
EVT_0004200,CUST_00335,2024-01-01T02:00:00,housewares
EVT_0004201,CUST_00335,2024-01-01T04:00:00,bed_bath
EVT_0004202,CUST_00335,2024-01-01T06:00:00,furniture
EVT_0004203,CUST_00335,2024-01-01T08:00:00,housewares
EVT_0004204,CUST_00335,2024-01-01T10:00:00,bed_bath
EVT_0004205,CUST_00335,2024-01-01T12:00:00,furniture
EVT_0004206,CUST_00335,2024-01-01T14:00:00,housewares
EVT_0004207,CUST_00335,2024-01-01T16:00:00,bed_bath
EVT_0004208,CUST_00335,2024-01-01T18:00:00,furniture
EVT_0004209,CUST_00335,2024-01-01T20:00:00,housewares
EVT_0004210,CUST_00335,2024-01-01T22:00:00,computers
EVT_0004211,CUST_00335,2024-01-02T00:00:00,electronics
EVT_0004212,CUST_00335,2024-01-02T02:00:00,computers
EVT_0004213,CUST_00335,2024-01-02T04:00:00,electronics
EVT_0004214,CUST_00335,2024-01-02T06:00:00,computers
EVT_0004215,CUST_00335,2024-01-02T08:00:00,electronics
EVT_0004216,CUST_00336,2024-01-01T00:00:00,electronics
EVT_0004217,CUST_00336,2024-01-01T02:00:00,computers
EVT_0004218,CUST_00336,2024-01-01T04:00:00,electronics
EVT_0004219,CUST_00336,2024-01-01T06:00:00,computers
EVT_0004220,CUST_00336,2024-01-01T08:00:00,electronics
EVT_0004221,CUST_00336,2024-01-01T10:00:00,computers
EVT_0004222,CUST_00336,2024-01-01T12:00:00,electronics
EVT_0004223,CUST_00336,2024-01-01T14:00:00,computers
EVT_0004224,CUST_00336,2024-01-01T16:00:00,electronics
EVT_0004225,CUST_00336,2024-01-01T18:00:00,computers
EVT_0004226,CUST_00336,2024-01-01T20:00:00,electronics
EVT_0004227,CUST_00336,2024-01-01T22:00:00,computers
EVT_0004228,CUST_00336,2024-01-02T00:00:00,electronics
EVT_0004229,CUST_00336,2024-01-02T02:00:00,computers
EVT_0004230,CUST_00336,2024-01-02T04:00:00,electronics
EVT_0004231,CUST_00336,2024-01-02T06:00:00,computers
EVT_0004232,CUST_00336,2024-01-02T08:00:00,electronics
EVT_0004233,CUST_00337,2024-01-01T00:00:00,electronics
EVT_0004234,CUST_00337,2024-01-01T02:00:00,computers
EVT_0004235,CUST_00337,2024-01-01T04:00:00,electronics
EVT_0004236,CUST_00337,2024-01-01T06:00:00,computers
EVT_0004237,CUST_00337,2024-01-01T08:00:00,electronics
EVT_0004238,CUST_00337,2024-01-01T10:00:00,computers
EVT_0004239,CUST_00337,2024-01-01T12:00:00,electronics
EVT_0004240,CUST_00337,2024-01-01T14:00:00,computers
EVT_0004241,CUST_00337,2024-01-01T16:00:00,electronics
EVT_0004242,CUST_00337,2024-01-01T18:00:00,auto
EVT_0004243,CUST_00337,2024-01-01T20:00:00,electronics
EVT_0004244,CUST_00337,2024-01-01T22:00:00,health_beauty
EVT_0004245,CUST_00338,2024-01-01T00:00:00,electronics
EVT_0004246,CUST_00338,2024-01-01T02:00:00,computers
EVT_0004247,CUST_00338,2024-01-01T04:00:00,electronics
EVT_0004248,CUST_00338,2024-01-01T06:00:00,computers
EVT_0004249,CUST_00338,2024-01-01T08:00:00,electronics
EVT_0004250,CUST_00338,2024-01-01T10:00:00,computers
EVT_0004251,CUST_00338,2024-01-01T12:00:00,electronics
EVT_0004252,CUST_00338,2024-01-01T14:00:00,computers
EVT_0004253,CUST_00338,2024-01-01T16:00:00,electronics
EVT_0004254,CUST_00338,2024-01-01T18:00:00,computers
EVT_0004255,CUST_00338,2024-01-01T20:00:00,electronics
EVT_0004256,CUST_00338,2024-01-01T22:00:00,computers
EVT_0004257,CUST_00338,2024-01-02T00:00:00,electronics
EVT_0004258,CUST_00338,2024-01-02T02:00:00,computers
EVT_0004259,CUST_00338,2024-01-02T04:00:00,electronics
EVT_0004260,CUST_00338,2024-01-02T06:00:00,computers
EVT_0004261,CUST_00338,2024-01-02T08:00:00,electronics
EVT_0004262,CUST_00339,2024-01-01T00:00:00,furniture
EVT_0004263,CUST_00339,2024-01-01T02:00:00,housewares
EVT_0004264,CUST_00339,2024-01-01T04:00:00,bed_bath
EVT_0004265,CUST_00339,2024-01-01T06:00:00,furniture
EVT_0004266,CUST_00339,2024-01-01T08:00:00,housewares
EVT_0004267,CUST_00339,2024-01-01T10:00:00,bed_bath
EVT_0004268,CUST_00339,2024-01-01T12:00:00,furniture
EVT_0004269,CUST_00339,2024-01-01T14:00:00,housewares
EVT_0004270,CUST_00339,2024-01-01T16:00:00,bed_bath
EVT_0004271,CUST_00339,2024-01-01T18:00:00,furniture
EVT_0004272,CUST_00339,2024-01-01T20:00:00,housewares
EVT_0004273,CUST_00339,2024-01-01T22:00:00,bed_bath
EVT_0004274,CUST_00339,2024-01-02T00:00:00,furniture
EVT_0004275,CUST_00340,2024-01-01T00:00:00,bed_bath
EVT_0004276,CUST_00340,2024-01-01T02:00:00,furniture
EVT_0004277,CUST_00340,2024-01-01T04:00:00,housewares
EVT_0004278,CUST_00340,2024-01-01T06:00:00,bed_bath
EVT_0004279,CUST_00340,2024-01-01T08:00:00,furniture
EVT_0004280,CUST_00340,2024-01-01T10:00:00,housewares
EVT_0004281,CUST_00340,2024-01-01T12:00:00,bed_bath
EVT_0004282,CUST_00340,2024-01-01T14:00:00,furniture
EVT_0004283,CUST_00340,2024-01-01T16:00:00,housewares
EVT_0004284,CUST_00340,2024-01-01T18:00:00,bed_bath
EVT_0004285,CUST_00340,2024-01-01T20:00:00,furniture
EVT_0004286,CUST_00340,2024-01-01T22:00:00,housewares
EVT_0004287,CUST_00340,2024-01-02T00:00:00,bed_bath
EVT_0004288,CUST_00341,2024-01-01T00:00:00,watches_gifts
EVT_0004289,CUST_00341,2024-01-01T02:00:00,health_beauty
EVT_0004290,CUST_00341,2024-01-01T04:00:00,watches_gifts
EVT_0004291,CUST_00341,2024-01-01T06:00:00,health_beauty
EVT_0004292,CUST_00341,2024-01-01T08:00:00,watches_gifts
EVT_0004293,CUST_00341,2024-01-01T10:00:00,health_beauty
EVT_0004294,CUST_00341,2024-01-01T12:00:00,watches_gifts
EVT_0004295,CUST_00341,2024-01-01T14:00:00,health_beauty
EVT_0004296,CUST_00341,2024-01-01T16:00:00,watches_gifts
EVT_0004297,CUST_00341,2024-01-01T18:00:00,health_beauty
EVT_0004298,CUST_00341,2024-01-01T20:00:00,watches_gifts
EVT_0004299,CUST_00342,2024-01-01T00:00:00,furniture
EVT_0004300,CUST_00342,2024-01-01T02:00:00,housewares
EVT_0004301,CUST_00342,2024-01-01T04:00:00,bed_bath
EVT_0004302,CUST_00342,2024-01-01T06:00:00,furniture
EVT_0004303,CUST_00342,2024-01-01T08:00:00,housewares
EVT_0004304,CUST_00342,2024-01-01T10:00:00,bed_bath
EVT_0004305,CUST_00342,2024-01-01T12:00:00,furniture
EVT_0004306,CUST_00342,2024-01-01T14:00:00,housewares
EVT_0004307,CUST_00342,2024-01-01T16:00:00,bed_bath
EVT_0004308,CUST_00342,2024-01-01T18:00:00,furniture
EVT_0004309,CUST_00342,2024-01-01T20:00:00,housewares
EVT_0004310,CUST_00342,2024-01-01T22:00:00,bed_bath
EVT_0004311,CUST_00343,2024-01-01T00:00:00,computers
EVT_0004312,CUST_00343,2024-01-01T02:00:00,electronics
EVT_0004313,CUST_00343,2024-01-01T04:00:00,computers
EVT_0004314,CUST_00343,2024-01-01T06:00:00,electronics
EVT_0004315,CUST_00343,2024-01-01T08:00:00,computers
EVT_0004316,CUST_00343,2024-01-01T10:00:00,electronics
EVT_0004317,CUST_00343,2024-01-01T12:00:00,computers
EVT_0004318,CUST_00343,2024-01-01T14:00:00,furniture
EVT_0004319,CUST_00343,2024-01-01T16:00:00,housewares
EVT_0004320,CUST_00343,2024-01-01T18:00:00,bed_bath
EVT_0004321,CUST_00343,2024-01-01T20:00:00,toys
EVT_0004322,CUST_00343,2024-01-01T22:00:00,electronics
EVT_0004323,CUST_00343,2024-01-02T00:00:00,computers
EVT_0004324,CUST_00343,2024-01-02T02:00:00,electronics
EVT_0004325,CUST_00343,2024-01-02T04:00:00,computers
EVT_0004326,CUST_00344,2024-01-01T00:00:00,electronics
EVT_0004327,CUST_00344,2024-01-01T02:00:00,computers
EVT_0004328,CUST_00344,2024-01-01T04:00:00,electronics
EVT_0004329,CUST_00344,2024-01-01T06:00:00,computers
EVT_0004330,CUST_00344,2024-01-01T08:00:00,electronics
EVT_0004331,CUST_00344,2024-01-01T10:00:00,computers
EVT_0004332,CUST_00344,2024-01-01T12:00:00,electronics
EVT_0004333,CUST_00344,2024-01-01T14:00:00,computers
EVT_0004334,CUST_00344,2024-01-01T16:00:00,electronics
EVT_0004335,CUST_00344,2024-01-01T18:00:00,computers
EVT_0004336,CUST_00344,2024-01-01T20:00:00,electronics
EVT_0004337,CUST_00344,2024-01-01T22:00:00,computers
EVT_0004338,CUST_00344,2024-01-02T00:00:00,electronics
EVT_0004339,CUST_00344,2024-01-02T02:00:00,computers
EVT_0004340,CUST_00344,2024-01-02T04:00:00,electronics
EVT_0004341,CUST_00344,2024-01-02T06:00:00,computers
EVT_0004342,CUST_00344,2024-01-02T08:00:00,electronics
EVT_0004343,CUST_00345,2024-01-01T00:00:00,watches_gifts
EVT_0004344,CUST_00345,2024-01-01T02:00:00,health_beauty
EVT_0004345,CUST_00345,2024-01-01T04:00:00,watches_gifts
EVT_0004346,CUST_00345,2024-01-01T06:00:00,health_beauty
EVT_0004347,CUST_00345,2024-01-01T08:00:00,electronics
EVT_0004348,CUST_00345,2024-01-01T10:00:00,computers
EVT_0004349,CUST_00345,2024-01-01T12:00:00,electronics
EVT_0004350,CUST_00345,2024-01-01T14:00:00,toys
EVT_0004351,CUST_00345,2024-01-01T16:00:00,electronics
EVT_0004352,CUST_00345,2024-01-01T18:00:00,computers
EVT_0004353,CUST_00345,2024-01-01T20:00:00,electronics
EVT_0004354,CUST_00345,2024-01-01T22:00:00,computers
EVT_0004355,CUST_00345,2024-01-02T00:00:00,electronics
EVT_0004356,CUST_00345,2024-01-02T02:00:00,computers
EVT_0004357,CUST_00345,2024-01-02T04:00:00,electronics
EVT_0004358,CUST_00345,2024-01-02T06:00:00,computers
EVT_0004359,CUST_00346,2024-01-01T00:00:00,bed_bath
EVT_0004360,CUST_00346,2024-01-01T02:00:00,furniture
EVT_0004361,CUST_00346,2024-01-01T04:00:00,housewares
EVT_0004362,CUST_00346,2024-01-01T06:00:00,furniture
EVT_0004363,CUST_00346,2024-01-01T08:00:00,housewares
EVT_0004364,CUST_00346,2024-01-01T10:00:00,bed_bath
EVT_0004365,CUST_00346,2024-01-01T12:00:00,furniture
EVT_0004366,CUST_00346,2024-01-01T14:00:00,housewares
EVT_0004367,CUST_00346,2024-01-01T16:00:00,bed_bath
EVT_0004368,CUST_00346,2024-01-01T18:00:00,furniture
EVT_0004369,CUST_00346,2024-01-01T20:00:00,housewares
EVT_0004370,CUST_00346,2024-01-01T22:00:00,bed_bath
EVT_0004371,CUST_00346,2024-01-02T00:00:00,housewares
EVT_0004372,CUST_00346,2024-01-02T02:00:00,bed_bath
EVT_0004373,CUST_00346,2024-01-02T04:00:00,furniture
EVT_0004374,CUST_00347,2024-01-01T00:00:00,furniture
EVT_0004375,CUST_00347,2024-01-01T02:00:00,housewares
EVT_0004376,CUST_00347,2024-01-01T04:00:00,bed_bath
EVT_0004377,CUST_00347,2024-01-01T06:00:00,furniture
EVT_0004378,CUST_00347,2024-01-01T08:00:00,housewares
EVT_0004379,CUST_00347,2024-01-01T10:00:00,bed_bath
EVT_0004380,CUST_00347,2024-01-01T12:00:00,furniture
EVT_0004381,CUST_00347,2024-01-01T14:00:00,housewares
EVT_0004382,CUST_00347,2024-01-01T16:00:00,bed_bath
EVT_0004383,CUST_00347,2024-01-01T18:00:00,furniture
EVT_0004384,CUST_00347,2024-01-01T20:00:00,housewares
EVT_0004385,CUST_00347,2024-01-01T22:00:00,bed_bath
EVT_0004386,CUST_00347,2024-01-02T00:00:00,furniture
EVT_0004387,CUST_00348,2024-01-01T00:00:00,computers
EVT_0004388,CUST_00348,2024-01-01T02:00:00,electronics
EVT_0004389,CUST_00348,2024-01-01T04:00:00,computers
EVT_0004390,CUST_00348,2024-01-01T06:00:00,electronics
EVT_0004391,CUST_00348,2024-01-01T08:00:00,computers
EVT_0004392,CUST_00348,2024-01-01T10:00:00,electronics
EVT_0004393,CUST_00348,2024-01-01T12:00:00,computers
EVT_0004394,CUST_00348,2024-01-01T14:00:00,electronics
EVT_0004395,CUST_00348,2024-01-01T16:00:00,computers
EVT_0004396,CUST_00348,2024-01-01T18:00:00,electronics
EVT_0004397,CUST_00348,2024-01-01T20:00:00,computers
EVT_0004398,CUST_00348,2024-01-01T22:00:00,electronics
EVT_0004399,CUST_00349,2024-01-01T00:00:00,electronics
EVT_0004400,CUST_00349,2024-01-01T02:00:00,auto
EVT_0004401,CUST_00349,2024-01-01T04:00:00,electronics
EVT_0004402,CUST_00349,2024-01-01T06:00:00,computers
EVT_0004403,CUST_00349,2024-01-01T08:00:00,bed_bath
EVT_0004404,CUST_00349,2024-01-01T10:00:00,furniture
EVT_0004405,CUST_00349,2024-01-01T12:00:00,housewares
EVT_0004406,CUST_00349,2024-01-01T14:00:00,housewares
EVT_0004407,CUST_00349,2024-01-01T16:00:00,bed_bath
EVT_0004408,CUST_00350,2024-01-01T00:00:00,electronics
EVT_0004409,CUST_00350,2024-01-01T02:00:00,computers
EVT_0004410,CUST_00350,2024-01-01T04:00:00,electronics
EVT_0004411,CUST_00350,2024-01-01T06:00:00,computers
EVT_0004412,CUST_00350,2024-01-01T08:00:00,electronics
EVT_0004413,CUST_00350,2024-01-01T10:00:00,computers
EVT_0004414,CUST_00350,2024-01-01T12:00:00,electronics
EVT_0004415,CUST_00350,2024-01-01T14:00:00,computers
EVT_0004416,CUST_00350,2024-01-01T16:00:00,electronics
EVT_0004417,CUST_00350,2024-01-01T18:00:00,computers
EVT_0004418,CUST_00350,2024-01-01T20:00:00,electronics
EVT_0004419,CUST_00351,2024-01-01T00:00:00,bed_bath
EVT_0004420,CUST_00351,2024-01-01T02:00:00,furniture
EVT_0004421,CUST_00351,2024-01-01T04:00:00,housewares
EVT_0004422,CUST_00351,2024-01-01T06:00:00,housewares
EVT_0004423,CUST_00351,2024-01-01T08:00:00,bed_bath
EVT_0004424,CUST_00351,2024-01-01T10:00:00,furniture
EVT_0004425,CUST_00351,2024-01-01T12:00:00,housewares
EVT_0004426,CUST_00351,2024-01-01T14:00:00,bed_bath
EVT_0004427,CUST_00352,2024-01-01T00:00:00,electronics
EVT_0004428,CUST_00352,2024-01-01T02:00:00,computers
EVT_0004429,CUST_00352,2024-01-01T04:00:00,electronics
EVT_0004430,CUST_00352,2024-01-01T06:00:00,computers
EVT_0004431,CUST_00352,2024-01-01T08:00:00,electronics
EVT_0004432,CUST_00352,2024-01-01T10:00:00,computers
EVT_0004433,CUST_00352,2024-01-01T12:00:00,electronics
EVT_0004434,CUST_00352,2024-01-01T14:00:00,computers
EVT_0004435,CUST_00352,2024-01-01T16:00:00,electronics
EVT_0004436,CUST_00352,2024-01-01T18:00:00,computers
EVT_0004437,CUST_00352,2024-01-01T20:00:00,electronics
EVT_0004438,CUST_00353,2024-01-01T00:00:00,housewares
EVT_0004439,CUST_00353,2024-01-01T02:00:00,bed_bath
EVT_0004440,CUST_00353,2024-01-01T04:00:00,furniture
EVT_0004441,CUST_00353,2024-01-01T06:00:00,housewares
EVT_0004442,CUST_00353,2024-01-01T08:00:00,bed_bath
EVT_0004443,CUST_00353,2024-01-01T10:00:00,furniture
EVT_0004444,CUST_00353,2024-01-01T12:00:00,housewares
EVT_0004445,CUST_00353,2024-01-01T14:00:00,bed_bath
EVT_0004446,CUST_00353,2024-01-01T16:00:00,furniture
EVT_0004447,CUST_00354,2024-01-01T00:00:00,electronics
EVT_0004448,CUST_00354,2024-01-01T02:00:00,computers
EVT_0004449,CUST_00354,2024-01-01T04:00:00,electronics
EVT_0004450,CUST_00354,2024-01-01T06:00:00,computers
EVT_0004451,CUST_00354,2024-01-01T08:00:00,electronics
EVT_0004452,CUST_00354,2024-01-01T10:00:00,computers
EVT_0004453,CUST_00354,2024-01-01T12:00:00,electronics
EVT_0004454,CUST_00354,2024-01-01T14:00:00,computers
EVT_0004455,CUST_00354,2024-01-01T16:00:00,electronics
EVT_0004456,CUST_00354,2024-01-01T18:00:00,computers
EVT_0004457,CUST_00355,2024-01-01T00:00:00,health_beauty
EVT_0004458,CUST_00355,2024-01-01T02:00:00,watches_gifts
EVT_0004459,CUST_00355,2024-01-01T04:00:00,health_beauty
EVT_0004460,CUST_00355,2024-01-01T06:00:00,watches_gifts
EVT_0004461,CUST_00355,2024-01-01T08:00:00,health_beauty
EVT_0004462,CUST_00355,2024-01-01T10:00:00,watches_gifts
EVT_0004463,CUST_00355,2024-01-01T12:00:00,health_beauty
EVT_0004464,CUST_00355,2024-01-01T14:00:00,watches_gifts
EVT_0004465,CUST_00355,2024-01-01T16:00:00,health_beauty
EVT_0004466,CUST_00355,2024-01-01T18:00:00,watches_gifts
EVT_0004467,CUST_00355,2024-01-01T20:00:00,health_beauty
EVT_0004468,CUST_00355,2024-01-01T22:00:00,watches_gifts
EVT_0004469,CUST_00355,2024-01-02T00:00:00,health_beauty
EVT_0004470,CUST_00355,2024-01-02T02:00:00,watches_gifts
EVT_0004471,CUST_00355,2024-01-02T04:00:00,health_beauty
EVT_0004472,CUST_00355,2024-01-02T06:00:00,watches_gifts
EVT_0004473,CUST_00355,2024-01-02T08:00:00,health_beauty
EVT_0004474,CUST_00356,2024-01-01T00:00:00,housewares
EVT_0004475,CUST_00356,2024-01-01T02:00:00,bed_bath
EVT_0004476,CUST_00356,2024-01-01T04:00:00,furniture
EVT_0004477,CUST_00356,2024-01-01T06:00:00,housewares
EVT_0004478,CUST_00356,2024-01-01T08:00:00,bed_bath
EVT_0004479,CUST_00356,2024-01-01T10:00:00,furniture
EVT_0004480,CUST_00356,2024-01-01T12:00:00,housewares
EVT_0004481,CUST_00356,2024-01-01T14:00:00,bed_bath
EVT_0004482,CUST_00356,2024-01-01T16:00:00,furniture
EVT_0004483,CUST_00356,2024-01-01T18:00:00,computers
EVT_0004484,CUST_00356,2024-01-01T20:00:00,auto
EVT_0004485,CUST_00356,2024-01-01T22:00:00,electronics
EVT_0004486,CUST_00356,2024-01-02T00:00:00,computers
EVT_0004487,CUST_00356,2024-01-02T02:00:00,electronics
EVT_0004488,CUST_00356,2024-01-02T04:00:00,computers
EVT_0004489,CUST_00356,2024-01-02T06:00:00,electronics
EVT_0004490,CUST_00356,2024-01-02T08:00:00,computers
EVT_0004491,CUST_00357,2024-01-01T00:00:00,watches_gifts
EVT_0004492,CUST_00357,2024-01-01T02:00:00,health_beauty
EVT_0004493,CUST_00357,2024-01-01T04:00:00,watches_gifts
EVT_0004494,CUST_00357,2024-01-01T06:00:00,health_beauty
EVT_0004495,CUST_00357,2024-01-01T08:00:00,watches_gifts
EVT_0004496,CUST_00357,2024-01-01T10:00:00,health_beauty
EVT_0004497,CUST_00357,2024-01-01T12:00:00,furniture
EVT_0004498,CUST_00357,2024-01-01T14:00:00,housewares
EVT_0004499,CUST_00357,2024-01-01T16:00:00,bed_bath
EVT_0004500,CUST_00358,2024-01-01T00:00:00,health_beauty
EVT_0004501,CUST_00358,2024-01-01T02:00:00,watches_gifts
EVT_0004502,CUST_00358,2024-01-01T04:00:00,health_beauty
EVT_0004503,CUST_00358,2024-01-01T06:00:00,watches_gifts
EVT_0004504,CUST_00358,2024-01-01T08:00:00,health_beauty
EVT_0004505,CUST_00358,2024-01-01T10:00:00,watches_gifts
EVT_0004506,CUST_00358,2024-01-01T12:00:00,health_beauty
EVT_0004507,CUST_00358,2024-01-01T14:00:00,watches_gifts
EVT_0004508,CUST_00358,2024-01-01T16:00:00,health_beauty
EVT_0004509,CUST_00358,2024-01-01T18:00:00,watches_gifts
EVT_0004510,CUST_00358,2024-01-01T20:00:00,health_beauty
EVT_0004511,CUST_00358,2024-01-01T22:00:00,watches_gifts
EVT_0004512,CUST_00358,2024-01-02T00:00:00,health_beauty
EVT_0004513,CUST_00358,2024-01-02T02:00:00,watches_gifts
EVT_0004514,CUST_00358,2024-01-02T04:00:00,health_beauty
EVT_0004515,CUST_00358,2024-01-02T06:00:00,watches_gifts
EVT_0004516,CUST_00359,2024-01-01T00:00:00,computers
EVT_0004517,CUST_00359,2024-01-01T02:00:00,electronics
EVT_0004518,CUST_00359,2024-01-01T04:00:00,computers
EVT_0004519,CUST_00359,2024-01-01T06:00:00,electronics
EVT_0004520,CUST_00359,2024-01-01T08:00:00,computers
EVT_0004521,CUST_00359,2024-01-01T10:00:00,electronics
EVT_0004522,CUST_00359,2024-01-01T12:00:00,computers
EVT_0004523,CUST_00359,2024-01-01T14:00:00,electronics
EVT_0004524,CUST_00359,2024-01-01T16:00:00,computers
EVT_0004525,CUST_00359,2024-01-01T18:00:00,electronics
EVT_0004526,CUST_00360,2024-01-01T00:00:00,bed_bath
EVT_0004527,CUST_00360,2024-01-01T02:00:00,furniture
EVT_0004528,CUST_00360,2024-01-01T04:00:00,housewares
EVT_0004529,CUST_00360,2024-01-01T06:00:00,bed_bath
EVT_0004530,CUST_00360,2024-01-01T08:00:00,furniture
EVT_0004531,CUST_00360,2024-01-01T10:00:00,housewares
EVT_0004532,CUST_00360,2024-01-01T12:00:00,bed_bath
EVT_0004533,CUST_00360,2024-01-01T14:00:00,furniture
EVT_0004534,CUST_00361,2024-01-01T00:00:00,health_beauty
EVT_0004535,CUST_00361,2024-01-01T02:00:00,watches_gifts
EVT_0004536,CUST_00361,2024-01-01T04:00:00,health_beauty
EVT_0004537,CUST_00361,2024-01-01T06:00:00,watches_gifts
EVT_0004538,CUST_00361,2024-01-01T08:00:00,health_beauty
EVT_0004539,CUST_00361,2024-01-01T10:00:00,watches_gifts
EVT_0004540,CUST_00361,2024-01-01T12:00:00,health_beauty
EVT_0004541,CUST_00361,2024-01-01T14:00:00,watches_gifts
EVT_0004542,CUST_00361,2024-01-01T16:00:00,health_beauty
EVT_0004543,CUST_00361,2024-01-01T18:00:00,watches_gifts
EVT_0004544,CUST_00361,2024-01-01T20:00:00,health_beauty
EVT_0004545,CUST_00361,2024-01-01T22:00:00,watches_gifts
EVT_0004546,CUST_00361,2024-01-02T00:00:00,health_beauty
EVT_0004547,CUST_00361,2024-01-02T02:00:00,watches_gifts
EVT_0004548,CUST_00361,2024-01-02T04:00:00,health_beauty
EVT_0004549,CUST_00362,2024-01-01T00:00:00,computers
EVT_0004550,CUST_00362,2024-01-01T02:00:00,electronics
EVT_0004551,CUST_00362,2024-01-01T04:00:00,computers
EVT_0004552,CUST_00362,2024-01-01T06:00:00,electronics
EVT_0004553,CUST_00362,2024-01-01T08:00:00,computers
EVT_0004554,CUST_00362,2024-01-01T10:00:00,electronics
EVT_0004555,CUST_00362,2024-01-01T12:00:00,computers
EVT_0004556,CUST_00362,2024-01-01T14:00:00,auto
EVT_0004557,CUST_00362,2024-01-01T16:00:00,electronics
EVT_0004558,CUST_00362,2024-01-01T18:00:00,computers
EVT_0004559,CUST_00362,2024-01-01T20:00:00,electronics
EVT_0004560,CUST_00362,2024-01-01T22:00:00,computers
EVT_0004561,CUST_00362,2024-01-02T00:00:00,electronics
EVT_0004562,CUST_00363,2024-01-01T00:00:00,furniture
EVT_0004563,CUST_00363,2024-01-01T02:00:00,housewares
EVT_0004564,CUST_00363,2024-01-01T04:00:00,bed_bath
EVT_0004565,CUST_00363,2024-01-01T06:00:00,furniture
EVT_0004566,CUST_00363,2024-01-01T08:00:00,housewares
EVT_0004567,CUST_00363,2024-01-01T10:00:00,bed_bath
EVT_0004568,CUST_00363,2024-01-01T12:00:00,furniture
EVT_0004569,CUST_00363,2024-01-01T14:00:00,housewares
EVT_0004570,CUST_00363,2024-01-01T16:00:00,bed_bath
EVT_0004571,CUST_00363,2024-01-01T18:00:00,electronics
EVT_0004572,CUST_00363,2024-01-01T20:00:00,computers
EVT_0004573,CUST_00363,2024-01-01T22:00:00,electronics
EVT_0004574,CUST_00363,2024-01-02T00:00:00,computers
EVT_0004575,CUST_00363,2024-01-02T02:00:00,electronics
EVT_0004576,CUST_00363,2024-01-02T04:00:00,computers
EVT_0004577,CUST_00363,2024-01-02T06:00:00,electronics
EVT_0004578,CUST_00363,2024-01-02T08:00:00,computers
EVT_0004579,CUST_00364,2024-01-01T00:00:00,sports_leisure
EVT_0004580,CUST_00364,2024-01-01T02:00:00,auto
EVT_0004581,CUST_00364,2024-01-01T04:00:00,electronics
EVT_0004582,CUST_00364,2024-01-01T06:00:00,computers
EVT_0004583,CUST_00364,2024-01-01T08:00:00,electronics
EVT_0004584,CUST_00364,2024-01-01T10:00:00,computers
EVT_0004585,CUST_00364,2024-01-01T12:00:00,electronics
EVT_0004586,CUST_00364,2024-01-01T14:00:00,computers
EVT_0004587,CUST_00364,2024-01-01T16:00:00,electronics
EVT_0004588,CUST_00364,2024-01-01T18:00:00,computers
EVT_0004589,CUST_00364,2024-01-01T20:00:00,electronics
EVT_0004590,CUST_00364,2024-01-01T22:00:00,sports_leisure
EVT_0004591,CUST_00364,2024-01-02T00:00:00,health_beauty
EVT_0004592,CUST_00364,2024-01-02T02:00:00,watches_gifts
EVT_0004593,CUST_00364,2024-01-02T04:00:00,health_beauty
EVT_0004594,CUST_00364,2024-01-02T06:00:00,watches_gifts
EVT_0004595,CUST_00365,2024-01-01T00:00:00,health_beauty
EVT_0004596,CUST_00365,2024-01-01T02:00:00,watches_gifts
EVT_0004597,CUST_00365,2024-01-01T04:00:00,bed_bath
EVT_0004598,CUST_00365,2024-01-01T06:00:00,furniture
EVT_0004599,CUST_00365,2024-01-01T08:00:00,housewares
EVT_0004600,CUST_00365,2024-01-01T10:00:00,bed_bath
EVT_0004601,CUST_00365,2024-01-01T12:00:00,furniture
EVT_0004602,CUST_00365,2024-01-01T14:00:00,housewares
EVT_0004603,CUST_00365,2024-01-01T16:00:00,bed_bath
EVT_0004604,CUST_00366,2024-01-01T00:00:00,watches_gifts
EVT_0004605,CUST_00366,2024-01-01T02:00:00,health_beauty
EVT_0004606,CUST_00366,2024-01-01T04:00:00,watches_gifts
EVT_0004607,CUST_00366,2024-01-01T06:00:00,health_beauty
EVT_0004608,CUST_00366,2024-01-01T08:00:00,watches_gifts
EVT_0004609,CUST_00366,2024-01-01T10:00:00,health_beauty
EVT_0004610,CUST_00366,2024-01-01T12:00:00,watches_gifts
EVT_0004611,CUST_00366,2024-01-01T14:00:00,health_beauty
EVT_0004612,CUST_00366,2024-01-01T16:00:00,watches_gifts
EVT_0004613,CUST_00366,2024-01-01T18:00:00,electronics
EVT_0004614,CUST_00366,2024-01-01T20:00:00,computers
EVT_0004615,CUST_00366,2024-01-01T22:00:00,electronics
EVT_0004616,CUST_00367,2024-01-01T00:00:00,computers
EVT_0004617,CUST_00367,2024-01-01T02:00:00,electronics
EVT_0004618,CUST_00367,2024-01-01T04:00:00,computers
EVT_0004619,CUST_00367,2024-01-01T06:00:00,bed_bath
EVT_0004620,CUST_00367,2024-01-01T08:00:00,furniture
EVT_0004621,CUST_00367,2024-01-01T10:00:00,housewares
EVT_0004622,CUST_00367,2024-01-01T12:00:00,bed_bath
EVT_0004623,CUST_00367,2024-01-01T14:00:00,furniture
EVT_0004624,CUST_00367,2024-01-01T16:00:00,housewares
EVT_0004625,CUST_00367,2024-01-01T18:00:00,bed_bath
EVT_0004626,CUST_00367,2024-01-01T20:00:00,furniture
EVT_0004627,CUST_00367,2024-01-01T22:00:00,housewares
EVT_0004628,CUST_00367,2024-01-02T00:00:00,bed_bath
EVT_0004629,CUST_00367,2024-01-02T02:00:00,health_beauty
EVT_0004630,CUST_00368,2024-01-01T00:00:00,housewares
EVT_0004631,CUST_00368,2024-01-01T02:00:00,bed_bath
EVT_0004632,CUST_00368,2024-01-01T04:00:00,furniture
EVT_0004633,CUST_00368,2024-01-01T06:00:00,housewares
EVT_0004634,CUST_00368,2024-01-01T08:00:00,bed_bath
EVT_0004635,CUST_00368,2024-01-01T10:00:00,furniture
EVT_0004636,CUST_00368,2024-01-01T12:00:00,housewares
EVT_0004637,CUST_00368,2024-01-01T14:00:00,bed_bath
EVT_0004638,CUST_00368,2024-01-01T16:00:00,furniture
EVT_0004639,CUST_00368,2024-01-01T18:00:00,housewares
EVT_0004640,CUST_00368,2024-01-01T20:00:00,bed_bath
EVT_0004641,CUST_00368,2024-01-01T22:00:00,furniture
EVT_0004642,CUST_00369,2024-01-01T00:00:00,furniture
EVT_0004643,CUST_00369,2024-01-01T02:00:00,housewares
EVT_0004644,CUST_00369,2024-01-01T04:00:00,bed_bath
EVT_0004645,CUST_00369,2024-01-01T06:00:00,furniture
EVT_0004646,CUST_00369,2024-01-01T08:00:00,housewares
EVT_0004647,CUST_00369,2024-01-01T10:00:00,bed_bath
EVT_0004648,CUST_00369,2024-01-01T12:00:00,furniture
EVT_0004649,CUST_00369,2024-01-01T14:00:00,sports_leisure
EVT_0004650,CUST_00369,2024-01-01T16:00:00,computers
EVT_0004651,CUST_00369,2024-01-01T18:00:00,electronics
EVT_0004652,CUST_00369,2024-01-01T20:00:00,computers
EVT_0004653,CUST_00369,2024-01-01T22:00:00,watches_gifts
EVT_0004654,CUST_00369,2024-01-02T00:00:00,electronics
EVT_0004655,CUST_00369,2024-01-02T02:00:00,computers
EVT_0004656,CUST_00369,2024-01-02T04:00:00,electronics
EVT_0004657,CUST_00370,2024-01-01T00:00:00,housewares
EVT_0004658,CUST_00370,2024-01-01T02:00:00,bed_bath
EVT_0004659,CUST_00370,2024-01-01T04:00:00,furniture
EVT_0004660,CUST_00370,2024-01-01T06:00:00,housewares
EVT_0004661,CUST_00370,2024-01-01T08:00:00,bed_bath
EVT_0004662,CUST_00370,2024-01-01T10:00:00,furniture
EVT_0004663,CUST_00370,2024-01-01T12:00:00,housewares
EVT_0004664,CUST_00370,2024-01-01T14:00:00,bed_bath
EVT_0004665,CUST_00370,2024-01-01T16:00:00,furniture
EVT_0004666,CUST_00370,2024-01-01T18:00:00,housewares
EVT_0004667,CUST_00370,2024-01-01T20:00:00,bed_bath
EVT_0004668,CUST_00370,2024-01-01T22:00:00,housewares
EVT_0004669,CUST_00370,2024-01-02T00:00:00,bed_bath
EVT_0004670,CUST_00370,2024-01-02T02:00:00,health_beauty
EVT_0004671,CUST_00370,2024-01-02T04:00:00,watches_gifts
EVT_0004672,CUST_00370,2024-01-02T06:00:00,health_beauty
EVT_0004673,CUST_00371,2024-01-01T00:00:00,housewares
EVT_0004674,CUST_00371,2024-01-01T02:00:00,bed_bath
EVT_0004675,CUST_00371,2024-01-01T04:00:00,furniture
EVT_0004676,CUST_00371,2024-01-01T06:00:00,housewares
EVT_0004677,CUST_00371,2024-01-01T08:00:00,bed_bath
EVT_0004678,CUST_00371,2024-01-01T10:00:00,furniture
EVT_0004679,CUST_00371,2024-01-01T12:00:00,housewares
EVT_0004680,CUST_00371,2024-01-01T14:00:00,bed_bath
EVT_0004681,CUST_00371,2024-01-01T16:00:00,furniture
EVT_0004682,CUST_00371,2024-01-01T18:00:00,housewares
EVT_0004683,CUST_00371,2024-01-01T20:00:00,bed_bath
EVT_0004684,CUST_00371,2024-01-01T22:00:00,furniture
EVT_0004685,CUST_00372,2024-01-01T00:00:00,computers
EVT_0004686,CUST_00372,2024-01-01T02:00:00,electronics
EVT_0004687,CUST_00372,2024-01-01T04:00:00,computers
EVT_0004688,CUST_00372,2024-01-01T06:00:00,electronics
EVT_0004689,CUST_00372,2024-01-01T08:00:00,computers
EVT_0004690,CUST_00372,2024-01-01T10:00:00,electronics
EVT_0004691,CUST_00372,2024-01-01T12:00:00,computers
EVT_0004692,CUST_00372,2024-01-01T14:00:00,electronics
EVT_0004693,CUST_00372,2024-01-01T16:00:00,computers
EVT_0004694,CUST_00372,2024-01-01T18:00:00,electronics
EVT_0004695,CUST_00372,2024-01-01T20:00:00,computers
EVT_0004696,CUST_00372,2024-01-01T22:00:00,computers
EVT_0004697,CUST_00372,2024-01-02T00:00:00,electronics
EVT_0004698,CUST_00372,2024-01-02T02:00:00,computers
EVT_0004699,CUST_00372,2024-01-02T04:00:00,electronics
EVT_0004700,CUST_00372,2024-01-02T06:00:00,bed_bath
EVT_0004701,CUST_00373,2024-01-01T00:00:00,electronics
EVT_0004702,CUST_00373,2024-01-01T02:00:00,computers
EVT_0004703,CUST_00373,2024-01-01T04:00:00,electronics
EVT_0004704,CUST_00373,2024-01-01T06:00:00,computers
EVT_0004705,CUST_00373,2024-01-01T08:00:00,electronics
EVT_0004706,CUST_00373,2024-01-01T10:00:00,computers
EVT_0004707,CUST_00373,2024-01-01T12:00:00,electronics
EVT_0004708,CUST_00373,2024-01-01T14:00:00,computers
EVT_0004709,CUST_00373,2024-01-01T16:00:00,electronics
EVT_0004710,CUST_00373,2024-01-01T18:00:00,computers
EVT_0004711,CUST_00373,2024-01-01T20:00:00,electronics
EVT_0004712,CUST_00373,2024-01-01T22:00:00,toys
EVT_0004713,CUST_00373,2024-01-02T00:00:00,electronics
EVT_0004714,CUST_00373,2024-01-02T02:00:00,health_beauty
EVT_0004715,CUST_00373,2024-01-02T04:00:00,watches_gifts
EVT_0004716,CUST_00374,2024-01-01T00:00:00,watches_gifts
EVT_0004717,CUST_00374,2024-01-01T02:00:00,health_beauty
EVT_0004718,CUST_00374,2024-01-01T04:00:00,watches_gifts
EVT_0004719,CUST_00374,2024-01-01T06:00:00,health_beauty
EVT_0004720,CUST_00374,2024-01-01T08:00:00,watches_gifts
EVT_0004721,CUST_00374,2024-01-01T10:00:00,health_beauty
EVT_0004722,CUST_00374,2024-01-01T12:00:00,watches_gifts
EVT_0004723,CUST_00374,2024-01-01T14:00:00,health_beauty
EVT_0004724,CUST_00374,2024-01-01T16:00:00,watches_gifts
EVT_0004725,CUST_00375,2024-01-01T00:00:00,electronics
EVT_0004726,CUST_00375,2024-01-01T02:00:00,computers
EVT_0004727,CUST_00375,2024-01-01T04:00:00,electronics
EVT_0004728,CUST_00375,2024-01-01T06:00:00,computers
EVT_0004729,CUST_00375,2024-01-01T08:00:00,electronics
EVT_0004730,CUST_00375,2024-01-01T10:00:00,computers
EVT_0004731,CUST_00375,2024-01-01T12:00:00,electronics
EVT_0004732,CUST_00375,2024-01-01T14:00:00,computers
EVT_0004733,CUST_00375,2024-01-01T16:00:00,electronics
EVT_0004734,CUST_00375,2024-01-01T18:00:00,computers
EVT_0004735,CUST_00375,2024-01-01T20:00:00,electronics
EVT_0004736,CUST_00375,2024-01-01T22:00:00,computers
EVT_0004737,CUST_00375,2024-01-02T00:00:00,toys
EVT_0004738,CUST_00375,2024-01-02T02:00:00,electronics
EVT_0004739,CUST_00375,2024-01-02T04:00:00,computers
EVT_0004740,CUST_00375,2024-01-02T06:00:00,electronics
EVT_0004741,CUST_00375,2024-01-02T08:00:00,computers
EVT_0004742,CUST_00376,2024-01-01T00:00:00,health_beauty
EVT_0004743,CUST_00376,2024-01-01T02:00:00,watches_gifts
EVT_0004744,CUST_00376,2024-01-01T04:00:00,health_beauty
EVT_0004745,CUST_00376,2024-01-01T06:00:00,watches_gifts
EVT_0004746,CUST_00376,2024-01-01T08:00:00,health_beauty
EVT_0004747,CUST_00376,2024-01-01T10:00:00,watches_gifts
EVT_0004748,CUST_00376,2024-01-01T12:00:00,health_beauty
EVT_0004749,CUST_00376,2024-01-01T14:00:00,watches_gifts
EVT_0004750,CUST_00376,2024-01-01T16:00:00,toys
EVT_0004751,CUST_00376,2024-01-01T18:00:00,electronics
EVT_0004752,CUST_00376,2024-01-01T20:00:00,computers
EVT_0004753,CUST_00376,2024-01-01T22:00:00,electronics
EVT_0004754,CUST_00376,2024-01-02T00:00:00,computers
EVT_0004755,CUST_00376,2024-01-02T02:00:00,electronics
EVT_0004756,CUST_00377,2024-01-01T00:00:00,health_beauty
EVT_0004757,CUST_00377,2024-01-01T02:00:00,watches_gifts
EVT_0004758,CUST_00377,2024-01-01T04:00:00,health_beauty
EVT_0004759,CUST_00377,2024-01-01T06:00:00,watches_gifts
EVT_0004760,CUST_00377,2024-01-01T08:00:00,health_beauty
EVT_0004761,CUST_00377,2024-01-01T10:00:00,watches_gifts
EVT_0004762,CUST_00377,2024-01-01T12:00:00,health_beauty
EVT_0004763,CUST_00377,2024-01-01T14:00:00,auto
EVT_0004764,CUST_00377,2024-01-01T16:00:00,electronics
EVT_0004765,CUST_00377,2024-01-01T18:00:00,computers
EVT_0004766,CUST_00377,2024-01-01T20:00:00,electronics
EVT_0004767,CUST_00377,2024-01-01T22:00:00,computers
EVT_0004768,CUST_00378,2024-01-01T00:00:00,health_beauty
EVT_0004769,CUST_00378,2024-01-01T02:00:00,watches_gifts
EVT_0004770,CUST_00378,2024-01-01T04:00:00,health_beauty
EVT_0004771,CUST_00378,2024-01-01T06:00:00,watches_gifts
EVT_0004772,CUST_00378,2024-01-01T08:00:00,health_beauty
EVT_0004773,CUST_00378,2024-01-01T10:00:00,watches_gifts
EVT_0004774,CUST_00378,2024-01-01T12:00:00,health_beauty
EVT_0004775,CUST_00378,2024-01-01T14:00:00,watches_gifts
EVT_0004776,CUST_00378,2024-01-01T16:00:00,housewares
EVT_0004777,CUST_00379,2024-01-01T00:00:00,electronics
EVT_0004778,CUST_00379,2024-01-01T02:00:00,computers
EVT_0004779,CUST_00379,2024-01-01T04:00:00,electronics
EVT_0004780,CUST_00379,2024-01-01T06:00:00,computers
EVT_0004781,CUST_00379,2024-01-01T08:00:00,electronics
EVT_0004782,CUST_00379,2024-01-01T10:00:00,computers
EVT_0004783,CUST_00379,2024-01-01T12:00:00,electronics
EVT_0004784,CUST_00379,2024-01-01T14:00:00,computers
EVT_0004785,CUST_00379,2024-01-01T16:00:00,electronics
EVT_0004786,CUST_00379,2024-01-01T18:00:00,computers
EVT_0004787,CUST_00379,2024-01-01T20:00:00,electronics
EVT_0004788,CUST_00379,2024-01-01T22:00:00,housewares
EVT_0004789,CUST_00379,2024-01-02T00:00:00,bed_bath
EVT_0004790,CUST_00379,2024-01-02T02:00:00,furniture
EVT_0004791,CUST_00379,2024-01-02T04:00:00,housewares
EVT_0004792,CUST_00379,2024-01-02T06:00:00,bed_bath
EVT_0004793,CUST_00380,2024-01-01T00:00:00,bed_bath
EVT_0004794,CUST_00380,2024-01-01T02:00:00,furniture
EVT_0004795,CUST_00380,2024-01-01T04:00:00,housewares
EVT_0004796,CUST_00380,2024-01-01T06:00:00,bed_bath
EVT_0004797,CUST_00380,2024-01-01T08:00:00,furniture
EVT_0004798,CUST_00380,2024-01-01T10:00:00,housewares
EVT_0004799,CUST_00380,2024-01-01T12:00:00,bed_bath
EVT_0004800,CUST_00380,2024-01-01T14:00:00,furniture
EVT_0004801,CUST_00380,2024-01-01T16:00:00,housewares
EVT_0004802,CUST_00380,2024-01-01T18:00:00,watches_gifts
EVT_0004803,CUST_00380,2024-01-01T20:00:00,health_beauty
EVT_0004804,CUST_00380,2024-01-01T22:00:00,watches_gifts
EVT_0004805,CUST_00380,2024-01-02T00:00:00,health_beauty
EVT_0004806,CUST_00380,2024-01-02T02:00:00,watches_gifts
EVT_0004807,CUST_00380,2024-01-02T04:00:00,health_beauty
EVT_0004808,CUST_00380,2024-01-02T06:00:00,watches_gifts
EVT_0004809,CUST_00381,2024-01-01T00:00:00,housewares
EVT_0004810,CUST_00381,2024-01-01T02:00:00,electronics
EVT_0004811,CUST_00381,2024-01-01T04:00:00,computers
EVT_0004812,CUST_00381,2024-01-01T06:00:00,electronics
EVT_0004813,CUST_00381,2024-01-01T08:00:00,computers
EVT_0004814,CUST_00381,2024-01-01T10:00:00,electronics
EVT_0004815,CUST_00381,2024-01-01T12:00:00,computers
EVT_0004816,CUST_00381,2024-01-01T14:00:00,furniture
EVT_0004817,CUST_00381,2024-01-01T16:00:00,housewares
EVT_0004818,CUST_00381,2024-01-01T18:00:00,bed_bath
EVT_0004819,CUST_00381,2024-01-01T20:00:00,furniture
EVT_0004820,CUST_00381,2024-01-01T22:00:00,housewares
EVT_0004821,CUST_00382,2024-01-01T00:00:00,bed_bath
EVT_0004822,CUST_00382,2024-01-01T02:00:00,furniture
EVT_0004823,CUST_00382,2024-01-01T04:00:00,housewares
EVT_0004824,CUST_00382,2024-01-01T06:00:00,bed_bath
EVT_0004825,CUST_00382,2024-01-01T08:00:00,furniture
EVT_0004826,CUST_00382,2024-01-01T10:00:00,housewares
EVT_0004827,CUST_00382,2024-01-01T12:00:00,bed_bath
EVT_0004828,CUST_00382,2024-01-01T14:00:00,furniture
EVT_0004829,CUST_00382,2024-01-01T16:00:00,housewares
EVT_0004830,CUST_00382,2024-01-01T18:00:00,bed_bath
EVT_0004831,CUST_00382,2024-01-01T20:00:00,furniture
EVT_0004832,CUST_00382,2024-01-01T22:00:00,housewares
EVT_0004833,CUST_00382,2024-01-02T00:00:00,bed_bath
EVT_0004834,CUST_00382,2024-01-02T02:00:00,furniture
EVT_0004835,CUST_00382,2024-01-02T04:00:00,housewares
EVT_0004836,CUST_00382,2024-01-02T06:00:00,bed_bath
EVT_0004837,CUST_00383,2024-01-01T00:00:00,electronics
EVT_0004838,CUST_00383,2024-01-01T02:00:00,bed_bath
EVT_0004839,CUST_00383,2024-01-01T04:00:00,furniture
EVT_0004840,CUST_00383,2024-01-01T06:00:00,housewares
EVT_0004841,CUST_00383,2024-01-01T08:00:00,bed_bath
EVT_0004842,CUST_00383,2024-01-01T10:00:00,furniture
EVT_0004843,CUST_00383,2024-01-01T12:00:00,housewares
EVT_0004844,CUST_00383,2024-01-01T14:00:00,bed_bath
EVT_0004845,CUST_00383,2024-01-01T16:00:00,furniture
EVT_0004846,CUST_00383,2024-01-01T18:00:00,housewares
EVT_0004847,CUST_00383,2024-01-01T20:00:00,bed_bath
EVT_0004848,CUST_00383,2024-01-01T22:00:00,furniture
EVT_0004849,CUST_00383,2024-01-02T00:00:00,housewares
EVT_0004850,CUST_00383,2024-01-02T02:00:00,bed_bath
EVT_0004851,CUST_00383,2024-01-02T04:00:00,furniture
EVT_0004852,CUST_00383,2024-01-02T06:00:00,bed_bath
EVT_0004853,CUST_00384,2024-01-01T00:00:00,bed_bath
EVT_0004854,CUST_00384,2024-01-01T02:00:00,sports_leisure
EVT_0004855,CUST_00384,2024-01-01T04:00:00,health_beauty
EVT_0004856,CUST_00384,2024-01-01T06:00:00,watches_gifts
EVT_0004857,CUST_00384,2024-01-01T08:00:00,health_beauty
EVT_0004858,CUST_00384,2024-01-01T10:00:00,watches_gifts
EVT_0004859,CUST_00384,2024-01-01T12:00:00,health_beauty
EVT_0004860,CUST_00384,2024-01-01T14:00:00,watches_gifts
EVT_0004861,CUST_00384,2024-01-01T16:00:00,health_beauty
EVT_0004862,CUST_00384,2024-01-01T18:00:00,auto
EVT_0004863,CUST_00384,2024-01-01T20:00:00,electronics
EVT_0004864,CUST_00385,2024-01-01T00:00:00,electronics
EVT_0004865,CUST_00385,2024-01-01T02:00:00,computers
EVT_0004866,CUST_00385,2024-01-01T04:00:00,electronics
EVT_0004867,CUST_00385,2024-01-01T06:00:00,computers
EVT_0004868,CUST_00385,2024-01-01T08:00:00,electronics
EVT_0004869,CUST_00385,2024-01-01T10:00:00,computers
EVT_0004870,CUST_00385,2024-01-01T12:00:00,electronics
EVT_0004871,CUST_00385,2024-01-01T14:00:00,computers
EVT_0004872,CUST_00385,2024-01-01T16:00:00,electronics
EVT_0004873,CUST_00385,2024-01-01T18:00:00,computers
EVT_0004874,CUST_00385,2024-01-01T20:00:00,electronics
EVT_0004875,CUST_00385,2024-01-01T22:00:00,computers
EVT_0004876,CUST_00385,2024-01-02T00:00:00,electronics
EVT_0004877,CUST_00385,2024-01-02T02:00:00,watches_gifts
EVT_0004878,CUST_00385,2024-01-02T04:00:00,health_beauty
EVT_0004879,CUST_00386,2024-01-01T00:00:00,watches_gifts
EVT_0004880,CUST_00386,2024-01-01T02:00:00,health_beauty
EVT_0004881,CUST_00386,2024-01-01T04:00:00,watches_gifts
EVT_0004882,CUST_00386,2024-01-01T06:00:00,health_beauty
EVT_0004883,CUST_00386,2024-01-01T08:00:00,watches_gifts
EVT_0004884,CUST_00386,2024-01-01T10:00:00,health_beauty
EVT_0004885,CUST_00386,2024-01-01T12:00:00,watches_gifts
EVT_0004886,CUST_00386,2024-01-01T14:00:00,health_beauty
EVT_0004887,CUST_00386,2024-01-01T16:00:00,watches_gifts
EVT_0004888,CUST_00386,2024-01-01T18:00:00,health_beauty
EVT_0004889,CUST_00386,2024-01-01T20:00:00,watches_gifts
EVT_0004890,CUST_00386,2024-01-01T22:00:00,health_beauty
EVT_0004891,CUST_00386,2024-01-02T00:00:00,watches_gifts
EVT_0004892,CUST_00387,2024-01-01T00:00:00,health_beauty
EVT_0004893,CUST_00387,2024-01-01T02:00:00,watches_gifts
EVT_0004894,CUST_00387,2024-01-01T04:00:00,health_beauty
EVT_0004895,CUST_00387,2024-01-01T06:00:00,watches_gifts
EVT_0004896,CUST_00387,2024-01-01T08:00:00,health_beauty
EVT_0004897,CUST_00387,2024-01-01T10:00:00,watches_gifts
EVT_0004898,CUST_00387,2024-01-01T12:00:00,health_beauty
EVT_0004899,CUST_00387,2024-01-01T14:00:00,watches_gifts
EVT_0004900,CUST_00387,2024-01-01T16:00:00,health_beauty
EVT_0004901,CUST_00387,2024-01-01T18:00:00,watches_gifts
EVT_0004902,CUST_00387,2024-01-01T20:00:00,health_beauty
EVT_0004903,CUST_00387,2024-01-01T22:00:00,watches_gifts
EVT_0004904,CUST_00387,2024-01-02T00:00:00,health_beauty
EVT_0004905,CUST_00387,2024-01-02T02:00:00,watches_gifts
EVT_0004906,CUST_00387,2024-01-02T04:00:00,health_beauty
EVT_0004907,CUST_00388,2024-01-01T00:00:00,electronics
EVT_0004908,CUST_00388,2024-01-01T02:00:00,computers
EVT_0004909,CUST_00388,2024-01-01T04:00:00,electronics
EVT_0004910,CUST_00388,2024-01-01T06:00:00,computers
EVT_0004911,CUST_00388,2024-01-01T08:00:00,computers
EVT_0004912,CUST_00388,2024-01-01T10:00:00,electronics
EVT_0004913,CUST_00388,2024-01-01T12:00:00,computers
EVT_0004914,CUST_00388,2024-01-01T14:00:00,electronics
EVT_0004915,CUST_00388,2024-01-01T16:00:00,computers
EVT_0004916,CUST_00388,2024-01-01T18:00:00,electronics
EVT_0004917,CUST_00388,2024-01-01T20:00:00,computers
EVT_0004918,CUST_00388,2024-01-01T22:00:00,electronics
EVT_0004919,CUST_00388,2024-01-02T00:00:00,computers
EVT_0004920,CUST_00388,2024-01-02T02:00:00,electronics
EVT_0004921,CUST_00388,2024-01-02T04:00:00,sports_leisure
EVT_0004922,CUST_00388,2024-01-02T06:00:00,health_beauty
EVT_0004923,CUST_00389,2024-01-01T00:00:00,watches_gifts
EVT_0004924,CUST_00389,2024-01-01T02:00:00,health_beauty
EVT_0004925,CUST_00389,2024-01-01T04:00:00,watches_gifts
EVT_0004926,CUST_00389,2024-01-01T06:00:00,health_beauty
EVT_0004927,CUST_00389,2024-01-01T08:00:00,watches_gifts
EVT_0004928,CUST_00389,2024-01-01T10:00:00,health_beauty
EVT_0004929,CUST_00389,2024-01-01T12:00:00,watches_gifts
EVT_0004930,CUST_00389,2024-01-01T14:00:00,watches_gifts
EVT_0004931,CUST_00389,2024-01-01T16:00:00,furniture
EVT_0004932,CUST_00389,2024-01-01T18:00:00,housewares
EVT_0004933,CUST_00389,2024-01-01T20:00:00,bed_bath
EVT_0004934,CUST_00389,2024-01-01T22:00:00,furniture
EVT_0004935,CUST_00389,2024-01-02T00:00:00,housewares
EVT_0004936,CUST_00390,2024-01-01T00:00:00,watches_gifts
EVT_0004937,CUST_00390,2024-01-01T02:00:00,health_beauty
EVT_0004938,CUST_00390,2024-01-01T04:00:00,watches_gifts
EVT_0004939,CUST_00390,2024-01-01T06:00:00,health_beauty
EVT_0004940,CUST_00390,2024-01-01T08:00:00,watches_gifts
EVT_0004941,CUST_00390,2024-01-01T10:00:00,health_beauty
EVT_0004942,CUST_00390,2024-01-01T12:00:00,watches_gifts
EVT_0004943,CUST_00390,2024-01-01T14:00:00,health_beauty
EVT_0004944,CUST_00390,2024-01-01T16:00:00,electronics
EVT_0004945,CUST_00390,2024-01-01T18:00:00,computers
EVT_0004946,CUST_00390,2024-01-01T20:00:00,electronics
EVT_0004947,CUST_00391,2024-01-01T00:00:00,health_beauty
EVT_0004948,CUST_00391,2024-01-01T02:00:00,watches_gifts
EVT_0004949,CUST_00391,2024-01-01T04:00:00,health_beauty
EVT_0004950,CUST_00391,2024-01-01T06:00:00,watches_gifts
EVT_0004951,CUST_00391,2024-01-01T08:00:00,health_beauty
EVT_0004952,CUST_00391,2024-01-01T10:00:00,watches_gifts
EVT_0004953,CUST_00391,2024-01-01T12:00:00,health_beauty
EVT_0004954,CUST_00391,2024-01-01T14:00:00,watches_gifts
EVT_0004955,CUST_00391,2024-01-01T16:00:00,health_beauty
EVT_0004956,CUST_00391,2024-01-01T18:00:00,watches_gifts
EVT_0004957,CUST_00391,2024-01-01T20:00:00,health_beauty
EVT_0004958,CUST_00391,2024-01-01T22:00:00,watches_gifts
EVT_0004959,CUST_00391,2024-01-02T00:00:00,health_beauty
EVT_0004960,CUST_00391,2024-01-02T02:00:00,watches_gifts
EVT_0004961,CUST_00391,2024-01-02T04:00:00,health_beauty
EVT_0004962,CUST_00391,2024-01-02T06:00:00,watches_gifts
EVT_0004963,CUST_00391,2024-01-02T08:00:00,health_beauty
EVT_0004964,CUST_00392,2024-01-01T00:00:00,furniture
EVT_0004965,CUST_00392,2024-01-01T02:00:00,housewares
EVT_0004966,CUST_00392,2024-01-01T04:00:00,bed_bath
EVT_0004967,CUST_00392,2024-01-01T06:00:00,furniture
EVT_0004968,CUST_00392,2024-01-01T08:00:00,housewares
EVT_0004969,CUST_00392,2024-01-01T10:00:00,auto
EVT_0004970,CUST_00392,2024-01-01T12:00:00,electronics
EVT_0004971,CUST_00392,2024-01-01T14:00:00,computers
EVT_0004972,CUST_00392,2024-01-01T16:00:00,health_beauty
EVT_0004973,CUST_00392,2024-01-01T18:00:00,watches_gifts
EVT_0004974,CUST_00392,2024-01-01T20:00:00,health_beauty
EVT_0004975,CUST_00393,2024-01-01T00:00:00,electronics
EVT_0004976,CUST_00393,2024-01-01T02:00:00,computers
EVT_0004977,CUST_00393,2024-01-01T04:00:00,electronics
EVT_0004978,CUST_00393,2024-01-01T06:00:00,computers
EVT_0004979,CUST_00393,2024-01-01T08:00:00,electronics
EVT_0004980,CUST_00393,2024-01-01T10:00:00,computers
EVT_0004981,CUST_00393,2024-01-01T12:00:00,electronics
EVT_0004982,CUST_00393,2024-01-01T14:00:00,computers
EVT_0004983,CUST_00394,2024-01-01T00:00:00,health_beauty
EVT_0004984,CUST_00394,2024-01-01T02:00:00,watches_gifts
EVT_0004985,CUST_00394,2024-01-01T04:00:00,health_beauty
EVT_0004986,CUST_00394,2024-01-01T06:00:00,watches_gifts
EVT_0004987,CUST_00394,2024-01-01T08:00:00,health_beauty
EVT_0004988,CUST_00394,2024-01-01T10:00:00,watches_gifts
EVT_0004989,CUST_00394,2024-01-01T12:00:00,health_beauty
EVT_0004990,CUST_00394,2024-01-01T14:00:00,watches_gifts
EVT_0004991,CUST_00394,2024-01-01T16:00:00,health_beauty
EVT_0004992,CUST_00394,2024-01-01T18:00:00,watches_gifts
EVT_0004993,CUST_00394,2024-01-01T20:00:00,health_beauty
EVT_0004994,CUST_00394,2024-01-01T22:00:00,watches_gifts
EVT_0004995,CUST_00394,2024-01-02T00:00:00,sports_leisure
EVT_0004996,CUST_00394,2024-01-02T02:00:00,health_beauty
EVT_0004997,CUST_00394,2024-01-02T04:00:00,watches_gifts
EVT_0004998,CUST_00395,2024-01-01T00:00:00,health_beauty
EVT_0004999,CUST_00395,2024-01-01T02:00:00,watches_gifts
EVT_0005000,CUST_00395,2024-01-01T04:00:00,health_beauty
EVT_0005001,CUST_00395,2024-01-01T06:00:00,watches_gifts
EVT_0005002,CUST_00395,2024-01-01T08:00:00,health_beauty
EVT_0005003,CUST_00395,2024-01-01T10:00:00,watches_gifts
EVT_0005004,CUST_00395,2024-01-01T12:00:00,health_beauty
EVT_0005005,CUST_00395,2024-01-01T14:00:00,watches_gifts
EVT_0005006,CUST_00395,2024-01-01T16:00:00,health_beauty
EVT_0005007,CUST_00395,2024-01-01T18:00:00,watches_gifts
EVT_0005008,CUST_00395,2024-01-01T20:00:00,health_beauty
EVT_0005009,CUST_00396,2024-01-01T00:00:00,bed_bath
EVT_0005010,CUST_00396,2024-01-01T02:00:00,furniture
EVT_0005011,CUST_00396,2024-01-01T04:00:00,housewares
EVT_0005012,CUST_00396,2024-01-01T06:00:00,bed_bath
EVT_0005013,CUST_00396,2024-01-01T08:00:00,furniture
EVT_0005014,CUST_00396,2024-01-01T10:00:00,housewares
EVT_0005015,CUST_00396,2024-01-01T12:00:00,bed_bath
EVT_0005016,CUST_00396,2024-01-01T14:00:00,furniture
EVT_0005017,CUST_00397,2024-01-01T00:00:00,health_beauty
EVT_0005018,CUST_00397,2024-01-01T02:00:00,watches_gifts
EVT_0005019,CUST_00397,2024-01-01T04:00:00,health_beauty
EVT_0005020,CUST_00397,2024-01-01T06:00:00,computers
EVT_0005021,CUST_00397,2024-01-01T08:00:00,electronics
EVT_0005022,CUST_00397,2024-01-01T10:00:00,computers
EVT_0005023,CUST_00397,2024-01-01T12:00:00,electronics
EVT_0005024,CUST_00397,2024-01-01T14:00:00,computers
EVT_0005025,CUST_00397,2024-01-01T16:00:00,electronics
EVT_0005026,CUST_00397,2024-01-01T18:00:00,toys
EVT_0005027,CUST_00397,2024-01-01T20:00:00,electronics
EVT_0005028,CUST_00397,2024-01-01T22:00:00,computers
EVT_0005029,CUST_00397,2024-01-02T00:00:00,electronics
EVT_0005030,CUST_00397,2024-01-02T02:00:00,computers
EVT_0005031,CUST_00397,2024-01-02T04:00:00,electronics
EVT_0005032,CUST_00397,2024-01-02T06:00:00,computers
EVT_0005033,CUST_00397,2024-01-02T08:00:00,electronics
EVT_0005034,CUST_00398,2024-01-01T00:00:00,electronics
EVT_0005035,CUST_00398,2024-01-01T02:00:00,computers
EVT_0005036,CUST_00398,2024-01-01T04:00:00,electronics
EVT_0005037,CUST_00398,2024-01-01T06:00:00,computers
EVT_0005038,CUST_00398,2024-01-01T08:00:00,electronics
EVT_0005039,CUST_00398,2024-01-01T10:00:00,housewares
EVT_0005040,CUST_00398,2024-01-01T12:00:00,bed_bath
EVT_0005041,CUST_00398,2024-01-01T14:00:00,furniture
EVT_0005042,CUST_00398,2024-01-01T16:00:00,housewares
EVT_0005043,CUST_00398,2024-01-01T18:00:00,bed_bath
EVT_0005044,CUST_00398,2024-01-01T20:00:00,furniture
EVT_0005045,CUST_00398,2024-01-01T22:00:00,housewares
EVT_0005046,CUST_00398,2024-01-02T00:00:00,bed_bath
EVT_0005047,CUST_00398,2024-01-02T02:00:00,auto
EVT_0005048,CUST_00398,2024-01-02T04:00:00,electronics
EVT_0005049,CUST_00398,2024-01-02T06:00:00,computers
EVT_0005050,CUST_00398,2024-01-02T08:00:00,electronics
EVT_0005051,CUST_00399,2024-01-01T00:00:00,electronics
EVT_0005052,CUST_00399,2024-01-01T02:00:00,computers
EVT_0005053,CUST_00399,2024-01-01T04:00:00,electronics
EVT_0005054,CUST_00399,2024-01-01T06:00:00,computers
EVT_0005055,CUST_00399,2024-01-01T08:00:00,electronics
EVT_0005056,CUST_00399,2024-01-01T10:00:00,computers
EVT_0005057,CUST_00399,2024-01-01T12:00:00,electronics
EVT_0005058,CUST_00399,2024-01-01T14:00:00,computers
EVT_0005059,CUST_00399,2024-01-01T16:00:00,electronics
EVT_0005060,CUST_00399,2024-01-01T18:00:00,computers
EVT_0005061,CUST_00399,2024-01-01T20:00:00,electronics
EVT_0005062,CUST_00399,2024-01-01T22:00:00,computers
EVT_0005063,CUST_00399,2024-01-02T00:00:00,electronics
EVT_0005064,CUST_00399,2024-01-02T02:00:00,computers
EVT_0005065,CUST_00399,2024-01-02T04:00:00,electronics
EVT_0005066,CUST_00399,2024-01-02T06:00:00,computers
EVT_0005067,CUST_00400,2024-01-01T00:00:00,housewares
EVT_0005068,CUST_00400,2024-01-01T02:00:00,bed_bath
EVT_0005069,CUST_00400,2024-01-01T04:00:00,furniture
EVT_0005070,CUST_00400,2024-01-01T06:00:00,toys
EVT_0005071,CUST_00400,2024-01-01T08:00:00,electronics
EVT_0005072,CUST_00400,2024-01-01T10:00:00,computers
EVT_0005073,CUST_00400,2024-01-01T12:00:00,electronics
EVT_0005074,CUST_00400,2024-01-01T14:00:00,computers
EVT_0005075,CUST_00400,2024-01-01T16:00:00,electronics
EVT_0005076,CUST_00400,2024-01-01T18:00:00,computers
EVT_0005077,CUST_00400,2024-01-01T20:00:00,electronics
EVT_0005078,CUST_00400,2024-01-01T22:00:00,computers
EVT_0005079,CUST_00400,2024-01-02T00:00:00,electronics
EVT_0005080,CUST_00401,2024-01-01T00:00:00,housewares
EVT_0005081,CUST_00401,2024-01-01T02:00:00,bed_bath
EVT_0005082,CUST_00401,2024-01-01T04:00:00,furniture
EVT_0005083,CUST_00401,2024-01-01T06:00:00,housewares
EVT_0005084,CUST_00401,2024-01-01T08:00:00,bed_bath
EVT_0005085,CUST_00401,2024-01-01T10:00:00,furniture
EVT_0005086,CUST_00401,2024-01-01T12:00:00,housewares
EVT_0005087,CUST_00401,2024-01-01T14:00:00,bed_bath
EVT_0005088,CUST_00401,2024-01-01T16:00:00,furniture
EVT_0005089,CUST_00401,2024-01-01T18:00:00,housewares
EVT_0005090,CUST_00401,2024-01-01T20:00:00,bed_bath
EVT_0005091,CUST_00401,2024-01-01T22:00:00,furniture
EVT_0005092,CUST_00401,2024-01-02T00:00:00,housewares
EVT_0005093,CUST_00402,2024-01-01T00:00:00,health_beauty
EVT_0005094,CUST_00402,2024-01-01T02:00:00,watches_gifts
EVT_0005095,CUST_00402,2024-01-01T04:00:00,electronics
EVT_0005096,CUST_00402,2024-01-01T06:00:00,computers
EVT_0005097,CUST_00402,2024-01-01T08:00:00,electronics
EVT_0005098,CUST_00402,2024-01-01T10:00:00,computers
EVT_0005099,CUST_00402,2024-01-01T12:00:00,electronics
EVT_0005100,CUST_00402,2024-01-01T14:00:00,computers
EVT_0005101,CUST_00402,2024-01-01T16:00:00,electronics
EVT_0005102,CUST_00402,2024-01-01T18:00:00,computers
EVT_0005103,CUST_00402,2024-01-01T20:00:00,electronics
EVT_0005104,CUST_00402,2024-01-01T22:00:00,computers
EVT_0005105,CUST_00403,2024-01-01T00:00:00,watches_gifts
EVT_0005106,CUST_00403,2024-01-01T02:00:00,health_beauty
EVT_0005107,CUST_00403,2024-01-01T04:00:00,watches_gifts
EVT_0005108,CUST_00403,2024-01-01T06:00:00,housewares
EVT_0005109,CUST_00403,2024-01-01T08:00:00,bed_bath
EVT_0005110,CUST_00403,2024-01-01T10:00:00,furniture
EVT_0005111,CUST_00403,2024-01-01T12:00:00,housewares
EVT_0005112,CUST_00403,2024-01-01T14:00:00,bed_bath
EVT_0005113,CUST_00403,2024-01-01T16:00:00,furniture
EVT_0005114,CUST_00403,2024-01-01T18:00:00,housewares
EVT_0005115,CUST_00403,2024-01-01T20:00:00,bed_bath
EVT_0005116,CUST_00403,2024-01-01T22:00:00,furniture
EVT_0005117,CUST_00403,2024-01-02T00:00:00,housewares
EVT_0005118,CUST_00403,2024-01-02T02:00:00,bed_bath
EVT_0005119,CUST_00403,2024-01-02T04:00:00,bed_bath
EVT_0005120,CUST_00404,2024-01-01T00:00:00,health_beauty
EVT_0005121,CUST_00404,2024-01-01T02:00:00,watches_gifts
EVT_0005122,CUST_00404,2024-01-01T04:00:00,health_beauty
EVT_0005123,CUST_00404,2024-01-01T06:00:00,watches_gifts
EVT_0005124,CUST_00404,2024-01-01T08:00:00,health_beauty
EVT_0005125,CUST_00404,2024-01-01T10:00:00,watches_gifts
EVT_0005126,CUST_00404,2024-01-01T12:00:00,health_beauty
EVT_0005127,CUST_00404,2024-01-01T14:00:00,sports_leisure
EVT_0005128,CUST_00405,2024-01-01T00:00:00,toys
EVT_0005129,CUST_00405,2024-01-01T02:00:00,electronics
EVT_0005130,CUST_00405,2024-01-01T04:00:00,computers
EVT_0005131,CUST_00405,2024-01-01T06:00:00,electronics
EVT_0005132,CUST_00405,2024-01-01T08:00:00,computers
EVT_0005133,CUST_00405,2024-01-01T10:00:00,electronics
EVT_0005134,CUST_00405,2024-01-01T12:00:00,computers
EVT_0005135,CUST_00405,2024-01-01T14:00:00,electronics
EVT_0005136,CUST_00405,2024-01-01T16:00:00,computers
EVT_0005137,CUST_00405,2024-01-01T18:00:00,electronics
EVT_0005138,CUST_00405,2024-01-01T20:00:00,computers
EVT_0005139,CUST_00406,2024-01-01T00:00:00,bed_bath
EVT_0005140,CUST_00406,2024-01-01T02:00:00,furniture
EVT_0005141,CUST_00406,2024-01-01T04:00:00,housewares
EVT_0005142,CUST_00406,2024-01-01T06:00:00,bed_bath
EVT_0005143,CUST_00406,2024-01-01T08:00:00,furniture
EVT_0005144,CUST_00406,2024-01-01T10:00:00,housewares
EVT_0005145,CUST_00406,2024-01-01T12:00:00,bed_bath
EVT_0005146,CUST_00406,2024-01-01T14:00:00,furniture
EVT_0005147,CUST_00407,2024-01-01T00:00:00,housewares
EVT_0005148,CUST_00407,2024-01-01T02:00:00,bed_bath
EVT_0005149,CUST_00407,2024-01-01T04:00:00,furniture
EVT_0005150,CUST_00407,2024-01-01T06:00:00,housewares
EVT_0005151,CUST_00407,2024-01-01T08:00:00,bed_bath
EVT_0005152,CUST_00407,2024-01-01T10:00:00,furniture
EVT_0005153,CUST_00407,2024-01-01T12:00:00,housewares
EVT_0005154,CUST_00407,2024-01-01T14:00:00,bed_bath
EVT_0005155,CUST_00407,2024-01-01T16:00:00,furniture
EVT_0005156,CUST_00408,2024-01-01T00:00:00,electronics
EVT_0005157,CUST_00408,2024-01-01T02:00:00,computers
EVT_0005158,CUST_00408,2024-01-01T04:00:00,electronics
EVT_0005159,CUST_00408,2024-01-01T06:00:00,computers
EVT_0005160,CUST_00408,2024-01-01T08:00:00,computers
EVT_0005161,CUST_00408,2024-01-01T10:00:00,electronics
EVT_0005162,CUST_00408,2024-01-01T12:00:00,computers
EVT_0005163,CUST_00408,2024-01-01T14:00:00,electronics
EVT_0005164,CUST_00408,2024-01-01T16:00:00,computers
EVT_0005165,CUST_00409,2024-01-01T00:00:00,electronics
EVT_0005166,CUST_00409,2024-01-01T02:00:00,computers
EVT_0005167,CUST_00409,2024-01-01T04:00:00,electronics
EVT_0005168,CUST_00409,2024-01-01T06:00:00,computers
EVT_0005169,CUST_00409,2024-01-01T08:00:00,electronics
EVT_0005170,CUST_00409,2024-01-01T10:00:00,computers
EVT_0005171,CUST_00409,2024-01-01T12:00:00,electronics
EVT_0005172,CUST_00409,2024-01-01T14:00:00,computers
EVT_0005173,CUST_00409,2024-01-01T16:00:00,electronics
EVT_0005174,CUST_00409,2024-01-01T18:00:00,computers
EVT_0005175,CUST_00409,2024-01-01T20:00:00,electronics
EVT_0005176,CUST_00409,2024-01-01T22:00:00,computers
EVT_0005177,CUST_00409,2024-01-02T00:00:00,electronics
EVT_0005178,CUST_00410,2024-01-01T00:00:00,furniture
EVT_0005179,CUST_00410,2024-01-01T02:00:00,housewares
EVT_0005180,CUST_00410,2024-01-01T04:00:00,bed_bath
EVT_0005181,CUST_00410,2024-01-01T06:00:00,furniture
EVT_0005182,CUST_00410,2024-01-01T08:00:00,housewares
EVT_0005183,CUST_00410,2024-01-01T10:00:00,bed_bath
EVT_0005184,CUST_00410,2024-01-01T12:00:00,furniture
EVT_0005185,CUST_00410,2024-01-01T14:00:00,housewares
EVT_0005186,CUST_00410,2024-01-01T16:00:00,bed_bath
EVT_0005187,CUST_00410,2024-01-01T18:00:00,furniture
EVT_0005188,CUST_00410,2024-01-01T20:00:00,housewares
EVT_0005189,CUST_00410,2024-01-01T22:00:00,bed_bath
EVT_0005190,CUST_00411,2024-01-01T00:00:00,computers
EVT_0005191,CUST_00411,2024-01-01T02:00:00,electronics
EVT_0005192,CUST_00411,2024-01-01T04:00:00,computers
EVT_0005193,CUST_00411,2024-01-01T06:00:00,electronics
EVT_0005194,CUST_00411,2024-01-01T08:00:00,computers
EVT_0005195,CUST_00411,2024-01-01T10:00:00,electronics
EVT_0005196,CUST_00411,2024-01-01T12:00:00,computers
EVT_0005197,CUST_00411,2024-01-01T14:00:00,electronics
EVT_0005198,CUST_00411,2024-01-01T16:00:00,computers
EVT_0005199,CUST_00412,2024-01-01T00:00:00,electronics
EVT_0005200,CUST_00412,2024-01-01T02:00:00,computers
EVT_0005201,CUST_00412,2024-01-01T04:00:00,electronics
EVT_0005202,CUST_00412,2024-01-01T06:00:00,computers
EVT_0005203,CUST_00412,2024-01-01T08:00:00,electronics
EVT_0005204,CUST_00412,2024-01-01T10:00:00,computers
EVT_0005205,CUST_00412,2024-01-01T12:00:00,electronics
EVT_0005206,CUST_00412,2024-01-01T14:00:00,computers
EVT_0005207,CUST_00412,2024-01-01T16:00:00,electronics
EVT_0005208,CUST_00412,2024-01-01T18:00:00,computers
EVT_0005209,CUST_00412,2024-01-01T20:00:00,toys
EVT_0005210,CUST_00412,2024-01-01T22:00:00,electronics
EVT_0005211,CUST_00413,2024-01-01T00:00:00,electronics
EVT_0005212,CUST_00413,2024-01-01T02:00:00,computers
EVT_0005213,CUST_00413,2024-01-01T04:00:00,electronics
EVT_0005214,CUST_00413,2024-01-01T06:00:00,computers
EVT_0005215,CUST_00413,2024-01-01T08:00:00,electronics
EVT_0005216,CUST_00413,2024-01-01T10:00:00,computers
EVT_0005217,CUST_00413,2024-01-01T12:00:00,electronics
EVT_0005218,CUST_00413,2024-01-01T14:00:00,housewares
EVT_0005219,CUST_00414,2024-01-01T00:00:00,health_beauty
EVT_0005220,CUST_00414,2024-01-01T02:00:00,watches_gifts
EVT_0005221,CUST_00414,2024-01-01T04:00:00,health_beauty
EVT_0005222,CUST_00414,2024-01-01T06:00:00,watches_gifts
EVT_0005223,CUST_00414,2024-01-01T08:00:00,health_beauty
EVT_0005224,CUST_00414,2024-01-01T10:00:00,computers
EVT_0005225,CUST_00414,2024-01-01T12:00:00,electronics
EVT_0005226,CUST_00414,2024-01-01T14:00:00,computers
EVT_0005227,CUST_00414,2024-01-01T16:00:00,electronics
EVT_0005228,CUST_00414,2024-01-01T18:00:00,computers
EVT_0005229,CUST_00414,2024-01-01T20:00:00,watches_gifts
EVT_0005230,CUST_00414,2024-01-01T22:00:00,watches_gifts
EVT_0005231,CUST_00414,2024-01-02T00:00:00,health_beauty
EVT_0005232,CUST_00414,2024-01-02T02:00:00,watches_gifts
EVT_0005233,CUST_00415,2024-01-01T00:00:00,health_beauty
EVT_0005234,CUST_00415,2024-01-01T02:00:00,watches_gifts
EVT_0005235,CUST_00415,2024-01-01T04:00:00,health_beauty
EVT_0005236,CUST_00415,2024-01-01T06:00:00,watches_gifts
EVT_0005237,CUST_00415,2024-01-01T08:00:00,health_beauty
EVT_0005238,CUST_00415,2024-01-01T10:00:00,watches_gifts
EVT_0005239,CUST_00415,2024-01-01T12:00:00,health_beauty
EVT_0005240,CUST_00415,2024-01-01T14:00:00,sports_leisure
EVT_0005241,CUST_00416,2024-01-01T00:00:00,health_beauty
EVT_0005242,CUST_00416,2024-01-01T02:00:00,watches_gifts
EVT_0005243,CUST_00416,2024-01-01T04:00:00,health_beauty
EVT_0005244,CUST_00416,2024-01-01T06:00:00,watches_gifts
EVT_0005245,CUST_00416,2024-01-01T08:00:00,toys
EVT_0005246,CUST_00416,2024-01-01T10:00:00,electronics
EVT_0005247,CUST_00416,2024-01-01T12:00:00,computers
EVT_0005248,CUST_00416,2024-01-01T14:00:00,electronics
EVT_0005249,CUST_00416,2024-01-01T16:00:00,computers
EVT_0005250,CUST_00416,2024-01-01T18:00:00,electronics
EVT_0005251,CUST_00416,2024-01-01T20:00:00,computers
EVT_0005252,CUST_00416,2024-01-01T22:00:00,electronics
EVT_0005253,CUST_00417,2024-01-01T00:00:00,electronics
EVT_0005254,CUST_00417,2024-01-01T02:00:00,computers
EVT_0005255,CUST_00417,2024-01-01T04:00:00,electronics
EVT_0005256,CUST_00417,2024-01-01T06:00:00,sports_leisure
EVT_0005257,CUST_00417,2024-01-01T08:00:00,health_beauty
EVT_0005258,CUST_00417,2024-01-01T10:00:00,watches_gifts
EVT_0005259,CUST_00417,2024-01-01T12:00:00,health_beauty
EVT_0005260,CUST_00417,2024-01-01T14:00:00,watches_gifts
EVT_0005261,CUST_00418,2024-01-01T00:00:00,computers
EVT_0005262,CUST_00418,2024-01-01T02:00:00,electronics
EVT_0005263,CUST_00418,2024-01-01T04:00:00,computers
EVT_0005264,CUST_00418,2024-01-01T06:00:00,electronics
EVT_0005265,CUST_00418,2024-01-01T08:00:00,computers
EVT_0005266,CUST_00418,2024-01-01T10:00:00,electronics
EVT_0005267,CUST_00418,2024-01-01T12:00:00,computers
EVT_0005268,CUST_00418,2024-01-01T14:00:00,electronics
EVT_0005269,CUST_00418,2024-01-01T16:00:00,computers
EVT_0005270,CUST_00418,2024-01-01T18:00:00,electronics
EVT_0005271,CUST_00418,2024-01-01T20:00:00,computers
EVT_0005272,CUST_00418,2024-01-01T22:00:00,electronics
EVT_0005273,CUST_00418,2024-01-02T00:00:00,computers
EVT_0005274,CUST_00419,2024-01-01T00:00:00,electronics
EVT_0005275,CUST_00419,2024-01-01T02:00:00,computers
EVT_0005276,CUST_00419,2024-01-01T04:00:00,electronics
EVT_0005277,CUST_00419,2024-01-01T06:00:00,computers
EVT_0005278,CUST_00419,2024-01-01T08:00:00,electronics
EVT_0005279,CUST_00419,2024-01-01T10:00:00,computers
EVT_0005280,CUST_00419,2024-01-01T12:00:00,electronics
EVT_0005281,CUST_00419,2024-01-01T14:00:00,computers
EVT_0005282,CUST_00419,2024-01-01T16:00:00,electronics
EVT_0005283,CUST_00419,2024-01-01T18:00:00,computers
EVT_0005284,CUST_00419,2024-01-01T20:00:00,electronics
EVT_0005285,CUST_00419,2024-01-01T22:00:00,computers
EVT_0005286,CUST_00420,2024-01-01T00:00:00,electronics
EVT_0005287,CUST_00420,2024-01-01T02:00:00,computers
EVT_0005288,CUST_00420,2024-01-01T04:00:00,electronics
EVT_0005289,CUST_00420,2024-01-01T06:00:00,computers
EVT_0005290,CUST_00420,2024-01-01T08:00:00,electronics
EVT_0005291,CUST_00420,2024-01-01T10:00:00,computers
EVT_0005292,CUST_00420,2024-01-01T12:00:00,electronics
EVT_0005293,CUST_00420,2024-01-01T14:00:00,computers
EVT_0005294,CUST_00420,2024-01-01T16:00:00,electronics
EVT_0005295,CUST_00421,2024-01-01T00:00:00,watches_gifts
EVT_0005296,CUST_00421,2024-01-01T02:00:00,health_beauty
EVT_0005297,CUST_00421,2024-01-01T04:00:00,watches_gifts
EVT_0005298,CUST_00421,2024-01-01T06:00:00,health_beauty
EVT_0005299,CUST_00421,2024-01-01T08:00:00,watches_gifts
EVT_0005300,CUST_00421,2024-01-01T10:00:00,health_beauty
EVT_0005301,CUST_00421,2024-01-01T12:00:00,watches_gifts
EVT_0005302,CUST_00421,2024-01-01T14:00:00,health_beauty
EVT_0005303,CUST_00421,2024-01-01T16:00:00,watches_gifts
EVT_0005304,CUST_00421,2024-01-01T18:00:00,health_beauty
EVT_0005305,CUST_00421,2024-01-01T20:00:00,watches_gifts
EVT_0005306,CUST_00421,2024-01-01T22:00:00,health_beauty
EVT_0005307,CUST_00421,2024-01-02T00:00:00,watches_gifts
EVT_0005308,CUST_00421,2024-01-02T02:00:00,health_beauty
EVT_0005309,CUST_00421,2024-01-02T04:00:00,watches_gifts
EVT_0005310,CUST_00421,2024-01-02T06:00:00,health_beauty
EVT_0005311,CUST_00421,2024-01-02T08:00:00,watches_gifts
EVT_0005312,CUST_00422,2024-01-01T00:00:00,housewares
EVT_0005313,CUST_00422,2024-01-01T02:00:00,computers
EVT_0005314,CUST_00422,2024-01-01T04:00:00,electronics
EVT_0005315,CUST_00422,2024-01-01T06:00:00,computers
EVT_0005316,CUST_00422,2024-01-01T08:00:00,electronics
EVT_0005317,CUST_00422,2024-01-01T10:00:00,computers
EVT_0005318,CUST_00422,2024-01-01T12:00:00,electronics
EVT_0005319,CUST_00422,2024-01-01T14:00:00,computers
EVT_0005320,CUST_00422,2024-01-01T16:00:00,electronics
EVT_0005321,CUST_00422,2024-01-01T18:00:00,computers
EVT_0005322,CUST_00422,2024-01-01T20:00:00,electronics
EVT_0005323,CUST_00422,2024-01-01T22:00:00,computers
EVT_0005324,CUST_00422,2024-01-02T00:00:00,electronics
EVT_0005325,CUST_00422,2024-01-02T02:00:00,computers
EVT_0005326,CUST_00422,2024-01-02T04:00:00,electronics
EVT_0005327,CUST_00422,2024-01-02T06:00:00,computers
EVT_0005328,CUST_00422,2024-01-02T08:00:00,electronics
EVT_0005329,CUST_00423,2024-01-01T00:00:00,housewares
EVT_0005330,CUST_00423,2024-01-01T02:00:00,bed_bath
EVT_0005331,CUST_00423,2024-01-01T04:00:00,furniture
EVT_0005332,CUST_00423,2024-01-01T06:00:00,housewares
EVT_0005333,CUST_00423,2024-01-01T08:00:00,bed_bath
EVT_0005334,CUST_00423,2024-01-01T10:00:00,furniture
EVT_0005335,CUST_00423,2024-01-01T12:00:00,housewares
EVT_0005336,CUST_00423,2024-01-01T14:00:00,bed_bath
EVT_0005337,CUST_00423,2024-01-01T16:00:00,furniture
EVT_0005338,CUST_00423,2024-01-01T18:00:00,housewares
EVT_0005339,CUST_00423,2024-01-01T20:00:00,bed_bath
EVT_0005340,CUST_00423,2024-01-01T22:00:00,furniture
EVT_0005341,CUST_00424,2024-01-01T00:00:00,housewares
EVT_0005342,CUST_00424,2024-01-01T02:00:00,bed_bath
EVT_0005343,CUST_00424,2024-01-01T04:00:00,furniture
EVT_0005344,CUST_00424,2024-01-01T06:00:00,housewares
EVT_0005345,CUST_00424,2024-01-01T08:00:00,bed_bath
EVT_0005346,CUST_00424,2024-01-01T10:00:00,furniture
EVT_0005347,CUST_00424,2024-01-01T12:00:00,housewares
EVT_0005348,CUST_00424,2024-01-01T14:00:00,bed_bath
EVT_0005349,CUST_00424,2024-01-01T16:00:00,housewares
EVT_0005350,CUST_00425,2024-01-01T00:00:00,electronics
EVT_0005351,CUST_00425,2024-01-01T02:00:00,computers
EVT_0005352,CUST_00425,2024-01-01T04:00:00,electronics
EVT_0005353,CUST_00425,2024-01-01T06:00:00,computers
EVT_0005354,CUST_00425,2024-01-01T08:00:00,electronics
EVT_0005355,CUST_00425,2024-01-01T10:00:00,computers
EVT_0005356,CUST_00425,2024-01-01T12:00:00,electronics
EVT_0005357,CUST_00425,2024-01-01T14:00:00,toys
EVT_0005358,CUST_00426,2024-01-01T00:00:00,housewares
EVT_0005359,CUST_00426,2024-01-01T02:00:00,bed_bath
EVT_0005360,CUST_00426,2024-01-01T04:00:00,furniture
EVT_0005361,CUST_00426,2024-01-01T06:00:00,housewares
EVT_0005362,CUST_00426,2024-01-01T08:00:00,health_beauty
EVT_0005363,CUST_00426,2024-01-01T10:00:00,watches_gifts
EVT_0005364,CUST_00426,2024-01-01T12:00:00,health_beauty
EVT_0005365,CUST_00426,2024-01-01T14:00:00,watches_gifts
EVT_0005366,CUST_00426,2024-01-01T16:00:00,health_beauty
EVT_0005367,CUST_00426,2024-01-01T18:00:00,watches_gifts
EVT_0005368,CUST_00426,2024-01-01T20:00:00,health_beauty
EVT_0005369,CUST_00426,2024-01-01T22:00:00,watches_gifts
EVT_0005370,CUST_00426,2024-01-02T00:00:00,toys
EVT_0005371,CUST_00427,2024-01-01T00:00:00,electronics
EVT_0005372,CUST_00427,2024-01-01T02:00:00,computers
EVT_0005373,CUST_00427,2024-01-01T04:00:00,electronics
EVT_0005374,CUST_00427,2024-01-01T06:00:00,computers
EVT_0005375,CUST_00427,2024-01-01T08:00:00,electronics
EVT_0005376,CUST_00427,2024-01-01T10:00:00,computers
EVT_0005377,CUST_00427,2024-01-01T12:00:00,electronics
EVT_0005378,CUST_00427,2024-01-01T14:00:00,computers
EVT_0005379,CUST_00427,2024-01-01T16:00:00,electronics
EVT_0005380,CUST_00427,2024-01-01T18:00:00,computers
EVT_0005381,CUST_00428,2024-01-01T00:00:00,bed_bath
EVT_0005382,CUST_00428,2024-01-01T02:00:00,furniture
EVT_0005383,CUST_00428,2024-01-01T04:00:00,housewares
EVT_0005384,CUST_00428,2024-01-01T06:00:00,bed_bath
EVT_0005385,CUST_00428,2024-01-01T08:00:00,watches_gifts
EVT_0005386,CUST_00428,2024-01-01T10:00:00,health_beauty
EVT_0005387,CUST_00428,2024-01-01T12:00:00,watches_gifts
EVT_0005388,CUST_00428,2024-01-01T14:00:00,health_beauty
EVT_0005389,CUST_00428,2024-01-01T16:00:00,watches_gifts
EVT_0005390,CUST_00428,2024-01-01T18:00:00,health_beauty
EVT_0005391,CUST_00428,2024-01-01T20:00:00,watches_gifts
EVT_0005392,CUST_00428,2024-01-01T22:00:00,health_beauty
EVT_0005393,CUST_00428,2024-01-02T00:00:00,health_beauty
EVT_0005394,CUST_00428,2024-01-02T02:00:00,watches_gifts
EVT_0005395,CUST_00428,2024-01-02T04:00:00,health_beauty
EVT_0005396,CUST_00429,2024-01-01T00:00:00,bed_bath
EVT_0005397,CUST_00429,2024-01-01T02:00:00,furniture
EVT_0005398,CUST_00429,2024-01-01T04:00:00,housewares
EVT_0005399,CUST_00429,2024-01-01T06:00:00,bed_bath
EVT_0005400,CUST_00429,2024-01-01T08:00:00,furniture
EVT_0005401,CUST_00429,2024-01-01T10:00:00,housewares
EVT_0005402,CUST_00429,2024-01-01T12:00:00,bed_bath
EVT_0005403,CUST_00429,2024-01-01T14:00:00,furniture
EVT_0005404,CUST_00429,2024-01-01T16:00:00,housewares
EVT_0005405,CUST_00429,2024-01-01T18:00:00,bed_bath
EVT_0005406,CUST_00429,2024-01-01T20:00:00,furniture
EVT_0005407,CUST_00429,2024-01-01T22:00:00,housewares
EVT_0005408,CUST_00429,2024-01-02T00:00:00,bed_bath
EVT_0005409,CUST_00429,2024-01-02T02:00:00,furniture
EVT_0005410,CUST_00429,2024-01-02T04:00:00,watches_gifts
EVT_0005411,CUST_00429,2024-01-02T06:00:00,electronics
EVT_0005412,CUST_00430,2024-01-01T00:00:00,computers
EVT_0005413,CUST_00430,2024-01-01T02:00:00,electronics
EVT_0005414,CUST_00430,2024-01-01T04:00:00,computers
EVT_0005415,CUST_00430,2024-01-01T06:00:00,housewares
EVT_0005416,CUST_00430,2024-01-01T08:00:00,bed_bath
EVT_0005417,CUST_00430,2024-01-01T10:00:00,furniture
EVT_0005418,CUST_00430,2024-01-01T12:00:00,housewares
EVT_0005419,CUST_00430,2024-01-01T14:00:00,bed_bath
EVT_0005420,CUST_00430,2024-01-01T16:00:00,furniture
EVT_0005421,CUST_00430,2024-01-01T18:00:00,furniture
EVT_0005422,CUST_00430,2024-01-01T20:00:00,housewares
EVT_0005423,CUST_00430,2024-01-01T22:00:00,bed_bath
EVT_0005424,CUST_00430,2024-01-02T00:00:00,furniture
EVT_0005425,CUST_00431,2024-01-01T00:00:00,furniture
EVT_0005426,CUST_00431,2024-01-01T02:00:00,housewares
EVT_0005427,CUST_00431,2024-01-01T04:00:00,bed_bath
EVT_0005428,CUST_00431,2024-01-01T06:00:00,furniture
EVT_0005429,CUST_00431,2024-01-01T08:00:00,housewares
EVT_0005430,CUST_00431,2024-01-01T10:00:00,bed_bath
EVT_0005431,CUST_00431,2024-01-01T12:00:00,furniture
EVT_0005432,CUST_00431,2024-01-01T14:00:00,housewares
EVT_0005433,CUST_00431,2024-01-01T16:00:00,bed_bath
EVT_0005434,CUST_00431,2024-01-01T18:00:00,furniture
EVT_0005435,CUST_00431,2024-01-01T20:00:00,health_beauty
EVT_0005436,CUST_00431,2024-01-01T22:00:00,watches_gifts
EVT_0005437,CUST_00431,2024-01-02T00:00:00,health_beauty
EVT_0005438,CUST_00431,2024-01-02T02:00:00,watches_gifts
EVT_0005439,CUST_00432,2024-01-01T00:00:00,health_beauty
EVT_0005440,CUST_00432,2024-01-01T02:00:00,watches_gifts
EVT_0005441,CUST_00432,2024-01-01T04:00:00,health_beauty
EVT_0005442,CUST_00432,2024-01-01T06:00:00,watches_gifts
EVT_0005443,CUST_00432,2024-01-01T08:00:00,health_beauty
EVT_0005444,CUST_00432,2024-01-01T10:00:00,watches_gifts
EVT_0005445,CUST_00432,2024-01-01T12:00:00,health_beauty
EVT_0005446,CUST_00432,2024-01-01T14:00:00,watches_gifts
EVT_0005447,CUST_00432,2024-01-01T16:00:00,health_beauty
EVT_0005448,CUST_00432,2024-01-01T18:00:00,watches_gifts
EVT_0005449,CUST_00433,2024-01-01T00:00:00,electronics
EVT_0005450,CUST_00433,2024-01-01T02:00:00,furniture
EVT_0005451,CUST_00433,2024-01-01T04:00:00,housewares
EVT_0005452,CUST_00433,2024-01-01T06:00:00,bed_bath
EVT_0005453,CUST_00433,2024-01-01T08:00:00,furniture
EVT_0005454,CUST_00433,2024-01-01T10:00:00,housewares
EVT_0005455,CUST_00433,2024-01-01T12:00:00,bed_bath
EVT_0005456,CUST_00433,2024-01-01T14:00:00,furniture
EVT_0005457,CUST_00433,2024-01-01T16:00:00,housewares
EVT_0005458,CUST_00433,2024-01-01T18:00:00,bed_bath
EVT_0005459,CUST_00433,2024-01-01T20:00:00,housewares
EVT_0005460,CUST_00433,2024-01-01T22:00:00,bed_bath
EVT_0005461,CUST_00433,2024-01-02T00:00:00,furniture
EVT_0005462,CUST_00433,2024-01-02T02:00:00,housewares
EVT_0005463,CUST_00434,2024-01-01T00:00:00,health_beauty
EVT_0005464,CUST_00434,2024-01-01T02:00:00,watches_gifts
EVT_0005465,CUST_00434,2024-01-01T04:00:00,health_beauty
EVT_0005466,CUST_00434,2024-01-01T06:00:00,watches_gifts
EVT_0005467,CUST_00434,2024-01-01T08:00:00,sports_leisure
EVT_0005468,CUST_00434,2024-01-01T10:00:00,health_beauty
EVT_0005469,CUST_00434,2024-01-01T12:00:00,watches_gifts
EVT_0005470,CUST_00434,2024-01-01T14:00:00,health_beauty
EVT_0005471,CUST_00435,2024-01-01T00:00:00,health_beauty
EVT_0005472,CUST_00435,2024-01-01T02:00:00,health_beauty
EVT_0005473,CUST_00435,2024-01-01T04:00:00,watches_gifts
EVT_0005474,CUST_00435,2024-01-01T06:00:00,health_beauty
EVT_0005475,CUST_00435,2024-01-01T08:00:00,watches_gifts
EVT_0005476,CUST_00435,2024-01-01T10:00:00,health_beauty
EVT_0005477,CUST_00435,2024-01-01T12:00:00,watches_gifts
EVT_0005478,CUST_00435,2024-01-01T14:00:00,health_beauty
EVT_0005479,CUST_00435,2024-01-01T16:00:00,watches_gifts
EVT_0005480,CUST_00435,2024-01-01T18:00:00,health_beauty
EVT_0005481,CUST_00435,2024-01-01T20:00:00,watches_gifts
EVT_0005482,CUST_00435,2024-01-01T22:00:00,computers
EVT_0005483,CUST_00435,2024-01-02T00:00:00,electronics
EVT_0005484,CUST_00435,2024-01-02T02:00:00,computers
EVT_0005485,CUST_00435,2024-01-02T04:00:00,electronics
EVT_0005486,CUST_00435,2024-01-02T06:00:00,computers
EVT_0005487,CUST_00436,2024-01-01T00:00:00,housewares
EVT_0005488,CUST_00436,2024-01-01T02:00:00,electronics
EVT_0005489,CUST_00436,2024-01-01T04:00:00,toys
EVT_0005490,CUST_00436,2024-01-01T06:00:00,electronics
EVT_0005491,CUST_00436,2024-01-01T08:00:00,computers
EVT_0005492,CUST_00436,2024-01-01T10:00:00,electronics
EVT_0005493,CUST_00436,2024-01-01T12:00:00,computers
EVT_0005494,CUST_00436,2024-01-01T14:00:00,electronics
EVT_0005495,CUST_00436,2024-01-01T16:00:00,computers
EVT_0005496,CUST_00436,2024-01-01T18:00:00,electronics
EVT_0005497,CUST_00436,2024-01-01T20:00:00,computers
EVT_0005498,CUST_00436,2024-01-01T22:00:00,electronics
EVT_0005499,CUST_00436,2024-01-02T00:00:00,computers
EVT_0005500,CUST_00436,2024-01-02T02:00:00,electronics
EVT_0005501,CUST_00436,2024-01-02T04:00:00,computers
EVT_0005502,CUST_00437,2024-01-01T00:00:00,watches_gifts
EVT_0005503,CUST_00437,2024-01-01T02:00:00,health_beauty
EVT_0005504,CUST_00437,2024-01-01T04:00:00,watches_gifts
EVT_0005505,CUST_00437,2024-01-01T06:00:00,health_beauty
EVT_0005506,CUST_00437,2024-01-01T08:00:00,auto
EVT_0005507,CUST_00437,2024-01-01T10:00:00,electronics
EVT_0005508,CUST_00437,2024-01-01T12:00:00,computers
EVT_0005509,CUST_00437,2024-01-01T14:00:00,electronics
EVT_0005510,CUST_00437,2024-01-01T16:00:00,computers
EVT_0005511,CUST_00437,2024-01-01T18:00:00,electronics
EVT_0005512,CUST_00438,2024-01-01T00:00:00,bed_bath
EVT_0005513,CUST_00438,2024-01-01T02:00:00,furniture
EVT_0005514,CUST_00438,2024-01-01T04:00:00,housewares
EVT_0005515,CUST_00438,2024-01-01T06:00:00,bed_bath
EVT_0005516,CUST_00438,2024-01-01T08:00:00,furniture
EVT_0005517,CUST_00438,2024-01-01T10:00:00,housewares
EVT_0005518,CUST_00438,2024-01-01T12:00:00,bed_bath
EVT_0005519,CUST_00438,2024-01-01T14:00:00,furniture
EVT_0005520,CUST_00439,2024-01-01T00:00:00,housewares
EVT_0005521,CUST_00439,2024-01-01T02:00:00,bed_bath
EVT_0005522,CUST_00439,2024-01-01T04:00:00,furniture
EVT_0005523,CUST_00439,2024-01-01T06:00:00,housewares
EVT_0005524,CUST_00439,2024-01-01T08:00:00,bed_bath
EVT_0005525,CUST_00439,2024-01-01T10:00:00,furniture
EVT_0005526,CUST_00439,2024-01-01T12:00:00,housewares
EVT_0005527,CUST_00439,2024-01-01T14:00:00,furniture
EVT_0005528,CUST_00440,2024-01-01T00:00:00,bed_bath
EVT_0005529,CUST_00440,2024-01-01T02:00:00,furniture
EVT_0005530,CUST_00440,2024-01-01T04:00:00,auto
EVT_0005531,CUST_00440,2024-01-01T06:00:00,electronics
EVT_0005532,CUST_00440,2024-01-01T08:00:00,computers
EVT_0005533,CUST_00440,2024-01-01T10:00:00,electronics
EVT_0005534,CUST_00440,2024-01-01T12:00:00,computers
EVT_0005535,CUST_00440,2024-01-01T14:00:00,electronics
EVT_0005536,CUST_00440,2024-01-01T16:00:00,computers
EVT_0005537,CUST_00440,2024-01-01T18:00:00,electronics
EVT_0005538,CUST_00440,2024-01-01T20:00:00,computers
EVT_0005539,CUST_00440,2024-01-01T22:00:00,electronics
EVT_0005540,CUST_00440,2024-01-02T00:00:00,computers
EVT_0005541,CUST_00440,2024-01-02T02:00:00,electronics
EVT_0005542,CUST_00440,2024-01-02T04:00:00,computers
EVT_0005543,CUST_00440,2024-01-02T06:00:00,computers
EVT_0005544,CUST_00441,2024-01-01T00:00:00,bed_bath
EVT_0005545,CUST_00441,2024-01-01T02:00:00,furniture
EVT_0005546,CUST_00441,2024-01-01T04:00:00,housewares
EVT_0005547,CUST_00441,2024-01-01T06:00:00,bed_bath
EVT_0005548,CUST_00441,2024-01-01T08:00:00,furniture
EVT_0005549,CUST_00441,2024-01-01T10:00:00,housewares
EVT_0005550,CUST_00441,2024-01-01T12:00:00,bed_bath
EVT_0005551,CUST_00441,2024-01-01T14:00:00,furniture
EVT_0005552,CUST_00442,2024-01-01T00:00:00,watches_gifts
EVT_0005553,CUST_00442,2024-01-01T02:00:00,health_beauty
EVT_0005554,CUST_00442,2024-01-01T04:00:00,watches_gifts
EVT_0005555,CUST_00442,2024-01-01T06:00:00,health_beauty
EVT_0005556,CUST_00442,2024-01-01T08:00:00,watches_gifts
EVT_0005557,CUST_00442,2024-01-01T10:00:00,health_beauty
EVT_0005558,CUST_00442,2024-01-01T12:00:00,watches_gifts
EVT_0005559,CUST_00442,2024-01-01T14:00:00,health_beauty
EVT_0005560,CUST_00442,2024-01-01T16:00:00,computers
EVT_0005561,CUST_00442,2024-01-01T18:00:00,electronics
EVT_0005562,CUST_00442,2024-01-01T20:00:00,computers
EVT_0005563,CUST_00442,2024-01-01T22:00:00,electronics
EVT_0005564,CUST_00442,2024-01-02T00:00:00,toys
EVT_0005565,CUST_00442,2024-01-02T02:00:00,electronics
EVT_0005566,CUST_00442,2024-01-02T04:00:00,computers
EVT_0005567,CUST_00443,2024-01-01T00:00:00,electronics
EVT_0005568,CUST_00443,2024-01-01T02:00:00,computers
EVT_0005569,CUST_00443,2024-01-01T04:00:00,electronics
EVT_0005570,CUST_00443,2024-01-01T06:00:00,computers
EVT_0005571,CUST_00443,2024-01-01T08:00:00,electronics
EVT_0005572,CUST_00443,2024-01-01T10:00:00,computers
EVT_0005573,CUST_00443,2024-01-01T12:00:00,electronics
EVT_0005574,CUST_00443,2024-01-01T14:00:00,computers
EVT_0005575,CUST_00443,2024-01-01T16:00:00,electronics
EVT_0005576,CUST_00443,2024-01-01T18:00:00,computers
EVT_0005577,CUST_00443,2024-01-01T20:00:00,electronics
EVT_0005578,CUST_00443,2024-01-01T22:00:00,computers
EVT_0005579,CUST_00444,2024-01-01T00:00:00,furniture
EVT_0005580,CUST_00444,2024-01-01T02:00:00,housewares
EVT_0005581,CUST_00444,2024-01-01T04:00:00,bed_bath
EVT_0005582,CUST_00444,2024-01-01T06:00:00,furniture
EVT_0005583,CUST_00444,2024-01-01T08:00:00,housewares
EVT_0005584,CUST_00444,2024-01-01T10:00:00,bed_bath
EVT_0005585,CUST_00444,2024-01-01T12:00:00,furniture
EVT_0005586,CUST_00444,2024-01-01T14:00:00,housewares
EVT_0005587,CUST_00444,2024-01-01T16:00:00,bed_bath
EVT_0005588,CUST_00444,2024-01-01T18:00:00,furniture
EVT_0005589,CUST_00444,2024-01-01T20:00:00,housewares
EVT_0005590,CUST_00444,2024-01-01T22:00:00,bed_bath
EVT_0005591,CUST_00444,2024-01-02T00:00:00,furniture
EVT_0005592,CUST_00445,2024-01-01T00:00:00,furniture
EVT_0005593,CUST_00445,2024-01-01T02:00:00,health_beauty
EVT_0005594,CUST_00445,2024-01-01T04:00:00,watches_gifts
EVT_0005595,CUST_00445,2024-01-01T06:00:00,health_beauty
EVT_0005596,CUST_00445,2024-01-01T08:00:00,watches_gifts
EVT_0005597,CUST_00445,2024-01-01T10:00:00,health_beauty
EVT_0005598,CUST_00445,2024-01-01T12:00:00,watches_gifts
EVT_0005599,CUST_00445,2024-01-01T14:00:00,health_beauty
EVT_0005600,CUST_00445,2024-01-01T16:00:00,housewares
EVT_0005601,CUST_00445,2024-01-01T18:00:00,bed_bath
EVT_0005602,CUST_00446,2024-01-01T00:00:00,toys
EVT_0005603,CUST_00446,2024-01-01T02:00:00,electronics
EVT_0005604,CUST_00446,2024-01-01T04:00:00,computers
EVT_0005605,CUST_00446,2024-01-01T06:00:00,electronics
EVT_0005606,CUST_00446,2024-01-01T08:00:00,computers
EVT_0005607,CUST_00446,2024-01-01T10:00:00,electronics
EVT_0005608,CUST_00446,2024-01-01T12:00:00,computers
EVT_0005609,CUST_00446,2024-01-01T14:00:00,electronics
EVT_0005610,CUST_00446,2024-01-01T16:00:00,computers
EVT_0005611,CUST_00447,2024-01-01T00:00:00,health_beauty
EVT_0005612,CUST_00447,2024-01-01T02:00:00,watches_gifts
EVT_0005613,CUST_00447,2024-01-01T04:00:00,health_beauty
EVT_0005614,CUST_00447,2024-01-01T06:00:00,watches_gifts
EVT_0005615,CUST_00447,2024-01-01T08:00:00,health_beauty
EVT_0005616,CUST_00447,2024-01-01T10:00:00,watches_gifts
EVT_0005617,CUST_00447,2024-01-01T12:00:00,health_beauty
EVT_0005618,CUST_00447,2024-01-01T14:00:00,watches_gifts
EVT_0005619,CUST_00447,2024-01-01T16:00:00,health_beauty
EVT_0005620,CUST_00447,2024-01-01T18:00:00,watches_gifts
EVT_0005621,CUST_00447,2024-01-01T20:00:00,health_beauty
EVT_0005622,CUST_00447,2024-01-01T22:00:00,watches_gifts
EVT_0005623,CUST_00447,2024-01-02T00:00:00,health_beauty
EVT_0005624,CUST_00447,2024-01-02T02:00:00,watches_gifts
EVT_0005625,CUST_00447,2024-01-02T04:00:00,health_beauty
EVT_0005626,CUST_00448,2024-01-01T00:00:00,computers
EVT_0005627,CUST_00448,2024-01-01T02:00:00,electronics
EVT_0005628,CUST_00448,2024-01-01T04:00:00,computers
EVT_0005629,CUST_00448,2024-01-01T06:00:00,electronics
EVT_0005630,CUST_00448,2024-01-01T08:00:00,computers
EVT_0005631,CUST_00448,2024-01-01T10:00:00,electronics
EVT_0005632,CUST_00448,2024-01-01T12:00:00,computers
EVT_0005633,CUST_00448,2024-01-01T14:00:00,electronics
EVT_0005634,CUST_00448,2024-01-01T16:00:00,sports_leisure
EVT_0005635,CUST_00449,2024-01-01T00:00:00,health_beauty
EVT_0005636,CUST_00449,2024-01-01T02:00:00,watches_gifts
EVT_0005637,CUST_00449,2024-01-01T04:00:00,health_beauty
EVT_0005638,CUST_00449,2024-01-01T06:00:00,watches_gifts
EVT_0005639,CUST_00449,2024-01-01T08:00:00,health_beauty
EVT_0005640,CUST_00449,2024-01-01T10:00:00,watches_gifts
EVT_0005641,CUST_00449,2024-01-01T12:00:00,health_beauty
EVT_0005642,CUST_00449,2024-01-01T14:00:00,watches_gifts
EVT_0005643,CUST_00449,2024-01-01T16:00:00,health_beauty
EVT_0005644,CUST_00449,2024-01-01T18:00:00,housewares
EVT_0005645,CUST_00449,2024-01-01T20:00:00,bed_bath
EVT_0005646,CUST_00449,2024-01-01T22:00:00,furniture
EVT_0005647,CUST_00449,2024-01-02T00:00:00,housewares
EVT_0005648,CUST_00449,2024-01-02T02:00:00,bed_bath
EVT_0005649,CUST_00449,2024-01-02T04:00:00,furniture
EVT_0005650,CUST_00450,2024-01-01T00:00:00,watches_gifts
EVT_0005651,CUST_00450,2024-01-01T02:00:00,health_beauty
EVT_0005652,CUST_00450,2024-01-01T04:00:00,watches_gifts
EVT_0005653,CUST_00450,2024-01-01T06:00:00,health_beauty
EVT_0005654,CUST_00450,2024-01-01T08:00:00,computers
EVT_0005655,CUST_00450,2024-01-01T10:00:00,electronics
EVT_0005656,CUST_00450,2024-01-01T12:00:00,computers
EVT_0005657,CUST_00450,2024-01-01T14:00:00,electronics
EVT_0005658,CUST_00451,2024-01-01T00:00:00,housewares
EVT_0005659,CUST_00451,2024-01-01T02:00:00,bed_bath
EVT_0005660,CUST_00451,2024-01-01T04:00:00,furniture
EVT_0005661,CUST_00451,2024-01-01T06:00:00,housewares
EVT_0005662,CUST_00451,2024-01-01T08:00:00,computers
EVT_0005663,CUST_00451,2024-01-01T10:00:00,electronics
EVT_0005664,CUST_00451,2024-01-01T12:00:00,computers
EVT_0005665,CUST_00451,2024-01-01T14:00:00,electronics
EVT_0005666,CUST_00451,2024-01-01T16:00:00,computers
EVT_0005667,CUST_00451,2024-01-01T18:00:00,electronics
EVT_0005668,CUST_00451,2024-01-01T20:00:00,computers
EVT_0005669,CUST_00451,2024-01-01T22:00:00,electronics
EVT_0005670,CUST_00451,2024-01-02T00:00:00,computers
EVT_0005671,CUST_00451,2024-01-02T02:00:00,electronics
EVT_0005672,CUST_00451,2024-01-02T04:00:00,computers
EVT_0005673,CUST_00451,2024-01-02T06:00:00,electronics
EVT_0005674,CUST_00451,2024-01-02T08:00:00,computers
EVT_0005675,CUST_00452,2024-01-01T00:00:00,electronics
EVT_0005676,CUST_00452,2024-01-01T02:00:00,computers
EVT_0005677,CUST_00452,2024-01-01T04:00:00,electronics
EVT_0005678,CUST_00452,2024-01-01T06:00:00,computers
EVT_0005679,CUST_00452,2024-01-01T08:00:00,electronics
EVT_0005680,CUST_00452,2024-01-01T10:00:00,computers
EVT_0005681,CUST_00452,2024-01-01T12:00:00,electronics
EVT_0005682,CUST_00452,2024-01-01T14:00:00,computers
EVT_0005683,CUST_00452,2024-01-01T16:00:00,electronics
EVT_0005684,CUST_00452,2024-01-01T18:00:00,computers
EVT_0005685,CUST_00453,2024-01-01T00:00:00,housewares
EVT_0005686,CUST_00453,2024-01-01T02:00:00,bed_bath
EVT_0005687,CUST_00453,2024-01-01T04:00:00,furniture
EVT_0005688,CUST_00453,2024-01-01T06:00:00,housewares
EVT_0005689,CUST_00453,2024-01-01T08:00:00,bed_bath
EVT_0005690,CUST_00453,2024-01-01T10:00:00,furniture
EVT_0005691,CUST_00453,2024-01-01T12:00:00,housewares
EVT_0005692,CUST_00453,2024-01-01T14:00:00,bed_bath
EVT_0005693,CUST_00453,2024-01-01T16:00:00,auto
EVT_0005694,CUST_00453,2024-01-01T18:00:00,electronics
EVT_0005695,CUST_00453,2024-01-01T20:00:00,computers
EVT_0005696,CUST_00453,2024-01-01T22:00:00,electronics
EVT_0005697,CUST_00453,2024-01-02T00:00:00,computers
EVT_0005698,CUST_00453,2024-01-02T02:00:00,electronics
EVT_0005699,CUST_00453,2024-01-02T04:00:00,computers
EVT_0005700,CUST_00453,2024-01-02T06:00:00,electronics
EVT_0005701,CUST_00453,2024-01-02T08:00:00,computers
EVT_0005702,CUST_00454,2024-01-01T00:00:00,housewares
EVT_0005703,CUST_00454,2024-01-01T02:00:00,bed_bath
EVT_0005704,CUST_00454,2024-01-01T04:00:00,furniture
EVT_0005705,CUST_00454,2024-01-01T06:00:00,housewares
EVT_0005706,CUST_00454,2024-01-01T08:00:00,watches_gifts
EVT_0005707,CUST_00454,2024-01-01T10:00:00,health_beauty
EVT_0005708,CUST_00454,2024-01-01T12:00:00,watches_gifts
EVT_0005709,CUST_00454,2024-01-01T14:00:00,health_beauty
EVT_0005710,CUST_00454,2024-01-01T16:00:00,watches_gifts
EVT_0005711,CUST_00454,2024-01-01T18:00:00,health_beauty
EVT_0005712,CUST_00454,2024-01-01T20:00:00,watches_gifts
EVT_0005713,CUST_00454,2024-01-01T22:00:00,health_beauty
EVT_0005714,CUST_00454,2024-01-02T00:00:00,watches_gifts
EVT_0005715,CUST_00454,2024-01-02T02:00:00,health_beauty
EVT_0005716,CUST_00454,2024-01-02T04:00:00,watches_gifts
EVT_0005717,CUST_00454,2024-01-02T06:00:00,health_beauty
EVT_0005718,CUST_00454,2024-01-02T08:00:00,watches_gifts
EVT_0005719,CUST_00455,2024-01-01T00:00:00,furniture
EVT_0005720,CUST_00455,2024-01-01T02:00:00,housewares
EVT_0005721,CUST_00455,2024-01-01T04:00:00,bed_bath
EVT_0005722,CUST_00455,2024-01-01T06:00:00,furniture
EVT_0005723,CUST_00455,2024-01-01T08:00:00,housewares
EVT_0005724,CUST_00455,2024-01-01T10:00:00,bed_bath
EVT_0005725,CUST_00455,2024-01-01T12:00:00,furniture
EVT_0005726,CUST_00455,2024-01-01T14:00:00,housewares
EVT_0005727,CUST_00456,2024-01-01T00:00:00,electronics
EVT_0005728,CUST_00456,2024-01-01T02:00:00,computers
EVT_0005729,CUST_00456,2024-01-01T04:00:00,electronics
EVT_0005730,CUST_00456,2024-01-01T06:00:00,computers
EVT_0005731,CUST_00456,2024-01-01T08:00:00,electronics
EVT_0005732,CUST_00456,2024-01-01T10:00:00,computers
EVT_0005733,CUST_00456,2024-01-01T12:00:00,electronics
EVT_0005734,CUST_00456,2024-01-01T14:00:00,computers
EVT_0005735,CUST_00456,2024-01-01T16:00:00,electronics
EVT_0005736,CUST_00456,2024-01-01T18:00:00,computers
EVT_0005737,CUST_00456,2024-01-01T20:00:00,electronics
EVT_0005738,CUST_00456,2024-01-01T22:00:00,computers
EVT_0005739,CUST_00456,2024-01-02T00:00:00,electronics
EVT_0005740,CUST_00456,2024-01-02T02:00:00,computers
EVT_0005741,CUST_00456,2024-01-02T04:00:00,electronics
EVT_0005742,CUST_00456,2024-01-02T06:00:00,computers
EVT_0005743,CUST_00457,2024-01-01T00:00:00,bed_bath
EVT_0005744,CUST_00457,2024-01-01T02:00:00,furniture
EVT_0005745,CUST_00457,2024-01-01T04:00:00,housewares
EVT_0005746,CUST_00457,2024-01-01T06:00:00,bed_bath
EVT_0005747,CUST_00457,2024-01-01T08:00:00,furniture
EVT_0005748,CUST_00457,2024-01-01T10:00:00,housewares
EVT_0005749,CUST_00457,2024-01-01T12:00:00,bed_bath
EVT_0005750,CUST_00457,2024-01-01T14:00:00,furniture
EVT_0005751,CUST_00457,2024-01-01T16:00:00,housewares
EVT_0005752,CUST_00457,2024-01-01T18:00:00,bed_bath
EVT_0005753,CUST_00457,2024-01-01T20:00:00,furniture
EVT_0005754,CUST_00457,2024-01-01T22:00:00,housewares
EVT_0005755,CUST_00458,2024-01-01T00:00:00,electronics
EVT_0005756,CUST_00458,2024-01-01T02:00:00,computers
EVT_0005757,CUST_00458,2024-01-01T04:00:00,electronics
EVT_0005758,CUST_00458,2024-01-01T06:00:00,computers
EVT_0005759,CUST_00458,2024-01-01T08:00:00,electronics
EVT_0005760,CUST_00458,2024-01-01T10:00:00,computers
EVT_0005761,CUST_00458,2024-01-01T12:00:00,electronics
EVT_0005762,CUST_00458,2024-01-01T14:00:00,computers
EVT_0005763,CUST_00458,2024-01-01T16:00:00,electronics
EVT_0005764,CUST_00458,2024-01-01T18:00:00,computers
EVT_0005765,CUST_00458,2024-01-01T20:00:00,electronics
EVT_0005766,CUST_00458,2024-01-01T22:00:00,computers
EVT_0005767,CUST_00458,2024-01-02T00:00:00,watches_gifts
EVT_0005768,CUST_00458,2024-01-02T02:00:00,health_beauty
EVT_0005769,CUST_00459,2024-01-01T00:00:00,health_beauty
EVT_0005770,CUST_00459,2024-01-01T02:00:00,health_beauty
EVT_0005771,CUST_00459,2024-01-01T04:00:00,furniture
EVT_0005772,CUST_00459,2024-01-01T06:00:00,housewares
EVT_0005773,CUST_00459,2024-01-01T08:00:00,bed_bath
EVT_0005774,CUST_00459,2024-01-01T10:00:00,furniture
EVT_0005775,CUST_00459,2024-01-01T12:00:00,housewares
EVT_0005776,CUST_00459,2024-01-01T14:00:00,bed_bath
EVT_0005777,CUST_00459,2024-01-01T16:00:00,furniture
EVT_0005778,CUST_00459,2024-01-01T18:00:00,housewares
EVT_0005779,CUST_00459,2024-01-01T20:00:00,bed_bath
EVT_0005780,CUST_00459,2024-01-01T22:00:00,furniture
EVT_0005781,CUST_00460,2024-01-01T00:00:00,watches_gifts
EVT_0005782,CUST_00460,2024-01-01T02:00:00,health_beauty
EVT_0005783,CUST_00460,2024-01-01T04:00:00,watches_gifts
EVT_0005784,CUST_00460,2024-01-01T06:00:00,health_beauty
EVT_0005785,CUST_00460,2024-01-01T08:00:00,watches_gifts
EVT_0005786,CUST_00460,2024-01-01T10:00:00,health_beauty
EVT_0005787,CUST_00460,2024-01-01T12:00:00,watches_gifts
EVT_0005788,CUST_00460,2024-01-01T14:00:00,health_beauty
EVT_0005789,CUST_00460,2024-01-01T16:00:00,watches_gifts
EVT_0005790,CUST_00460,2024-01-01T18:00:00,health_beauty
EVT_0005791,CUST_00460,2024-01-01T20:00:00,housewares
EVT_0005792,CUST_00461,2024-01-01T00:00:00,health_beauty
EVT_0005793,CUST_00461,2024-01-01T02:00:00,watches_gifts
EVT_0005794,CUST_00461,2024-01-01T04:00:00,health_beauty
EVT_0005795,CUST_00461,2024-01-01T06:00:00,watches_gifts
EVT_0005796,CUST_00461,2024-01-01T08:00:00,health_beauty
EVT_0005797,CUST_00461,2024-01-01T10:00:00,watches_gifts
EVT_0005798,CUST_00461,2024-01-01T12:00:00,health_beauty
EVT_0005799,CUST_00461,2024-01-01T14:00:00,sports_leisure
EVT_0005800,CUST_00461,2024-01-01T16:00:00,health_beauty
EVT_0005801,CUST_00461,2024-01-01T18:00:00,watches_gifts
EVT_0005802,CUST_00461,2024-01-01T20:00:00,health_beauty
EVT_0005803,CUST_00461,2024-01-01T22:00:00,watches_gifts
EVT_0005804,CUST_00461,2024-01-02T00:00:00,health_beauty
EVT_0005805,CUST_00462,2024-01-01T00:00:00,bed_bath
EVT_0005806,CUST_00462,2024-01-01T02:00:00,furniture
EVT_0005807,CUST_00462,2024-01-01T04:00:00,housewares
EVT_0005808,CUST_00462,2024-01-01T06:00:00,bed_bath
EVT_0005809,CUST_00462,2024-01-01T08:00:00,furniture
EVT_0005810,CUST_00462,2024-01-01T10:00:00,housewares
EVT_0005811,CUST_00462,2024-01-01T12:00:00,bed_bath
EVT_0005812,CUST_00462,2024-01-01T14:00:00,furniture
EVT_0005813,CUST_00462,2024-01-01T16:00:00,housewares
EVT_0005814,CUST_00462,2024-01-01T18:00:00,bed_bath
EVT_0005815,CUST_00462,2024-01-01T20:00:00,furniture
EVT_0005816,CUST_00462,2024-01-01T22:00:00,housewares
EVT_0005817,CUST_00462,2024-01-02T00:00:00,electronics
EVT_0005818,CUST_00462,2024-01-02T02:00:00,computers
EVT_0005819,CUST_00462,2024-01-02T04:00:00,electronics
EVT_0005820,CUST_00462,2024-01-02T06:00:00,computers
EVT_0005821,CUST_00463,2024-01-01T00:00:00,computers
EVT_0005822,CUST_00463,2024-01-01T02:00:00,electronics
EVT_0005823,CUST_00463,2024-01-01T04:00:00,computers
EVT_0005824,CUST_00463,2024-01-01T06:00:00,electronics
EVT_0005825,CUST_00463,2024-01-01T08:00:00,computers
EVT_0005826,CUST_00463,2024-01-01T10:00:00,electronics
EVT_0005827,CUST_00463,2024-01-01T12:00:00,computers
EVT_0005828,CUST_00463,2024-01-01T14:00:00,electronics
EVT_0005829,CUST_00463,2024-01-01T16:00:00,computers
EVT_0005830,CUST_00463,2024-01-01T18:00:00,electronics
EVT_0005831,CUST_00463,2024-01-01T20:00:00,computers
EVT_0005832,CUST_00464,2024-01-01T00:00:00,electronics
EVT_0005833,CUST_00464,2024-01-01T02:00:00,computers
EVT_0005834,CUST_00464,2024-01-01T04:00:00,electronics
EVT_0005835,CUST_00464,2024-01-01T06:00:00,computers
EVT_0005836,CUST_00464,2024-01-01T08:00:00,electronics
EVT_0005837,CUST_00464,2024-01-01T10:00:00,computers
EVT_0005838,CUST_00464,2024-01-01T12:00:00,electronics
EVT_0005839,CUST_00464,2024-01-01T14:00:00,computers
EVT_0005840,CUST_00464,2024-01-01T16:00:00,sports_leisure
EVT_0005841,CUST_00464,2024-01-01T18:00:00,health_beauty
EVT_0005842,CUST_00464,2024-01-01T20:00:00,watches_gifts
EVT_0005843,CUST_00464,2024-01-01T22:00:00,health_beauty
EVT_0005844,CUST_00464,2024-01-02T00:00:00,watches_gifts
EVT_0005845,CUST_00464,2024-01-02T02:00:00,health_beauty
EVT_0005846,CUST_00464,2024-01-02T04:00:00,watches_gifts
EVT_0005847,CUST_00464,2024-01-02T06:00:00,health_beauty
EVT_0005848,CUST_00465,2024-01-01T00:00:00,sports_leisure
EVT_0005849,CUST_00465,2024-01-01T02:00:00,health_beauty
EVT_0005850,CUST_00465,2024-01-01T04:00:00,watches_gifts
EVT_0005851,CUST_00465,2024-01-01T06:00:00,health_beauty
EVT_0005852,CUST_00465,2024-01-01T08:00:00,watches_gifts
EVT_0005853,CUST_00465,2024-01-01T10:00:00,health_beauty
EVT_0005854,CUST_00465,2024-01-01T12:00:00,watches_gifts
EVT_0005855,CUST_00465,2024-01-01T14:00:00,health_beauty
EVT_0005856,CUST_00466,2024-01-01T00:00:00,housewares
EVT_0005857,CUST_00466,2024-01-01T02:00:00,bed_bath
EVT_0005858,CUST_00466,2024-01-01T04:00:00,furniture
EVT_0005859,CUST_00466,2024-01-01T06:00:00,housewares
EVT_0005860,CUST_00466,2024-01-01T08:00:00,bed_bath
EVT_0005861,CUST_00466,2024-01-01T10:00:00,furniture
EVT_0005862,CUST_00466,2024-01-01T12:00:00,housewares
EVT_0005863,CUST_00466,2024-01-01T14:00:00,bed_bath
EVT_0005864,CUST_00466,2024-01-01T16:00:00,furniture
EVT_0005865,CUST_00466,2024-01-01T18:00:00,housewares
EVT_0005866,CUST_00466,2024-01-01T20:00:00,bed_bath
EVT_0005867,CUST_00466,2024-01-01T22:00:00,health_beauty
EVT_0005868,CUST_00466,2024-01-02T00:00:00,watches_gifts
EVT_0005869,CUST_00467,2024-01-01T00:00:00,furniture
EVT_0005870,CUST_00467,2024-01-01T02:00:00,housewares
EVT_0005871,CUST_00467,2024-01-01T04:00:00,bed_bath
EVT_0005872,CUST_00467,2024-01-01T06:00:00,furniture
EVT_0005873,CUST_00467,2024-01-01T08:00:00,housewares
EVT_0005874,CUST_00467,2024-01-01T10:00:00,bed_bath
EVT_0005875,CUST_00467,2024-01-01T12:00:00,furniture
EVT_0005876,CUST_00467,2024-01-01T14:00:00,housewares
EVT_0005877,CUST_00467,2024-01-01T16:00:00,bed_bath
EVT_0005878,CUST_00467,2024-01-01T18:00:00,furniture
EVT_0005879,CUST_00467,2024-01-01T20:00:00,housewares
EVT_0005880,CUST_00467,2024-01-01T22:00:00,bed_bath
EVT_0005881,CUST_00468,2024-01-01T00:00:00,health_beauty
EVT_0005882,CUST_00468,2024-01-01T02:00:00,watches_gifts
EVT_0005883,CUST_00468,2024-01-01T04:00:00,health_beauty
EVT_0005884,CUST_00468,2024-01-01T06:00:00,watches_gifts
EVT_0005885,CUST_00468,2024-01-01T08:00:00,health_beauty
EVT_0005886,CUST_00468,2024-01-01T10:00:00,watches_gifts
EVT_0005887,CUST_00468,2024-01-01T12:00:00,health_beauty
EVT_0005888,CUST_00468,2024-01-01T14:00:00,watches_gifts
EVT_0005889,CUST_00468,2024-01-01T16:00:00,health_beauty
EVT_0005890,CUST_00468,2024-01-01T18:00:00,watches_gifts
EVT_0005891,CUST_00468,2024-01-01T20:00:00,health_beauty
EVT_0005892,CUST_00468,2024-01-01T22:00:00,watches_gifts
EVT_0005893,CUST_00468,2024-01-02T00:00:00,health_beauty
EVT_0005894,CUST_00469,2024-01-01T00:00:00,health_beauty
EVT_0005895,CUST_00469,2024-01-01T02:00:00,watches_gifts
EVT_0005896,CUST_00469,2024-01-01T04:00:00,health_beauty
EVT_0005897,CUST_00469,2024-01-01T06:00:00,watches_gifts
EVT_0005898,CUST_00469,2024-01-01T08:00:00,health_beauty
EVT_0005899,CUST_00469,2024-01-01T10:00:00,watches_gifts
EVT_0005900,CUST_00469,2024-01-01T12:00:00,health_beauty
EVT_0005901,CUST_00469,2024-01-01T14:00:00,watches_gifts
EVT_0005902,CUST_00469,2024-01-01T16:00:00,health_beauty
EVT_0005903,CUST_00469,2024-01-01T18:00:00,watches_gifts
EVT_0005904,CUST_00469,2024-01-01T20:00:00,computers
EVT_0005905,CUST_00469,2024-01-01T22:00:00,electronics
EVT_0005906,CUST_00469,2024-01-02T00:00:00,computers
EVT_0005907,CUST_00470,2024-01-01T00:00:00,housewares
EVT_0005908,CUST_00470,2024-01-01T02:00:00,bed_bath
EVT_0005909,CUST_00470,2024-01-01T04:00:00,furniture
EVT_0005910,CUST_00470,2024-01-01T06:00:00,housewares
EVT_0005911,CUST_00470,2024-01-01T08:00:00,bed_bath
EVT_0005912,CUST_00470,2024-01-01T10:00:00,furniture
EVT_0005913,CUST_00470,2024-01-01T12:00:00,housewares
EVT_0005914,CUST_00470,2024-01-01T14:00:00,bed_bath
EVT_0005915,CUST_00470,2024-01-01T16:00:00,furniture
EVT_0005916,CUST_00471,2024-01-01T00:00:00,bed_bath
EVT_0005917,CUST_00471,2024-01-01T02:00:00,furniture
EVT_0005918,CUST_00471,2024-01-01T04:00:00,housewares
EVT_0005919,CUST_00471,2024-01-01T06:00:00,bed_bath
EVT_0005920,CUST_00471,2024-01-01T08:00:00,furniture
EVT_0005921,CUST_00471,2024-01-01T10:00:00,housewares
EVT_0005922,CUST_00471,2024-01-01T12:00:00,bed_bath
EVT_0005923,CUST_00471,2024-01-01T14:00:00,furniture
EVT_0005924,CUST_00471,2024-01-01T16:00:00,bed_bath
EVT_0005925,CUST_00471,2024-01-01T18:00:00,furniture
EVT_0005926,CUST_00471,2024-01-01T20:00:00,housewares
EVT_0005927,CUST_00471,2024-01-01T22:00:00,bed_bath
EVT_0005928,CUST_00471,2024-01-02T00:00:00,furniture
EVT_0005929,CUST_00471,2024-01-02T02:00:00,housewares
EVT_0005930,CUST_00471,2024-01-02T04:00:00,bed_bath
EVT_0005931,CUST_00471,2024-01-02T06:00:00,furniture
EVT_0005932,CUST_00472,2024-01-01T00:00:00,bed_bath
EVT_0005933,CUST_00472,2024-01-01T02:00:00,furniture
EVT_0005934,CUST_00472,2024-01-01T04:00:00,housewares
EVT_0005935,CUST_00472,2024-01-01T06:00:00,health_beauty
EVT_0005936,CUST_00472,2024-01-01T08:00:00,watches_gifts
EVT_0005937,CUST_00472,2024-01-01T10:00:00,health_beauty
EVT_0005938,CUST_00472,2024-01-01T12:00:00,watches_gifts
EVT_0005939,CUST_00472,2024-01-01T14:00:00,health_beauty
EVT_0005940,CUST_00472,2024-01-01T16:00:00,watches_gifts
EVT_0005941,CUST_00472,2024-01-01T18:00:00,health_beauty
EVT_0005942,CUST_00472,2024-01-01T20:00:00,watches_gifts
EVT_0005943,CUST_00472,2024-01-01T22:00:00,health_beauty
EVT_0005944,CUST_00472,2024-01-02T00:00:00,watches_gifts
EVT_0005945,CUST_00472,2024-01-02T02:00:00,health_beauty
EVT_0005946,CUST_00472,2024-01-02T04:00:00,bed_bath
EVT_0005947,CUST_00473,2024-01-01T00:00:00,health_beauty
EVT_0005948,CUST_00473,2024-01-01T02:00:00,watches_gifts
EVT_0005949,CUST_00473,2024-01-01T04:00:00,health_beauty
EVT_0005950,CUST_00473,2024-01-01T06:00:00,watches_gifts
EVT_0005951,CUST_00473,2024-01-01T08:00:00,toys
EVT_0005952,CUST_00473,2024-01-01T10:00:00,electronics
EVT_0005953,CUST_00473,2024-01-01T12:00:00,computers
EVT_0005954,CUST_00473,2024-01-01T14:00:00,electronics
EVT_0005955,CUST_00473,2024-01-01T16:00:00,computers
EVT_0005956,CUST_00473,2024-01-01T18:00:00,electronics
EVT_0005957,CUST_00473,2024-01-01T20:00:00,computers
EVT_0005958,CUST_00474,2024-01-01T00:00:00,bed_bath
EVT_0005959,CUST_00474,2024-01-01T02:00:00,furniture
EVT_0005960,CUST_00474,2024-01-01T04:00:00,furniture
EVT_0005961,CUST_00474,2024-01-01T06:00:00,housewares
EVT_0005962,CUST_00474,2024-01-01T08:00:00,bed_bath
EVT_0005963,CUST_00474,2024-01-01T10:00:00,furniture
EVT_0005964,CUST_00474,2024-01-01T12:00:00,housewares
EVT_0005965,CUST_00474,2024-01-01T14:00:00,bed_bath
EVT_0005966,CUST_00474,2024-01-01T16:00:00,furniture
EVT_0005967,CUST_00474,2024-01-01T18:00:00,housewares
EVT_0005968,CUST_00474,2024-01-01T20:00:00,auto
EVT_0005969,CUST_00474,2024-01-01T22:00:00,electronics
EVT_0005970,CUST_00474,2024-01-02T00:00:00,computers
EVT_0005971,CUST_00474,2024-01-02T02:00:00,electronics
EVT_0005972,CUST_00474,2024-01-02T04:00:00,computers
EVT_0005973,CUST_00474,2024-01-02T06:00:00,electronics
EVT_0005974,CUST_00475,2024-01-01T00:00:00,housewares
EVT_0005975,CUST_00475,2024-01-01T02:00:00,bed_bath
EVT_0005976,CUST_00475,2024-01-01T04:00:00,furniture
EVT_0005977,CUST_00475,2024-01-01T06:00:00,housewares
EVT_0005978,CUST_00475,2024-01-01T08:00:00,bed_bath
EVT_0005979,CUST_00475,2024-01-01T10:00:00,furniture
EVT_0005980,CUST_00475,2024-01-01T12:00:00,housewares
EVT_0005981,CUST_00475,2024-01-01T14:00:00,bed_bath
EVT_0005982,CUST_00475,2024-01-01T16:00:00,furniture
EVT_0005983,CUST_00475,2024-01-01T18:00:00,housewares
EVT_0005984,CUST_00475,2024-01-01T20:00:00,bed_bath
EVT_0005985,CUST_00475,2024-01-01T22:00:00,health_beauty
EVT_0005986,CUST_00475,2024-01-02T00:00:00,watches_gifts
EVT_0005987,CUST_00475,2024-01-02T02:00:00,health_beauty
EVT_0005988,CUST_00475,2024-01-02T04:00:00,watches_gifts
EVT_0005989,CUST_00476,2024-01-01T00:00:00,furniture
EVT_0005990,CUST_00476,2024-01-01T02:00:00,housewares
EVT_0005991,CUST_00476,2024-01-01T04:00:00,bed_bath
EVT_0005992,CUST_00476,2024-01-01T06:00:00,furniture
EVT_0005993,CUST_00476,2024-01-01T08:00:00,housewares
EVT_0005994,CUST_00476,2024-01-01T10:00:00,sports_leisure
EVT_0005995,CUST_00476,2024-01-01T12:00:00,health_beauty
EVT_0005996,CUST_00476,2024-01-01T14:00:00,watches_gifts
EVT_0005997,CUST_00476,2024-01-01T16:00:00,health_beauty
EVT_0005998,CUST_00477,2024-01-01T00:00:00,watches_gifts
EVT_0005999,CUST_00477,2024-01-01T02:00:00,health_beauty
EVT_0006000,CUST_00477,2024-01-01T04:00:00,sports_leisure
EVT_0006001,CUST_00477,2024-01-01T06:00:00,health_beauty
EVT_0006002,CUST_00477,2024-01-01T08:00:00,watches_gifts
EVT_0006003,CUST_00477,2024-01-01T10:00:00,health_beauty
EVT_0006004,CUST_00477,2024-01-01T12:00:00,watches_gifts
EVT_0006005,CUST_00477,2024-01-01T14:00:00,health_beauty
EVT_0006006,CUST_00477,2024-01-01T16:00:00,watches_gifts
EVT_0006007,CUST_00478,2024-01-01T00:00:00,bed_bath
EVT_0006008,CUST_00478,2024-01-01T02:00:00,furniture
EVT_0006009,CUST_00478,2024-01-01T04:00:00,housewares
EVT_0006010,CUST_00478,2024-01-01T06:00:00,bed_bath
EVT_0006011,CUST_00478,2024-01-01T08:00:00,furniture
EVT_0006012,CUST_00478,2024-01-01T10:00:00,housewares
EVT_0006013,CUST_00478,2024-01-01T12:00:00,bed_bath
EVT_0006014,CUST_00478,2024-01-01T14:00:00,furniture
EVT_0006015,CUST_00478,2024-01-01T16:00:00,housewares
EVT_0006016,CUST_00478,2024-01-01T18:00:00,bed_bath
EVT_0006017,CUST_00478,2024-01-01T20:00:00,furniture
EVT_0006018,CUST_00478,2024-01-01T22:00:00,housewares
EVT_0006019,CUST_00478,2024-01-02T00:00:00,bed_bath
EVT_0006020,CUST_00479,2024-01-01T00:00:00,housewares
EVT_0006021,CUST_00479,2024-01-01T02:00:00,bed_bath
EVT_0006022,CUST_00479,2024-01-01T04:00:00,furniture
EVT_0006023,CUST_00479,2024-01-01T06:00:00,housewares
EVT_0006024,CUST_00479,2024-01-01T08:00:00,bed_bath
EVT_0006025,CUST_00479,2024-01-01T10:00:00,furniture
EVT_0006026,CUST_00479,2024-01-01T12:00:00,bed_bath
EVT_0006027,CUST_00479,2024-01-01T14:00:00,furniture
EVT_0006028,CUST_00479,2024-01-01T16:00:00,housewares
EVT_0006029,CUST_00479,2024-01-01T18:00:00,bed_bath
EVT_0006030,CUST_00479,2024-01-01T20:00:00,furniture
EVT_0006031,CUST_00479,2024-01-01T22:00:00,housewares
EVT_0006032,CUST_00480,2024-01-01T00:00:00,bed_bath
EVT_0006033,CUST_00480,2024-01-01T02:00:00,furniture
EVT_0006034,CUST_00480,2024-01-01T04:00:00,housewares
EVT_0006035,CUST_00480,2024-01-01T06:00:00,bed_bath
EVT_0006036,CUST_00480,2024-01-01T08:00:00,furniture
EVT_0006037,CUST_00480,2024-01-01T10:00:00,housewares
EVT_0006038,CUST_00480,2024-01-01T12:00:00,bed_bath
EVT_0006039,CUST_00480,2024-01-01T14:00:00,furniture
EVT_0006040,CUST_00480,2024-01-01T16:00:00,housewares
EVT_0006041,CUST_00480,2024-01-01T18:00:00,bed_bath
EVT_0006042,CUST_00480,2024-01-01T20:00:00,furniture
EVT_0006043,CUST_00480,2024-01-01T22:00:00,housewares
EVT_0006044,CUST_00481,2024-01-01T00:00:00,watches_gifts
EVT_0006045,CUST_00481,2024-01-01T02:00:00,health_beauty
EVT_0006046,CUST_00481,2024-01-01T04:00:00,watches_gifts
EVT_0006047,CUST_00481,2024-01-01T06:00:00,health_beauty
EVT_0006048,CUST_00481,2024-01-01T08:00:00,watches_gifts
EVT_0006049,CUST_00481,2024-01-01T10:00:00,health_beauty
EVT_0006050,CUST_00481,2024-01-01T12:00:00,health_beauty
EVT_0006051,CUST_00481,2024-01-01T14:00:00,watches_gifts
EVT_0006052,CUST_00482,2024-01-01T00:00:00,electronics
EVT_0006053,CUST_00482,2024-01-01T02:00:00,computers
EVT_0006054,CUST_00482,2024-01-01T04:00:00,electronics
EVT_0006055,CUST_00482,2024-01-01T06:00:00,computers
EVT_0006056,CUST_00482,2024-01-01T08:00:00,electronics
EVT_0006057,CUST_00482,2024-01-01T10:00:00,computers
EVT_0006058,CUST_00482,2024-01-01T12:00:00,electronics
EVT_0006059,CUST_00482,2024-01-01T14:00:00,computers
EVT_0006060,CUST_00482,2024-01-01T16:00:00,electronics
EVT_0006061,CUST_00483,2024-01-01T00:00:00,furniture
EVT_0006062,CUST_00483,2024-01-01T02:00:00,housewares
EVT_0006063,CUST_00483,2024-01-01T04:00:00,bed_bath
EVT_0006064,CUST_00483,2024-01-01T06:00:00,furniture
EVT_0006065,CUST_00483,2024-01-01T08:00:00,housewares
EVT_0006066,CUST_00483,2024-01-01T10:00:00,bed_bath
EVT_0006067,CUST_00483,2024-01-01T12:00:00,furniture
EVT_0006068,CUST_00483,2024-01-01T14:00:00,housewares
EVT_0006069,CUST_00483,2024-01-01T16:00:00,bed_bath
EVT_0006070,CUST_00483,2024-01-01T18:00:00,watches_gifts
EVT_0006071,CUST_00483,2024-01-01T20:00:00,health_beauty
EVT_0006072,CUST_00483,2024-01-01T22:00:00,watches_gifts
EVT_0006073,CUST_00483,2024-01-02T00:00:00,health_beauty
EVT_0006074,CUST_00484,2024-01-01T00:00:00,computers
EVT_0006075,CUST_00484,2024-01-01T02:00:00,electronics
EVT_0006076,CUST_00484,2024-01-01T04:00:00,computers
EVT_0006077,CUST_00484,2024-01-01T06:00:00,electronics
EVT_0006078,CUST_00484,2024-01-01T08:00:00,computers
EVT_0006079,CUST_00484,2024-01-01T10:00:00,electronics
EVT_0006080,CUST_00484,2024-01-01T12:00:00,computers
EVT_0006081,CUST_00484,2024-01-01T14:00:00,electronics
EVT_0006082,CUST_00484,2024-01-01T16:00:00,computers
EVT_0006083,CUST_00484,2024-01-01T18:00:00,electronics
EVT_0006084,CUST_00484,2024-01-01T20:00:00,computers
EVT_0006085,CUST_00484,2024-01-01T22:00:00,electronics
EVT_0006086,CUST_00484,2024-01-02T00:00:00,computers
EVT_0006087,CUST_00484,2024-01-02T02:00:00,electronics
EVT_0006088,CUST_00485,2024-01-01T00:00:00,furniture
EVT_0006089,CUST_00485,2024-01-01T02:00:00,housewares
EVT_0006090,CUST_00485,2024-01-01T04:00:00,bed_bath
EVT_0006091,CUST_00485,2024-01-01T06:00:00,furniture
EVT_0006092,CUST_00485,2024-01-01T08:00:00,housewares
EVT_0006093,CUST_00485,2024-01-01T10:00:00,health_beauty
EVT_0006094,CUST_00485,2024-01-01T12:00:00,computers
EVT_0006095,CUST_00485,2024-01-01T14:00:00,watches_gifts
EVT_0006096,CUST_00486,2024-01-01T00:00:00,health_beauty
EVT_0006097,CUST_00486,2024-01-01T02:00:00,watches_gifts
EVT_0006098,CUST_00486,2024-01-01T04:00:00,furniture
EVT_0006099,CUST_00486,2024-01-01T06:00:00,housewares
EVT_0006100,CUST_00486,2024-01-01T08:00:00,bed_bath
EVT_0006101,CUST_00486,2024-01-01T10:00:00,furniture
EVT_0006102,CUST_00486,2024-01-01T12:00:00,bed_bath
EVT_0006103,CUST_00486,2024-01-01T14:00:00,furniture
EVT_0006104,CUST_00486,2024-01-01T16:00:00,health_beauty
EVT_0006105,CUST_00486,2024-01-01T18:00:00,watches_gifts
EVT_0006106,CUST_00486,2024-01-01T20:00:00,health_beauty
EVT_0006107,CUST_00486,2024-01-01T22:00:00,watches_gifts
EVT_0006108,CUST_00486,2024-01-02T00:00:00,health_beauty
EVT_0006109,CUST_00486,2024-01-02T02:00:00,watches_gifts
EVT_0006110,CUST_00487,2024-01-01T00:00:00,watches_gifts
EVT_0006111,CUST_00487,2024-01-01T02:00:00,electronics
EVT_0006112,CUST_00487,2024-01-01T04:00:00,computers
EVT_0006113,CUST_00487,2024-01-01T06:00:00,electronics
EVT_0006114,CUST_00487,2024-01-01T08:00:00,computers
EVT_0006115,CUST_00487,2024-01-01T10:00:00,electronics
EVT_0006116,CUST_00487,2024-01-01T12:00:00,computers
EVT_0006117,CUST_00487,2024-01-01T14:00:00,electronics
EVT_0006118,CUST_00488,2024-01-01T00:00:00,watches_gifts
EVT_0006119,CUST_00488,2024-01-01T02:00:00,health_beauty
EVT_0006120,CUST_00488,2024-01-01T04:00:00,watches_gifts
EVT_0006121,CUST_00488,2024-01-01T06:00:00,health_beauty
EVT_0006122,CUST_00488,2024-01-01T08:00:00,watches_gifts
EVT_0006123,CUST_00488,2024-01-01T10:00:00,health_beauty
EVT_0006124,CUST_00488,2024-01-01T12:00:00,watches_gifts
EVT_0006125,CUST_00488,2024-01-01T14:00:00,health_beauty
EVT_0006126,CUST_00489,2024-01-01T00:00:00,electronics
EVT_0006127,CUST_00489,2024-01-01T02:00:00,computers
EVT_0006128,CUST_00489,2024-01-01T04:00:00,electronics
EVT_0006129,CUST_00489,2024-01-01T06:00:00,computers
EVT_0006130,CUST_00489,2024-01-01T08:00:00,electronics
EVT_0006131,CUST_00489,2024-01-01T10:00:00,computers
EVT_0006132,CUST_00489,2024-01-01T12:00:00,electronics
EVT_0006133,CUST_00489,2024-01-01T14:00:00,computers
EVT_0006134,CUST_00489,2024-01-01T16:00:00,electronics
EVT_0006135,CUST_00489,2024-01-01T18:00:00,computers
EVT_0006136,CUST_00489,2024-01-01T20:00:00,electronics
EVT_0006137,CUST_00489,2024-01-01T22:00:00,computers
EVT_0006138,CUST_00490,2024-01-01T00:00:00,computers
EVT_0006139,CUST_00490,2024-01-01T02:00:00,electronics
EVT_0006140,CUST_00490,2024-01-01T04:00:00,watches_gifts
EVT_0006141,CUST_00490,2024-01-01T06:00:00,health_beauty
EVT_0006142,CUST_00490,2024-01-01T08:00:00,watches_gifts
EVT_0006143,CUST_00490,2024-01-01T10:00:00,health_beauty
EVT_0006144,CUST_00490,2024-01-01T12:00:00,watches_gifts
EVT_0006145,CUST_00490,2024-01-01T14:00:00,health_beauty
EVT_0006146,CUST_00490,2024-01-01T16:00:00,watches_gifts
EVT_0006147,CUST_00490,2024-01-01T18:00:00,health_beauty
EVT_0006148,CUST_00491,2024-01-01T00:00:00,electronics
EVT_0006149,CUST_00491,2024-01-01T02:00:00,computers
EVT_0006150,CUST_00491,2024-01-01T04:00:00,electronics
EVT_0006151,CUST_00491,2024-01-01T06:00:00,computers
EVT_0006152,CUST_00491,2024-01-01T08:00:00,electronics
EVT_0006153,CUST_00491,2024-01-01T10:00:00,computers
EVT_0006154,CUST_00491,2024-01-01T12:00:00,electronics
EVT_0006155,CUST_00491,2024-01-01T14:00:00,computers
EVT_0006156,CUST_00491,2024-01-01T16:00:00,electronics
EVT_0006157,CUST_00491,2024-01-01T18:00:00,computers
EVT_0006158,CUST_00491,2024-01-01T20:00:00,electronics
EVT_0006159,CUST_00491,2024-01-01T22:00:00,computers
EVT_0006160,CUST_00491,2024-01-02T00:00:00,electronics
EVT_0006161,CUST_00491,2024-01-02T02:00:00,computers
EVT_0006162,CUST_00491,2024-01-02T04:00:00,electronics
EVT_0006163,CUST_00492,2024-01-01T00:00:00,electronics
EVT_0006164,CUST_00492,2024-01-01T02:00:00,computers
EVT_0006165,CUST_00492,2024-01-01T04:00:00,electronics
EVT_0006166,CUST_00492,2024-01-01T06:00:00,computers
EVT_0006167,CUST_00492,2024-01-01T08:00:00,electronics
EVT_0006168,CUST_00492,2024-01-01T10:00:00,computers
EVT_0006169,CUST_00492,2024-01-01T12:00:00,sports_leisure
EVT_0006170,CUST_00492,2024-01-01T14:00:00,health_beauty
EVT_0006171,CUST_00492,2024-01-01T16:00:00,watches_gifts
EVT_0006172,CUST_00492,2024-01-01T18:00:00,health_beauty
EVT_0006173,CUST_00492,2024-01-01T20:00:00,watches_gifts
EVT_0006174,CUST_00492,2024-01-01T22:00:00,health_beauty
EVT_0006175,CUST_00492,2024-01-02T00:00:00,watches_gifts
EVT_0006176,CUST_00492,2024-01-02T02:00:00,health_beauty
EVT_0006177,CUST_00492,2024-01-02T04:00:00,watches_gifts
EVT_0006178,CUST_00492,2024-01-02T06:00:00,electronics
EVT_0006179,CUST_00493,2024-01-01T00:00:00,health_beauty
EVT_0006180,CUST_00493,2024-01-01T02:00:00,watches_gifts
EVT_0006181,CUST_00493,2024-01-01T04:00:00,auto
EVT_0006182,CUST_00493,2024-01-01T06:00:00,electronics
EVT_0006183,CUST_00493,2024-01-01T08:00:00,computers
EVT_0006184,CUST_00493,2024-01-01T10:00:00,electronics
EVT_0006185,CUST_00493,2024-01-01T12:00:00,computers
EVT_0006186,CUST_00493,2024-01-01T14:00:00,electronics
EVT_0006187,CUST_00493,2024-01-01T16:00:00,computers
EVT_0006188,CUST_00493,2024-01-01T18:00:00,electronics
EVT_0006189,CUST_00493,2024-01-01T20:00:00,computers
EVT_0006190,CUST_00493,2024-01-01T22:00:00,electronics
EVT_0006191,CUST_00493,2024-01-02T00:00:00,computers
EVT_0006192,CUST_00494,2024-01-01T00:00:00,electronics
EVT_0006193,CUST_00494,2024-01-01T02:00:00,computers
EVT_0006194,CUST_00494,2024-01-01T04:00:00,electronics
EVT_0006195,CUST_00494,2024-01-01T06:00:00,computers
EVT_0006196,CUST_00494,2024-01-01T08:00:00,electronics
EVT_0006197,CUST_00494,2024-01-01T10:00:00,computers
EVT_0006198,CUST_00494,2024-01-01T12:00:00,electronics
EVT_0006199,CUST_00494,2024-01-01T14:00:00,computers
EVT_0006200,CUST_00494,2024-01-01T16:00:00,electronics
EVT_0006201,CUST_00494,2024-01-01T18:00:00,computers
EVT_0006202,CUST_00494,2024-01-01T20:00:00,electronics
EVT_0006203,CUST_00494,2024-01-01T22:00:00,computers
EVT_0006204,CUST_00494,2024-01-02T00:00:00,electronics
EVT_0006205,CUST_00495,2024-01-01T00:00:00,watches_gifts
EVT_0006206,CUST_00495,2024-01-01T02:00:00,health_beauty
EVT_0006207,CUST_00495,2024-01-01T04:00:00,watches_gifts
EVT_0006208,CUST_00495,2024-01-01T06:00:00,health_beauty
EVT_0006209,CUST_00495,2024-01-01T08:00:00,watches_gifts
EVT_0006210,CUST_00495,2024-01-01T10:00:00,health_beauty
EVT_0006211,CUST_00495,2024-01-01T12:00:00,watches_gifts
EVT_0006212,CUST_00495,2024-01-01T14:00:00,health_beauty
EVT_0006213,CUST_00495,2024-01-01T16:00:00,watches_gifts
EVT_0006214,CUST_00495,2024-01-01T18:00:00,health_beauty
EVT_0006215,CUST_00495,2024-01-01T20:00:00,watches_gifts
EVT_0006216,CUST_00495,2024-01-01T22:00:00,health_beauty
EVT_0006217,CUST_00495,2024-01-02T00:00:00,watches_gifts
EVT_0006218,CUST_00495,2024-01-02T02:00:00,health_beauty
EVT_0006219,CUST_00495,2024-01-02T04:00:00,watches_gifts
EVT_0006220,CUST_00495,2024-01-02T06:00:00,health_beauty
EVT_0006221,CUST_00496,2024-01-01T00:00:00,electronics
EVT_0006222,CUST_00496,2024-01-01T02:00:00,furniture
EVT_0006223,CUST_00496,2024-01-01T04:00:00,housewares
EVT_0006224,CUST_00496,2024-01-01T06:00:00,electronics
EVT_0006225,CUST_00496,2024-01-01T08:00:00,furniture
EVT_0006226,CUST_00496,2024-01-01T10:00:00,housewares
EVT_0006227,CUST_00496,2024-01-01T12:00:00,bed_bath
EVT_0006228,CUST_00496,2024-01-01T14:00:00,furniture
EVT_0006229,CUST_00496,2024-01-01T16:00:00,housewares
EVT_0006230,CUST_00496,2024-01-01T18:00:00,bed_bath
EVT_0006231,CUST_00496,2024-01-01T20:00:00,furniture
EVT_0006232,CUST_00496,2024-01-01T22:00:00,housewares
EVT_0006233,CUST_00496,2024-01-02T00:00:00,bed_bath
EVT_0006234,CUST_00496,2024-01-02T02:00:00,furniture
EVT_0006235,CUST_00497,2024-01-01T00:00:00,electronics
EVT_0006236,CUST_00497,2024-01-01T02:00:00,computers
EVT_0006237,CUST_00497,2024-01-01T04:00:00,electronics
EVT_0006238,CUST_00497,2024-01-01T06:00:00,computers
EVT_0006239,CUST_00497,2024-01-01T08:00:00,electronics
EVT_0006240,CUST_00497,2024-01-01T10:00:00,computers
EVT_0006241,CUST_00497,2024-01-01T12:00:00,electronics
EVT_0006242,CUST_00497,2024-01-01T14:00:00,computers
EVT_0006243,CUST_00497,2024-01-01T16:00:00,electronics
EVT_0006244,CUST_00498,2024-01-01T00:00:00,electronics
EVT_0006245,CUST_00498,2024-01-01T02:00:00,computers
EVT_0006246,CUST_00498,2024-01-01T04:00:00,electronics
EVT_0006247,CUST_00498,2024-01-01T06:00:00,computers
EVT_0006248,CUST_00498,2024-01-01T08:00:00,electronics
EVT_0006249,CUST_00498,2024-01-01T10:00:00,computers
EVT_0006250,CUST_00498,2024-01-01T12:00:00,electronics
EVT_0006251,CUST_00498,2024-01-01T14:00:00,computers
EVT_0006252,CUST_00498,2024-01-01T16:00:00,computers
EVT_0006253,CUST_00498,2024-01-01T18:00:00,electronics
EVT_0006254,CUST_00498,2024-01-01T20:00:00,computers
EVT_0006255,CUST_00498,2024-01-01T22:00:00,electronics
EVT_0006256,CUST_00498,2024-01-02T00:00:00,electronics
EVT_0006257,CUST_00498,2024-01-02T02:00:00,computers
EVT_0006258,CUST_00499,2024-01-01T00:00:00,health_beauty
EVT_0006259,CUST_00499,2024-01-01T02:00:00,watches_gifts
EVT_0006260,CUST_00499,2024-01-01T04:00:00,health_beauty
EVT_0006261,CUST_00499,2024-01-01T06:00:00,watches_gifts
EVT_0006262,CUST_00499,2024-01-01T08:00:00,health_beauty
EVT_0006263,CUST_00499,2024-01-01T10:00:00,watches_gifts
EVT_0006264,CUST_00499,2024-01-01T12:00:00,health_beauty
EVT_0006265,CUST_00499,2024-01-01T14:00:00,watches_gifts
EVT_0006266,CUST_00499,2024-01-01T16:00:00,health_beauty
EVT_0006267,CUST_00499,2024-01-01T18:00:00,watches_gifts
EVT_0006268,CUST_00499,2024-01-01T20:00:00,bed_bath
EVT_0006269,CUST_00500,2024-01-01T00:00:00,electronics
EVT_0006270,CUST_00500,2024-01-01T02:00:00,computers
EVT_0006271,CUST_00500,2024-01-01T04:00:00,electronics
EVT_0006272,CUST_00500,2024-01-01T06:00:00,computers
EVT_0006273,CUST_00500,2024-01-01T08:00:00,electronics
EVT_0006274,CUST_00500,2024-01-01T10:00:00,furniture
EVT_0006275,CUST_00500,2024-01-01T12:00:00,housewares
EVT_0006276,CUST_00500,2024-01-01T14:00:00,bed_bath
EVT_0006277,CUST_00500,2024-01-01T16:00:00,furniture
EVT_0006278,CUST_00500,2024-01-01T18:00:00,housewares
EVT_0006279,CUST_00501,2024-01-01T00:00:00,bed_bath
EVT_0006280,CUST_00501,2024-01-01T02:00:00,furniture
EVT_0006281,CUST_00501,2024-01-01T04:00:00,housewares
EVT_0006282,CUST_00501,2024-01-01T06:00:00,bed_bath
EVT_0006283,CUST_00501,2024-01-01T08:00:00,furniture
EVT_0006284,CUST_00501,2024-01-01T10:00:00,housewares
EVT_0006285,CUST_00501,2024-01-01T12:00:00,bed_bath
EVT_0006286,CUST_00501,2024-01-01T14:00:00,furniture
EVT_0006287,CUST_00501,2024-01-01T16:00:00,housewares
EVT_0006288,CUST_00501,2024-01-01T18:00:00,watches_gifts
EVT_0006289,CUST_00501,2024-01-01T20:00:00,health_beauty
EVT_0006290,CUST_00502,2024-01-01T00:00:00,housewares
EVT_0006291,CUST_00502,2024-01-01T02:00:00,bed_bath
EVT_0006292,CUST_00502,2024-01-01T04:00:00,computers
EVT_0006293,CUST_00502,2024-01-01T06:00:00,electronics
EVT_0006294,CUST_00502,2024-01-01T08:00:00,computers
EVT_0006295,CUST_00502,2024-01-01T10:00:00,electronics
EVT_0006296,CUST_00502,2024-01-01T12:00:00,computers
EVT_0006297,CUST_00502,2024-01-01T14:00:00,electronics
EVT_0006298,CUST_00502,2024-01-01T16:00:00,computers
EVT_0006299,CUST_00502,2024-01-01T18:00:00,electronics
EVT_0006300,CUST_00502,2024-01-01T20:00:00,computers
EVT_0006301,CUST_00502,2024-01-01T22:00:00,electronics
EVT_0006302,CUST_00502,2024-01-02T00:00:00,computers
EVT_0006303,CUST_00502,2024-01-02T02:00:00,electronics
EVT_0006304,CUST_00502,2024-01-02T04:00:00,computers
EVT_0006305,CUST_00502,2024-01-02T06:00:00,electronics
EVT_0006306,CUST_00502,2024-01-02T08:00:00,computers
EVT_0006307,CUST_00503,2024-01-01T00:00:00,auto
EVT_0006308,CUST_00503,2024-01-01T02:00:00,electronics
EVT_0006309,CUST_00503,2024-01-01T04:00:00,computers
EVT_0006310,CUST_00503,2024-01-01T06:00:00,electronics
EVT_0006311,CUST_00503,2024-01-01T08:00:00,computers
EVT_0006312,CUST_00503,2024-01-01T10:00:00,electronics
EVT_0006313,CUST_00503,2024-01-01T12:00:00,computers
EVT_0006314,CUST_00503,2024-01-01T14:00:00,electronics
EVT_0006315,CUST_00503,2024-01-01T16:00:00,bed_bath
EVT_0006316,CUST_00503,2024-01-01T18:00:00,furniture
EVT_0006317,CUST_00503,2024-01-01T20:00:00,housewares
EVT_0006318,CUST_00503,2024-01-01T22:00:00,bed_bath
EVT_0006319,CUST_00503,2024-01-02T00:00:00,furniture
EVT_0006320,CUST_00503,2024-01-02T02:00:00,housewares
EVT_0006321,CUST_00503,2024-01-02T04:00:00,bed_bath
EVT_0006322,CUST_00503,2024-01-02T06:00:00,furniture
EVT_0006323,CUST_00503,2024-01-02T08:00:00,housewares
EVT_0006324,CUST_00504,2024-01-01T00:00:00,electronics
EVT_0006325,CUST_00504,2024-01-01T02:00:00,computers
EVT_0006326,CUST_00504,2024-01-01T04:00:00,electronics
EVT_0006327,CUST_00504,2024-01-01T06:00:00,computers
EVT_0006328,CUST_00504,2024-01-01T08:00:00,electronics
EVT_0006329,CUST_00504,2024-01-01T10:00:00,computers
EVT_0006330,CUST_00504,2024-01-01T12:00:00,electronics
EVT_0006331,CUST_00504,2024-01-01T14:00:00,computers
EVT_0006332,CUST_00504,2024-01-01T16:00:00,electronics
EVT_0006333,CUST_00504,2024-01-01T18:00:00,computers
EVT_0006334,CUST_00504,2024-01-01T20:00:00,electronics
EVT_0006335,CUST_00504,2024-01-01T22:00:00,computers
EVT_0006336,CUST_00504,2024-01-02T00:00:00,electronics
EVT_0006337,CUST_00504,2024-01-02T02:00:00,computers
EVT_0006338,CUST_00504,2024-01-02T04:00:00,electronics
EVT_0006339,CUST_00504,2024-01-02T06:00:00,computers
EVT_0006340,CUST_00505,2024-01-01T00:00:00,electronics
EVT_0006341,CUST_00505,2024-01-01T02:00:00,computers
EVT_0006342,CUST_00505,2024-01-01T04:00:00,electronics
EVT_0006343,CUST_00505,2024-01-01T06:00:00,computers
EVT_0006344,CUST_00505,2024-01-01T08:00:00,electronics
EVT_0006345,CUST_00505,2024-01-01T10:00:00,computers
EVT_0006346,CUST_00505,2024-01-01T12:00:00,electronics
EVT_0006347,CUST_00505,2024-01-01T14:00:00,computers
EVT_0006348,CUST_00505,2024-01-01T16:00:00,electronics
EVT_0006349,CUST_00505,2024-01-01T18:00:00,computers
EVT_0006350,CUST_00505,2024-01-01T20:00:00,electronics
EVT_0006351,CUST_00505,2024-01-01T22:00:00,bed_bath
EVT_0006352,CUST_00505,2024-01-02T00:00:00,furniture
EVT_0006353,CUST_00505,2024-01-02T02:00:00,housewares
EVT_0006354,CUST_00505,2024-01-02T04:00:00,auto
EVT_0006355,CUST_00505,2024-01-02T06:00:00,electronics
EVT_0006356,CUST_00505,2024-01-02T08:00:00,computers
EVT_0006357,CUST_00506,2024-01-01T00:00:00,furniture
EVT_0006358,CUST_00506,2024-01-01T02:00:00,housewares
EVT_0006359,CUST_00506,2024-01-01T04:00:00,bed_bath
EVT_0006360,CUST_00506,2024-01-01T06:00:00,furniture
EVT_0006361,CUST_00506,2024-01-01T08:00:00,housewares
EVT_0006362,CUST_00506,2024-01-01T10:00:00,bed_bath
EVT_0006363,CUST_00506,2024-01-01T12:00:00,furniture
EVT_0006364,CUST_00506,2024-01-01T14:00:00,housewares
EVT_0006365,CUST_00507,2024-01-01T00:00:00,electronics
EVT_0006366,CUST_00507,2024-01-01T02:00:00,computers
EVT_0006367,CUST_00507,2024-01-01T04:00:00,electronics
EVT_0006368,CUST_00507,2024-01-01T06:00:00,computers
EVT_0006369,CUST_00507,2024-01-01T08:00:00,electronics
EVT_0006370,CUST_00507,2024-01-01T10:00:00,computers
EVT_0006371,CUST_00507,2024-01-01T12:00:00,electronics
EVT_0006372,CUST_00507,2024-01-01T14:00:00,computers
EVT_0006373,CUST_00507,2024-01-01T16:00:00,electronics
EVT_0006374,CUST_00507,2024-01-01T18:00:00,computers
EVT_0006375,CUST_00507,2024-01-01T20:00:00,electronics
EVT_0006376,CUST_00507,2024-01-01T22:00:00,computers
EVT_0006377,CUST_00507,2024-01-02T00:00:00,electronics
EVT_0006378,CUST_00507,2024-01-02T02:00:00,computers
EVT_0006379,CUST_00507,2024-01-02T04:00:00,sports_leisure
EVT_0006380,CUST_00507,2024-01-02T06:00:00,health_beauty
EVT_0006381,CUST_00507,2024-01-02T08:00:00,watches_gifts
EVT_0006382,CUST_00508,2024-01-01T00:00:00,computers
EVT_0006383,CUST_00508,2024-01-01T02:00:00,electronics
EVT_0006384,CUST_00508,2024-01-01T04:00:00,computers
EVT_0006385,CUST_00508,2024-01-01T06:00:00,electronics
EVT_0006386,CUST_00508,2024-01-01T08:00:00,computers
EVT_0006387,CUST_00508,2024-01-01T10:00:00,electronics
EVT_0006388,CUST_00508,2024-01-01T12:00:00,electronics
EVT_0006389,CUST_00508,2024-01-01T14:00:00,toys
EVT_0006390,CUST_00509,2024-01-01T00:00:00,electronics
EVT_0006391,CUST_00509,2024-01-01T02:00:00,computers
EVT_0006392,CUST_00509,2024-01-01T04:00:00,electronics
EVT_0006393,CUST_00509,2024-01-01T06:00:00,computers
EVT_0006394,CUST_00509,2024-01-01T08:00:00,electronics
EVT_0006395,CUST_00509,2024-01-01T10:00:00,computers
EVT_0006396,CUST_00509,2024-01-01T12:00:00,electronics
EVT_0006397,CUST_00509,2024-01-01T14:00:00,computers
EVT_0006398,CUST_00509,2024-01-01T16:00:00,electronics
EVT_0006399,CUST_00509,2024-01-01T18:00:00,computers
EVT_0006400,CUST_00509,2024-01-01T20:00:00,electronics
EVT_0006401,CUST_00509,2024-01-01T22:00:00,computers
EVT_0006402,CUST_00510,2024-01-01T00:00:00,electronics
EVT_0006403,CUST_00510,2024-01-01T02:00:00,computers
EVT_0006404,CUST_00510,2024-01-01T04:00:00,electronics
EVT_0006405,CUST_00510,2024-01-01T06:00:00,computers
EVT_0006406,CUST_00510,2024-01-01T08:00:00,health_beauty
EVT_0006407,CUST_00510,2024-01-01T10:00:00,watches_gifts
EVT_0006408,CUST_00510,2024-01-01T12:00:00,health_beauty
EVT_0006409,CUST_00510,2024-01-01T14:00:00,watches_gifts
EVT_0006410,CUST_00510,2024-01-01T16:00:00,health_beauty
EVT_0006411,CUST_00510,2024-01-01T18:00:00,watches_gifts
EVT_0006412,CUST_00510,2024-01-01T20:00:00,health_beauty
EVT_0006413,CUST_00510,2024-01-01T22:00:00,watches_gifts
EVT_0006414,CUST_00510,2024-01-02T00:00:00,health_beauty
EVT_0006415,CUST_00510,2024-01-02T02:00:00,watches_gifts
EVT_0006416,CUST_00510,2024-01-02T04:00:00,health_beauty
EVT_0006417,CUST_00510,2024-01-02T06:00:00,watches_gifts
EVT_0006418,CUST_00510,2024-01-02T08:00:00,health_beauty
EVT_0006419,CUST_00511,2024-01-01T00:00:00,electronics
EVT_0006420,CUST_00511,2024-01-01T02:00:00,health_beauty
EVT_0006421,CUST_00511,2024-01-01T04:00:00,watches_gifts
EVT_0006422,CUST_00511,2024-01-01T06:00:00,bed_bath
EVT_0006423,CUST_00511,2024-01-01T08:00:00,furniture
EVT_0006424,CUST_00511,2024-01-01T10:00:00,housewares
EVT_0006425,CUST_00511,2024-01-01T12:00:00,bed_bath
EVT_0006426,CUST_00511,2024-01-01T14:00:00,furniture
EVT_0006427,CUST_00511,2024-01-01T16:00:00,housewares
EVT_0006428,CUST_00511,2024-01-01T18:00:00,bed_bath
EVT_0006429,CUST_00512,2024-01-01T00:00:00,computers
EVT_0006430,CUST_00512,2024-01-01T02:00:00,bed_bath
EVT_0006431,CUST_00512,2024-01-01T04:00:00,furniture
EVT_0006432,CUST_00512,2024-01-01T06:00:00,housewares
EVT_0006433,CUST_00512,2024-01-01T08:00:00,bed_bath
EVT_0006434,CUST_00512,2024-01-01T10:00:00,furniture
EVT_0006435,CUST_00512,2024-01-01T12:00:00,auto
EVT_0006436,CUST_00512,2024-01-01T14:00:00,electronics
EVT_0006437,CUST_00512,2024-01-01T16:00:00,computers
EVT_0006438,CUST_00512,2024-01-01T18:00:00,electronics
EVT_0006439,CUST_00512,2024-01-01T20:00:00,computers
EVT_0006440,CUST_00512,2024-01-01T22:00:00,electronics
EVT_0006441,CUST_00512,2024-01-02T00:00:00,computers
EVT_0006442,CUST_00513,2024-01-01T00:00:00,housewares
EVT_0006443,CUST_00513,2024-01-01T02:00:00,bed_bath
EVT_0006444,CUST_00513,2024-01-01T04:00:00,furniture
EVT_0006445,CUST_00513,2024-01-01T06:00:00,housewares
EVT_0006446,CUST_00513,2024-01-01T08:00:00,bed_bath
EVT_0006447,CUST_00513,2024-01-01T10:00:00,furniture
EVT_0006448,CUST_00513,2024-01-01T12:00:00,housewares
EVT_0006449,CUST_00513,2024-01-01T14:00:00,bed_bath
EVT_0006450,CUST_00513,2024-01-01T16:00:00,furniture
EVT_0006451,CUST_00513,2024-01-01T18:00:00,housewares
EVT_0006452,CUST_00513,2024-01-01T20:00:00,bed_bath
EVT_0006453,CUST_00513,2024-01-01T22:00:00,furniture
EVT_0006454,CUST_00513,2024-01-02T00:00:00,housewares
EVT_0006455,CUST_00513,2024-01-02T02:00:00,bed_bath
EVT_0006456,CUST_00513,2024-01-02T04:00:00,furniture
EVT_0006457,CUST_00513,2024-01-02T06:00:00,bed_bath
EVT_0006458,CUST_00513,2024-01-02T08:00:00,furniture
EVT_0006459,CUST_00514,2024-01-01T00:00:00,electronics
EVT_0006460,CUST_00514,2024-01-01T02:00:00,computers
EVT_0006461,CUST_00514,2024-01-01T04:00:00,electronics
EVT_0006462,CUST_00514,2024-01-01T06:00:00,computers
EVT_0006463,CUST_00514,2024-01-01T08:00:00,electronics
EVT_0006464,CUST_00514,2024-01-01T10:00:00,computers
EVT_0006465,CUST_00514,2024-01-01T12:00:00,electronics
EVT_0006466,CUST_00514,2024-01-01T14:00:00,computers
EVT_0006467,CUST_00514,2024-01-01T16:00:00,electronics
EVT_0006468,CUST_00514,2024-01-01T18:00:00,computers
EVT_0006469,CUST_00514,2024-01-01T20:00:00,electronics
EVT_0006470,CUST_00514,2024-01-01T22:00:00,computers
EVT_0006471,CUST_00514,2024-01-02T00:00:00,electronics
EVT_0006472,CUST_00514,2024-01-02T02:00:00,health_beauty
EVT_0006473,CUST_00515,2024-01-01T00:00:00,housewares
EVT_0006474,CUST_00515,2024-01-01T02:00:00,bed_bath
EVT_0006475,CUST_00515,2024-01-01T04:00:00,furniture
EVT_0006476,CUST_00515,2024-01-01T06:00:00,housewares
EVT_0006477,CUST_00515,2024-01-01T08:00:00,bed_bath
EVT_0006478,CUST_00515,2024-01-01T10:00:00,furniture
EVT_0006479,CUST_00515,2024-01-01T12:00:00,housewares
EVT_0006480,CUST_00515,2024-01-01T14:00:00,bed_bath
EVT_0006481,CUST_00515,2024-01-01T16:00:00,furniture
EVT_0006482,CUST_00515,2024-01-01T18:00:00,housewares
EVT_0006483,CUST_00515,2024-01-01T20:00:00,bed_bath
EVT_0006484,CUST_00515,2024-01-01T22:00:00,furniture
EVT_0006485,CUST_00515,2024-01-02T00:00:00,housewares
EVT_0006486,CUST_00515,2024-01-02T02:00:00,bed_bath
EVT_0006487,CUST_00515,2024-01-02T04:00:00,computers
EVT_0006488,CUST_00516,2024-01-01T00:00:00,electronics
EVT_0006489,CUST_00516,2024-01-01T02:00:00,computers
EVT_0006490,CUST_00516,2024-01-01T04:00:00,electronics
EVT_0006491,CUST_00516,2024-01-01T06:00:00,computers
EVT_0006492,CUST_00516,2024-01-01T08:00:00,electronics
EVT_0006493,CUST_00516,2024-01-01T10:00:00,computers
EVT_0006494,CUST_00516,2024-01-01T12:00:00,electronics
EVT_0006495,CUST_00516,2024-01-01T14:00:00,computers
EVT_0006496,CUST_00516,2024-01-01T16:00:00,electronics
EVT_0006497,CUST_00516,2024-01-01T18:00:00,computers
EVT_0006498,CUST_00516,2024-01-01T20:00:00,electronics
EVT_0006499,CUST_00516,2024-01-01T22:00:00,computers
EVT_0006500,CUST_00516,2024-01-02T00:00:00,electronics
EVT_0006501,CUST_00516,2024-01-02T02:00:00,computers
EVT_0006502,CUST_00517,2024-01-01T00:00:00,electronics
EVT_0006503,CUST_00517,2024-01-01T02:00:00,computers
EVT_0006504,CUST_00517,2024-01-01T04:00:00,electronics
EVT_0006505,CUST_00517,2024-01-01T06:00:00,computers
EVT_0006506,CUST_00517,2024-01-01T08:00:00,electronics
EVT_0006507,CUST_00517,2024-01-01T10:00:00,computers
EVT_0006508,CUST_00517,2024-01-01T12:00:00,electronics
EVT_0006509,CUST_00517,2024-01-01T14:00:00,computers
EVT_0006510,CUST_00517,2024-01-01T16:00:00,electronics
EVT_0006511,CUST_00517,2024-01-01T18:00:00,computers
EVT_0006512,CUST_00517,2024-01-01T20:00:00,electronics
EVT_0006513,CUST_00518,2024-01-01T00:00:00,electronics
EVT_0006514,CUST_00518,2024-01-01T02:00:00,computers
EVT_0006515,CUST_00518,2024-01-01T04:00:00,electronics
EVT_0006516,CUST_00518,2024-01-01T06:00:00,computers
EVT_0006517,CUST_00518,2024-01-01T08:00:00,electronics
EVT_0006518,CUST_00518,2024-01-01T10:00:00,computers
EVT_0006519,CUST_00518,2024-01-01T12:00:00,electronics
EVT_0006520,CUST_00518,2024-01-01T14:00:00,computers
EVT_0006521,CUST_00518,2024-01-01T16:00:00,electronics
EVT_0006522,CUST_00518,2024-01-01T18:00:00,computers
EVT_0006523,CUST_00518,2024-01-01T20:00:00,electronics
EVT_0006524,CUST_00518,2024-01-01T22:00:00,computers
EVT_0006525,CUST_00518,2024-01-02T00:00:00,electronics
EVT_0006526,CUST_00518,2024-01-02T02:00:00,computers
EVT_0006527,CUST_00518,2024-01-02T04:00:00,watches_gifts
EVT_0006528,CUST_00519,2024-01-01T00:00:00,watches_gifts
EVT_0006529,CUST_00519,2024-01-01T02:00:00,computers
EVT_0006530,CUST_00519,2024-01-01T04:00:00,electronics
EVT_0006531,CUST_00519,2024-01-01T06:00:00,computers
EVT_0006532,CUST_00519,2024-01-01T08:00:00,electronics
EVT_0006533,CUST_00519,2024-01-01T10:00:00,computers
EVT_0006534,CUST_00519,2024-01-01T12:00:00,electronics
EVT_0006535,CUST_00519,2024-01-01T14:00:00,computers
EVT_0006536,CUST_00519,2024-01-01T16:00:00,electronics
EVT_0006537,CUST_00519,2024-01-01T18:00:00,computers
EVT_0006538,CUST_00519,2024-01-01T20:00:00,electronics
EVT_0006539,CUST_00520,2024-01-01T00:00:00,electronics
EVT_0006540,CUST_00520,2024-01-01T02:00:00,computers
EVT_0006541,CUST_00520,2024-01-01T04:00:00,electronics
EVT_0006542,CUST_00520,2024-01-01T06:00:00,computers
EVT_0006543,CUST_00520,2024-01-01T08:00:00,electronics
EVT_0006544,CUST_00520,2024-01-01T10:00:00,computers
EVT_0006545,CUST_00520,2024-01-01T12:00:00,computers
EVT_0006546,CUST_00520,2024-01-01T14:00:00,electronics
EVT_0006547,CUST_00520,2024-01-01T16:00:00,computers
EVT_0006548,CUST_00520,2024-01-01T18:00:00,electronics
EVT_0006549,CUST_00520,2024-01-01T20:00:00,computers
EVT_0006550,CUST_00520,2024-01-01T22:00:00,electronics
EVT_0006551,CUST_00520,2024-01-02T00:00:00,computers
EVT_0006552,CUST_00520,2024-01-02T02:00:00,electronics
EVT_0006553,CUST_00520,2024-01-02T04:00:00,computers
EVT_0006554,CUST_00520,2024-01-02T06:00:00,toys
EVT_0006555,CUST_00521,2024-01-01T00:00:00,health_beauty
EVT_0006556,CUST_00521,2024-01-01T02:00:00,watches_gifts
EVT_0006557,CUST_00521,2024-01-01T04:00:00,health_beauty
EVT_0006558,CUST_00521,2024-01-01T06:00:00,watches_gifts
EVT_0006559,CUST_00521,2024-01-01T08:00:00,health_beauty
EVT_0006560,CUST_00521,2024-01-01T10:00:00,watches_gifts
EVT_0006561,CUST_00521,2024-01-01T12:00:00,health_beauty
EVT_0006562,CUST_00521,2024-01-01T14:00:00,watches_gifts
EVT_0006563,CUST_00521,2024-01-01T16:00:00,health_beauty
EVT_0006564,CUST_00521,2024-01-01T18:00:00,watches_gifts
EVT_0006565,CUST_00521,2024-01-01T20:00:00,health_beauty
EVT_0006566,CUST_00521,2024-01-01T22:00:00,watches_gifts
EVT_0006567,CUST_00521,2024-01-02T00:00:00,health_beauty
EVT_0006568,CUST_00521,2024-01-02T02:00:00,watches_gifts
EVT_0006569,CUST_00521,2024-01-02T04:00:00,health_beauty
EVT_0006570,CUST_00521,2024-01-02T06:00:00,watches_gifts
EVT_0006571,CUST_00521,2024-01-02T08:00:00,health_beauty
EVT_0006572,CUST_00522,2024-01-01T00:00:00,electronics
EVT_0006573,CUST_00522,2024-01-01T02:00:00,computers
EVT_0006574,CUST_00522,2024-01-01T04:00:00,electronics
EVT_0006575,CUST_00522,2024-01-01T06:00:00,computers
EVT_0006576,CUST_00522,2024-01-01T08:00:00,electronics
EVT_0006577,CUST_00522,2024-01-01T10:00:00,computers
EVT_0006578,CUST_00522,2024-01-01T12:00:00,auto
EVT_0006579,CUST_00522,2024-01-01T14:00:00,electronics
EVT_0006580,CUST_00522,2024-01-01T16:00:00,computers
EVT_0006581,CUST_00522,2024-01-01T18:00:00,electronics
EVT_0006582,CUST_00522,2024-01-01T20:00:00,computers
EVT_0006583,CUST_00522,2024-01-01T22:00:00,electronics
EVT_0006584,CUST_00522,2024-01-02T00:00:00,computers
EVT_0006585,CUST_00523,2024-01-01T00:00:00,electronics
EVT_0006586,CUST_00523,2024-01-01T02:00:00,computers
EVT_0006587,CUST_00523,2024-01-01T04:00:00,electronics
EVT_0006588,CUST_00523,2024-01-01T06:00:00,computers
EVT_0006589,CUST_00523,2024-01-01T08:00:00,electronics
EVT_0006590,CUST_00523,2024-01-01T10:00:00,computers
EVT_0006591,CUST_00523,2024-01-01T12:00:00,electronics
EVT_0006592,CUST_00523,2024-01-01T14:00:00,computers
EVT_0006593,CUST_00523,2024-01-01T16:00:00,electronics
EVT_0006594,CUST_00523,2024-01-01T18:00:00,computers
EVT_0006595,CUST_00523,2024-01-01T20:00:00,electronics
EVT_0006596,CUST_00523,2024-01-01T22:00:00,computers
EVT_0006597,CUST_00523,2024-01-02T00:00:00,electronics
EVT_0006598,CUST_00523,2024-01-02T02:00:00,computers
EVT_0006599,CUST_00523,2024-01-02T04:00:00,electronics
EVT_0006600,CUST_00523,2024-01-02T06:00:00,computers
EVT_0006601,CUST_00523,2024-01-02T08:00:00,electronics
EVT_0006602,CUST_00524,2024-01-01T00:00:00,watches_gifts
EVT_0006603,CUST_00524,2024-01-01T02:00:00,health_beauty
EVT_0006604,CUST_00524,2024-01-01T04:00:00,watches_gifts
EVT_0006605,CUST_00524,2024-01-01T06:00:00,health_beauty
EVT_0006606,CUST_00524,2024-01-01T08:00:00,health_beauty
EVT_0006607,CUST_00524,2024-01-01T10:00:00,watches_gifts
EVT_0006608,CUST_00524,2024-01-01T12:00:00,health_beauty
EVT_0006609,CUST_00524,2024-01-01T14:00:00,watches_gifts
EVT_0006610,CUST_00524,2024-01-01T16:00:00,electronics
EVT_0006611,CUST_00525,2024-01-01T00:00:00,housewares
EVT_0006612,CUST_00525,2024-01-01T02:00:00,bed_bath
EVT_0006613,CUST_00525,2024-01-01T04:00:00,furniture
EVT_0006614,CUST_00525,2024-01-01T06:00:00,housewares
EVT_0006615,CUST_00525,2024-01-01T08:00:00,bed_bath
EVT_0006616,CUST_00525,2024-01-01T10:00:00,furniture
EVT_0006617,CUST_00525,2024-01-01T12:00:00,housewares
EVT_0006618,CUST_00525,2024-01-01T14:00:00,electronics
EVT_0006619,CUST_00525,2024-01-01T16:00:00,computers
EVT_0006620,CUST_00525,2024-01-01T18:00:00,electronics
EVT_0006621,CUST_00525,2024-01-01T20:00:00,computers
EVT_0006622,CUST_00525,2024-01-01T22:00:00,electronics
EVT_0006623,CUST_00525,2024-01-02T00:00:00,computers
EVT_0006624,CUST_00525,2024-01-02T02:00:00,electronics
EVT_0006625,CUST_00525,2024-01-02T04:00:00,sports_leisure
EVT_0006626,CUST_00526,2024-01-01T00:00:00,housewares
EVT_0006627,CUST_00526,2024-01-01T02:00:00,bed_bath
EVT_0006628,CUST_00526,2024-01-01T04:00:00,computers
EVT_0006629,CUST_00526,2024-01-01T06:00:00,electronics
EVT_0006630,CUST_00526,2024-01-01T08:00:00,computers
EVT_0006631,CUST_00526,2024-01-01T10:00:00,furniture
EVT_0006632,CUST_00526,2024-01-01T12:00:00,housewares
EVT_0006633,CUST_00526,2024-01-01T14:00:00,toys
EVT_0006634,CUST_00526,2024-01-01T16:00:00,electronics
EVT_0006635,CUST_00526,2024-01-01T18:00:00,computers
EVT_0006636,CUST_00526,2024-01-01T20:00:00,electronics
EVT_0006637,CUST_00526,2024-01-01T22:00:00,computers
EVT_0006638,CUST_00526,2024-01-02T00:00:00,electronics
EVT_0006639,CUST_00526,2024-01-02T02:00:00,computers
EVT_0006640,CUST_00526,2024-01-02T04:00:00,electronics
EVT_0006641,CUST_00527,2024-01-01T00:00:00,watches_gifts
EVT_0006642,CUST_00527,2024-01-01T02:00:00,health_beauty
EVT_0006643,CUST_00527,2024-01-01T04:00:00,watches_gifts
EVT_0006644,CUST_00527,2024-01-01T06:00:00,health_beauty
EVT_0006645,CUST_00527,2024-01-01T08:00:00,watches_gifts
EVT_0006646,CUST_00527,2024-01-01T10:00:00,health_beauty
EVT_0006647,CUST_00527,2024-01-01T12:00:00,watches_gifts
EVT_0006648,CUST_00527,2024-01-01T14:00:00,toys
EVT_0006649,CUST_00527,2024-01-01T16:00:00,auto
EVT_0006650,CUST_00527,2024-01-01T18:00:00,electronics
EVT_0006651,CUST_00527,2024-01-01T20:00:00,computers
EVT_0006652,CUST_00527,2024-01-01T22:00:00,electronics
EVT_0006653,CUST_00527,2024-01-02T00:00:00,computers
EVT_0006654,CUST_00527,2024-01-02T02:00:00,electronics
EVT_0006655,CUST_00527,2024-01-02T04:00:00,computers
EVT_0006656,CUST_00528,2024-01-01T00:00:00,health_beauty
EVT_0006657,CUST_00528,2024-01-01T02:00:00,watches_gifts
EVT_0006658,CUST_00528,2024-01-01T04:00:00,health_beauty
EVT_0006659,CUST_00528,2024-01-01T06:00:00,watches_gifts
EVT_0006660,CUST_00528,2024-01-01T08:00:00,toys
EVT_0006661,CUST_00528,2024-01-01T10:00:00,electronics
EVT_0006662,CUST_00528,2024-01-01T12:00:00,computers
EVT_0006663,CUST_00528,2024-01-01T14:00:00,electronics
EVT_0006664,CUST_00528,2024-01-01T16:00:00,computers
EVT_0006665,CUST_00528,2024-01-01T18:00:00,sports_leisure
EVT_0006666,CUST_00528,2024-01-01T20:00:00,health_beauty
EVT_0006667,CUST_00528,2024-01-01T22:00:00,watches_gifts
EVT_0006668,CUST_00529,2024-01-01T00:00:00,computers
EVT_0006669,CUST_00529,2024-01-01T02:00:00,electronics
EVT_0006670,CUST_00529,2024-01-01T04:00:00,computers
EVT_0006671,CUST_00529,2024-01-01T06:00:00,electronics
EVT_0006672,CUST_00529,2024-01-01T08:00:00,auto
EVT_0006673,CUST_00529,2024-01-01T10:00:00,electronics
EVT_0006674,CUST_00529,2024-01-01T12:00:00,computers
EVT_0006675,CUST_00529,2024-01-01T14:00:00,electronics
EVT_0006676,CUST_00529,2024-01-01T16:00:00,computers
EVT_0006677,CUST_00530,2024-01-01T00:00:00,bed_bath
EVT_0006678,CUST_00530,2024-01-01T02:00:00,furniture
EVT_0006679,CUST_00530,2024-01-01T04:00:00,housewares
EVT_0006680,CUST_00530,2024-01-01T06:00:00,electronics
EVT_0006681,CUST_00530,2024-01-01T08:00:00,computers
EVT_0006682,CUST_00530,2024-01-01T10:00:00,electronics
EVT_0006683,CUST_00530,2024-01-01T12:00:00,computers
EVT_0006684,CUST_00530,2024-01-01T14:00:00,electronics
EVT_0006685,CUST_00530,2024-01-01T16:00:00,computers
EVT_0006686,CUST_00530,2024-01-01T18:00:00,electronics
EVT_0006687,CUST_00530,2024-01-01T20:00:00,computers
EVT_0006688,CUST_00530,2024-01-01T22:00:00,electronics
EVT_0006689,CUST_00530,2024-01-02T00:00:00,computers
EVT_0006690,CUST_00530,2024-01-02T02:00:00,electronics
EVT_0006691,CUST_00530,2024-01-02T04:00:00,computers
EVT_0006692,CUST_00530,2024-01-02T06:00:00,electronics
EVT_0006693,CUST_00531,2024-01-01T00:00:00,watches_gifts
EVT_0006694,CUST_00531,2024-01-01T02:00:00,health_beauty
EVT_0006695,CUST_00531,2024-01-01T04:00:00,sports_leisure
EVT_0006696,CUST_00531,2024-01-01T06:00:00,health_beauty
EVT_0006697,CUST_00531,2024-01-01T08:00:00,watches_gifts
EVT_0006698,CUST_00531,2024-01-01T10:00:00,health_beauty
EVT_0006699,CUST_00531,2024-01-01T12:00:00,watches_gifts
EVT_0006700,CUST_00531,2024-01-01T14:00:00,health_beauty
EVT_0006701,CUST_00531,2024-01-01T16:00:00,watches_gifts
EVT_0006702,CUST_00531,2024-01-01T18:00:00,health_beauty
EVT_0006703,CUST_00531,2024-01-01T20:00:00,watches_gifts
EVT_0006704,CUST_00532,2024-01-01T00:00:00,housewares
EVT_0006705,CUST_00532,2024-01-01T02:00:00,bed_bath
EVT_0006706,CUST_00532,2024-01-01T04:00:00,furniture
EVT_0006707,CUST_00532,2024-01-01T06:00:00,housewares
EVT_0006708,CUST_00532,2024-01-01T08:00:00,bed_bath
EVT_0006709,CUST_00532,2024-01-01T10:00:00,furniture
EVT_0006710,CUST_00532,2024-01-01T12:00:00,housewares
EVT_0006711,CUST_00532,2024-01-01T14:00:00,health_beauty
EVT_0006712,CUST_00532,2024-01-01T16:00:00,furniture
EVT_0006713,CUST_00532,2024-01-01T18:00:00,housewares
EVT_0006714,CUST_00532,2024-01-01T20:00:00,bed_bath
EVT_0006715,CUST_00532,2024-01-01T22:00:00,furniture
EVT_0006716,CUST_00532,2024-01-02T00:00:00,housewares
EVT_0006717,CUST_00532,2024-01-02T02:00:00,bed_bath
EVT_0006718,CUST_00532,2024-01-02T04:00:00,furniture
EVT_0006719,CUST_00532,2024-01-02T06:00:00,housewares
EVT_0006720,CUST_00532,2024-01-02T08:00:00,bed_bath
EVT_0006721,CUST_00533,2024-01-01T00:00:00,furniture
EVT_0006722,CUST_00533,2024-01-01T02:00:00,housewares
EVT_0006723,CUST_00533,2024-01-01T04:00:00,bed_bath
EVT_0006724,CUST_00533,2024-01-01T06:00:00,furniture
EVT_0006725,CUST_00533,2024-01-01T08:00:00,housewares
EVT_0006726,CUST_00533,2024-01-01T10:00:00,bed_bath
EVT_0006727,CUST_00533,2024-01-01T12:00:00,furniture
EVT_0006728,CUST_00533,2024-01-01T14:00:00,housewares
EVT_0006729,CUST_00533,2024-01-01T16:00:00,bed_bath
EVT_0006730,CUST_00534,2024-01-01T00:00:00,watches_gifts
EVT_0006731,CUST_00534,2024-01-01T02:00:00,health_beauty
EVT_0006732,CUST_00534,2024-01-01T04:00:00,watches_gifts
EVT_0006733,CUST_00534,2024-01-01T06:00:00,health_beauty
EVT_0006734,CUST_00534,2024-01-01T08:00:00,watches_gifts
EVT_0006735,CUST_00534,2024-01-01T10:00:00,health_beauty
EVT_0006736,CUST_00534,2024-01-01T12:00:00,watches_gifts
EVT_0006737,CUST_00534,2024-01-01T14:00:00,health_beauty
EVT_0006738,CUST_00534,2024-01-01T16:00:00,watches_gifts
EVT_0006739,CUST_00534,2024-01-01T18:00:00,health_beauty
EVT_0006740,CUST_00534,2024-01-01T20:00:00,watches_gifts
EVT_0006741,CUST_00534,2024-01-01T22:00:00,health_beauty
EVT_0006742,CUST_00534,2024-01-02T00:00:00,watches_gifts
EVT_0006743,CUST_00534,2024-01-02T02:00:00,health_beauty
EVT_0006744,CUST_00535,2024-01-01T00:00:00,housewares
EVT_0006745,CUST_00535,2024-01-01T02:00:00,bed_bath
EVT_0006746,CUST_00535,2024-01-01T04:00:00,watches_gifts
EVT_0006747,CUST_00535,2024-01-01T06:00:00,health_beauty
EVT_0006748,CUST_00535,2024-01-01T08:00:00,watches_gifts
EVT_0006749,CUST_00535,2024-01-01T10:00:00,health_beauty
EVT_0006750,CUST_00535,2024-01-01T12:00:00,watches_gifts
EVT_0006751,CUST_00535,2024-01-01T14:00:00,health_beauty
EVT_0006752,CUST_00535,2024-01-01T16:00:00,watches_gifts
EVT_0006753,CUST_00535,2024-01-01T18:00:00,health_beauty
EVT_0006754,CUST_00535,2024-01-01T20:00:00,watches_gifts
EVT_0006755,CUST_00535,2024-01-01T22:00:00,health_beauty
EVT_0006756,CUST_00535,2024-01-02T00:00:00,watches_gifts
EVT_0006757,CUST_00536,2024-01-01T00:00:00,bed_bath
EVT_0006758,CUST_00536,2024-01-01T02:00:00,furniture
EVT_0006759,CUST_00536,2024-01-01T04:00:00,housewares
EVT_0006760,CUST_00536,2024-01-01T06:00:00,bed_bath
EVT_0006761,CUST_00536,2024-01-01T08:00:00,furniture
EVT_0006762,CUST_00536,2024-01-01T10:00:00,housewares
EVT_0006763,CUST_00536,2024-01-01T12:00:00,bed_bath
EVT_0006764,CUST_00536,2024-01-01T14:00:00,furniture
EVT_0006765,CUST_00536,2024-01-01T16:00:00,housewares
EVT_0006766,CUST_00536,2024-01-01T18:00:00,bed_bath
EVT_0006767,CUST_00536,2024-01-01T20:00:00,furniture
EVT_0006768,CUST_00536,2024-01-01T22:00:00,housewares
EVT_0006769,CUST_00536,2024-01-02T00:00:00,bed_bath
EVT_0006770,CUST_00536,2024-01-02T02:00:00,furniture
EVT_0006771,CUST_00536,2024-01-02T04:00:00,housewares
EVT_0006772,CUST_00536,2024-01-02T06:00:00,bed_bath
EVT_0006773,CUST_00536,2024-01-02T08:00:00,furniture
EVT_0006774,CUST_00537,2024-01-01T00:00:00,electronics
EVT_0006775,CUST_00537,2024-01-01T02:00:00,housewares
EVT_0006776,CUST_00537,2024-01-01T04:00:00,bed_bath
EVT_0006777,CUST_00537,2024-01-01T06:00:00,furniture
EVT_0006778,CUST_00537,2024-01-01T08:00:00,housewares
EVT_0006779,CUST_00537,2024-01-01T10:00:00,bed_bath
EVT_0006780,CUST_00537,2024-01-01T12:00:00,furniture
EVT_0006781,CUST_00537,2024-01-01T14:00:00,sports_leisure
EVT_0006782,CUST_00538,2024-01-01T00:00:00,electronics
EVT_0006783,CUST_00538,2024-01-01T02:00:00,computers
EVT_0006784,CUST_00538,2024-01-01T04:00:00,electronics
EVT_0006785,CUST_00538,2024-01-01T06:00:00,computers
EVT_0006786,CUST_00538,2024-01-01T08:00:00,electronics
EVT_0006787,CUST_00538,2024-01-01T10:00:00,computers
EVT_0006788,CUST_00538,2024-01-01T12:00:00,electronics
EVT_0006789,CUST_00538,2024-01-01T14:00:00,computers
EVT_0006790,CUST_00538,2024-01-01T16:00:00,electronics
EVT_0006791,CUST_00538,2024-01-01T18:00:00,computers
EVT_0006792,CUST_00538,2024-01-01T20:00:00,electronics
EVT_0006793,CUST_00538,2024-01-01T22:00:00,toys
EVT_0006794,CUST_00538,2024-01-02T00:00:00,electronics
EVT_0006795,CUST_00538,2024-01-02T02:00:00,computers
EVT_0006796,CUST_00538,2024-01-02T04:00:00,electronics
EVT_0006797,CUST_00538,2024-01-02T06:00:00,computers
EVT_0006798,CUST_00539,2024-01-01T00:00:00,furniture
EVT_0006799,CUST_00539,2024-01-01T02:00:00,housewares
EVT_0006800,CUST_00539,2024-01-01T04:00:00,bed_bath
EVT_0006801,CUST_00539,2024-01-01T06:00:00,furniture
EVT_0006802,CUST_00539,2024-01-01T08:00:00,housewares
EVT_0006803,CUST_00539,2024-01-01T10:00:00,bed_bath
EVT_0006804,CUST_00539,2024-01-01T12:00:00,furniture
EVT_0006805,CUST_00539,2024-01-01T14:00:00,housewares
EVT_0006806,CUST_00539,2024-01-01T16:00:00,bed_bath
EVT_0006807,CUST_00539,2024-01-01T18:00:00,furniture
EVT_0006808,CUST_00539,2024-01-01T20:00:00,housewares
EVT_0006809,CUST_00539,2024-01-01T22:00:00,bed_bath
EVT_0006810,CUST_00540,2024-01-01T00:00:00,electronics
EVT_0006811,CUST_00540,2024-01-01T02:00:00,computers
EVT_0006812,CUST_00540,2024-01-01T04:00:00,auto
EVT_0006813,CUST_00540,2024-01-01T06:00:00,electronics
EVT_0006814,CUST_00540,2024-01-01T08:00:00,computers
EVT_0006815,CUST_00540,2024-01-01T10:00:00,electronics
EVT_0006816,CUST_00540,2024-01-01T12:00:00,computers
EVT_0006817,CUST_00540,2024-01-01T14:00:00,electronics
EVT_0006818,CUST_00540,2024-01-01T16:00:00,computers
EVT_0006819,CUST_00540,2024-01-01T18:00:00,electronics
EVT_0006820,CUST_00540,2024-01-01T20:00:00,computers
EVT_0006821,CUST_00540,2024-01-01T22:00:00,electronics
EVT_0006822,CUST_00540,2024-01-02T00:00:00,computers
EVT_0006823,CUST_00540,2024-01-02T02:00:00,electronics
EVT_0006824,CUST_00540,2024-01-02T04:00:00,electronics
EVT_0006825,CUST_00540,2024-01-02T06:00:00,computers
EVT_0006826,CUST_00540,2024-01-02T08:00:00,electronics
EVT_0006827,CUST_00541,2024-01-01T00:00:00,housewares
EVT_0006828,CUST_00541,2024-01-01T02:00:00,bed_bath
EVT_0006829,CUST_00541,2024-01-01T04:00:00,furniture
EVT_0006830,CUST_00541,2024-01-01T06:00:00,housewares
EVT_0006831,CUST_00541,2024-01-01T08:00:00,bed_bath
EVT_0006832,CUST_00541,2024-01-01T10:00:00,furniture
EVT_0006833,CUST_00541,2024-01-01T12:00:00,housewares
EVT_0006834,CUST_00541,2024-01-01T14:00:00,bed_bath
EVT_0006835,CUST_00541,2024-01-01T16:00:00,furniture
EVT_0006836,CUST_00541,2024-01-01T18:00:00,housewares
EVT_0006837,CUST_00541,2024-01-01T20:00:00,bed_bath
EVT_0006838,CUST_00542,2024-01-01T00:00:00,toys
EVT_0006839,CUST_00542,2024-01-01T02:00:00,health_beauty
EVT_0006840,CUST_00542,2024-01-01T04:00:00,watches_gifts
EVT_0006841,CUST_00542,2024-01-01T06:00:00,health_beauty
EVT_0006842,CUST_00542,2024-01-01T08:00:00,watches_gifts
EVT_0006843,CUST_00542,2024-01-01T10:00:00,health_beauty
EVT_0006844,CUST_00542,2024-01-01T12:00:00,watches_gifts
EVT_0006845,CUST_00542,2024-01-01T14:00:00,health_beauty
EVT_0006846,CUST_00542,2024-01-01T16:00:00,watches_gifts
EVT_0006847,CUST_00542,2024-01-01T18:00:00,health_beauty
EVT_0006848,CUST_00542,2024-01-01T20:00:00,auto
EVT_0006849,CUST_00542,2024-01-01T22:00:00,electronics
EVT_0006850,CUST_00543,2024-01-01T00:00:00,watches_gifts
EVT_0006851,CUST_00543,2024-01-01T02:00:00,health_beauty
EVT_0006852,CUST_00543,2024-01-01T04:00:00,watches_gifts
EVT_0006853,CUST_00543,2024-01-01T06:00:00,health_beauty
EVT_0006854,CUST_00543,2024-01-01T08:00:00,toys
EVT_0006855,CUST_00543,2024-01-01T10:00:00,electronics
EVT_0006856,CUST_00543,2024-01-01T12:00:00,computers
EVT_0006857,CUST_00543,2024-01-01T14:00:00,electronics
EVT_0006858,CUST_00543,2024-01-01T16:00:00,computers
EVT_0006859,CUST_00544,2024-01-01T00:00:00,bed_bath
EVT_0006860,CUST_00544,2024-01-01T02:00:00,furniture
EVT_0006861,CUST_00544,2024-01-01T04:00:00,housewares
EVT_0006862,CUST_00544,2024-01-01T06:00:00,bed_bath
EVT_0006863,CUST_00544,2024-01-01T08:00:00,furniture
EVT_0006864,CUST_00544,2024-01-01T10:00:00,housewares
EVT_0006865,CUST_00544,2024-01-01T12:00:00,bed_bath
EVT_0006866,CUST_00544,2024-01-01T14:00:00,health_beauty
EVT_0006867,CUST_00544,2024-01-01T16:00:00,watches_gifts
EVT_0006868,CUST_00544,2024-01-01T18:00:00,health_beauty
EVT_0006869,CUST_00544,2024-01-01T20:00:00,watches_gifts
EVT_0006870,CUST_00544,2024-01-01T22:00:00,health_beauty
EVT_0006871,CUST_00544,2024-01-02T00:00:00,watches_gifts
EVT_0006872,CUST_00545,2024-01-01T00:00:00,electronics
EVT_0006873,CUST_00545,2024-01-01T02:00:00,computers
EVT_0006874,CUST_00545,2024-01-01T04:00:00,electronics
EVT_0006875,CUST_00545,2024-01-01T06:00:00,computers
EVT_0006876,CUST_00545,2024-01-01T08:00:00,electronics
EVT_0006877,CUST_00545,2024-01-01T10:00:00,computers
EVT_0006878,CUST_00545,2024-01-01T12:00:00,electronics
EVT_0006879,CUST_00545,2024-01-01T14:00:00,computers
EVT_0006880,CUST_00545,2024-01-01T16:00:00,electronics
EVT_0006881,CUST_00546,2024-01-01T00:00:00,housewares
EVT_0006882,CUST_00546,2024-01-01T02:00:00,bed_bath
EVT_0006883,CUST_00546,2024-01-01T04:00:00,furniture
EVT_0006884,CUST_00546,2024-01-01T06:00:00,housewares
EVT_0006885,CUST_00546,2024-01-01T08:00:00,toys
EVT_0006886,CUST_00546,2024-01-01T10:00:00,electronics
EVT_0006887,CUST_00546,2024-01-01T12:00:00,computers
EVT_0006888,CUST_00546,2024-01-01T14:00:00,electronics
EVT_0006889,CUST_00546,2024-01-01T16:00:00,computers
EVT_0006890,CUST_00547,2024-01-01T00:00:00,electronics
EVT_0006891,CUST_00547,2024-01-01T02:00:00,computers
EVT_0006892,CUST_00547,2024-01-01T04:00:00,electronics
EVT_0006893,CUST_00547,2024-01-01T06:00:00,computers
EVT_0006894,CUST_00547,2024-01-01T08:00:00,electronics
EVT_0006895,CUST_00547,2024-01-01T10:00:00,computers
EVT_0006896,CUST_00547,2024-01-01T12:00:00,electronics
EVT_0006897,CUST_00547,2024-01-01T14:00:00,housewares
EVT_0006898,CUST_00547,2024-01-01T16:00:00,bed_bath
EVT_0006899,CUST_00547,2024-01-01T18:00:00,furniture
EVT_0006900,CUST_00547,2024-01-01T20:00:00,housewares
EVT_0006901,CUST_00548,2024-01-01T00:00:00,electronics
EVT_0006902,CUST_00548,2024-01-01T02:00:00,computers
EVT_0006903,CUST_00548,2024-01-01T04:00:00,watches_gifts
EVT_0006904,CUST_00548,2024-01-01T06:00:00,health_beauty
EVT_0006905,CUST_00548,2024-01-01T08:00:00,watches_gifts
EVT_0006906,CUST_00548,2024-01-01T10:00:00,health_beauty
EVT_0006907,CUST_00548,2024-01-01T12:00:00,watches_gifts
EVT_0006908,CUST_00548,2024-01-01T14:00:00,health_beauty
EVT_0006909,CUST_00549,2024-01-01T00:00:00,toys
EVT_0006910,CUST_00549,2024-01-01T02:00:00,electronics
EVT_0006911,CUST_00549,2024-01-01T04:00:00,computers
EVT_0006912,CUST_00549,2024-01-01T06:00:00,furniture
EVT_0006913,CUST_00549,2024-01-01T08:00:00,housewares
EVT_0006914,CUST_00549,2024-01-01T10:00:00,bed_bath
EVT_0006915,CUST_00549,2024-01-01T12:00:00,furniture
EVT_0006916,CUST_00549,2024-01-01T14:00:00,housewares
EVT_0006917,CUST_00549,2024-01-01T16:00:00,bed_bath
EVT_0006918,CUST_00550,2024-01-01T00:00:00,electronics
EVT_0006919,CUST_00550,2024-01-01T02:00:00,computers
EVT_0006920,CUST_00550,2024-01-01T04:00:00,electronics
EVT_0006921,CUST_00550,2024-01-01T06:00:00,computers
EVT_0006922,CUST_00550,2024-01-01T08:00:00,electronics
EVT_0006923,CUST_00550,2024-01-01T10:00:00,computers
EVT_0006924,CUST_00550,2024-01-01T12:00:00,electronics
EVT_0006925,CUST_00550,2024-01-01T14:00:00,computers
EVT_0006926,CUST_00550,2024-01-01T16:00:00,electronics
EVT_0006927,CUST_00551,2024-01-01T00:00:00,furniture
EVT_0006928,CUST_00551,2024-01-01T02:00:00,housewares
EVT_0006929,CUST_00551,2024-01-01T04:00:00,bed_bath
EVT_0006930,CUST_00551,2024-01-01T06:00:00,furniture
EVT_0006931,CUST_00551,2024-01-01T08:00:00,housewares
EVT_0006932,CUST_00551,2024-01-01T10:00:00,bed_bath
EVT_0006933,CUST_00551,2024-01-01T12:00:00,furniture
EVT_0006934,CUST_00551,2024-01-01T14:00:00,housewares
EVT_0006935,CUST_00551,2024-01-01T16:00:00,bed_bath
EVT_0006936,CUST_00551,2024-01-01T18:00:00,furniture
EVT_0006937,CUST_00551,2024-01-01T20:00:00,housewares
EVT_0006938,CUST_00551,2024-01-01T22:00:00,health_beauty
EVT_0006939,CUST_00551,2024-01-02T00:00:00,watches_gifts
EVT_0006940,CUST_00551,2024-01-02T02:00:00,health_beauty
EVT_0006941,CUST_00551,2024-01-02T04:00:00,watches_gifts
EVT_0006942,CUST_00551,2024-01-02T06:00:00,health_beauty
EVT_0006943,CUST_00551,2024-01-02T08:00:00,watches_gifts
EVT_0006944,CUST_00552,2024-01-01T00:00:00,watches_gifts
EVT_0006945,CUST_00552,2024-01-01T02:00:00,health_beauty
EVT_0006946,CUST_00552,2024-01-01T04:00:00,watches_gifts
EVT_0006947,CUST_00552,2024-01-01T06:00:00,health_beauty
EVT_0006948,CUST_00552,2024-01-01T08:00:00,watches_gifts
EVT_0006949,CUST_00552,2024-01-01T10:00:00,health_beauty
EVT_0006950,CUST_00552,2024-01-01T12:00:00,watches_gifts
EVT_0006951,CUST_00552,2024-01-01T14:00:00,sports_leisure
EVT_0006952,CUST_00552,2024-01-01T16:00:00,health_beauty
EVT_0006953,CUST_00552,2024-01-01T18:00:00,watches_gifts
EVT_0006954,CUST_00552,2024-01-01T20:00:00,health_beauty
EVT_0006955,CUST_00552,2024-01-01T22:00:00,watches_gifts
EVT_0006956,CUST_00552,2024-01-02T00:00:00,health_beauty
EVT_0006957,CUST_00552,2024-01-02T02:00:00,watches_gifts
EVT_0006958,CUST_00552,2024-01-02T04:00:00,health_beauty
EVT_0006959,CUST_00552,2024-01-02T06:00:00,watches_gifts
EVT_0006960,CUST_00553,2024-01-01T00:00:00,bed_bath
EVT_0006961,CUST_00553,2024-01-01T02:00:00,furniture
EVT_0006962,CUST_00553,2024-01-01T04:00:00,housewares
EVT_0006963,CUST_00553,2024-01-01T06:00:00,bed_bath
EVT_0006964,CUST_00553,2024-01-01T08:00:00,furniture
EVT_0006965,CUST_00553,2024-01-01T10:00:00,housewares
EVT_0006966,CUST_00553,2024-01-01T12:00:00,bed_bath
EVT_0006967,CUST_00553,2024-01-01T14:00:00,furniture
EVT_0006968,CUST_00553,2024-01-01T16:00:00,housewares
EVT_0006969,CUST_00553,2024-01-01T18:00:00,bed_bath
EVT_0006970,CUST_00553,2024-01-01T20:00:00,furniture
EVT_0006971,CUST_00553,2024-01-01T22:00:00,housewares
EVT_0006972,CUST_00553,2024-01-02T00:00:00,bed_bath
EVT_0006973,CUST_00554,2024-01-01T00:00:00,electronics
EVT_0006974,CUST_00554,2024-01-01T02:00:00,computers
EVT_0006975,CUST_00554,2024-01-01T04:00:00,electronics
EVT_0006976,CUST_00554,2024-01-01T06:00:00,computers
EVT_0006977,CUST_00554,2024-01-01T08:00:00,electronics
EVT_0006978,CUST_00554,2024-01-01T10:00:00,computers
EVT_0006979,CUST_00554,2024-01-01T12:00:00,toys
EVT_0006980,CUST_00554,2024-01-01T14:00:00,electronics
EVT_0006981,CUST_00554,2024-01-01T16:00:00,computers
EVT_0006982,CUST_00554,2024-01-01T18:00:00,electronics
EVT_0006983,CUST_00555,2024-01-01T00:00:00,computers
EVT_0006984,CUST_00555,2024-01-01T02:00:00,electronics
EVT_0006985,CUST_00555,2024-01-01T04:00:00,computers
EVT_0006986,CUST_00555,2024-01-01T06:00:00,electronics
EVT_0006987,CUST_00555,2024-01-01T08:00:00,computers
EVT_0006988,CUST_00555,2024-01-01T10:00:00,electronics
EVT_0006989,CUST_00555,2024-01-01T12:00:00,computers
EVT_0006990,CUST_00555,2024-01-01T14:00:00,electronics
EVT_0006991,CUST_00555,2024-01-01T16:00:00,computers
EVT_0006992,CUST_00556,2024-01-01T00:00:00,electronics
EVT_0006993,CUST_00556,2024-01-01T02:00:00,sports_leisure
EVT_0006994,CUST_00556,2024-01-01T04:00:00,toys
EVT_0006995,CUST_00556,2024-01-01T06:00:00,electronics
EVT_0006996,CUST_00556,2024-01-01T08:00:00,computers
EVT_0006997,CUST_00556,2024-01-01T10:00:00,electronics
EVT_0006998,CUST_00556,2024-01-01T12:00:00,computers
EVT_0006999,CUST_00556,2024-01-01T14:00:00,electronics
EVT_0007000,CUST_00556,2024-01-01T16:00:00,computers
EVT_0007001,CUST_00556,2024-01-01T18:00:00,electronics
EVT_0007002,CUST_00556,2024-01-01T20:00:00,computers
EVT_0007003,CUST_00556,2024-01-01T22:00:00,electronics
EVT_0007004,CUST_00557,2024-01-01T00:00:00,housewares
EVT_0007005,CUST_00557,2024-01-01T02:00:00,bed_bath
EVT_0007006,CUST_00557,2024-01-01T04:00:00,furniture
EVT_0007007,CUST_00557,2024-01-01T06:00:00,housewares
EVT_0007008,CUST_00557,2024-01-01T08:00:00,bed_bath
EVT_0007009,CUST_00557,2024-01-01T10:00:00,furniture
EVT_0007010,CUST_00557,2024-01-01T12:00:00,housewares
EVT_0007011,CUST_00557,2024-01-01T14:00:00,bed_bath
EVT_0007012,CUST_00557,2024-01-01T16:00:00,furniture
EVT_0007013,CUST_00557,2024-01-01T18:00:00,housewares
EVT_0007014,CUST_00558,2024-01-01T00:00:00,electronics
EVT_0007015,CUST_00558,2024-01-01T02:00:00,computers
EVT_0007016,CUST_00558,2024-01-01T04:00:00,electronics
EVT_0007017,CUST_00558,2024-01-01T06:00:00,computers
EVT_0007018,CUST_00558,2024-01-01T08:00:00,electronics
EVT_0007019,CUST_00558,2024-01-01T10:00:00,computers
EVT_0007020,CUST_00558,2024-01-01T12:00:00,electronics
EVT_0007021,CUST_00558,2024-01-01T14:00:00,computers
EVT_0007022,CUST_00558,2024-01-01T16:00:00,electronics
EVT_0007023,CUST_00558,2024-01-01T18:00:00,computers
EVT_0007024,CUST_00558,2024-01-01T20:00:00,auto
EVT_0007025,CUST_00559,2024-01-01T00:00:00,health_beauty
EVT_0007026,CUST_00559,2024-01-01T02:00:00,watches_gifts
EVT_0007027,CUST_00559,2024-01-01T04:00:00,health_beauty
EVT_0007028,CUST_00559,2024-01-01T06:00:00,watches_gifts
EVT_0007029,CUST_00559,2024-01-01T08:00:00,health_beauty
EVT_0007030,CUST_00559,2024-01-01T10:00:00,watches_gifts
EVT_0007031,CUST_00559,2024-01-01T12:00:00,health_beauty
EVT_0007032,CUST_00559,2024-01-01T14:00:00,watches_gifts
EVT_0007033,CUST_00559,2024-01-01T16:00:00,health_beauty
EVT_0007034,CUST_00559,2024-01-01T18:00:00,watches_gifts
EVT_0007035,CUST_00559,2024-01-01T20:00:00,health_beauty
EVT_0007036,CUST_00559,2024-01-01T22:00:00,watches_gifts
EVT_0007037,CUST_00559,2024-01-02T00:00:00,health_beauty
EVT_0007038,CUST_00559,2024-01-02T02:00:00,watches_gifts
EVT_0007039,CUST_00559,2024-01-02T04:00:00,health_beauty
EVT_0007040,CUST_00560,2024-01-01T00:00:00,health_beauty
EVT_0007041,CUST_00560,2024-01-01T02:00:00,watches_gifts
EVT_0007042,CUST_00560,2024-01-01T04:00:00,toys
EVT_0007043,CUST_00560,2024-01-01T06:00:00,computers
EVT_0007044,CUST_00560,2024-01-01T08:00:00,toys
EVT_0007045,CUST_00560,2024-01-01T10:00:00,electronics
EVT_0007046,CUST_00560,2024-01-01T12:00:00,computers
EVT_0007047,CUST_00560,2024-01-01T14:00:00,electronics
EVT_0007048,CUST_00560,2024-01-01T16:00:00,computers
EVT_0007049,CUST_00560,2024-01-01T18:00:00,health_beauty
EVT_0007050,CUST_00560,2024-01-01T20:00:00,watches_gifts
EVT_0007051,CUST_00560,2024-01-01T22:00:00,health_beauty
EVT_0007052,CUST_00560,2024-01-02T00:00:00,watches_gifts
EVT_0007053,CUST_00560,2024-01-02T02:00:00,health_beauty
EVT_0007054,CUST_00560,2024-01-02T04:00:00,watches_gifts
EVT_0007055,CUST_00560,2024-01-02T06:00:00,health_beauty
EVT_0007056,CUST_00560,2024-01-02T08:00:00,watches_gifts
EVT_0007057,CUST_00561,2024-01-01T00:00:00,housewares
EVT_0007058,CUST_00561,2024-01-01T02:00:00,bed_bath
EVT_0007059,CUST_00561,2024-01-01T04:00:00,furniture
EVT_0007060,CUST_00561,2024-01-01T06:00:00,housewares
EVT_0007061,CUST_00561,2024-01-01T08:00:00,bed_bath
EVT_0007062,CUST_00561,2024-01-01T10:00:00,furniture
EVT_0007063,CUST_00561,2024-01-01T12:00:00,housewares
EVT_0007064,CUST_00561,2024-01-01T14:00:00,bed_bath
EVT_0007065,CUST_00561,2024-01-01T16:00:00,furniture
EVT_0007066,CUST_00561,2024-01-01T18:00:00,toys
EVT_0007067,CUST_00561,2024-01-01T20:00:00,electronics
EVT_0007068,CUST_00561,2024-01-01T22:00:00,computers
EVT_0007069,CUST_00561,2024-01-02T00:00:00,electronics
EVT_0007070,CUST_00561,2024-01-02T02:00:00,computers
EVT_0007071,CUST_00561,2024-01-02T04:00:00,electronics
EVT_0007072,CUST_00561,2024-01-02T06:00:00,computers
EVT_0007073,CUST_00562,2024-01-01T00:00:00,health_beauty
EVT_0007074,CUST_00562,2024-01-01T02:00:00,watches_gifts
EVT_0007075,CUST_00562,2024-01-01T04:00:00,health_beauty
EVT_0007076,CUST_00562,2024-01-01T06:00:00,watches_gifts
EVT_0007077,CUST_00562,2024-01-01T08:00:00,health_beauty
EVT_0007078,CUST_00562,2024-01-01T10:00:00,watches_gifts
EVT_0007079,CUST_00562,2024-01-01T12:00:00,health_beauty
EVT_0007080,CUST_00562,2024-01-01T14:00:00,watches_gifts
EVT_0007081,CUST_00562,2024-01-01T16:00:00,health_beauty
EVT_0007082,CUST_00562,2024-01-01T18:00:00,watches_gifts
EVT_0007083,CUST_00562,2024-01-01T20:00:00,health_beauty
EVT_0007084,CUST_00562,2024-01-01T22:00:00,watches_gifts
EVT_0007085,CUST_00562,2024-01-02T00:00:00,health_beauty
EVT_0007086,CUST_00562,2024-01-02T02:00:00,watches_gifts
EVT_0007087,CUST_00563,2024-01-01T00:00:00,housewares
EVT_0007088,CUST_00563,2024-01-01T02:00:00,bed_bath
EVT_0007089,CUST_00563,2024-01-01T04:00:00,furniture
EVT_0007090,CUST_00563,2024-01-01T06:00:00,housewares
EVT_0007091,CUST_00563,2024-01-01T08:00:00,bed_bath
EVT_0007092,CUST_00563,2024-01-01T10:00:00,furniture
EVT_0007093,CUST_00563,2024-01-01T12:00:00,housewares
EVT_0007094,CUST_00563,2024-01-01T14:00:00,bed_bath
EVT_0007095,CUST_00563,2024-01-01T16:00:00,furniture
EVT_0007096,CUST_00563,2024-01-01T18:00:00,housewares
EVT_0007097,CUST_00564,2024-01-01T00:00:00,electronics
EVT_0007098,CUST_00564,2024-01-01T02:00:00,computers
EVT_0007099,CUST_00564,2024-01-01T04:00:00,electronics
EVT_0007100,CUST_00564,2024-01-01T06:00:00,computers
EVT_0007101,CUST_00564,2024-01-01T08:00:00,electronics
EVT_0007102,CUST_00564,2024-01-01T10:00:00,computers
EVT_0007103,CUST_00564,2024-01-01T12:00:00,electronics
EVT_0007104,CUST_00564,2024-01-01T14:00:00,watches_gifts
EVT_0007105,CUST_00564,2024-01-01T16:00:00,health_beauty
EVT_0007106,CUST_00564,2024-01-01T18:00:00,watches_gifts
EVT_0007107,CUST_00564,2024-01-01T20:00:00,health_beauty
EVT_0007108,CUST_00564,2024-01-01T22:00:00,watches_gifts
EVT_0007109,CUST_00564,2024-01-02T00:00:00,health_beauty
EVT_0007110,CUST_00565,2024-01-01T00:00:00,housewares
EVT_0007111,CUST_00565,2024-01-01T02:00:00,bed_bath
EVT_0007112,CUST_00565,2024-01-01T04:00:00,furniture
EVT_0007113,CUST_00565,2024-01-01T06:00:00,watches_gifts
EVT_0007114,CUST_00565,2024-01-01T08:00:00,health_beauty
EVT_0007115,CUST_00565,2024-01-01T10:00:00,watches_gifts
EVT_0007116,CUST_00565,2024-01-01T12:00:00,health_beauty
EVT_0007117,CUST_00565,2024-01-01T14:00:00,watches_gifts
EVT_0007118,CUST_00565,2024-01-01T16:00:00,health_beauty
EVT_0007119,CUST_00565,2024-01-01T18:00:00,watches_gifts
EVT_0007120,CUST_00565,2024-01-01T20:00:00,health_beauty
EVT_0007121,CUST_00565,2024-01-01T22:00:00,watches_gifts
EVT_0007122,CUST_00565,2024-01-02T00:00:00,health_beauty
EVT_0007123,CUST_00565,2024-01-02T02:00:00,watches_gifts
EVT_0007124,CUST_00565,2024-01-02T04:00:00,health_beauty
EVT_0007125,CUST_00566,2024-01-01T00:00:00,bed_bath
EVT_0007126,CUST_00566,2024-01-01T02:00:00,furniture
EVT_0007127,CUST_00566,2024-01-01T04:00:00,housewares
EVT_0007128,CUST_00566,2024-01-01T06:00:00,bed_bath
EVT_0007129,CUST_00566,2024-01-01T08:00:00,furniture
EVT_0007130,CUST_00566,2024-01-01T10:00:00,housewares
EVT_0007131,CUST_00566,2024-01-01T12:00:00,bed_bath
EVT_0007132,CUST_00566,2024-01-01T14:00:00,furniture
EVT_0007133,CUST_00566,2024-01-01T16:00:00,housewares
EVT_0007134,CUST_00566,2024-01-01T18:00:00,bed_bath
EVT_0007135,CUST_00566,2024-01-01T20:00:00,furniture
EVT_0007136,CUST_00566,2024-01-01T22:00:00,housewares
EVT_0007137,CUST_00566,2024-01-02T00:00:00,bed_bath
EVT_0007138,CUST_00567,2024-01-01T00:00:00,health_beauty
EVT_0007139,CUST_00567,2024-01-01T02:00:00,watches_gifts
EVT_0007140,CUST_00567,2024-01-01T04:00:00,health_beauty
EVT_0007141,CUST_00567,2024-01-01T06:00:00,watches_gifts
EVT_0007142,CUST_00567,2024-01-01T08:00:00,health_beauty
EVT_0007143,CUST_00567,2024-01-01T10:00:00,watches_gifts
EVT_0007144,CUST_00567,2024-01-01T12:00:00,health_beauty
EVT_0007145,CUST_00567,2024-01-01T14:00:00,watches_gifts
EVT_0007146,CUST_00567,2024-01-01T16:00:00,health_beauty
EVT_0007147,CUST_00567,2024-01-01T18:00:00,watches_gifts
EVT_0007148,CUST_00567,2024-01-01T20:00:00,health_beauty
EVT_0007149,CUST_00567,2024-01-01T22:00:00,watches_gifts
EVT_0007150,CUST_00567,2024-01-02T00:00:00,health_beauty
EVT_0007151,CUST_00567,2024-01-02T02:00:00,watches_gifts
EVT_0007152,CUST_00567,2024-01-02T04:00:00,health_beauty
EVT_0007153,CUST_00568,2024-01-01T00:00:00,electronics
EVT_0007154,CUST_00568,2024-01-01T02:00:00,computers
EVT_0007155,CUST_00568,2024-01-01T04:00:00,electronics
EVT_0007156,CUST_00568,2024-01-01T06:00:00,computers
EVT_0007157,CUST_00568,2024-01-01T08:00:00,electronics
EVT_0007158,CUST_00568,2024-01-01T10:00:00,computers
EVT_0007159,CUST_00568,2024-01-01T12:00:00,electronics
EVT_0007160,CUST_00568,2024-01-01T14:00:00,computers
EVT_0007161,CUST_00568,2024-01-01T16:00:00,watches_gifts
EVT_0007162,CUST_00568,2024-01-01T18:00:00,health_beauty
EVT_0007163,CUST_00568,2024-01-01T20:00:00,watches_gifts
EVT_0007164,CUST_00568,2024-01-01T22:00:00,health_beauty
EVT_0007165,CUST_00568,2024-01-02T00:00:00,watches_gifts
EVT_0007166,CUST_00568,2024-01-02T02:00:00,health_beauty
EVT_0007167,CUST_00568,2024-01-02T04:00:00,watches_gifts
EVT_0007168,CUST_00568,2024-01-02T06:00:00,health_beauty
EVT_0007169,CUST_00568,2024-01-02T08:00:00,bed_bath
EVT_0007170,CUST_00569,2024-01-01T00:00:00,health_beauty
EVT_0007171,CUST_00569,2024-01-01T02:00:00,watches_gifts
EVT_0007172,CUST_00569,2024-01-01T04:00:00,health_beauty
EVT_0007173,CUST_00569,2024-01-01T06:00:00,watches_gifts
EVT_0007174,CUST_00569,2024-01-01T08:00:00,health_beauty
EVT_0007175,CUST_00569,2024-01-01T10:00:00,watches_gifts
EVT_0007176,CUST_00569,2024-01-01T12:00:00,health_beauty
EVT_0007177,CUST_00569,2024-01-01T14:00:00,watches_gifts
EVT_0007178,CUST_00569,2024-01-01T16:00:00,health_beauty
EVT_0007179,CUST_00569,2024-01-01T18:00:00,bed_bath
EVT_0007180,CUST_00569,2024-01-01T20:00:00,furniture
EVT_0007181,CUST_00569,2024-01-01T22:00:00,housewares
EVT_0007182,CUST_00569,2024-01-02T00:00:00,bed_bath
EVT_0007183,CUST_00570,2024-01-01T00:00:00,watches_gifts
EVT_0007184,CUST_00570,2024-01-01T02:00:00,health_beauty
EVT_0007185,CUST_00570,2024-01-01T04:00:00,watches_gifts
EVT_0007186,CUST_00570,2024-01-01T06:00:00,health_beauty
EVT_0007187,CUST_00570,2024-01-01T08:00:00,watches_gifts
EVT_0007188,CUST_00570,2024-01-01T10:00:00,health_beauty
EVT_0007189,CUST_00570,2024-01-01T12:00:00,watches_gifts
EVT_0007190,CUST_00570,2024-01-01T14:00:00,health_beauty
EVT_0007191,CUST_00570,2024-01-01T16:00:00,watches_gifts
EVT_0007192,CUST_00570,2024-01-01T18:00:00,sports_leisure
EVT_0007193,CUST_00570,2024-01-01T20:00:00,health_beauty
EVT_0007194,CUST_00570,2024-01-01T22:00:00,watches_gifts
EVT_0007195,CUST_00570,2024-01-02T00:00:00,health_beauty
EVT_0007196,CUST_00571,2024-01-01T00:00:00,watches_gifts
EVT_0007197,CUST_00571,2024-01-01T02:00:00,health_beauty
EVT_0007198,CUST_00571,2024-01-01T04:00:00,watches_gifts
EVT_0007199,CUST_00571,2024-01-01T06:00:00,health_beauty
EVT_0007200,CUST_00571,2024-01-01T08:00:00,watches_gifts
EVT_0007201,CUST_00571,2024-01-01T10:00:00,health_beauty
EVT_0007202,CUST_00571,2024-01-01T12:00:00,watches_gifts
EVT_0007203,CUST_00571,2024-01-01T14:00:00,health_beauty
EVT_0007204,CUST_00571,2024-01-01T16:00:00,watches_gifts
EVT_0007205,CUST_00571,2024-01-01T18:00:00,health_beauty
EVT_0007206,CUST_00571,2024-01-01T20:00:00,watches_gifts
EVT_0007207,CUST_00571,2024-01-01T22:00:00,health_beauty
EVT_0007208,CUST_00571,2024-01-02T00:00:00,watches_gifts
EVT_0007209,CUST_00571,2024-01-02T02:00:00,health_beauty
EVT_0007210,CUST_00571,2024-01-02T04:00:00,watches_gifts
EVT_0007211,CUST_00571,2024-01-02T06:00:00,health_beauty
EVT_0007212,CUST_00572,2024-01-01T00:00:00,health_beauty
EVT_0007213,CUST_00572,2024-01-01T02:00:00,watches_gifts
EVT_0007214,CUST_00572,2024-01-01T04:00:00,health_beauty
EVT_0007215,CUST_00572,2024-01-01T06:00:00,watches_gifts
EVT_0007216,CUST_00572,2024-01-01T08:00:00,health_beauty
EVT_0007217,CUST_00572,2024-01-01T10:00:00,health_beauty
EVT_0007218,CUST_00572,2024-01-01T12:00:00,watches_gifts
EVT_0007219,CUST_00572,2024-01-01T14:00:00,health_beauty
EVT_0007220,CUST_00572,2024-01-01T16:00:00,watches_gifts
EVT_0007221,CUST_00573,2024-01-01T00:00:00,health_beauty
EVT_0007222,CUST_00573,2024-01-01T02:00:00,watches_gifts
EVT_0007223,CUST_00573,2024-01-01T04:00:00,health_beauty
EVT_0007224,CUST_00573,2024-01-01T06:00:00,watches_gifts
EVT_0007225,CUST_00573,2024-01-01T08:00:00,health_beauty
EVT_0007226,CUST_00573,2024-01-01T10:00:00,watches_gifts
EVT_0007227,CUST_00573,2024-01-01T12:00:00,health_beauty
EVT_0007228,CUST_00573,2024-01-01T14:00:00,watches_gifts
EVT_0007229,CUST_00573,2024-01-01T16:00:00,health_beauty
EVT_0007230,CUST_00573,2024-01-01T18:00:00,watches_gifts
EVT_0007231,CUST_00573,2024-01-01T20:00:00,health_beauty
EVT_0007232,CUST_00573,2024-01-01T22:00:00,watches_gifts
EVT_0007233,CUST_00573,2024-01-02T00:00:00,health_beauty
EVT_0007234,CUST_00573,2024-01-02T02:00:00,watches_gifts
EVT_0007235,CUST_00573,2024-01-02T04:00:00,health_beauty
EVT_0007236,CUST_00573,2024-01-02T06:00:00,watches_gifts
EVT_0007237,CUST_00574,2024-01-01T00:00:00,health_beauty
EVT_0007238,CUST_00574,2024-01-01T02:00:00,watches_gifts
EVT_0007239,CUST_00574,2024-01-01T04:00:00,health_beauty
EVT_0007240,CUST_00574,2024-01-01T06:00:00,watches_gifts
EVT_0007241,CUST_00574,2024-01-01T08:00:00,health_beauty
EVT_0007242,CUST_00574,2024-01-01T10:00:00,housewares
EVT_0007243,CUST_00574,2024-01-01T12:00:00,bed_bath
EVT_0007244,CUST_00574,2024-01-01T14:00:00,furniture
EVT_0007245,CUST_00574,2024-01-01T16:00:00,housewares
EVT_0007246,CUST_00575,2024-01-01T00:00:00,bed_bath
EVT_0007247,CUST_00575,2024-01-01T02:00:00,furniture
EVT_0007248,CUST_00575,2024-01-01T04:00:00,housewares
EVT_0007249,CUST_00575,2024-01-01T06:00:00,bed_bath
EVT_0007250,CUST_00575,2024-01-01T08:00:00,furniture
EVT_0007251,CUST_00575,2024-01-01T10:00:00,housewares
EVT_0007252,CUST_00575,2024-01-01T12:00:00,bed_bath
EVT_0007253,CUST_00575,2024-01-01T14:00:00,furniture
EVT_0007254,CUST_00575,2024-01-01T16:00:00,housewares
EVT_0007255,CUST_00575,2024-01-01T18:00:00,bed_bath
EVT_0007256,CUST_00575,2024-01-01T20:00:00,furniture
EVT_0007257,CUST_00575,2024-01-01T22:00:00,housewares
EVT_0007258,CUST_00575,2024-01-02T00:00:00,bed_bath
EVT_0007259,CUST_00575,2024-01-02T02:00:00,furniture
EVT_0007260,CUST_00575,2024-01-02T04:00:00,housewares
EVT_0007261,CUST_00575,2024-01-02T06:00:00,bed_bath
EVT_0007262,CUST_00575,2024-01-02T08:00:00,furniture
EVT_0007263,CUST_00576,2024-01-01T00:00:00,bed_bath
EVT_0007264,CUST_00576,2024-01-01T02:00:00,furniture
EVT_0007265,CUST_00576,2024-01-01T04:00:00,housewares
EVT_0007266,CUST_00576,2024-01-01T06:00:00,sports_leisure
EVT_0007267,CUST_00576,2024-01-01T08:00:00,health_beauty
EVT_0007268,CUST_00576,2024-01-01T10:00:00,watches_gifts
EVT_0007269,CUST_00576,2024-01-01T12:00:00,health_beauty
EVT_0007270,CUST_00576,2024-01-01T14:00:00,watches_gifts
EVT_0007271,CUST_00576,2024-01-01T16:00:00,health_beauty
EVT_0007272,CUST_00576,2024-01-01T18:00:00,watches_gifts
EVT_0007273,CUST_00576,2024-01-01T20:00:00,health_beauty
EVT_0007274,CUST_00576,2024-01-01T22:00:00,watches_gifts
EVT_0007275,CUST_00576,2024-01-02T00:00:00,health_beauty
EVT_0007276,CUST_00576,2024-01-02T02:00:00,watches_gifts
EVT_0007277,CUST_00576,2024-01-02T04:00:00,health_beauty
EVT_0007278,CUST_00576,2024-01-02T06:00:00,watches_gifts
EVT_0007279,CUST_00576,2024-01-02T08:00:00,health_beauty
EVT_0007280,CUST_00577,2024-01-01T00:00:00,housewares
EVT_0007281,CUST_00577,2024-01-01T02:00:00,bed_bath
EVT_0007282,CUST_00577,2024-01-01T04:00:00,furniture
EVT_0007283,CUST_00577,2024-01-01T06:00:00,housewares
EVT_0007284,CUST_00577,2024-01-01T08:00:00,bed_bath
EVT_0007285,CUST_00577,2024-01-01T10:00:00,furniture
EVT_0007286,CUST_00577,2024-01-01T12:00:00,housewares
EVT_0007287,CUST_00577,2024-01-01T14:00:00,bed_bath
EVT_0007288,CUST_00577,2024-01-01T16:00:00,furniture
EVT_0007289,CUST_00577,2024-01-01T18:00:00,housewares
EVT_0007290,CUST_00578,2024-01-01T00:00:00,electronics
EVT_0007291,CUST_00578,2024-01-01T02:00:00,computers
EVT_0007292,CUST_00578,2024-01-01T04:00:00,electronics
EVT_0007293,CUST_00578,2024-01-01T06:00:00,computers
EVT_0007294,CUST_00578,2024-01-01T08:00:00,electronics
EVT_0007295,CUST_00578,2024-01-01T10:00:00,computers
EVT_0007296,CUST_00578,2024-01-01T12:00:00,electronics
EVT_0007297,CUST_00578,2024-01-01T14:00:00,computers
EVT_0007298,CUST_00578,2024-01-01T16:00:00,electronics
EVT_0007299,CUST_00578,2024-01-01T18:00:00,computers
EVT_0007300,CUST_00578,2024-01-01T20:00:00,electronics
EVT_0007301,CUST_00578,2024-01-01T22:00:00,computers
EVT_0007302,CUST_00578,2024-01-02T00:00:00,electronics
EVT_0007303,CUST_00578,2024-01-02T02:00:00,computers
EVT_0007304,CUST_00579,2024-01-01T00:00:00,watches_gifts
EVT_0007305,CUST_00579,2024-01-01T02:00:00,health_beauty
EVT_0007306,CUST_00579,2024-01-01T04:00:00,watches_gifts
EVT_0007307,CUST_00579,2024-01-01T06:00:00,health_beauty
EVT_0007308,CUST_00579,2024-01-01T08:00:00,auto
EVT_0007309,CUST_00579,2024-01-01T10:00:00,electronics
EVT_0007310,CUST_00579,2024-01-01T12:00:00,computers
EVT_0007311,CUST_00579,2024-01-01T14:00:00,health_beauty
EVT_0007312,CUST_00579,2024-01-01T16:00:00,watches_gifts
EVT_0007313,CUST_00580,2024-01-01T00:00:00,electronics
EVT_0007314,CUST_00580,2024-01-01T02:00:00,computers
EVT_0007315,CUST_00580,2024-01-01T04:00:00,electronics
EVT_0007316,CUST_00580,2024-01-01T06:00:00,computers
EVT_0007317,CUST_00580,2024-01-01T08:00:00,electronics
EVT_0007318,CUST_00580,2024-01-01T10:00:00,computers
EVT_0007319,CUST_00580,2024-01-01T12:00:00,electronics
EVT_0007320,CUST_00580,2024-01-01T14:00:00,computers
EVT_0007321,CUST_00580,2024-01-01T16:00:00,electronics
EVT_0007322,CUST_00580,2024-01-01T18:00:00,computers
EVT_0007323,CUST_00580,2024-01-01T20:00:00,electronics
EVT_0007324,CUST_00580,2024-01-01T22:00:00,computers
EVT_0007325,CUST_00580,2024-01-02T00:00:00,bed_bath
EVT_0007326,CUST_00581,2024-01-01T00:00:00,electronics
EVT_0007327,CUST_00581,2024-01-01T02:00:00,computers
EVT_0007328,CUST_00581,2024-01-01T04:00:00,electronics
EVT_0007329,CUST_00581,2024-01-01T06:00:00,computers
EVT_0007330,CUST_00581,2024-01-01T08:00:00,electronics
EVT_0007331,CUST_00581,2024-01-01T10:00:00,computers
EVT_0007332,CUST_00581,2024-01-01T12:00:00,toys
EVT_0007333,CUST_00581,2024-01-01T14:00:00,electronics
EVT_0007334,CUST_00581,2024-01-01T16:00:00,computers
EVT_0007335,CUST_00581,2024-01-01T18:00:00,electronics
EVT_0007336,CUST_00581,2024-01-01T20:00:00,computers
EVT_0007337,CUST_00582,2024-01-01T00:00:00,computers
EVT_0007338,CUST_00582,2024-01-01T02:00:00,electronics
EVT_0007339,CUST_00582,2024-01-01T04:00:00,computers
EVT_0007340,CUST_00582,2024-01-01T06:00:00,electronics
EVT_0007341,CUST_00582,2024-01-01T08:00:00,computers
EVT_0007342,CUST_00582,2024-01-01T10:00:00,electronics
EVT_0007343,CUST_00582,2024-01-01T12:00:00,computers
EVT_0007344,CUST_00582,2024-01-01T14:00:00,electronics
EVT_0007345,CUST_00582,2024-01-01T16:00:00,computers
EVT_0007346,CUST_00582,2024-01-01T18:00:00,electronics
EVT_0007347,CUST_00582,2024-01-01T20:00:00,computers
EVT_0007348,CUST_00582,2024-01-01T22:00:00,electronics
EVT_0007349,CUST_00582,2024-01-02T00:00:00,computers
EVT_0007350,CUST_00582,2024-01-02T02:00:00,electronics
EVT_0007351,CUST_00582,2024-01-02T04:00:00,computers
EVT_0007352,CUST_00582,2024-01-02T06:00:00,electronics
EVT_0007353,CUST_00582,2024-01-02T08:00:00,computers
EVT_0007354,CUST_00583,2024-01-01T00:00:00,watches_gifts
EVT_0007355,CUST_00583,2024-01-01T02:00:00,health_beauty
EVT_0007356,CUST_00583,2024-01-01T04:00:00,watches_gifts
EVT_0007357,CUST_00583,2024-01-01T06:00:00,health_beauty
EVT_0007358,CUST_00583,2024-01-01T08:00:00,watches_gifts
EVT_0007359,CUST_00583,2024-01-01T10:00:00,health_beauty
EVT_0007360,CUST_00583,2024-01-01T12:00:00,watches_gifts
EVT_0007361,CUST_00583,2024-01-01T14:00:00,health_beauty
EVT_0007362,CUST_00583,2024-01-01T16:00:00,watches_gifts
EVT_0007363,CUST_00583,2024-01-01T18:00:00,health_beauty
EVT_0007364,CUST_00583,2024-01-01T20:00:00,watches_gifts
EVT_0007365,CUST_00583,2024-01-01T22:00:00,health_beauty
EVT_0007366,CUST_00583,2024-01-02T00:00:00,watches_gifts
EVT_0007367,CUST_00583,2024-01-02T02:00:00,health_beauty
EVT_0007368,CUST_00583,2024-01-02T04:00:00,watches_gifts
EVT_0007369,CUST_00583,2024-01-02T06:00:00,health_beauty
EVT_0007370,CUST_00584,2024-01-01T00:00:00,watches_gifts
EVT_0007371,CUST_00584,2024-01-01T02:00:00,health_beauty
EVT_0007372,CUST_00584,2024-01-01T04:00:00,toys
EVT_0007373,CUST_00584,2024-01-01T06:00:00,electronics
EVT_0007374,CUST_00584,2024-01-01T08:00:00,computers
EVT_0007375,CUST_00584,2024-01-01T10:00:00,electronics
EVT_0007376,CUST_00584,2024-01-01T12:00:00,computers
EVT_0007377,CUST_00584,2024-01-01T14:00:00,housewares
EVT_0007378,CUST_00584,2024-01-01T16:00:00,bed_bath
EVT_0007379,CUST_00585,2024-01-01T00:00:00,housewares
EVT_0007380,CUST_00585,2024-01-01T02:00:00,bed_bath
EVT_0007381,CUST_00585,2024-01-01T04:00:00,computers
EVT_0007382,CUST_00585,2024-01-01T06:00:00,electronics
EVT_0007383,CUST_00585,2024-01-01T08:00:00,computers
EVT_0007384,CUST_00585,2024-01-01T10:00:00,electronics
EVT_0007385,CUST_00585,2024-01-01T12:00:00,computers
EVT_0007386,CUST_00585,2024-01-01T14:00:00,electronics
EVT_0007387,CUST_00585,2024-01-01T16:00:00,computers
EVT_0007388,CUST_00585,2024-01-01T18:00:00,electronics
EVT_0007389,CUST_00585,2024-01-01T20:00:00,computers
EVT_0007390,CUST_00586,2024-01-01T00:00:00,electronics
EVT_0007391,CUST_00586,2024-01-01T02:00:00,computers
EVT_0007392,CUST_00586,2024-01-01T04:00:00,electronics
EVT_0007393,CUST_00586,2024-01-01T06:00:00,computers
EVT_0007394,CUST_00586,2024-01-01T08:00:00,electronics
EVT_0007395,CUST_00586,2024-01-01T10:00:00,computers
EVT_0007396,CUST_00586,2024-01-01T12:00:00,electronics
EVT_0007397,CUST_00586,2024-01-01T14:00:00,computers
EVT_0007398,CUST_00586,2024-01-01T16:00:00,electronics
EVT_0007399,CUST_00586,2024-01-01T18:00:00,computers
EVT_0007400,CUST_00586,2024-01-01T20:00:00,electronics
EVT_0007401,CUST_00587,2024-01-01T00:00:00,auto
EVT_0007402,CUST_00587,2024-01-01T02:00:00,electronics
EVT_0007403,CUST_00587,2024-01-01T04:00:00,bed_bath
EVT_0007404,CUST_00587,2024-01-01T06:00:00,furniture
EVT_0007405,CUST_00587,2024-01-01T08:00:00,housewares
EVT_0007406,CUST_00587,2024-01-01T10:00:00,bed_bath
EVT_0007407,CUST_00587,2024-01-01T12:00:00,furniture
EVT_0007408,CUST_00587,2024-01-01T14:00:00,housewares
EVT_0007409,CUST_00587,2024-01-01T16:00:00,bed_bath
EVT_0007410,CUST_00588,2024-01-01T00:00:00,electronics
EVT_0007411,CUST_00588,2024-01-01T02:00:00,watches_gifts
EVT_0007412,CUST_00588,2024-01-01T04:00:00,health_beauty
EVT_0007413,CUST_00588,2024-01-01T06:00:00,watches_gifts
EVT_0007414,CUST_00588,2024-01-01T08:00:00,health_beauty
EVT_0007415,CUST_00588,2024-01-01T10:00:00,health_beauty
EVT_0007416,CUST_00588,2024-01-01T12:00:00,watches_gifts
EVT_0007417,CUST_00588,2024-01-01T14:00:00,health_beauty
EVT_0007418,CUST_00588,2024-01-01T16:00:00,watches_gifts
EVT_0007419,CUST_00588,2024-01-01T18:00:00,toys
EVT_0007420,CUST_00588,2024-01-01T20:00:00,watches_gifts
EVT_0007421,CUST_00589,2024-01-01T00:00:00,electronics
EVT_0007422,CUST_00589,2024-01-01T02:00:00,computers
EVT_0007423,CUST_00589,2024-01-01T04:00:00,electronics
EVT_0007424,CUST_00589,2024-01-01T06:00:00,computers
EVT_0007425,CUST_00589,2024-01-01T08:00:00,electronics
EVT_0007426,CUST_00589,2024-01-01T10:00:00,computers
EVT_0007427,CUST_00589,2024-01-01T12:00:00,electronics
EVT_0007428,CUST_00589,2024-01-01T14:00:00,computers
EVT_0007429,CUST_00589,2024-01-01T16:00:00,electronics
EVT_0007430,CUST_00589,2024-01-01T18:00:00,computers
EVT_0007431,CUST_00589,2024-01-01T20:00:00,housewares
EVT_0007432,CUST_00589,2024-01-01T22:00:00,computers
EVT_0007433,CUST_00589,2024-01-02T00:00:00,electronics
EVT_0007434,CUST_00589,2024-01-02T02:00:00,computers
EVT_0007435,CUST_00589,2024-01-02T04:00:00,electronics
EVT_0007436,CUST_00589,2024-01-02T06:00:00,computers
EVT_0007437,CUST_00589,2024-01-02T08:00:00,electronics
EVT_0007438,CUST_00590,2024-01-01T00:00:00,electronics
EVT_0007439,CUST_00590,2024-01-01T02:00:00,computers
EVT_0007440,CUST_00590,2024-01-01T04:00:00,electronics
EVT_0007441,CUST_00590,2024-01-01T06:00:00,computers
EVT_0007442,CUST_00590,2024-01-01T08:00:00,electronics
EVT_0007443,CUST_00590,2024-01-01T10:00:00,computers
EVT_0007444,CUST_00590,2024-01-01T12:00:00,electronics
EVT_0007445,CUST_00590,2024-01-01T14:00:00,computers
EVT_0007446,CUST_00590,2024-01-01T16:00:00,electronics
EVT_0007447,CUST_00590,2024-01-01T18:00:00,computers
EVT_0007448,CUST_00590,2024-01-01T20:00:00,electronics
EVT_0007449,CUST_00590,2024-01-01T22:00:00,computers
EVT_0007450,CUST_00590,2024-01-02T00:00:00,electronics
EVT_0007451,CUST_00590,2024-01-02T02:00:00,computers
EVT_0007452,CUST_00591,2024-01-01T00:00:00,housewares
EVT_0007453,CUST_00591,2024-01-01T02:00:00,bed_bath
EVT_0007454,CUST_00591,2024-01-01T04:00:00,furniture
EVT_0007455,CUST_00591,2024-01-01T06:00:00,housewares
EVT_0007456,CUST_00591,2024-01-01T08:00:00,bed_bath
EVT_0007457,CUST_00591,2024-01-01T10:00:00,furniture
EVT_0007458,CUST_00591,2024-01-01T12:00:00,housewares
EVT_0007459,CUST_00591,2024-01-01T14:00:00,bed_bath
EVT_0007460,CUST_00591,2024-01-01T16:00:00,furniture
EVT_0007461,CUST_00591,2024-01-01T18:00:00,housewares
EVT_0007462,CUST_00591,2024-01-01T20:00:00,bed_bath
EVT_0007463,CUST_00591,2024-01-01T22:00:00,furniture
EVT_0007464,CUST_00591,2024-01-02T00:00:00,housewares
EVT_0007465,CUST_00591,2024-01-02T02:00:00,bed_bath
EVT_0007466,CUST_00592,2024-01-01T00:00:00,computers
EVT_0007467,CUST_00592,2024-01-01T02:00:00,electronics
EVT_0007468,CUST_00592,2024-01-01T04:00:00,computers
EVT_0007469,CUST_00592,2024-01-01T06:00:00,electronics
EVT_0007470,CUST_00592,2024-01-01T08:00:00,computers
EVT_0007471,CUST_00592,2024-01-01T10:00:00,electronics
EVT_0007472,CUST_00592,2024-01-01T12:00:00,computers
EVT_0007473,CUST_00592,2024-01-01T14:00:00,electronics
EVT_0007474,CUST_00592,2024-01-01T16:00:00,computers
EVT_0007475,CUST_00592,2024-01-01T18:00:00,electronics
EVT_0007476,CUST_00592,2024-01-01T20:00:00,computers
EVT_0007477,CUST_00592,2024-01-01T22:00:00,electronics
EVT_0007478,CUST_00592,2024-01-02T00:00:00,computers
EVT_0007479,CUST_00592,2024-01-02T02:00:00,electronics
EVT_0007480,CUST_00592,2024-01-02T04:00:00,furniture
EVT_0007481,CUST_00592,2024-01-02T06:00:00,housewares
EVT_0007482,CUST_00592,2024-01-02T08:00:00,bed_bath
EVT_0007483,CUST_00593,2024-01-01T00:00:00,electronics
EVT_0007484,CUST_00593,2024-01-01T02:00:00,computers
EVT_0007485,CUST_00593,2024-01-01T04:00:00,electronics
EVT_0007486,CUST_00593,2024-01-01T06:00:00,computers
EVT_0007487,CUST_00593,2024-01-01T08:00:00,electronics
EVT_0007488,CUST_00593,2024-01-01T10:00:00,computers
EVT_0007489,CUST_00593,2024-01-01T12:00:00,electronics
EVT_0007490,CUST_00593,2024-01-01T14:00:00,computers
EVT_0007491,CUST_00593,2024-01-01T16:00:00,electronics
EVT_0007492,CUST_00593,2024-01-01T18:00:00,computers
EVT_0007493,CUST_00593,2024-01-01T20:00:00,electronics
EVT_0007494,CUST_00593,2024-01-01T22:00:00,computers
EVT_0007495,CUST_00594,2024-01-01T00:00:00,bed_bath
EVT_0007496,CUST_00594,2024-01-01T02:00:00,furniture
EVT_0007497,CUST_00594,2024-01-01T04:00:00,housewares
EVT_0007498,CUST_00594,2024-01-01T06:00:00,bed_bath
EVT_0007499,CUST_00594,2024-01-01T08:00:00,watches_gifts
EVT_0007500,CUST_00594,2024-01-01T10:00:00,health_beauty
EVT_0007501,CUST_00594,2024-01-01T12:00:00,watches_gifts
EVT_0007502,CUST_00594,2024-01-01T14:00:00,health_beauty
EVT_0007503,CUST_00594,2024-01-01T16:00:00,watches_gifts
EVT_0007504,CUST_00594,2024-01-01T18:00:00,health_beauty
EVT_0007505,CUST_00594,2024-01-01T20:00:00,watches_gifts
EVT_0007506,CUST_00594,2024-01-01T22:00:00,watches_gifts
EVT_0007507,CUST_00594,2024-01-02T00:00:00,health_beauty
EVT_0007508,CUST_00594,2024-01-02T02:00:00,furniture
EVT_0007509,CUST_00594,2024-01-02T04:00:00,housewares
EVT_0007510,CUST_00594,2024-01-02T06:00:00,bed_bath
EVT_0007511,CUST_00594,2024-01-02T08:00:00,furniture
EVT_0007512,CUST_00595,2024-01-01T00:00:00,watches_gifts
EVT_0007513,CUST_00595,2024-01-01T02:00:00,health_beauty
EVT_0007514,CUST_00595,2024-01-01T04:00:00,watches_gifts
EVT_0007515,CUST_00595,2024-01-01T06:00:00,health_beauty
EVT_0007516,CUST_00595,2024-01-01T08:00:00,watches_gifts
EVT_0007517,CUST_00595,2024-01-01T10:00:00,health_beauty
EVT_0007518,CUST_00595,2024-01-01T12:00:00,watches_gifts
EVT_0007519,CUST_00595,2024-01-01T14:00:00,health_beauty
EVT_0007520,CUST_00595,2024-01-01T16:00:00,watches_gifts
EVT_0007521,CUST_00595,2024-01-01T18:00:00,health_beauty
EVT_0007522,CUST_00595,2024-01-01T20:00:00,watches_gifts
EVT_0007523,CUST_00595,2024-01-01T22:00:00,health_beauty
EVT_0007524,CUST_00595,2024-01-02T00:00:00,watches_gifts
EVT_0007525,CUST_00596,2024-01-01T00:00:00,watches_gifts
EVT_0007526,CUST_00596,2024-01-01T02:00:00,health_beauty
EVT_0007527,CUST_00596,2024-01-01T04:00:00,watches_gifts
EVT_0007528,CUST_00596,2024-01-01T06:00:00,health_beauty
EVT_0007529,CUST_00596,2024-01-01T08:00:00,watches_gifts
EVT_0007530,CUST_00596,2024-01-01T10:00:00,health_beauty
EVT_0007531,CUST_00596,2024-01-01T12:00:00,housewares
EVT_0007532,CUST_00596,2024-01-01T14:00:00,watches_gifts
EVT_0007533,CUST_00596,2024-01-01T16:00:00,health_beauty
EVT_0007534,CUST_00596,2024-01-01T18:00:00,watches_gifts
EVT_0007535,CUST_00596,2024-01-01T20:00:00,housewares
EVT_0007536,CUST_00596,2024-01-01T22:00:00,bed_bath
EVT_0007537,CUST_00596,2024-01-02T00:00:00,furniture
EVT_0007538,CUST_00596,2024-01-02T02:00:00,housewares
EVT_0007539,CUST_00596,2024-01-02T04:00:00,bed_bath
EVT_0007540,CUST_00596,2024-01-02T06:00:00,furniture
EVT_0007541,CUST_00597,2024-01-01T00:00:00,furniture
EVT_0007542,CUST_00597,2024-01-01T02:00:00,housewares
EVT_0007543,CUST_00597,2024-01-01T04:00:00,bed_bath
EVT_0007544,CUST_00597,2024-01-01T06:00:00,furniture
EVT_0007545,CUST_00597,2024-01-01T08:00:00,housewares
EVT_0007546,CUST_00597,2024-01-01T10:00:00,bed_bath
EVT_0007547,CUST_00597,2024-01-01T12:00:00,furniture
EVT_0007548,CUST_00597,2024-01-01T14:00:00,housewares
EVT_0007549,CUST_00597,2024-01-01T16:00:00,watches_gifts
EVT_0007550,CUST_00597,2024-01-01T18:00:00,health_beauty
EVT_0007551,CUST_00598,2024-01-01T00:00:00,health_beauty
EVT_0007552,CUST_00598,2024-01-01T02:00:00,watches_gifts
EVT_0007553,CUST_00598,2024-01-01T04:00:00,health_beauty
EVT_0007554,CUST_00598,2024-01-01T06:00:00,watches_gifts
EVT_0007555,CUST_00598,2024-01-01T08:00:00,health_beauty
EVT_0007556,CUST_00598,2024-01-01T10:00:00,watches_gifts
EVT_0007557,CUST_00598,2024-01-01T12:00:00,health_beauty
EVT_0007558,CUST_00598,2024-01-01T14:00:00,watches_gifts
EVT_0007559,CUST_00599,2024-01-01T00:00:00,housewares
EVT_0007560,CUST_00599,2024-01-01T02:00:00,bed_bath
EVT_0007561,CUST_00599,2024-01-01T04:00:00,furniture
EVT_0007562,CUST_00599,2024-01-01T06:00:00,housewares
EVT_0007563,CUST_00599,2024-01-01T08:00:00,bed_bath
EVT_0007564,CUST_00599,2024-01-01T10:00:00,furniture
EVT_0007565,CUST_00599,2024-01-01T12:00:00,housewares
EVT_0007566,CUST_00599,2024-01-01T14:00:00,bed_bath
EVT_0007567,CUST_00599,2024-01-01T16:00:00,furniture
EVT_0007568,CUST_00599,2024-01-01T18:00:00,housewares
EVT_0007569,CUST_00599,2024-01-01T20:00:00,bed_bath
EVT_0007570,CUST_00599,2024-01-01T22:00:00,furniture
EVT_0007571,CUST_00599,2024-01-02T00:00:00,housewares
EVT_0007572,CUST_00599,2024-01-02T02:00:00,bed_bath
EVT_0007573,CUST_00599,2024-01-02T04:00:00,furniture
EVT_0007574,CUST_00599,2024-01-02T06:00:00,housewares
EVT_0007575,CUST_00600,2024-01-01T00:00:00,computers
EVT_0007576,CUST_00600,2024-01-01T02:00:00,electronics
EVT_0007577,CUST_00600,2024-01-01T04:00:00,computers
EVT_0007578,CUST_00600,2024-01-01T06:00:00,electronics
EVT_0007579,CUST_00600,2024-01-01T08:00:00,computers
EVT_0007580,CUST_00600,2024-01-01T10:00:00,electronics
EVT_0007581,CUST_00600,2024-01-01T12:00:00,computers
EVT_0007582,CUST_00600,2024-01-01T14:00:00,electronics
EVT_0007583,CUST_00600,2024-01-01T16:00:00,computers
EVT_0007584,CUST_00600,2024-01-01T18:00:00,electronics
EVT_0007585,CUST_00600,2024-01-01T20:00:00,computers
EVT_0007586,CUST_00600,2024-01-01T22:00:00,electronics
EVT_0007587,CUST_00600,2024-01-02T00:00:00,housewares
EVT_0007588,CUST_00600,2024-01-02T02:00:00,bed_bath
EVT_0007589,CUST_00601,2024-01-01T00:00:00,electronics
EVT_0007590,CUST_00601,2024-01-01T02:00:00,computers
EVT_0007591,CUST_00601,2024-01-01T04:00:00,electronics
EVT_0007592,CUST_00601,2024-01-01T06:00:00,computers
EVT_0007593,CUST_00601,2024-01-01T08:00:00,sports_leisure
EVT_0007594,CUST_00601,2024-01-01T10:00:00,health_beauty
EVT_0007595,CUST_00601,2024-01-01T12:00:00,watches_gifts
EVT_0007596,CUST_00601,2024-01-01T14:00:00,health_beauty
EVT_0007597,CUST_00601,2024-01-01T16:00:00,watches_gifts
EVT_0007598,CUST_00602,2024-01-01T00:00:00,electronics
EVT_0007599,CUST_00602,2024-01-01T02:00:00,computers
EVT_0007600,CUST_00602,2024-01-01T04:00:00,electronics
EVT_0007601,CUST_00602,2024-01-01T06:00:00,computers
EVT_0007602,CUST_00602,2024-01-01T08:00:00,electronics
EVT_0007603,CUST_00602,2024-01-01T10:00:00,computers
EVT_0007604,CUST_00602,2024-01-01T12:00:00,electronics
EVT_0007605,CUST_00602,2024-01-01T14:00:00,computers
EVT_0007606,CUST_00603,2024-01-01T00:00:00,health_beauty
EVT_0007607,CUST_00603,2024-01-01T02:00:00,electronics
EVT_0007608,CUST_00603,2024-01-01T04:00:00,computers
EVT_0007609,CUST_00603,2024-01-01T06:00:00,electronics
EVT_0007610,CUST_00603,2024-01-01T08:00:00,computers
EVT_0007611,CUST_00603,2024-01-01T10:00:00,electronics
EVT_0007612,CUST_00603,2024-01-01T12:00:00,computers
EVT_0007613,CUST_00603,2024-01-01T14:00:00,electronics
EVT_0007614,CUST_00603,2024-01-01T16:00:00,computers
EVT_0007615,CUST_00603,2024-01-01T18:00:00,watches_gifts
EVT_0007616,CUST_00603,2024-01-01T20:00:00,health_beauty
EVT_0007617,CUST_00603,2024-01-01T22:00:00,furniture
EVT_0007618,CUST_00603,2024-01-02T00:00:00,housewares
EVT_0007619,CUST_00603,2024-01-02T02:00:00,bed_bath
EVT_0007620,CUST_00603,2024-01-02T04:00:00,furniture
EVT_0007621,CUST_00604,2024-01-01T00:00:00,electronics
EVT_0007622,CUST_00604,2024-01-01T02:00:00,computers
EVT_0007623,CUST_00604,2024-01-01T04:00:00,electronics
EVT_0007624,CUST_00604,2024-01-01T06:00:00,computers
EVT_0007625,CUST_00604,2024-01-01T08:00:00,electronics
EVT_0007626,CUST_00604,2024-01-01T10:00:00,computers
EVT_0007627,CUST_00604,2024-01-01T12:00:00,electronics
EVT_0007628,CUST_00604,2024-01-01T14:00:00,computers
EVT_0007629,CUST_00604,2024-01-01T16:00:00,electronics
EVT_0007630,CUST_00604,2024-01-01T18:00:00,computers
EVT_0007631,CUST_00604,2024-01-01T20:00:00,electronics
EVT_0007632,CUST_00604,2024-01-01T22:00:00,computers
EVT_0007633,CUST_00604,2024-01-02T00:00:00,electronics
EVT_0007634,CUST_00604,2024-01-02T02:00:00,computers
EVT_0007635,CUST_00605,2024-01-01T00:00:00,electronics
EVT_0007636,CUST_00605,2024-01-01T02:00:00,computers
EVT_0007637,CUST_00605,2024-01-01T04:00:00,electronics
EVT_0007638,CUST_00605,2024-01-01T06:00:00,computers
EVT_0007639,CUST_00605,2024-01-01T08:00:00,electronics
EVT_0007640,CUST_00605,2024-01-01T10:00:00,computers
EVT_0007641,CUST_00605,2024-01-01T12:00:00,electronics
EVT_0007642,CUST_00605,2024-01-01T14:00:00,computers
EVT_0007643,CUST_00605,2024-01-01T16:00:00,electronics
EVT_0007644,CUST_00605,2024-01-01T18:00:00,computers
EVT_0007645,CUST_00605,2024-01-01T20:00:00,electronics
EVT_0007646,CUST_00605,2024-01-01T22:00:00,computers
EVT_0007647,CUST_00605,2024-01-02T00:00:00,electronics
EVT_0007648,CUST_00605,2024-01-02T02:00:00,computers
EVT_0007649,CUST_00605,2024-01-02T04:00:00,electronics
EVT_0007650,CUST_00605,2024-01-02T06:00:00,auto
EVT_0007651,CUST_00606,2024-01-01T00:00:00,furniture
EVT_0007652,CUST_00606,2024-01-01T02:00:00,housewares
EVT_0007653,CUST_00606,2024-01-01T04:00:00,bed_bath
EVT_0007654,CUST_00606,2024-01-01T06:00:00,furniture
EVT_0007655,CUST_00606,2024-01-01T08:00:00,housewares
EVT_0007656,CUST_00606,2024-01-01T10:00:00,bed_bath
EVT_0007657,CUST_00606,2024-01-01T12:00:00,furniture
EVT_0007658,CUST_00606,2024-01-01T14:00:00,housewares
EVT_0007659,CUST_00606,2024-01-01T16:00:00,bed_bath
EVT_0007660,CUST_00606,2024-01-01T18:00:00,furniture
EVT_0007661,CUST_00606,2024-01-01T20:00:00,housewares
EVT_0007662,CUST_00606,2024-01-01T22:00:00,bed_bath
EVT_0007663,CUST_00606,2024-01-02T00:00:00,furniture
EVT_0007664,CUST_00607,2024-01-01T00:00:00,electronics
EVT_0007665,CUST_00607,2024-01-01T02:00:00,computers
EVT_0007666,CUST_00607,2024-01-01T04:00:00,electronics
EVT_0007667,CUST_00607,2024-01-01T06:00:00,computers
EVT_0007668,CUST_00607,2024-01-01T08:00:00,electronics
EVT_0007669,CUST_00607,2024-01-01T10:00:00,computers
EVT_0007670,CUST_00607,2024-01-01T12:00:00,electronics
EVT_0007671,CUST_00607,2024-01-01T14:00:00,computers
EVT_0007672,CUST_00607,2024-01-01T16:00:00,electronics
EVT_0007673,CUST_00607,2024-01-01T18:00:00,computers
EVT_0007674,CUST_00608,2024-01-01T00:00:00,housewares
EVT_0007675,CUST_00608,2024-01-01T02:00:00,bed_bath
EVT_0007676,CUST_00608,2024-01-01T04:00:00,furniture
EVT_0007677,CUST_00608,2024-01-01T06:00:00,housewares
EVT_0007678,CUST_00608,2024-01-01T08:00:00,bed_bath
EVT_0007679,CUST_00608,2024-01-01T10:00:00,furniture
EVT_0007680,CUST_00608,2024-01-01T12:00:00,housewares
EVT_0007681,CUST_00608,2024-01-01T14:00:00,auto
EVT_0007682,CUST_00608,2024-01-01T16:00:00,electronics
EVT_0007683,CUST_00608,2024-01-01T18:00:00,computers
EVT_0007684,CUST_00609,2024-01-01T00:00:00,health_beauty
EVT_0007685,CUST_00609,2024-01-01T02:00:00,watches_gifts
EVT_0007686,CUST_00609,2024-01-01T04:00:00,health_beauty
EVT_0007687,CUST_00609,2024-01-01T06:00:00,watches_gifts
EVT_0007688,CUST_00609,2024-01-01T08:00:00,health_beauty
EVT_0007689,CUST_00609,2024-01-01T10:00:00,watches_gifts
EVT_0007690,CUST_00609,2024-01-01T12:00:00,health_beauty
EVT_0007691,CUST_00609,2024-01-01T14:00:00,watches_gifts
EVT_0007692,CUST_00609,2024-01-01T16:00:00,health_beauty
EVT_0007693,CUST_00609,2024-01-01T18:00:00,watches_gifts
EVT_0007694,CUST_00609,2024-01-01T20:00:00,health_beauty
EVT_0007695,CUST_00609,2024-01-01T22:00:00,watches_gifts
EVT_0007696,CUST_00609,2024-01-02T00:00:00,health_beauty
EVT_0007697,CUST_00609,2024-01-02T02:00:00,watches_gifts
EVT_0007698,CUST_00609,2024-01-02T04:00:00,health_beauty
EVT_0007699,CUST_00609,2024-01-02T06:00:00,watches_gifts
EVT_0007700,CUST_00609,2024-01-02T08:00:00,health_beauty
EVT_0007701,CUST_00610,2024-01-01T00:00:00,computers
EVT_0007702,CUST_00610,2024-01-01T02:00:00,electronics
EVT_0007703,CUST_00610,2024-01-01T04:00:00,computers
EVT_0007704,CUST_00610,2024-01-01T06:00:00,electronics
EVT_0007705,CUST_00610,2024-01-01T08:00:00,computers
EVT_0007706,CUST_00610,2024-01-01T10:00:00,electronics
EVT_0007707,CUST_00610,2024-01-01T12:00:00,computers
EVT_0007708,CUST_00610,2024-01-01T14:00:00,electronics
EVT_0007709,CUST_00610,2024-01-01T16:00:00,computers
EVT_0007710,CUST_00610,2024-01-01T18:00:00,electronics
EVT_0007711,CUST_00610,2024-01-01T20:00:00,computers
EVT_0007712,CUST_00610,2024-01-01T22:00:00,electronics
EVT_0007713,CUST_00610,2024-01-02T00:00:00,computers
EVT_0007714,CUST_00611,2024-01-01T00:00:00,computers
EVT_0007715,CUST_00611,2024-01-01T02:00:00,electronics
EVT_0007716,CUST_00611,2024-01-01T04:00:00,computers
EVT_0007717,CUST_00611,2024-01-01T06:00:00,electronics
EVT_0007718,CUST_00611,2024-01-01T08:00:00,computers
EVT_0007719,CUST_00611,2024-01-01T10:00:00,electronics
EVT_0007720,CUST_00611,2024-01-01T12:00:00,computers
EVT_0007721,CUST_00611,2024-01-01T14:00:00,electronics
EVT_0007722,CUST_00611,2024-01-01T16:00:00,computers
EVT_0007723,CUST_00611,2024-01-01T18:00:00,electronics
EVT_0007724,CUST_00611,2024-01-01T20:00:00,computers
EVT_0007725,CUST_00612,2024-01-01T00:00:00,electronics
EVT_0007726,CUST_00612,2024-01-01T02:00:00,computers
EVT_0007727,CUST_00612,2024-01-01T04:00:00,electronics
EVT_0007728,CUST_00612,2024-01-01T06:00:00,computers
EVT_0007729,CUST_00612,2024-01-01T08:00:00,electronics
EVT_0007730,CUST_00612,2024-01-01T10:00:00,computers
EVT_0007731,CUST_00612,2024-01-01T12:00:00,electronics
EVT_0007732,CUST_00612,2024-01-01T14:00:00,computers
EVT_0007733,CUST_00612,2024-01-01T16:00:00,electronics
EVT_0007734,CUST_00612,2024-01-01T18:00:00,computers
EVT_0007735,CUST_00612,2024-01-01T20:00:00,electronics
EVT_0007736,CUST_00613,2024-01-01T00:00:00,electronics
EVT_0007737,CUST_00613,2024-01-01T02:00:00,computers
EVT_0007738,CUST_00613,2024-01-01T04:00:00,electronics
EVT_0007739,CUST_00613,2024-01-01T06:00:00,computers
EVT_0007740,CUST_00613,2024-01-01T08:00:00,electronics
EVT_0007741,CUST_00613,2024-01-01T10:00:00,computers
EVT_0007742,CUST_00613,2024-01-01T12:00:00,electronics
EVT_0007743,CUST_00613,2024-01-01T14:00:00,computers
EVT_0007744,CUST_00613,2024-01-01T16:00:00,electronics
EVT_0007745,CUST_00613,2024-01-01T18:00:00,housewares
EVT_0007746,CUST_00613,2024-01-01T20:00:00,furniture
EVT_0007747,CUST_00613,2024-01-01T22:00:00,housewares
EVT_0007748,CUST_00613,2024-01-02T00:00:00,bed_bath
EVT_0007749,CUST_00613,2024-01-02T02:00:00,furniture
EVT_0007750,CUST_00613,2024-01-02T04:00:00,bed_bath
EVT_0007751,CUST_00613,2024-01-02T06:00:00,furniture
EVT_0007752,CUST_00614,2024-01-01T00:00:00,watches_gifts
EVT_0007753,CUST_00614,2024-01-01T02:00:00,health_beauty
EVT_0007754,CUST_00614,2024-01-01T04:00:00,watches_gifts
EVT_0007755,CUST_00614,2024-01-01T06:00:00,health_beauty
EVT_0007756,CUST_00614,2024-01-01T08:00:00,watches_gifts
EVT_0007757,CUST_00614,2024-01-01T10:00:00,health_beauty
EVT_0007758,CUST_00614,2024-01-01T12:00:00,watches_gifts
EVT_0007759,CUST_00614,2024-01-01T14:00:00,health_beauty
EVT_0007760,CUST_00614,2024-01-01T16:00:00,watches_gifts
EVT_0007761,CUST_00614,2024-01-01T18:00:00,health_beauty
EVT_0007762,CUST_00615,2024-01-01T00:00:00,health_beauty
EVT_0007763,CUST_00615,2024-01-01T02:00:00,watches_gifts
EVT_0007764,CUST_00615,2024-01-01T04:00:00,health_beauty
EVT_0007765,CUST_00615,2024-01-01T06:00:00,watches_gifts
EVT_0007766,CUST_00615,2024-01-01T08:00:00,health_beauty
EVT_0007767,CUST_00615,2024-01-01T10:00:00,watches_gifts
EVT_0007768,CUST_00615,2024-01-01T12:00:00,health_beauty
EVT_0007769,CUST_00615,2024-01-01T14:00:00,watches_gifts
EVT_0007770,CUST_00615,2024-01-01T16:00:00,health_beauty
EVT_0007771,CUST_00615,2024-01-01T18:00:00,watches_gifts
EVT_0007772,CUST_00615,2024-01-01T20:00:00,health_beauty
EVT_0007773,CUST_00615,2024-01-01T22:00:00,watches_gifts
EVT_0007774,CUST_00615,2024-01-02T00:00:00,health_beauty
EVT_0007775,CUST_00615,2024-01-02T02:00:00,watches_gifts
EVT_0007776,CUST_00615,2024-01-02T04:00:00,health_beauty
EVT_0007777,CUST_00615,2024-01-02T06:00:00,watches_gifts
EVT_0007778,CUST_00616,2024-01-01T00:00:00,health_beauty
EVT_0007779,CUST_00616,2024-01-01T02:00:00,watches_gifts
EVT_0007780,CUST_00616,2024-01-01T04:00:00,health_beauty
EVT_0007781,CUST_00616,2024-01-01T06:00:00,watches_gifts
EVT_0007782,CUST_00616,2024-01-01T08:00:00,health_beauty
EVT_0007783,CUST_00616,2024-01-01T10:00:00,watches_gifts
EVT_0007784,CUST_00616,2024-01-01T12:00:00,health_beauty
EVT_0007785,CUST_00616,2024-01-01T14:00:00,watches_gifts
EVT_0007786,CUST_00616,2024-01-01T16:00:00,health_beauty
EVT_0007787,CUST_00616,2024-01-01T18:00:00,watches_gifts
EVT_0007788,CUST_00616,2024-01-01T20:00:00,health_beauty
EVT_0007789,CUST_00616,2024-01-01T22:00:00,watches_gifts
EVT_0007790,CUST_00616,2024-01-02T00:00:00,health_beauty
EVT_0007791,CUST_00617,2024-01-01T00:00:00,electronics
EVT_0007792,CUST_00617,2024-01-01T02:00:00,computers
EVT_0007793,CUST_00617,2024-01-01T04:00:00,electronics
EVT_0007794,CUST_00617,2024-01-01T06:00:00,computers
EVT_0007795,CUST_00617,2024-01-01T08:00:00,electronics
EVT_0007796,CUST_00617,2024-01-01T10:00:00,computers
EVT_0007797,CUST_00617,2024-01-01T12:00:00,electronics
EVT_0007798,CUST_00617,2024-01-01T14:00:00,computers
EVT_0007799,CUST_00617,2024-01-01T16:00:00,electronics
EVT_0007800,CUST_00617,2024-01-01T18:00:00,computers
EVT_0007801,CUST_00617,2024-01-01T20:00:00,electronics
EVT_0007802,CUST_00618,2024-01-01T00:00:00,watches_gifts
EVT_0007803,CUST_00618,2024-01-01T02:00:00,health_beauty
EVT_0007804,CUST_00618,2024-01-01T04:00:00,watches_gifts
EVT_0007805,CUST_00618,2024-01-01T06:00:00,health_beauty
EVT_0007806,CUST_00618,2024-01-01T08:00:00,watches_gifts
EVT_0007807,CUST_00618,2024-01-01T10:00:00,health_beauty
EVT_0007808,CUST_00618,2024-01-01T12:00:00,watches_gifts
EVT_0007809,CUST_00618,2024-01-01T14:00:00,health_beauty
EVT_0007810,CUST_00618,2024-01-01T16:00:00,watches_gifts
EVT_0007811,CUST_00619,2024-01-01T00:00:00,electronics
EVT_0007812,CUST_00619,2024-01-01T02:00:00,computers
EVT_0007813,CUST_00619,2024-01-01T04:00:00,electronics
EVT_0007814,CUST_00619,2024-01-01T06:00:00,computers
EVT_0007815,CUST_00619,2024-01-01T08:00:00,electronics
EVT_0007816,CUST_00619,2024-01-01T10:00:00,computers
EVT_0007817,CUST_00619,2024-01-01T12:00:00,electronics
EVT_0007818,CUST_00619,2024-01-01T14:00:00,computers
EVT_0007819,CUST_00620,2024-01-01T00:00:00,health_beauty
EVT_0007820,CUST_00620,2024-01-01T02:00:00,watches_gifts
EVT_0007821,CUST_00620,2024-01-01T04:00:00,health_beauty
EVT_0007822,CUST_00620,2024-01-01T06:00:00,watches_gifts
EVT_0007823,CUST_00620,2024-01-01T08:00:00,health_beauty
EVT_0007824,CUST_00620,2024-01-01T10:00:00,watches_gifts
EVT_0007825,CUST_00620,2024-01-01T12:00:00,health_beauty
EVT_0007826,CUST_00620,2024-01-01T14:00:00,watches_gifts
EVT_0007827,CUST_00621,2024-01-01T00:00:00,health_beauty
EVT_0007828,CUST_00621,2024-01-01T02:00:00,watches_gifts
EVT_0007829,CUST_00621,2024-01-01T04:00:00,health_beauty
EVT_0007830,CUST_00621,2024-01-01T06:00:00,watches_gifts
EVT_0007831,CUST_00621,2024-01-01T08:00:00,health_beauty
EVT_0007832,CUST_00621,2024-01-01T10:00:00,watches_gifts
EVT_0007833,CUST_00621,2024-01-01T12:00:00,health_beauty
EVT_0007834,CUST_00621,2024-01-01T14:00:00,watches_gifts
EVT_0007835,CUST_00621,2024-01-01T16:00:00,health_beauty
EVT_0007836,CUST_00622,2024-01-01T00:00:00,electronics
EVT_0007837,CUST_00622,2024-01-01T02:00:00,computers
EVT_0007838,CUST_00622,2024-01-01T04:00:00,electronics
EVT_0007839,CUST_00622,2024-01-01T06:00:00,computers
EVT_0007840,CUST_00622,2024-01-01T08:00:00,electronics
EVT_0007841,CUST_00622,2024-01-01T10:00:00,computers
EVT_0007842,CUST_00622,2024-01-01T12:00:00,electronics
EVT_0007843,CUST_00622,2024-01-01T14:00:00,computers
EVT_0007844,CUST_00622,2024-01-01T16:00:00,electronics
EVT_0007845,CUST_00623,2024-01-01T00:00:00,watches_gifts
EVT_0007846,CUST_00623,2024-01-01T02:00:00,health_beauty
EVT_0007847,CUST_00623,2024-01-01T04:00:00,watches_gifts
EVT_0007848,CUST_00623,2024-01-01T06:00:00,health_beauty
EVT_0007849,CUST_00623,2024-01-01T08:00:00,watches_gifts
EVT_0007850,CUST_00623,2024-01-01T10:00:00,health_beauty
EVT_0007851,CUST_00623,2024-01-01T12:00:00,health_beauty
EVT_0007852,CUST_00623,2024-01-01T14:00:00,watches_gifts
EVT_0007853,CUST_00623,2024-01-01T16:00:00,health_beauty
EVT_0007854,CUST_00624,2024-01-01T00:00:00,furniture
EVT_0007855,CUST_00624,2024-01-01T02:00:00,housewares
EVT_0007856,CUST_00624,2024-01-01T04:00:00,toys
EVT_0007857,CUST_00624,2024-01-01T06:00:00,electronics
EVT_0007858,CUST_00624,2024-01-01T08:00:00,computers
EVT_0007859,CUST_00624,2024-01-01T10:00:00,electronics
EVT_0007860,CUST_00624,2024-01-01T12:00:00,computers
EVT_0007861,CUST_00624,2024-01-01T14:00:00,auto
EVT_0007862,CUST_00624,2024-01-01T16:00:00,electronics
EVT_0007863,CUST_00624,2024-01-01T18:00:00,health_beauty
EVT_0007864,CUST_00624,2024-01-01T20:00:00,watches_gifts
EVT_0007865,CUST_00624,2024-01-01T22:00:00,health_beauty
EVT_0007866,CUST_00624,2024-01-02T00:00:00,watches_gifts
EVT_0007867,CUST_00624,2024-01-02T02:00:00,health_beauty
EVT_0007868,CUST_00624,2024-01-02T04:00:00,watches_gifts
EVT_0007869,CUST_00625,2024-01-01T00:00:00,electronics
EVT_0007870,CUST_00625,2024-01-01T02:00:00,computers
EVT_0007871,CUST_00625,2024-01-01T04:00:00,electronics
EVT_0007872,CUST_00625,2024-01-01T06:00:00,computers
EVT_0007873,CUST_00625,2024-01-01T08:00:00,bed_bath
EVT_0007874,CUST_00625,2024-01-01T10:00:00,furniture
EVT_0007875,CUST_00625,2024-01-01T12:00:00,housewares
EVT_0007876,CUST_00625,2024-01-01T14:00:00,bed_bath
EVT_0007877,CUST_00625,2024-01-01T16:00:00,furniture
EVT_0007878,CUST_00625,2024-01-01T18:00:00,housewares
EVT_0007879,CUST_00625,2024-01-01T20:00:00,bed_bath
EVT_0007880,CUST_00625,2024-01-01T22:00:00,toys
EVT_0007881,CUST_00626,2024-01-01T00:00:00,electronics
EVT_0007882,CUST_00626,2024-01-01T02:00:00,furniture
EVT_0007883,CUST_00626,2024-01-01T04:00:00,housewares
EVT_0007884,CUST_00626,2024-01-01T06:00:00,bed_bath
EVT_0007885,CUST_00626,2024-01-01T08:00:00,furniture
EVT_0007886,CUST_00626,2024-01-01T10:00:00,housewares
EVT_0007887,CUST_00626,2024-01-01T12:00:00,bed_bath
EVT_0007888,CUST_00626,2024-01-01T14:00:00,furniture
EVT_0007889,CUST_00626,2024-01-01T16:00:00,housewares
EVT_0007890,CUST_00626,2024-01-01T18:00:00,bed_bath
EVT_0007891,CUST_00626,2024-01-01T20:00:00,furniture
EVT_0007892,CUST_00626,2024-01-01T22:00:00,housewares
EVT_0007893,CUST_00626,2024-01-02T00:00:00,bed_bath
EVT_0007894,CUST_00626,2024-01-02T02:00:00,furniture
EVT_0007895,CUST_00626,2024-01-02T04:00:00,housewares
EVT_0007896,CUST_00627,2024-01-01T00:00:00,housewares
EVT_0007897,CUST_00627,2024-01-01T02:00:00,bed_bath
EVT_0007898,CUST_00627,2024-01-01T04:00:00,furniture
EVT_0007899,CUST_00627,2024-01-01T06:00:00,housewares
EVT_0007900,CUST_00627,2024-01-01T08:00:00,furniture
EVT_0007901,CUST_00627,2024-01-01T10:00:00,housewares
EVT_0007902,CUST_00627,2024-01-01T12:00:00,bed_bath
EVT_0007903,CUST_00627,2024-01-01T14:00:00,furniture
EVT_0007904,CUST_00627,2024-01-01T16:00:00,housewares
EVT_0007905,CUST_00627,2024-01-01T18:00:00,bed_bath
EVT_0007906,CUST_00628,2024-01-01T00:00:00,electronics
EVT_0007907,CUST_00628,2024-01-01T02:00:00,computers
EVT_0007908,CUST_00628,2024-01-01T04:00:00,electronics
EVT_0007909,CUST_00628,2024-01-01T06:00:00,computers
EVT_0007910,CUST_00628,2024-01-01T08:00:00,furniture
EVT_0007911,CUST_00628,2024-01-01T10:00:00,housewares
EVT_0007912,CUST_00628,2024-01-01T12:00:00,bed_bath
EVT_0007913,CUST_00628,2024-01-01T14:00:00,furniture
EVT_0007914,CUST_00628,2024-01-01T16:00:00,housewares
EVT_0007915,CUST_00628,2024-01-01T18:00:00,bed_bath
EVT_0007916,CUST_00629,2024-01-01T00:00:00,health_beauty
EVT_0007917,CUST_00629,2024-01-01T02:00:00,watches_gifts
EVT_0007918,CUST_00629,2024-01-01T04:00:00,health_beauty
EVT_0007919,CUST_00629,2024-01-01T06:00:00,watches_gifts
EVT_0007920,CUST_00629,2024-01-01T08:00:00,housewares
EVT_0007921,CUST_00629,2024-01-01T10:00:00,bed_bath
EVT_0007922,CUST_00629,2024-01-01T12:00:00,furniture
EVT_0007923,CUST_00629,2024-01-01T14:00:00,housewares
EVT_0007924,CUST_00629,2024-01-01T16:00:00,bed_bath
EVT_0007925,CUST_00629,2024-01-01T18:00:00,furniture
EVT_0007926,CUST_00629,2024-01-01T20:00:00,housewares
EVT_0007927,CUST_00629,2024-01-01T22:00:00,bed_bath
EVT_0007928,CUST_00629,2024-01-02T00:00:00,furniture
EVT_0007929,CUST_00629,2024-01-02T02:00:00,housewares
EVT_0007930,CUST_00629,2024-01-02T04:00:00,bed_bath
EVT_0007931,CUST_00629,2024-01-02T06:00:00,furniture
EVT_0007932,CUST_00629,2024-01-02T08:00:00,housewares
EVT_0007933,CUST_00630,2024-01-01T00:00:00,watches_gifts
EVT_0007934,CUST_00630,2024-01-01T02:00:00,health_beauty
EVT_0007935,CUST_00630,2024-01-01T04:00:00,watches_gifts
EVT_0007936,CUST_00630,2024-01-01T06:00:00,health_beauty
EVT_0007937,CUST_00630,2024-01-01T08:00:00,watches_gifts
EVT_0007938,CUST_00630,2024-01-01T10:00:00,health_beauty
EVT_0007939,CUST_00630,2024-01-01T12:00:00,watches_gifts
EVT_0007940,CUST_00630,2024-01-01T14:00:00,health_beauty
EVT_0007941,CUST_00630,2024-01-01T16:00:00,watches_gifts
EVT_0007942,CUST_00630,2024-01-01T18:00:00,health_beauty
EVT_0007943,CUST_00630,2024-01-01T20:00:00,watches_gifts
EVT_0007944,CUST_00630,2024-01-01T22:00:00,health_beauty
EVT_0007945,CUST_00630,2024-01-02T00:00:00,watches_gifts
EVT_0007946,CUST_00630,2024-01-02T02:00:00,health_beauty
EVT_0007947,CUST_00631,2024-01-01T00:00:00,health_beauty
EVT_0007948,CUST_00631,2024-01-01T02:00:00,watches_gifts
EVT_0007949,CUST_00631,2024-01-01T04:00:00,health_beauty
EVT_0007950,CUST_00631,2024-01-01T06:00:00,watches_gifts
EVT_0007951,CUST_00631,2024-01-01T08:00:00,health_beauty
EVT_0007952,CUST_00631,2024-01-01T10:00:00,watches_gifts
EVT_0007953,CUST_00631,2024-01-01T12:00:00,health_beauty
EVT_0007954,CUST_00631,2024-01-01T14:00:00,watches_gifts
EVT_0007955,CUST_00632,2024-01-01T00:00:00,computers
EVT_0007956,CUST_00632,2024-01-01T02:00:00,electronics
EVT_0007957,CUST_00632,2024-01-01T04:00:00,computers
EVT_0007958,CUST_00632,2024-01-01T06:00:00,electronics
EVT_0007959,CUST_00632,2024-01-01T08:00:00,computers
EVT_0007960,CUST_00632,2024-01-01T10:00:00,electronics
EVT_0007961,CUST_00632,2024-01-01T12:00:00,toys
EVT_0007962,CUST_00632,2024-01-01T14:00:00,electronics
EVT_0007963,CUST_00632,2024-01-01T16:00:00,computers
EVT_0007964,CUST_00632,2024-01-01T18:00:00,electronics
EVT_0007965,CUST_00632,2024-01-01T20:00:00,computers
EVT_0007966,CUST_00632,2024-01-01T22:00:00,electronics
EVT_0007967,CUST_00632,2024-01-02T00:00:00,auto
EVT_0007968,CUST_00632,2024-01-02T02:00:00,electronics
EVT_0007969,CUST_00633,2024-01-01T00:00:00,housewares
EVT_0007970,CUST_00633,2024-01-01T02:00:00,bed_bath
EVT_0007971,CUST_00633,2024-01-01T04:00:00,furniture
EVT_0007972,CUST_00633,2024-01-01T06:00:00,housewares
EVT_0007973,CUST_00633,2024-01-01T08:00:00,bed_bath
EVT_0007974,CUST_00633,2024-01-01T10:00:00,furniture
EVT_0007975,CUST_00633,2024-01-01T12:00:00,housewares
EVT_0007976,CUST_00633,2024-01-01T14:00:00,bed_bath
EVT_0007977,CUST_00634,2024-01-01T00:00:00,bed_bath
EVT_0007978,CUST_00634,2024-01-01T02:00:00,furniture
EVT_0007979,CUST_00634,2024-01-01T04:00:00,housewares
EVT_0007980,CUST_00634,2024-01-01T06:00:00,bed_bath
EVT_0007981,CUST_00634,2024-01-01T08:00:00,furniture
EVT_0007982,CUST_00634,2024-01-01T10:00:00,housewares
EVT_0007983,CUST_00634,2024-01-01T12:00:00,bed_bath
EVT_0007984,CUST_00634,2024-01-01T14:00:00,furniture
EVT_0007985,CUST_00634,2024-01-01T16:00:00,housewares
EVT_0007986,CUST_00634,2024-01-01T18:00:00,bed_bath
EVT_0007987,CUST_00634,2024-01-01T20:00:00,furniture
EVT_0007988,CUST_00634,2024-01-01T22:00:00,housewares
EVT_0007989,CUST_00634,2024-01-02T00:00:00,bed_bath
EVT_0007990,CUST_00634,2024-01-02T02:00:00,furniture
EVT_0007991,CUST_00634,2024-01-02T04:00:00,housewares
EVT_0007992,CUST_00634,2024-01-02T06:00:00,bed_bath
EVT_0007993,CUST_00634,2024-01-02T08:00:00,furniture
EVT_0007994,CUST_00635,2024-01-01T00:00:00,bed_bath
EVT_0007995,CUST_00635,2024-01-01T02:00:00,furniture
EVT_0007996,CUST_00635,2024-01-01T04:00:00,housewares
EVT_0007997,CUST_00635,2024-01-01T06:00:00,bed_bath
EVT_0007998,CUST_00635,2024-01-01T08:00:00,furniture
EVT_0007999,CUST_00635,2024-01-01T10:00:00,housewares
EVT_0008000,CUST_00635,2024-01-01T12:00:00,bed_bath
EVT_0008001,CUST_00635,2024-01-01T14:00:00,furniture
EVT_0008002,CUST_00635,2024-01-01T16:00:00,housewares
EVT_0008003,CUST_00635,2024-01-01T18:00:00,bed_bath
EVT_0008004,CUST_00636,2024-01-01T00:00:00,watches_gifts
EVT_0008005,CUST_00636,2024-01-01T02:00:00,health_beauty
EVT_0008006,CUST_00636,2024-01-01T04:00:00,watches_gifts
EVT_0008007,CUST_00636,2024-01-01T06:00:00,health_beauty
EVT_0008008,CUST_00636,2024-01-01T08:00:00,watches_gifts
EVT_0008009,CUST_00636,2024-01-01T10:00:00,health_beauty
EVT_0008010,CUST_00636,2024-01-01T12:00:00,watches_gifts
EVT_0008011,CUST_00636,2024-01-01T14:00:00,computers
EVT_0008012,CUST_00636,2024-01-01T16:00:00,electronics
EVT_0008013,CUST_00636,2024-01-01T18:00:00,computers
EVT_0008014,CUST_00636,2024-01-01T20:00:00,electronics
EVT_0008015,CUST_00636,2024-01-01T22:00:00,computers
EVT_0008016,CUST_00636,2024-01-02T00:00:00,electronics
EVT_0008017,CUST_00636,2024-01-02T02:00:00,computers
EVT_0008018,CUST_00637,2024-01-01T00:00:00,housewares
EVT_0008019,CUST_00637,2024-01-01T02:00:00,bed_bath
EVT_0008020,CUST_00637,2024-01-01T04:00:00,furniture
EVT_0008021,CUST_00637,2024-01-01T06:00:00,housewares
EVT_0008022,CUST_00637,2024-01-01T08:00:00,bed_bath
EVT_0008023,CUST_00637,2024-01-01T10:00:00,furniture
EVT_0008024,CUST_00637,2024-01-01T12:00:00,housewares
EVT_0008025,CUST_00637,2024-01-01T14:00:00,bed_bath
EVT_0008026,CUST_00637,2024-01-01T16:00:00,furniture
EVT_0008027,CUST_00638,2024-01-01T00:00:00,electronics
EVT_0008028,CUST_00638,2024-01-01T02:00:00,computers
EVT_0008029,CUST_00638,2024-01-01T04:00:00,electronics
EVT_0008030,CUST_00638,2024-01-01T06:00:00,computers
EVT_0008031,CUST_00638,2024-01-01T08:00:00,electronics
EVT_0008032,CUST_00638,2024-01-01T10:00:00,computers
EVT_0008033,CUST_00638,2024-01-01T12:00:00,electronics
EVT_0008034,CUST_00638,2024-01-01T14:00:00,computers
EVT_0008035,CUST_00638,2024-01-01T16:00:00,electronics
EVT_0008036,CUST_00638,2024-01-01T18:00:00,computers
EVT_0008037,CUST_00638,2024-01-01T20:00:00,electronics
EVT_0008038,CUST_00638,2024-01-01T22:00:00,computers
EVT_0008039,CUST_00638,2024-01-02T00:00:00,electronics
EVT_0008040,CUST_00638,2024-01-02T02:00:00,computers
EVT_0008041,CUST_00638,2024-01-02T04:00:00,electronics
EVT_0008042,CUST_00638,2024-01-02T06:00:00,computers
EVT_0008043,CUST_00639,2024-01-01T00:00:00,furniture
EVT_0008044,CUST_00639,2024-01-01T02:00:00,housewares
EVT_0008045,CUST_00639,2024-01-01T04:00:00,bed_bath
EVT_0008046,CUST_00639,2024-01-01T06:00:00,furniture
EVT_0008047,CUST_00639,2024-01-01T08:00:00,housewares
EVT_0008048,CUST_00639,2024-01-01T10:00:00,bed_bath
EVT_0008049,CUST_00639,2024-01-01T12:00:00,furniture
EVT_0008050,CUST_00639,2024-01-01T14:00:00,housewares
EVT_0008051,CUST_00639,2024-01-01T16:00:00,bed_bath
EVT_0008052,CUST_00639,2024-01-01T18:00:00,furniture
EVT_0008053,CUST_00639,2024-01-01T20:00:00,housewares
EVT_0008054,CUST_00639,2024-01-01T22:00:00,bed_bath
EVT_0008055,CUST_00639,2024-01-02T00:00:00,furniture
EVT_0008056,CUST_00640,2024-01-01T00:00:00,electronics
EVT_0008057,CUST_00640,2024-01-01T02:00:00,computers
EVT_0008058,CUST_00640,2024-01-01T04:00:00,electronics
EVT_0008059,CUST_00640,2024-01-01T06:00:00,computers
EVT_0008060,CUST_00640,2024-01-01T08:00:00,electronics
EVT_0008061,CUST_00640,2024-01-01T10:00:00,computers
EVT_0008062,CUST_00640,2024-01-01T12:00:00,electronics
EVT_0008063,CUST_00640,2024-01-01T14:00:00,computers
EVT_0008064,CUST_00640,2024-01-01T16:00:00,electronics
EVT_0008065,CUST_00640,2024-01-01T18:00:00,computers
EVT_0008066,CUST_00640,2024-01-01T20:00:00,electronics
EVT_0008067,CUST_00640,2024-01-01T22:00:00,computers
EVT_0008068,CUST_00640,2024-01-02T00:00:00,electronics
EVT_0008069,CUST_00640,2024-01-02T02:00:00,computers
EVT_0008070,CUST_00640,2024-01-02T04:00:00,electronics
EVT_0008071,CUST_00640,2024-01-02T06:00:00,computers
EVT_0008072,CUST_00640,2024-01-02T08:00:00,electronics
EVT_0008073,CUST_00641,2024-01-01T00:00:00,electronics
EVT_0008074,CUST_00641,2024-01-01T02:00:00,computers
EVT_0008075,CUST_00641,2024-01-01T04:00:00,electronics
EVT_0008076,CUST_00641,2024-01-01T06:00:00,computers
EVT_0008077,CUST_00641,2024-01-01T08:00:00,electronics
EVT_0008078,CUST_00641,2024-01-01T10:00:00,computers
EVT_0008079,CUST_00641,2024-01-01T12:00:00,electronics
EVT_0008080,CUST_00641,2024-01-01T14:00:00,computers
EVT_0008081,CUST_00641,2024-01-01T16:00:00,electronics
EVT_0008082,CUST_00641,2024-01-01T18:00:00,computers
EVT_0008083,CUST_00641,2024-01-01T20:00:00,electronics
EVT_0008084,CUST_00641,2024-01-01T22:00:00,computers
EVT_0008085,CUST_00641,2024-01-02T00:00:00,toys
EVT_0008086,CUST_00641,2024-01-02T02:00:00,furniture
EVT_0008087,CUST_00641,2024-01-02T04:00:00,housewares
EVT_0008088,CUST_00641,2024-01-02T06:00:00,bed_bath
EVT_0008089,CUST_00641,2024-01-02T08:00:00,furniture
EVT_0008090,CUST_00642,2024-01-01T00:00:00,housewares
EVT_0008091,CUST_00642,2024-01-01T02:00:00,bed_bath
EVT_0008092,CUST_00642,2024-01-01T04:00:00,furniture
EVT_0008093,CUST_00642,2024-01-01T06:00:00,housewares
EVT_0008094,CUST_00642,2024-01-01T08:00:00,bed_bath
EVT_0008095,CUST_00642,2024-01-01T10:00:00,furniture
EVT_0008096,CUST_00642,2024-01-01T12:00:00,housewares
EVT_0008097,CUST_00642,2024-01-01T14:00:00,sports_leisure
EVT_0008098,CUST_00642,2024-01-01T16:00:00,health_beauty
EVT_0008099,CUST_00642,2024-01-01T18:00:00,watches_gifts
EVT_0008100,CUST_00642,2024-01-01T20:00:00,sports_leisure
EVT_0008101,CUST_00642,2024-01-01T22:00:00,computers
EVT_0008102,CUST_00642,2024-01-02T00:00:00,electronics
EVT_0008103,CUST_00642,2024-01-02T02:00:00,computers
EVT_0008104,CUST_00642,2024-01-02T04:00:00,electronics
EVT_0008105,CUST_00642,2024-01-02T06:00:00,computers
EVT_0008106,CUST_00643,2024-01-01T00:00:00,housewares
EVT_0008107,CUST_00643,2024-01-01T02:00:00,bed_bath
EVT_0008108,CUST_00643,2024-01-01T04:00:00,furniture
EVT_0008109,CUST_00643,2024-01-01T06:00:00,housewares
EVT_0008110,CUST_00643,2024-01-01T08:00:00,bed_bath
EVT_0008111,CUST_00643,2024-01-01T10:00:00,furniture
EVT_0008112,CUST_00643,2024-01-01T12:00:00,housewares
EVT_0008113,CUST_00643,2024-01-01T14:00:00,bed_bath
EVT_0008114,CUST_00643,2024-01-01T16:00:00,furniture
EVT_0008115,CUST_00643,2024-01-01T18:00:00,housewares
EVT_0008116,CUST_00643,2024-01-01T20:00:00,computers
EVT_0008117,CUST_00643,2024-01-01T22:00:00,electronics
EVT_0008118,CUST_00644,2024-01-01T00:00:00,health_beauty
EVT_0008119,CUST_00644,2024-01-01T02:00:00,watches_gifts
EVT_0008120,CUST_00644,2024-01-01T04:00:00,health_beauty
EVT_0008121,CUST_00644,2024-01-01T06:00:00,watches_gifts
EVT_0008122,CUST_00644,2024-01-01T08:00:00,health_beauty
EVT_0008123,CUST_00644,2024-01-01T10:00:00,watches_gifts
EVT_0008124,CUST_00644,2024-01-01T12:00:00,health_beauty
EVT_0008125,CUST_00644,2024-01-01T14:00:00,watches_gifts
EVT_0008126,CUST_00644,2024-01-01T16:00:00,health_beauty
EVT_0008127,CUST_00644,2024-01-01T18:00:00,watches_gifts
EVT_0008128,CUST_00644,2024-01-01T20:00:00,health_beauty
EVT_0008129,CUST_00644,2024-01-01T22:00:00,watches_gifts
EVT_0008130,CUST_00644,2024-01-02T00:00:00,health_beauty
EVT_0008131,CUST_00644,2024-01-02T02:00:00,watches_gifts
EVT_0008132,CUST_00645,2024-01-01T00:00:00,bed_bath
EVT_0008133,CUST_00645,2024-01-01T02:00:00,furniture
EVT_0008134,CUST_00645,2024-01-01T04:00:00,housewares
EVT_0008135,CUST_00645,2024-01-01T06:00:00,bed_bath
EVT_0008136,CUST_00645,2024-01-01T08:00:00,furniture
EVT_0008137,CUST_00645,2024-01-01T10:00:00,housewares
EVT_0008138,CUST_00645,2024-01-01T12:00:00,bed_bath
EVT_0008139,CUST_00645,2024-01-01T14:00:00,sports_leisure
EVT_0008140,CUST_00645,2024-01-01T16:00:00,health_beauty
EVT_0008141,CUST_00645,2024-01-01T18:00:00,watches_gifts
EVT_0008142,CUST_00645,2024-01-01T20:00:00,health_beauty
EVT_0008143,CUST_00645,2024-01-01T22:00:00,watches_gifts
EVT_0008144,CUST_00645,2024-01-02T00:00:00,health_beauty
EVT_0008145,CUST_00645,2024-01-02T02:00:00,watches_gifts
EVT_0008146,CUST_00645,2024-01-02T04:00:00,health_beauty
EVT_0008147,CUST_00645,2024-01-02T06:00:00,watches_gifts
EVT_0008148,CUST_00646,2024-01-01T00:00:00,watches_gifts
EVT_0008149,CUST_00646,2024-01-01T02:00:00,health_beauty
EVT_0008150,CUST_00646,2024-01-01T04:00:00,watches_gifts
EVT_0008151,CUST_00646,2024-01-01T06:00:00,health_beauty
EVT_0008152,CUST_00646,2024-01-01T08:00:00,watches_gifts
EVT_0008153,CUST_00646,2024-01-01T10:00:00,health_beauty
EVT_0008154,CUST_00646,2024-01-01T12:00:00,watches_gifts
EVT_0008155,CUST_00646,2024-01-01T14:00:00,health_beauty
EVT_0008156,CUST_00646,2024-01-01T16:00:00,watches_gifts
EVT_0008157,CUST_00646,2024-01-01T18:00:00,health_beauty
EVT_0008158,CUST_00646,2024-01-01T20:00:00,watches_gifts
EVT_0008159,CUST_00646,2024-01-01T22:00:00,health_beauty
EVT_0008160,CUST_00647,2024-01-01T00:00:00,furniture
EVT_0008161,CUST_00647,2024-01-01T02:00:00,housewares
EVT_0008162,CUST_00647,2024-01-01T04:00:00,bed_bath
EVT_0008163,CUST_00647,2024-01-01T06:00:00,furniture
EVT_0008164,CUST_00647,2024-01-01T08:00:00,housewares
EVT_0008165,CUST_00647,2024-01-01T10:00:00,bed_bath
EVT_0008166,CUST_00647,2024-01-01T12:00:00,furniture
EVT_0008167,CUST_00647,2024-01-01T14:00:00,housewares
EVT_0008168,CUST_00647,2024-01-01T16:00:00,bed_bath
EVT_0008169,CUST_00647,2024-01-01T18:00:00,furniture
EVT_0008170,CUST_00647,2024-01-01T20:00:00,housewares
EVT_0008171,CUST_00647,2024-01-01T22:00:00,bed_bath
EVT_0008172,CUST_00647,2024-01-02T00:00:00,furniture
EVT_0008173,CUST_00647,2024-01-02T02:00:00,housewares
EVT_0008174,CUST_00647,2024-01-02T04:00:00,bed_bath
EVT_0008175,CUST_00647,2024-01-02T06:00:00,furniture
EVT_0008176,CUST_00648,2024-01-01T00:00:00,bed_bath
EVT_0008177,CUST_00648,2024-01-01T02:00:00,furniture
EVT_0008178,CUST_00648,2024-01-01T04:00:00,housewares
EVT_0008179,CUST_00648,2024-01-01T06:00:00,bed_bath
EVT_0008180,CUST_00648,2024-01-01T08:00:00,furniture
EVT_0008181,CUST_00648,2024-01-01T10:00:00,housewares
EVT_0008182,CUST_00648,2024-01-01T12:00:00,bed_bath
EVT_0008183,CUST_00648,2024-01-01T14:00:00,furniture
EVT_0008184,CUST_00648,2024-01-01T16:00:00,housewares
EVT_0008185,CUST_00648,2024-01-01T18:00:00,bed_bath
EVT_0008186,CUST_00648,2024-01-01T20:00:00,furniture
EVT_0008187,CUST_00648,2024-01-01T22:00:00,watches_gifts
EVT_0008188,CUST_00648,2024-01-02T00:00:00,health_beauty
EVT_0008189,CUST_00648,2024-01-02T02:00:00,watches_gifts
EVT_0008190,CUST_00648,2024-01-02T04:00:00,health_beauty
EVT_0008191,CUST_00648,2024-01-02T06:00:00,watches_gifts
EVT_0008192,CUST_00649,2024-01-01T00:00:00,housewares
EVT_0008193,CUST_00649,2024-01-01T02:00:00,bed_bath
EVT_0008194,CUST_00649,2024-01-01T04:00:00,furniture
EVT_0008195,CUST_00649,2024-01-01T06:00:00,housewares
EVT_0008196,CUST_00649,2024-01-01T08:00:00,bed_bath
EVT_0008197,CUST_00649,2024-01-01T10:00:00,furniture
EVT_0008198,CUST_00649,2024-01-01T12:00:00,housewares
EVT_0008199,CUST_00649,2024-01-01T14:00:00,bed_bath
EVT_0008200,CUST_00649,2024-01-01T16:00:00,furniture
EVT_0008201,CUST_00649,2024-01-01T18:00:00,housewares
EVT_0008202,CUST_00649,2024-01-01T20:00:00,bed_bath
EVT_0008203,CUST_00649,2024-01-01T22:00:00,furniture
EVT_0008204,CUST_00650,2024-01-01T00:00:00,electronics
EVT_0008205,CUST_00650,2024-01-01T02:00:00,computers
EVT_0008206,CUST_00650,2024-01-01T04:00:00,electronics
EVT_0008207,CUST_00650,2024-01-01T06:00:00,computers
EVT_0008208,CUST_00650,2024-01-01T08:00:00,electronics
EVT_0008209,CUST_00650,2024-01-01T10:00:00,computers
EVT_0008210,CUST_00650,2024-01-01T12:00:00,electronics
EVT_0008211,CUST_00650,2024-01-01T14:00:00,computers
EVT_0008212,CUST_00650,2024-01-01T16:00:00,electronics
EVT_0008213,CUST_00650,2024-01-01T18:00:00,computers
EVT_0008214,CUST_00650,2024-01-01T20:00:00,electronics
EVT_0008215,CUST_00650,2024-01-01T22:00:00,computers
EVT_0008216,CUST_00651,2024-01-01T00:00:00,electronics
EVT_0008217,CUST_00651,2024-01-01T02:00:00,computers
EVT_0008218,CUST_00651,2024-01-01T04:00:00,electronics
EVT_0008219,CUST_00651,2024-01-01T06:00:00,computers
EVT_0008220,CUST_00651,2024-01-01T08:00:00,electronics
EVT_0008221,CUST_00651,2024-01-01T10:00:00,computers
EVT_0008222,CUST_00651,2024-01-01T12:00:00,electronics
EVT_0008223,CUST_00651,2024-01-01T14:00:00,computers
EVT_0008224,CUST_00651,2024-01-01T16:00:00,electronics
EVT_0008225,CUST_00651,2024-01-01T18:00:00,computers
EVT_0008226,CUST_00651,2024-01-01T20:00:00,electronics
EVT_0008227,CUST_00651,2024-01-01T22:00:00,health_beauty
EVT_0008228,CUST_00652,2024-01-01T00:00:00,computers
EVT_0008229,CUST_00652,2024-01-01T02:00:00,electronics
EVT_0008230,CUST_00652,2024-01-01T04:00:00,computers
EVT_0008231,CUST_00652,2024-01-01T06:00:00,computers
EVT_0008232,CUST_00652,2024-01-01T08:00:00,electronics
EVT_0008233,CUST_00652,2024-01-01T10:00:00,computers
EVT_0008234,CUST_00652,2024-01-01T12:00:00,electronics
EVT_0008235,CUST_00652,2024-01-01T14:00:00,computers
EVT_0008236,CUST_00652,2024-01-01T16:00:00,electronics
EVT_0008237,CUST_00652,2024-01-01T18:00:00,bed_bath
EVT_0008238,CUST_00652,2024-01-01T20:00:00,furniture
EVT_0008239,CUST_00652,2024-01-01T22:00:00,auto
EVT_0008240,CUST_00652,2024-01-02T00:00:00,electronics
EVT_0008241,CUST_00652,2024-01-02T02:00:00,computers
EVT_0008242,CUST_00652,2024-01-02T04:00:00,electronics
EVT_0008243,CUST_00652,2024-01-02T06:00:00,computers
EVT_0008244,CUST_00653,2024-01-01T00:00:00,electronics
EVT_0008245,CUST_00653,2024-01-01T02:00:00,computers
EVT_0008246,CUST_00653,2024-01-01T04:00:00,electronics
EVT_0008247,CUST_00653,2024-01-01T06:00:00,computers
EVT_0008248,CUST_00653,2024-01-01T08:00:00,electronics
EVT_0008249,CUST_00653,2024-01-01T10:00:00,computers
EVT_0008250,CUST_00653,2024-01-01T12:00:00,electronics
EVT_0008251,CUST_00653,2024-01-01T14:00:00,computers
EVT_0008252,CUST_00654,2024-01-01T00:00:00,watches_gifts
EVT_0008253,CUST_00654,2024-01-01T02:00:00,furniture
EVT_0008254,CUST_00654,2024-01-01T04:00:00,housewares
EVT_0008255,CUST_00654,2024-01-01T06:00:00,bed_bath
EVT_0008256,CUST_00654,2024-01-01T08:00:00,furniture
EVT_0008257,CUST_00654,2024-01-01T10:00:00,housewares
EVT_0008258,CUST_00654,2024-01-01T12:00:00,bed_bath
EVT_0008259,CUST_00654,2024-01-01T14:00:00,furniture
EVT_0008260,CUST_00654,2024-01-01T16:00:00,electronics
EVT_0008261,CUST_00654,2024-01-01T18:00:00,furniture
EVT_0008262,CUST_00654,2024-01-01T20:00:00,housewares
EVT_0008263,CUST_00654,2024-01-01T22:00:00,bed_bath
EVT_0008264,CUST_00654,2024-01-02T00:00:00,furniture
EVT_0008265,CUST_00654,2024-01-02T02:00:00,housewares
EVT_0008266,CUST_00654,2024-01-02T04:00:00,bed_bath
EVT_0008267,CUST_00654,2024-01-02T06:00:00,furniture
EVT_0008268,CUST_00654,2024-01-02T08:00:00,housewares
EVT_0008269,CUST_00655,2024-01-01T00:00:00,electronics
EVT_0008270,CUST_00655,2024-01-01T02:00:00,computers
EVT_0008271,CUST_00655,2024-01-01T04:00:00,electronics
EVT_0008272,CUST_00655,2024-01-01T06:00:00,watches_gifts
EVT_0008273,CUST_00655,2024-01-01T08:00:00,computers
EVT_0008274,CUST_00655,2024-01-01T10:00:00,electronics
EVT_0008275,CUST_00655,2024-01-01T12:00:00,computers
EVT_0008276,CUST_00655,2024-01-01T14:00:00,electronics
EVT_0008277,CUST_00656,2024-01-01T00:00:00,electronics
EVT_0008278,CUST_00656,2024-01-01T02:00:00,computers
EVT_0008279,CUST_00656,2024-01-01T04:00:00,electronics
EVT_0008280,CUST_00656,2024-01-01T06:00:00,computers
EVT_0008281,CUST_00656,2024-01-01T08:00:00,electronics
EVT_0008282,CUST_00656,2024-01-01T10:00:00,computers
EVT_0008283,CUST_00656,2024-01-01T12:00:00,electronics
EVT_0008284,CUST_00656,2024-01-01T14:00:00,computers
EVT_0008285,CUST_00656,2024-01-01T16:00:00,electronics
EVT_0008286,CUST_00656,2024-01-01T18:00:00,computers
EVT_0008287,CUST_00656,2024-01-01T20:00:00,electronics
EVT_0008288,CUST_00656,2024-01-01T22:00:00,computers
EVT_0008289,CUST_00656,2024-01-02T00:00:00,electronics
EVT_0008290,CUST_00657,2024-01-01T00:00:00,electronics
EVT_0008291,CUST_00657,2024-01-01T02:00:00,computers
EVT_0008292,CUST_00657,2024-01-01T04:00:00,electronics
EVT_0008293,CUST_00657,2024-01-01T06:00:00,computers
EVT_0008294,CUST_00657,2024-01-01T08:00:00,electronics
EVT_0008295,CUST_00657,2024-01-01T10:00:00,computers
EVT_0008296,CUST_00657,2024-01-01T12:00:00,electronics
EVT_0008297,CUST_00657,2024-01-01T14:00:00,computers
EVT_0008298,CUST_00657,2024-01-01T16:00:00,electronics
EVT_0008299,CUST_00657,2024-01-01T18:00:00,computers
EVT_0008300,CUST_00657,2024-01-01T20:00:00,electronics
EVT_0008301,CUST_00657,2024-01-01T22:00:00,computers
EVT_0008302,CUST_00657,2024-01-02T00:00:00,electronics
EVT_0008303,CUST_00658,2024-01-01T00:00:00,bed_bath
EVT_0008304,CUST_00658,2024-01-01T02:00:00,furniture
EVT_0008305,CUST_00658,2024-01-01T04:00:00,housewares
EVT_0008306,CUST_00658,2024-01-01T06:00:00,bed_bath
EVT_0008307,CUST_00658,2024-01-01T08:00:00,furniture
EVT_0008308,CUST_00658,2024-01-01T10:00:00,electronics
EVT_0008309,CUST_00658,2024-01-01T12:00:00,computers
EVT_0008310,CUST_00658,2024-01-01T14:00:00,electronics
EVT_0008311,CUST_00658,2024-01-01T16:00:00,computers
EVT_0008312,CUST_00658,2024-01-01T18:00:00,electronics
EVT_0008313,CUST_00658,2024-01-01T20:00:00,computers
EVT_0008314,CUST_00658,2024-01-01T22:00:00,electronics
EVT_0008315,CUST_00658,2024-01-02T00:00:00,computers
EVT_0008316,CUST_00658,2024-01-02T02:00:00,electronics
EVT_0008317,CUST_00659,2024-01-01T00:00:00,computers
EVT_0008318,CUST_00659,2024-01-01T02:00:00,electronics
EVT_0008319,CUST_00659,2024-01-01T04:00:00,computers
EVT_0008320,CUST_00659,2024-01-01T06:00:00,electronics
EVT_0008321,CUST_00659,2024-01-01T08:00:00,computers
EVT_0008322,CUST_00659,2024-01-01T10:00:00,electronics
EVT_0008323,CUST_00659,2024-01-01T12:00:00,computers
EVT_0008324,CUST_00659,2024-01-01T14:00:00,electronics
EVT_0008325,CUST_00659,2024-01-01T16:00:00,computers
EVT_0008326,CUST_00659,2024-01-01T18:00:00,health_beauty
EVT_0008327,CUST_00659,2024-01-01T20:00:00,watches_gifts
EVT_0008328,CUST_00659,2024-01-01T22:00:00,electronics
EVT_0008329,CUST_00659,2024-01-02T00:00:00,computers
EVT_0008330,CUST_00660,2024-01-01T00:00:00,electronics
EVT_0008331,CUST_00660,2024-01-01T02:00:00,computers
EVT_0008332,CUST_00660,2024-01-01T04:00:00,electronics
EVT_0008333,CUST_00660,2024-01-01T06:00:00,computers
EVT_0008334,CUST_00660,2024-01-01T08:00:00,electronics
EVT_0008335,CUST_00660,2024-01-01T10:00:00,computers
EVT_0008336,CUST_00660,2024-01-01T12:00:00,electronics
EVT_0008337,CUST_00660,2024-01-01T14:00:00,computers
EVT_0008338,CUST_00660,2024-01-01T16:00:00,electronics
EVT_0008339,CUST_00660,2024-01-01T18:00:00,computers
EVT_0008340,CUST_00660,2024-01-01T20:00:00,electronics
EVT_0008341,CUST_00660,2024-01-01T22:00:00,computers
EVT_0008342,CUST_00660,2024-01-02T00:00:00,electronics
EVT_0008343,CUST_00660,2024-01-02T02:00:00,computers
EVT_0008344,CUST_00660,2024-01-02T04:00:00,electronics
EVT_0008345,CUST_00660,2024-01-02T06:00:00,computers
EVT_0008346,CUST_00660,2024-01-02T08:00:00,electronics
EVT_0008347,CUST_00661,2024-01-01T00:00:00,electronics
EVT_0008348,CUST_00661,2024-01-01T02:00:00,watches_gifts
EVT_0008349,CUST_00661,2024-01-01T04:00:00,health_beauty
EVT_0008350,CUST_00661,2024-01-01T06:00:00,watches_gifts
EVT_0008351,CUST_00661,2024-01-01T08:00:00,health_beauty
EVT_0008352,CUST_00661,2024-01-01T10:00:00,watches_gifts
EVT_0008353,CUST_00661,2024-01-01T12:00:00,health_beauty
EVT_0008354,CUST_00661,2024-01-01T14:00:00,watches_gifts
EVT_0008355,CUST_00661,2024-01-01T16:00:00,health_beauty
EVT_0008356,CUST_00661,2024-01-01T18:00:00,watches_gifts
EVT_0008357,CUST_00661,2024-01-01T20:00:00,sports_leisure
EVT_0008358,CUST_00661,2024-01-01T22:00:00,health_beauty
EVT_0008359,CUST_00661,2024-01-02T00:00:00,watches_gifts
EVT_0008360,CUST_00662,2024-01-01T00:00:00,electronics
EVT_0008361,CUST_00662,2024-01-01T02:00:00,computers
EVT_0008362,CUST_00662,2024-01-01T04:00:00,electronics
EVT_0008363,CUST_00662,2024-01-01T06:00:00,computers
EVT_0008364,CUST_00662,2024-01-01T08:00:00,electronics
EVT_0008365,CUST_00662,2024-01-01T10:00:00,computers
EVT_0008366,CUST_00662,2024-01-01T12:00:00,electronics
EVT_0008367,CUST_00662,2024-01-01T14:00:00,computers
EVT_0008368,CUST_00662,2024-01-01T16:00:00,electronics
EVT_0008369,CUST_00662,2024-01-01T18:00:00,computers
EVT_0008370,CUST_00662,2024-01-01T20:00:00,electronics
EVT_0008371,CUST_00662,2024-01-01T22:00:00,housewares
EVT_0008372,CUST_00662,2024-01-02T00:00:00,bed_bath
EVT_0008373,CUST_00662,2024-01-02T02:00:00,watches_gifts
EVT_0008374,CUST_00662,2024-01-02T04:00:00,health_beauty
EVT_0008375,CUST_00662,2024-01-02T06:00:00,computers
EVT_0008376,CUST_00663,2024-01-01T00:00:00,furniture
EVT_0008377,CUST_00663,2024-01-01T02:00:00,housewares
EVT_0008378,CUST_00663,2024-01-01T04:00:00,bed_bath
EVT_0008379,CUST_00663,2024-01-01T06:00:00,furniture
EVT_0008380,CUST_00663,2024-01-01T08:00:00,housewares
EVT_0008381,CUST_00663,2024-01-01T10:00:00,bed_bath
EVT_0008382,CUST_00663,2024-01-01T12:00:00,furniture
EVT_0008383,CUST_00663,2024-01-01T14:00:00,housewares
EVT_0008384,CUST_00664,2024-01-01T00:00:00,health_beauty
EVT_0008385,CUST_00664,2024-01-01T02:00:00,watches_gifts
EVT_0008386,CUST_00664,2024-01-01T04:00:00,health_beauty
EVT_0008387,CUST_00664,2024-01-01T06:00:00,watches_gifts
EVT_0008388,CUST_00664,2024-01-01T08:00:00,health_beauty
EVT_0008389,CUST_00664,2024-01-01T10:00:00,watches_gifts
EVT_0008390,CUST_00664,2024-01-01T12:00:00,health_beauty
EVT_0008391,CUST_00664,2024-01-01T14:00:00,watches_gifts
EVT_0008392,CUST_00664,2024-01-01T16:00:00,health_beauty
EVT_0008393,CUST_00664,2024-01-01T18:00:00,watches_gifts
EVT_0008394,CUST_00664,2024-01-01T20:00:00,health_beauty
EVT_0008395,CUST_00664,2024-01-01T22:00:00,watches_gifts
EVT_0008396,CUST_00665,2024-01-01T00:00:00,bed_bath
EVT_0008397,CUST_00665,2024-01-01T02:00:00,furniture
EVT_0008398,CUST_00665,2024-01-01T04:00:00,housewares
EVT_0008399,CUST_00665,2024-01-01T06:00:00,bed_bath
EVT_0008400,CUST_00665,2024-01-01T08:00:00,furniture
EVT_0008401,CUST_00665,2024-01-01T10:00:00,housewares
EVT_0008402,CUST_00665,2024-01-01T12:00:00,sports_leisure
EVT_0008403,CUST_00665,2024-01-01T14:00:00,health_beauty
EVT_0008404,CUST_00665,2024-01-01T16:00:00,watches_gifts
EVT_0008405,CUST_00665,2024-01-01T18:00:00,health_beauty
EVT_0008406,CUST_00665,2024-01-01T20:00:00,watches_gifts
EVT_0008407,CUST_00665,2024-01-01T22:00:00,health_beauty
EVT_0008408,CUST_00665,2024-01-02T00:00:00,watches_gifts
EVT_0008409,CUST_00665,2024-01-02T02:00:00,health_beauty
EVT_0008410,CUST_00665,2024-01-02T04:00:00,watches_gifts
EVT_0008411,CUST_00665,2024-01-02T06:00:00,health_beauty
EVT_0008412,CUST_00666,2024-01-01T00:00:00,housewares
EVT_0008413,CUST_00666,2024-01-01T02:00:00,bed_bath
EVT_0008414,CUST_00666,2024-01-01T04:00:00,furniture
EVT_0008415,CUST_00666,2024-01-01T06:00:00,housewares
EVT_0008416,CUST_00666,2024-01-01T08:00:00,bed_bath
EVT_0008417,CUST_00666,2024-01-01T10:00:00,furniture
EVT_0008418,CUST_00666,2024-01-01T12:00:00,housewares
EVT_0008419,CUST_00666,2024-01-01T14:00:00,watches_gifts
EVT_0008420,CUST_00666,2024-01-01T16:00:00,health_beauty
EVT_0008421,CUST_00666,2024-01-01T18:00:00,watches_gifts
EVT_0008422,CUST_00667,2024-01-01T00:00:00,computers
EVT_0008423,CUST_00667,2024-01-01T02:00:00,electronics
EVT_0008424,CUST_00667,2024-01-01T04:00:00,computers
EVT_0008425,CUST_00667,2024-01-01T06:00:00,furniture
EVT_0008426,CUST_00667,2024-01-01T08:00:00,housewares
EVT_0008427,CUST_00667,2024-01-01T10:00:00,bed_bath
EVT_0008428,CUST_00667,2024-01-01T12:00:00,furniture
EVT_0008429,CUST_00667,2024-01-01T14:00:00,computers
EVT_0008430,CUST_00667,2024-01-01T16:00:00,electronics
EVT_0008431,CUST_00667,2024-01-01T18:00:00,computers
EVT_0008432,CUST_00667,2024-01-01T20:00:00,electronics
EVT_0008433,CUST_00667,2024-01-01T22:00:00,toys
EVT_0008434,CUST_00667,2024-01-02T00:00:00,electronics
EVT_0008435,CUST_00667,2024-01-02T02:00:00,computers
EVT_0008436,CUST_00667,2024-01-02T04:00:00,electronics
EVT_0008437,CUST_00668,2024-01-01T00:00:00,watches_gifts
EVT_0008438,CUST_00668,2024-01-01T02:00:00,health_beauty
EVT_0008439,CUST_00668,2024-01-01T04:00:00,watches_gifts
EVT_0008440,CUST_00668,2024-01-01T06:00:00,health_beauty
EVT_0008441,CUST_00668,2024-01-01T08:00:00,watches_gifts
EVT_0008442,CUST_00668,2024-01-01T10:00:00,health_beauty
EVT_0008443,CUST_00668,2024-01-01T12:00:00,watches_gifts
EVT_0008444,CUST_00668,2024-01-01T14:00:00,health_beauty
EVT_0008445,CUST_00668,2024-01-01T16:00:00,watches_gifts
EVT_0008446,CUST_00668,2024-01-01T18:00:00,auto
EVT_0008447,CUST_00668,2024-01-01T20:00:00,electronics
EVT_0008448,CUST_00668,2024-01-01T22:00:00,computers
EVT_0008449,CUST_00669,2024-01-01T00:00:00,electronics
EVT_0008450,CUST_00669,2024-01-01T02:00:00,computers
EVT_0008451,CUST_00669,2024-01-01T04:00:00,electronics
EVT_0008452,CUST_00669,2024-01-01T06:00:00,computers
EVT_0008453,CUST_00669,2024-01-01T08:00:00,electronics
EVT_0008454,CUST_00669,2024-01-01T10:00:00,computers
EVT_0008455,CUST_00669,2024-01-01T12:00:00,electronics
EVT_0008456,CUST_00669,2024-01-01T14:00:00,computers
EVT_0008457,CUST_00669,2024-01-01T16:00:00,computers
EVT_0008458,CUST_00669,2024-01-01T18:00:00,electronics
EVT_0008459,CUST_00670,2024-01-01T00:00:00,electronics
EVT_0008460,CUST_00670,2024-01-01T02:00:00,computers
EVT_0008461,CUST_00670,2024-01-01T04:00:00,electronics
EVT_0008462,CUST_00670,2024-01-01T06:00:00,computers
EVT_0008463,CUST_00670,2024-01-01T08:00:00,electronics
EVT_0008464,CUST_00670,2024-01-01T10:00:00,computers
EVT_0008465,CUST_00670,2024-01-01T12:00:00,electronics
EVT_0008466,CUST_00670,2024-01-01T14:00:00,computers
EVT_0008467,CUST_00670,2024-01-01T16:00:00,electronics
EVT_0008468,CUST_00670,2024-01-01T18:00:00,computers
EVT_0008469,CUST_00670,2024-01-01T20:00:00,electronics
EVT_0008470,CUST_00671,2024-01-01T00:00:00,electronics
EVT_0008471,CUST_00671,2024-01-01T02:00:00,computers
EVT_0008472,CUST_00671,2024-01-01T04:00:00,electronics
EVT_0008473,CUST_00671,2024-01-01T06:00:00,computers
EVT_0008474,CUST_00671,2024-01-01T08:00:00,electronics
EVT_0008475,CUST_00671,2024-01-01T10:00:00,computers
EVT_0008476,CUST_00671,2024-01-01T12:00:00,electronics
EVT_0008477,CUST_00671,2024-01-01T14:00:00,computers
EVT_0008478,CUST_00671,2024-01-01T16:00:00,electronics
EVT_0008479,CUST_00671,2024-01-01T18:00:00,computers
EVT_0008480,CUST_00671,2024-01-01T20:00:00,electronics
EVT_0008481,CUST_00671,2024-01-01T22:00:00,computers
EVT_0008482,CUST_00671,2024-01-02T00:00:00,electronics
EVT_0008483,CUST_00671,2024-01-02T02:00:00,computers
EVT_0008484,CUST_00672,2024-01-01T00:00:00,housewares
EVT_0008485,CUST_00672,2024-01-01T02:00:00,bed_bath
EVT_0008486,CUST_00672,2024-01-01T04:00:00,furniture
EVT_0008487,CUST_00672,2024-01-01T06:00:00,housewares
EVT_0008488,CUST_00672,2024-01-01T08:00:00,bed_bath
EVT_0008489,CUST_00672,2024-01-01T10:00:00,furniture
EVT_0008490,CUST_00672,2024-01-01T12:00:00,housewares
EVT_0008491,CUST_00672,2024-01-01T14:00:00,furniture
EVT_0008492,CUST_00673,2024-01-01T00:00:00,electronics
EVT_0008493,CUST_00673,2024-01-01T02:00:00,computers
EVT_0008494,CUST_00673,2024-01-01T04:00:00,electronics
EVT_0008495,CUST_00673,2024-01-01T06:00:00,computers
EVT_0008496,CUST_00673,2024-01-01T08:00:00,electronics
EVT_0008497,CUST_00673,2024-01-01T10:00:00,computers
EVT_0008498,CUST_00673,2024-01-01T12:00:00,electronics
EVT_0008499,CUST_00673,2024-01-01T14:00:00,computers
EVT_0008500,CUST_00673,2024-01-01T16:00:00,electronics
EVT_0008501,CUST_00673,2024-01-01T18:00:00,computers
EVT_0008502,CUST_00673,2024-01-01T20:00:00,electronics
EVT_0008503,CUST_00673,2024-01-01T22:00:00,computers
EVT_0008504,CUST_00673,2024-01-02T00:00:00,electronics
EVT_0008505,CUST_00673,2024-01-02T02:00:00,computers
EVT_0008506,CUST_00673,2024-01-02T04:00:00,electronics
EVT_0008507,CUST_00673,2024-01-02T06:00:00,computers
EVT_0008508,CUST_00673,2024-01-02T08:00:00,electronics
EVT_0008509,CUST_00674,2024-01-01T00:00:00,electronics
EVT_0008510,CUST_00674,2024-01-01T02:00:00,computers
EVT_0008511,CUST_00674,2024-01-01T04:00:00,electronics
EVT_0008512,CUST_00674,2024-01-01T06:00:00,computers
EVT_0008513,CUST_00674,2024-01-01T08:00:00,electronics
EVT_0008514,CUST_00674,2024-01-01T10:00:00,computers
EVT_0008515,CUST_00674,2024-01-01T12:00:00,electronics
EVT_0008516,CUST_00674,2024-01-01T14:00:00,computers
EVT_0008517,CUST_00674,2024-01-01T16:00:00,electronics
EVT_0008518,CUST_00674,2024-01-01T18:00:00,computers
EVT_0008519,CUST_00674,2024-01-01T20:00:00,electronics
EVT_0008520,CUST_00674,2024-01-01T22:00:00,computers
EVT_0008521,CUST_00674,2024-01-02T00:00:00,electronics
EVT_0008522,CUST_00674,2024-01-02T02:00:00,computers
EVT_0008523,CUST_00674,2024-01-02T04:00:00,electronics
EVT_0008524,CUST_00675,2024-01-01T00:00:00,bed_bath
EVT_0008525,CUST_00675,2024-01-01T02:00:00,furniture
EVT_0008526,CUST_00675,2024-01-01T04:00:00,housewares
EVT_0008527,CUST_00675,2024-01-01T06:00:00,bed_bath
EVT_0008528,CUST_00675,2024-01-01T08:00:00,furniture
EVT_0008529,CUST_00675,2024-01-01T10:00:00,sports_leisure
EVT_0008530,CUST_00675,2024-01-01T12:00:00,health_beauty
EVT_0008531,CUST_00675,2024-01-01T14:00:00,watches_gifts
EVT_0008532,CUST_00675,2024-01-01T16:00:00,health_beauty
EVT_0008533,CUST_00675,2024-01-01T18:00:00,watches_gifts
EVT_0008534,CUST_00675,2024-01-01T20:00:00,health_beauty
EVT_0008535,CUST_00676,2024-01-01T00:00:00,housewares
EVT_0008536,CUST_00676,2024-01-01T02:00:00,bed_bath
EVT_0008537,CUST_00676,2024-01-01T04:00:00,furniture
EVT_0008538,CUST_00676,2024-01-01T06:00:00,housewares
EVT_0008539,CUST_00676,2024-01-01T08:00:00,bed_bath
EVT_0008540,CUST_00676,2024-01-01T10:00:00,furniture
EVT_0008541,CUST_00676,2024-01-01T12:00:00,housewares
EVT_0008542,CUST_00676,2024-01-01T14:00:00,bed_bath
EVT_0008543,CUST_00676,2024-01-01T16:00:00,furniture
EVT_0008544,CUST_00676,2024-01-01T18:00:00,housewares
EVT_0008545,CUST_00676,2024-01-01T20:00:00,bed_bath
EVT_0008546,CUST_00677,2024-01-01T00:00:00,electronics
EVT_0008547,CUST_00677,2024-01-01T02:00:00,computers
EVT_0008548,CUST_00677,2024-01-01T04:00:00,electronics
EVT_0008549,CUST_00677,2024-01-01T06:00:00,computers
EVT_0008550,CUST_00677,2024-01-01T08:00:00,electronics
EVT_0008551,CUST_00677,2024-01-01T10:00:00,computers
EVT_0008552,CUST_00677,2024-01-01T12:00:00,sports_leisure
EVT_0008553,CUST_00677,2024-01-01T14:00:00,health_beauty
EVT_0008554,CUST_00677,2024-01-01T16:00:00,watches_gifts
EVT_0008555,CUST_00677,2024-01-01T18:00:00,health_beauty
EVT_0008556,CUST_00677,2024-01-01T20:00:00,watches_gifts
EVT_0008557,CUST_00677,2024-01-01T22:00:00,health_beauty
EVT_0008558,CUST_00677,2024-01-02T00:00:00,watches_gifts
EVT_0008559,CUST_00677,2024-01-02T02:00:00,health_beauty
EVT_0008560,CUST_00677,2024-01-02T04:00:00,watches_gifts
EVT_0008561,CUST_00677,2024-01-02T06:00:00,health_beauty
EVT_0008562,CUST_00677,2024-01-02T08:00:00,watches_gifts
EVT_0008563,CUST_00678,2024-01-01T00:00:00,health_beauty
EVT_0008564,CUST_00678,2024-01-01T02:00:00,housewares
EVT_0008565,CUST_00678,2024-01-01T04:00:00,bed_bath
EVT_0008566,CUST_00678,2024-01-01T06:00:00,furniture
EVT_0008567,CUST_00678,2024-01-01T08:00:00,housewares
EVT_0008568,CUST_00678,2024-01-01T10:00:00,bed_bath
EVT_0008569,CUST_00678,2024-01-01T12:00:00,watches_gifts
EVT_0008570,CUST_00678,2024-01-01T14:00:00,health_beauty
EVT_0008571,CUST_00678,2024-01-01T16:00:00,health_beauty
EVT_0008572,CUST_00678,2024-01-01T18:00:00,watches_gifts
EVT_0008573,CUST_00679,2024-01-01T00:00:00,furniture
EVT_0008574,CUST_00679,2024-01-01T02:00:00,housewares
EVT_0008575,CUST_00679,2024-01-01T04:00:00,bed_bath
EVT_0008576,CUST_00679,2024-01-01T06:00:00,furniture
EVT_0008577,CUST_00679,2024-01-01T08:00:00,housewares
EVT_0008578,CUST_00679,2024-01-01T10:00:00,bed_bath
EVT_0008579,CUST_00679,2024-01-01T12:00:00,furniture
EVT_0008580,CUST_00679,2024-01-01T14:00:00,housewares
EVT_0008581,CUST_00679,2024-01-01T16:00:00,bed_bath
EVT_0008582,CUST_00679,2024-01-01T18:00:00,furniture
EVT_0008583,CUST_00679,2024-01-01T20:00:00,housewares
EVT_0008584,CUST_00679,2024-01-01T22:00:00,bed_bath
EVT_0008585,CUST_00679,2024-01-02T00:00:00,furniture
EVT_0008586,CUST_00679,2024-01-02T02:00:00,housewares
EVT_0008587,CUST_00679,2024-01-02T04:00:00,bed_bath
EVT_0008588,CUST_00679,2024-01-02T06:00:00,furniture
EVT_0008589,CUST_00680,2024-01-01T00:00:00,watches_gifts
EVT_0008590,CUST_00680,2024-01-01T02:00:00,health_beauty
EVT_0008591,CUST_00680,2024-01-01T04:00:00,watches_gifts
EVT_0008592,CUST_00680,2024-01-01T06:00:00,health_beauty
EVT_0008593,CUST_00680,2024-01-01T08:00:00,watches_gifts
EVT_0008594,CUST_00680,2024-01-01T10:00:00,health_beauty
EVT_0008595,CUST_00680,2024-01-01T12:00:00,watches_gifts
EVT_0008596,CUST_00680,2024-01-01T14:00:00,health_beauty
EVT_0008597,CUST_00680,2024-01-01T16:00:00,watches_gifts
EVT_0008598,CUST_00680,2024-01-01T18:00:00,health_beauty
EVT_0008599,CUST_00681,2024-01-01T00:00:00,bed_bath
EVT_0008600,CUST_00681,2024-01-01T02:00:00,furniture
EVT_0008601,CUST_00681,2024-01-01T04:00:00,housewares
EVT_0008602,CUST_00681,2024-01-01T06:00:00,bed_bath
EVT_0008603,CUST_00681,2024-01-01T08:00:00,furniture
EVT_0008604,CUST_00681,2024-01-01T10:00:00,housewares
EVT_0008605,CUST_00681,2024-01-01T12:00:00,bed_bath
EVT_0008606,CUST_00681,2024-01-01T14:00:00,furniture
EVT_0008607,CUST_00681,2024-01-01T16:00:00,housewares
EVT_0008608,CUST_00681,2024-01-01T18:00:00,bed_bath
EVT_0008609,CUST_00681,2024-01-01T20:00:00,furniture
EVT_0008610,CUST_00681,2024-01-01T22:00:00,housewares
EVT_0008611,CUST_00681,2024-01-02T00:00:00,bed_bath
EVT_0008612,CUST_00681,2024-01-02T02:00:00,furniture
EVT_0008613,CUST_00682,2024-01-01T00:00:00,health_beauty
EVT_0008614,CUST_00682,2024-01-01T02:00:00,watches_gifts
EVT_0008615,CUST_00682,2024-01-01T04:00:00,health_beauty
EVT_0008616,CUST_00682,2024-01-01T06:00:00,watches_gifts
EVT_0008617,CUST_00682,2024-01-01T08:00:00,health_beauty
EVT_0008618,CUST_00682,2024-01-01T10:00:00,watches_gifts
EVT_0008619,CUST_00682,2024-01-01T12:00:00,health_beauty
EVT_0008620,CUST_00682,2024-01-01T14:00:00,watches_gifts
EVT_0008621,CUST_00682,2024-01-01T16:00:00,health_beauty
EVT_0008622,CUST_00682,2024-01-01T18:00:00,watches_gifts
EVT_0008623,CUST_00682,2024-01-01T20:00:00,health_beauty
EVT_0008624,CUST_00682,2024-01-01T22:00:00,watches_gifts
EVT_0008625,CUST_00682,2024-01-02T00:00:00,health_beauty
EVT_0008626,CUST_00682,2024-01-02T02:00:00,watches_gifts
EVT_0008627,CUST_00683,2024-01-01T00:00:00,health_beauty
EVT_0008628,CUST_00683,2024-01-01T02:00:00,watches_gifts
EVT_0008629,CUST_00683,2024-01-01T04:00:00,health_beauty
EVT_0008630,CUST_00683,2024-01-01T06:00:00,electronics
EVT_0008631,CUST_00683,2024-01-01T08:00:00,computers
EVT_0008632,CUST_00683,2024-01-01T10:00:00,electronics
EVT_0008633,CUST_00683,2024-01-01T12:00:00,computers
EVT_0008634,CUST_00683,2024-01-01T14:00:00,electronics
EVT_0008635,CUST_00683,2024-01-01T16:00:00,computers
EVT_0008636,CUST_00683,2024-01-01T18:00:00,electronics
EVT_0008637,CUST_00683,2024-01-01T20:00:00,computers
EVT_0008638,CUST_00683,2024-01-01T22:00:00,electronics
EVT_0008639,CUST_00683,2024-01-02T00:00:00,computers
EVT_0008640,CUST_00683,2024-01-02T02:00:00,sports_leisure
EVT_0008641,CUST_00683,2024-01-02T04:00:00,health_beauty
EVT_0008642,CUST_00684,2024-01-01T00:00:00,health_beauty
EVT_0008643,CUST_00684,2024-01-01T02:00:00,watches_gifts
EVT_0008644,CUST_00684,2024-01-01T04:00:00,health_beauty
EVT_0008645,CUST_00684,2024-01-01T06:00:00,watches_gifts
EVT_0008646,CUST_00684,2024-01-01T08:00:00,health_beauty
EVT_0008647,CUST_00684,2024-01-01T10:00:00,watches_gifts
EVT_0008648,CUST_00684,2024-01-01T12:00:00,health_beauty
EVT_0008649,CUST_00684,2024-01-01T14:00:00,watches_gifts
EVT_0008650,CUST_00685,2024-01-01T00:00:00,electronics
EVT_0008651,CUST_00685,2024-01-01T02:00:00,computers
EVT_0008652,CUST_00685,2024-01-01T04:00:00,electronics
EVT_0008653,CUST_00685,2024-01-01T06:00:00,computers
EVT_0008654,CUST_00685,2024-01-01T08:00:00,electronics
EVT_0008655,CUST_00685,2024-01-01T10:00:00,computers
EVT_0008656,CUST_00685,2024-01-01T12:00:00,electronics
EVT_0008657,CUST_00685,2024-01-01T14:00:00,computers
EVT_0008658,CUST_00685,2024-01-01T16:00:00,electronics
EVT_0008659,CUST_00685,2024-01-01T18:00:00,computers
EVT_0008660,CUST_00686,2024-01-01T00:00:00,health_beauty
EVT_0008661,CUST_00686,2024-01-01T02:00:00,watches_gifts
EVT_0008662,CUST_00686,2024-01-01T04:00:00,health_beauty
EVT_0008663,CUST_00686,2024-01-01T06:00:00,watches_gifts
EVT_0008664,CUST_00686,2024-01-01T08:00:00,health_beauty
EVT_0008665,CUST_00686,2024-01-01T10:00:00,watches_gifts
EVT_0008666,CUST_00686,2024-01-01T12:00:00,health_beauty
EVT_0008667,CUST_00686,2024-01-01T14:00:00,watches_gifts
EVT_0008668,CUST_00686,2024-01-01T16:00:00,health_beauty
EVT_0008669,CUST_00686,2024-01-01T18:00:00,watches_gifts
EVT_0008670,CUST_00686,2024-01-01T20:00:00,health_beauty
EVT_0008671,CUST_00686,2024-01-01T22:00:00,watches_gifts
EVT_0008672,CUST_00687,2024-01-01T00:00:00,furniture
EVT_0008673,CUST_00687,2024-01-01T02:00:00,health_beauty
EVT_0008674,CUST_00687,2024-01-01T04:00:00,watches_gifts
EVT_0008675,CUST_00687,2024-01-01T06:00:00,health_beauty
EVT_0008676,CUST_00687,2024-01-01T08:00:00,watches_gifts
EVT_0008677,CUST_00687,2024-01-01T10:00:00,health_beauty
EVT_0008678,CUST_00687,2024-01-01T12:00:00,watches_gifts
EVT_0008679,CUST_00687,2024-01-01T14:00:00,health_beauty
EVT_0008680,CUST_00687,2024-01-01T16:00:00,watches_gifts
EVT_0008681,CUST_00687,2024-01-01T18:00:00,housewares
EVT_0008682,CUST_00687,2024-01-01T20:00:00,bed_bath
EVT_0008683,CUST_00687,2024-01-01T22:00:00,furniture
EVT_0008684,CUST_00687,2024-01-02T00:00:00,housewares
EVT_0008685,CUST_00688,2024-01-01T00:00:00,computers
EVT_0008686,CUST_00688,2024-01-01T02:00:00,electronics
EVT_0008687,CUST_00688,2024-01-01T04:00:00,computers
EVT_0008688,CUST_00688,2024-01-01T06:00:00,electronics
EVT_0008689,CUST_00688,2024-01-01T08:00:00,computers
EVT_0008690,CUST_00688,2024-01-01T10:00:00,electronics
EVT_0008691,CUST_00688,2024-01-01T12:00:00,computers
EVT_0008692,CUST_00688,2024-01-01T14:00:00,electronics
EVT_0008693,CUST_00689,2024-01-01T00:00:00,electronics
EVT_0008694,CUST_00689,2024-01-01T02:00:00,computers
EVT_0008695,CUST_00689,2024-01-01T04:00:00,health_beauty
EVT_0008696,CUST_00689,2024-01-01T06:00:00,watches_gifts
EVT_0008697,CUST_00689,2024-01-01T08:00:00,housewares
EVT_0008698,CUST_00689,2024-01-01T10:00:00,bed_bath
EVT_0008699,CUST_00689,2024-01-01T12:00:00,furniture
EVT_0008700,CUST_00689,2024-01-01T14:00:00,auto
EVT_0008701,CUST_00689,2024-01-01T16:00:00,electronics
EVT_0008702,CUST_00689,2024-01-01T18:00:00,computers
EVT_0008703,CUST_00689,2024-01-01T20:00:00,electronics
EVT_0008704,CUST_00689,2024-01-01T22:00:00,computers
EVT_0008705,CUST_00689,2024-01-02T00:00:00,electronics
EVT_0008706,CUST_00689,2024-01-02T02:00:00,health_beauty
EVT_0008707,CUST_00689,2024-01-02T04:00:00,watches_gifts
EVT_0008708,CUST_00690,2024-01-01T00:00:00,housewares
EVT_0008709,CUST_00690,2024-01-01T02:00:00,bed_bath
EVT_0008710,CUST_00690,2024-01-01T04:00:00,furniture
EVT_0008711,CUST_00690,2024-01-01T06:00:00,housewares
EVT_0008712,CUST_00690,2024-01-01T08:00:00,bed_bath
EVT_0008713,CUST_00690,2024-01-01T10:00:00,furniture
EVT_0008714,CUST_00690,2024-01-01T12:00:00,housewares
EVT_0008715,CUST_00690,2024-01-01T14:00:00,bed_bath
EVT_0008716,CUST_00690,2024-01-01T16:00:00,furniture
EVT_0008717,CUST_00690,2024-01-01T18:00:00,housewares
EVT_0008718,CUST_00690,2024-01-01T20:00:00,bed_bath
EVT_0008719,CUST_00690,2024-01-01T22:00:00,furniture
EVT_0008720,CUST_00690,2024-01-02T00:00:00,housewares
EVT_0008721,CUST_00690,2024-01-02T02:00:00,bed_bath
EVT_0008722,CUST_00690,2024-01-02T04:00:00,furniture
EVT_0008723,CUST_00690,2024-01-02T06:00:00,housewares
EVT_0008724,CUST_00690,2024-01-02T08:00:00,bed_bath
EVT_0008725,CUST_00691,2024-01-01T00:00:00,electronics
EVT_0008726,CUST_00691,2024-01-01T02:00:00,computers
EVT_0008727,CUST_00691,2024-01-01T04:00:00,electronics
EVT_0008728,CUST_00691,2024-01-01T06:00:00,computers
EVT_0008729,CUST_00691,2024-01-01T08:00:00,electronics
EVT_0008730,CUST_00691,2024-01-01T10:00:00,computers
EVT_0008731,CUST_00691,2024-01-01T12:00:00,electronics
EVT_0008732,CUST_00691,2024-01-01T14:00:00,computers
EVT_0008733,CUST_00691,2024-01-01T16:00:00,electronics
EVT_0008734,CUST_00691,2024-01-01T18:00:00,computers
EVT_0008735,CUST_00691,2024-01-01T20:00:00,electronics
EVT_0008736,CUST_00691,2024-01-01T22:00:00,computers
EVT_0008737,CUST_00691,2024-01-02T00:00:00,electronics
EVT_0008738,CUST_00691,2024-01-02T02:00:00,computers
EVT_0008739,CUST_00691,2024-01-02T04:00:00,electronics
EVT_0008740,CUST_00691,2024-01-02T06:00:00,computers
EVT_0008741,CUST_00691,2024-01-02T08:00:00,electronics
EVT_0008742,CUST_00692,2024-01-01T00:00:00,computers
EVT_0008743,CUST_00692,2024-01-01T02:00:00,electronics
EVT_0008744,CUST_00692,2024-01-01T04:00:00,computers
EVT_0008745,CUST_00692,2024-01-01T06:00:00,electronics
EVT_0008746,CUST_00692,2024-01-01T08:00:00,computers
EVT_0008747,CUST_00692,2024-01-01T10:00:00,electronics
EVT_0008748,CUST_00692,2024-01-01T12:00:00,computers
EVT_0008749,CUST_00692,2024-01-01T14:00:00,electronics
EVT_0008750,CUST_00692,2024-01-01T16:00:00,computers
EVT_0008751,CUST_00692,2024-01-01T18:00:00,electronics
EVT_0008752,CUST_00693,2024-01-01T00:00:00,health_beauty
EVT_0008753,CUST_00693,2024-01-01T02:00:00,watches_gifts
EVT_0008754,CUST_00693,2024-01-01T04:00:00,health_beauty
EVT_0008755,CUST_00693,2024-01-01T06:00:00,watches_gifts
EVT_0008756,CUST_00693,2024-01-01T08:00:00,health_beauty
EVT_0008757,CUST_00693,2024-01-01T10:00:00,electronics
EVT_0008758,CUST_00693,2024-01-01T12:00:00,computers
EVT_0008759,CUST_00693,2024-01-01T14:00:00,electronics
EVT_0008760,CUST_00693,2024-01-01T16:00:00,computers
EVT_0008761,CUST_00693,2024-01-01T18:00:00,electronics
EVT_0008762,CUST_00693,2024-01-01T20:00:00,computers
EVT_0008763,CUST_00693,2024-01-01T22:00:00,electronics
EVT_0008764,CUST_00693,2024-01-02T00:00:00,computers
EVT_0008765,CUST_00694,2024-01-01T00:00:00,furniture
EVT_0008766,CUST_00694,2024-01-01T02:00:00,housewares
EVT_0008767,CUST_00694,2024-01-01T04:00:00,bed_bath
EVT_0008768,CUST_00694,2024-01-01T06:00:00,furniture
EVT_0008769,CUST_00694,2024-01-01T08:00:00,housewares
EVT_0008770,CUST_00694,2024-01-01T10:00:00,bed_bath
EVT_0008771,CUST_00694,2024-01-01T12:00:00,furniture
EVT_0008772,CUST_00694,2024-01-01T14:00:00,housewares
EVT_0008773,CUST_00694,2024-01-01T16:00:00,bed_bath
EVT_0008774,CUST_00694,2024-01-01T18:00:00,furniture
EVT_0008775,CUST_00694,2024-01-01T20:00:00,health_beauty
EVT_0008776,CUST_00694,2024-01-01T22:00:00,watches_gifts
EVT_0008777,CUST_00694,2024-01-02T00:00:00,health_beauty
EVT_0008778,CUST_00695,2024-01-01T00:00:00,furniture
EVT_0008779,CUST_00695,2024-01-01T02:00:00,housewares
EVT_0008780,CUST_00695,2024-01-01T04:00:00,bed_bath
EVT_0008781,CUST_00695,2024-01-01T06:00:00,furniture
EVT_0008782,CUST_00695,2024-01-01T08:00:00,housewares
EVT_0008783,CUST_00695,2024-01-01T10:00:00,bed_bath
EVT_0008784,CUST_00695,2024-01-01T12:00:00,furniture
EVT_0008785,CUST_00695,2024-01-01T14:00:00,housewares
EVT_0008786,CUST_00696,2024-01-01T00:00:00,watches_gifts
EVT_0008787,CUST_00696,2024-01-01T02:00:00,health_beauty
EVT_0008788,CUST_00696,2024-01-01T04:00:00,watches_gifts
EVT_0008789,CUST_00696,2024-01-01T06:00:00,health_beauty
EVT_0008790,CUST_00696,2024-01-01T08:00:00,watches_gifts
EVT_0008791,CUST_00696,2024-01-01T10:00:00,health_beauty
EVT_0008792,CUST_00696,2024-01-01T12:00:00,watches_gifts
EVT_0008793,CUST_00696,2024-01-01T14:00:00,health_beauty
EVT_0008794,CUST_00696,2024-01-01T16:00:00,watches_gifts
EVT_0008795,CUST_00697,2024-01-01T00:00:00,furniture
EVT_0008796,CUST_00697,2024-01-01T02:00:00,housewares
EVT_0008797,CUST_00697,2024-01-01T04:00:00,bed_bath
EVT_0008798,CUST_00697,2024-01-01T06:00:00,electronics
EVT_0008799,CUST_00697,2024-01-01T08:00:00,computers
EVT_0008800,CUST_00697,2024-01-01T10:00:00,electronics
EVT_0008801,CUST_00697,2024-01-01T12:00:00,computers
EVT_0008802,CUST_00697,2024-01-01T14:00:00,electronics
EVT_0008803,CUST_00697,2024-01-01T16:00:00,computers
EVT_0008804,CUST_00697,2024-01-01T18:00:00,electronics
EVT_0008805,CUST_00697,2024-01-01T20:00:00,computers
EVT_0008806,CUST_00697,2024-01-01T22:00:00,electronics
EVT_0008807,CUST_00697,2024-01-02T00:00:00,computers
EVT_0008808,CUST_00697,2024-01-02T02:00:00,electronics
EVT_0008809,CUST_00697,2024-01-02T04:00:00,computers
EVT_0008810,CUST_00697,2024-01-02T06:00:00,electronics
EVT_0008811,CUST_00698,2024-01-01T00:00:00,electronics
EVT_0008812,CUST_00698,2024-01-01T02:00:00,electronics
EVT_0008813,CUST_00698,2024-01-01T04:00:00,computers
EVT_0008814,CUST_00698,2024-01-01T06:00:00,electronics
EVT_0008815,CUST_00698,2024-01-01T08:00:00,computers
EVT_0008816,CUST_00698,2024-01-01T10:00:00,electronics
EVT_0008817,CUST_00698,2024-01-01T12:00:00,computers
EVT_0008818,CUST_00698,2024-01-01T14:00:00,electronics
EVT_0008819,CUST_00699,2024-01-01T00:00:00,electronics
EVT_0008820,CUST_00699,2024-01-01T02:00:00,computers
EVT_0008821,CUST_00699,2024-01-01T04:00:00,electronics
EVT_0008822,CUST_00699,2024-01-01T06:00:00,computers
EVT_0008823,CUST_00699,2024-01-01T08:00:00,electronics
EVT_0008824,CUST_00699,2024-01-01T10:00:00,computers
EVT_0008825,CUST_00699,2024-01-01T12:00:00,electronics
EVT_0008826,CUST_00699,2024-01-01T14:00:00,computers
EVT_0008827,CUST_00699,2024-01-01T16:00:00,electronics
EVT_0008828,CUST_00699,2024-01-01T18:00:00,computers
EVT_0008829,CUST_00699,2024-01-01T20:00:00,electronics
EVT_0008830,CUST_00700,2024-01-01T00:00:00,electronics
EVT_0008831,CUST_00700,2024-01-01T02:00:00,computers
EVT_0008832,CUST_00700,2024-01-01T04:00:00,computers
EVT_0008833,CUST_00700,2024-01-01T06:00:00,electronics
EVT_0008834,CUST_00700,2024-01-01T08:00:00,computers
EVT_0008835,CUST_00700,2024-01-01T10:00:00,electronics
EVT_0008836,CUST_00700,2024-01-01T12:00:00,computers
EVT_0008837,CUST_00700,2024-01-01T14:00:00,electronics
EVT_0008838,CUST_00700,2024-01-01T16:00:00,computers
EVT_0008839,CUST_00700,2024-01-01T18:00:00,housewares
EVT_0008840,CUST_00700,2024-01-01T20:00:00,bed_bath
EVT_0008841,CUST_00701,2024-01-01T00:00:00,toys
EVT_0008842,CUST_00701,2024-01-01T02:00:00,electronics
EVT_0008843,CUST_00701,2024-01-01T04:00:00,computers
EVT_0008844,CUST_00701,2024-01-01T06:00:00,electronics
EVT_0008845,CUST_00701,2024-01-01T08:00:00,computers
EVT_0008846,CUST_00701,2024-01-01T10:00:00,electronics
EVT_0008847,CUST_00701,2024-01-01T12:00:00,computers
EVT_0008848,CUST_00701,2024-01-01T14:00:00,electronics
EVT_0008849,CUST_00701,2024-01-01T16:00:00,computers
EVT_0008850,CUST_00701,2024-01-01T18:00:00,electronics
EVT_0008851,CUST_00701,2024-01-01T20:00:00,health_beauty
EVT_0008852,CUST_00701,2024-01-01T22:00:00,watches_gifts
EVT_0008853,CUST_00701,2024-01-02T00:00:00,health_beauty
EVT_0008854,CUST_00702,2024-01-01T00:00:00,housewares
EVT_0008855,CUST_00702,2024-01-01T02:00:00,bed_bath
EVT_0008856,CUST_00702,2024-01-01T04:00:00,furniture
EVT_0008857,CUST_00702,2024-01-01T06:00:00,housewares
EVT_0008858,CUST_00702,2024-01-01T08:00:00,bed_bath
EVT_0008859,CUST_00702,2024-01-01T10:00:00,furniture
EVT_0008860,CUST_00702,2024-01-01T12:00:00,housewares
EVT_0008861,CUST_00702,2024-01-01T14:00:00,bed_bath
EVT_0008862,CUST_00703,2024-01-01T00:00:00,housewares
EVT_0008863,CUST_00703,2024-01-01T02:00:00,bed_bath
EVT_0008864,CUST_00703,2024-01-01T04:00:00,furniture
EVT_0008865,CUST_00703,2024-01-01T06:00:00,housewares
EVT_0008866,CUST_00703,2024-01-01T08:00:00,bed_bath
EVT_0008867,CUST_00703,2024-01-01T10:00:00,furniture
EVT_0008868,CUST_00703,2024-01-01T12:00:00,housewares
EVT_0008869,CUST_00703,2024-01-01T14:00:00,bed_bath
EVT_0008870,CUST_00703,2024-01-01T16:00:00,furniture
EVT_0008871,CUST_00703,2024-01-01T18:00:00,housewares
EVT_0008872,CUST_00703,2024-01-01T20:00:00,bed_bath
EVT_0008873,CUST_00704,2024-01-01T00:00:00,watches_gifts
EVT_0008874,CUST_00704,2024-01-01T02:00:00,health_beauty
EVT_0008875,CUST_00704,2024-01-01T04:00:00,watches_gifts
EVT_0008876,CUST_00704,2024-01-01T06:00:00,health_beauty
EVT_0008877,CUST_00704,2024-01-01T08:00:00,watches_gifts
EVT_0008878,CUST_00704,2024-01-01T10:00:00,health_beauty
EVT_0008879,CUST_00704,2024-01-01T12:00:00,watches_gifts
EVT_0008880,CUST_00704,2024-01-01T14:00:00,health_beauty
EVT_0008881,CUST_00704,2024-01-01T16:00:00,watches_gifts
EVT_0008882,CUST_00704,2024-01-01T18:00:00,health_beauty
EVT_0008883,CUST_00704,2024-01-01T20:00:00,watches_gifts
EVT_0008884,CUST_00704,2024-01-01T22:00:00,health_beauty
EVT_0008885,CUST_00704,2024-01-02T00:00:00,watches_gifts
EVT_0008886,CUST_00704,2024-01-02T02:00:00,health_beauty
EVT_0008887,CUST_00704,2024-01-02T04:00:00,watches_gifts
EVT_0008888,CUST_00704,2024-01-02T06:00:00,health_beauty
EVT_0008889,CUST_00704,2024-01-02T08:00:00,watches_gifts
EVT_0008890,CUST_00705,2024-01-01T00:00:00,housewares
EVT_0008891,CUST_00705,2024-01-01T02:00:00,bed_bath
EVT_0008892,CUST_00705,2024-01-01T04:00:00,furniture
EVT_0008893,CUST_00705,2024-01-01T06:00:00,housewares
EVT_0008894,CUST_00705,2024-01-01T08:00:00,bed_bath
EVT_0008895,CUST_00705,2024-01-01T10:00:00,sports_leisure
EVT_0008896,CUST_00705,2024-01-01T12:00:00,health_beauty
EVT_0008897,CUST_00705,2024-01-01T14:00:00,watches_gifts
EVT_0008898,CUST_00705,2024-01-01T16:00:00,health_beauty
EVT_0008899,CUST_00705,2024-01-01T18:00:00,watches_gifts
EVT_0008900,CUST_00705,2024-01-01T20:00:00,health_beauty
EVT_0008901,CUST_00705,2024-01-01T22:00:00,watches_gifts
EVT_0008902,CUST_00705,2024-01-02T00:00:00,health_beauty
EVT_0008903,CUST_00705,2024-01-02T02:00:00,watches_gifts
EVT_0008904,CUST_00705,2024-01-02T04:00:00,computers
EVT_0008905,CUST_00705,2024-01-02T06:00:00,electronics
EVT_0008906,CUST_00705,2024-01-02T08:00:00,computers
EVT_0008907,CUST_00706,2024-01-01T00:00:00,electronics
EVT_0008908,CUST_00706,2024-01-01T02:00:00,computers
EVT_0008909,CUST_00706,2024-01-01T04:00:00,electronics
EVT_0008910,CUST_00706,2024-01-01T06:00:00,computers
EVT_0008911,CUST_00706,2024-01-01T08:00:00,electronics
EVT_0008912,CUST_00706,2024-01-01T10:00:00,computers
EVT_0008913,CUST_00706,2024-01-01T12:00:00,electronics
EVT_0008914,CUST_00706,2024-01-01T14:00:00,computers
EVT_0008915,CUST_00706,2024-01-01T16:00:00,electronics
EVT_0008916,CUST_00707,2024-01-01T00:00:00,electronics
EVT_0008917,CUST_00707,2024-01-01T02:00:00,computers
EVT_0008918,CUST_00707,2024-01-01T04:00:00,electronics
EVT_0008919,CUST_00707,2024-01-01T06:00:00,computers
EVT_0008920,CUST_00707,2024-01-01T08:00:00,electronics
EVT_0008921,CUST_00707,2024-01-01T10:00:00,computers
EVT_0008922,CUST_00707,2024-01-01T12:00:00,electronics
EVT_0008923,CUST_00707,2024-01-01T14:00:00,computers
EVT_0008924,CUST_00708,2024-01-01T00:00:00,bed_bath
EVT_0008925,CUST_00708,2024-01-01T02:00:00,furniture
EVT_0008926,CUST_00708,2024-01-01T04:00:00,housewares
EVT_0008927,CUST_00708,2024-01-01T06:00:00,bed_bath
EVT_0008928,CUST_00708,2024-01-01T08:00:00,furniture
EVT_0008929,CUST_00708,2024-01-01T10:00:00,sports_leisure
EVT_0008930,CUST_00708,2024-01-01T12:00:00,health_beauty
EVT_0008931,CUST_00708,2024-01-01T14:00:00,watches_gifts
EVT_0008932,CUST_00708,2024-01-01T16:00:00,health_beauty
EVT_0008933,CUST_00708,2024-01-01T18:00:00,watches_gifts
EVT_0008934,CUST_00708,2024-01-01T20:00:00,health_beauty
EVT_0008935,CUST_00708,2024-01-01T22:00:00,furniture
EVT_0008936,CUST_00708,2024-01-02T00:00:00,housewares
EVT_0008937,CUST_00708,2024-01-02T02:00:00,bed_bath
EVT_0008938,CUST_00708,2024-01-02T04:00:00,furniture
EVT_0008939,CUST_00708,2024-01-02T06:00:00,housewares
EVT_0008940,CUST_00709,2024-01-01T00:00:00,bed_bath
EVT_0008941,CUST_00709,2024-01-01T02:00:00,furniture
EVT_0008942,CUST_00709,2024-01-01T04:00:00,housewares
EVT_0008943,CUST_00709,2024-01-01T06:00:00,bed_bath
EVT_0008944,CUST_00709,2024-01-01T08:00:00,furniture
EVT_0008945,CUST_00709,2024-01-01T10:00:00,housewares
EVT_0008946,CUST_00709,2024-01-01T12:00:00,bed_bath
EVT_0008947,CUST_00709,2024-01-01T14:00:00,furniture
EVT_0008948,CUST_00709,2024-01-01T16:00:00,housewares
EVT_0008949,CUST_00709,2024-01-01T18:00:00,bed_bath
EVT_0008950,CUST_00709,2024-01-01T20:00:00,furniture
EVT_0008951,CUST_00709,2024-01-01T22:00:00,housewares
EVT_0008952,CUST_00709,2024-01-02T00:00:00,bed_bath
EVT_0008953,CUST_00709,2024-01-02T02:00:00,furniture
EVT_0008954,CUST_00709,2024-01-02T04:00:00,housewares
EVT_0008955,CUST_00710,2024-01-01T00:00:00,watches_gifts
EVT_0008956,CUST_00710,2024-01-01T02:00:00,health_beauty
EVT_0008957,CUST_00710,2024-01-01T04:00:00,watches_gifts
EVT_0008958,CUST_00710,2024-01-01T06:00:00,health_beauty
EVT_0008959,CUST_00710,2024-01-01T08:00:00,watches_gifts
EVT_0008960,CUST_00710,2024-01-01T10:00:00,bed_bath
EVT_0008961,CUST_00710,2024-01-01T12:00:00,housewares
EVT_0008962,CUST_00710,2024-01-01T14:00:00,bed_bath
EVT_0008963,CUST_00710,2024-01-01T16:00:00,furniture
EVT_0008964,CUST_00710,2024-01-01T18:00:00,housewares
EVT_0008965,CUST_00710,2024-01-01T20:00:00,bed_bath
EVT_0008966,CUST_00710,2024-01-01T22:00:00,furniture
EVT_0008967,CUST_00710,2024-01-02T00:00:00,housewares
EVT_0008968,CUST_00710,2024-01-02T02:00:00,bed_bath
EVT_0008969,CUST_00711,2024-01-01T00:00:00,electronics
EVT_0008970,CUST_00711,2024-01-01T02:00:00,computers
EVT_0008971,CUST_00711,2024-01-01T04:00:00,electronics
EVT_0008972,CUST_00711,2024-01-01T06:00:00,computers
EVT_0008973,CUST_00711,2024-01-01T08:00:00,electronics
EVT_0008974,CUST_00711,2024-01-01T10:00:00,computers
EVT_0008975,CUST_00711,2024-01-01T12:00:00,electronics
EVT_0008976,CUST_00711,2024-01-01T14:00:00,computers
EVT_0008977,CUST_00711,2024-01-01T16:00:00,electronics
EVT_0008978,CUST_00711,2024-01-01T18:00:00,computers
EVT_0008979,CUST_00711,2024-01-01T20:00:00,electronics
EVT_0008980,CUST_00711,2024-01-01T22:00:00,computers
EVT_0008981,CUST_00711,2024-01-02T00:00:00,electronics
EVT_0008982,CUST_00711,2024-01-02T02:00:00,computers
EVT_0008983,CUST_00711,2024-01-02T04:00:00,electronics
EVT_0008984,CUST_00711,2024-01-02T06:00:00,computers
EVT_0008985,CUST_00711,2024-01-02T08:00:00,electronics
EVT_0008986,CUST_00712,2024-01-01T00:00:00,health_beauty
EVT_0008987,CUST_00712,2024-01-01T02:00:00,watches_gifts
EVT_0008988,CUST_00712,2024-01-01T04:00:00,health_beauty
EVT_0008989,CUST_00712,2024-01-01T06:00:00,watches_gifts
EVT_0008990,CUST_00712,2024-01-01T08:00:00,health_beauty
EVT_0008991,CUST_00712,2024-01-01T10:00:00,watches_gifts
EVT_0008992,CUST_00712,2024-01-01T12:00:00,health_beauty
EVT_0008993,CUST_00712,2024-01-01T14:00:00,computers
EVT_0008994,CUST_00712,2024-01-01T16:00:00,electronics
EVT_0008995,CUST_00713,2024-01-01T00:00:00,bed_bath
EVT_0008996,CUST_00713,2024-01-01T02:00:00,furniture
EVT_0008997,CUST_00713,2024-01-01T04:00:00,housewares
EVT_0008998,CUST_00713,2024-01-01T06:00:00,computers
EVT_0008999,CUST_00713,2024-01-01T08:00:00,electronics
EVT_0009000,CUST_00713,2024-01-01T10:00:00,computers
EVT_0009001,CUST_00713,2024-01-01T12:00:00,electronics
EVT_0009002,CUST_00713,2024-01-01T14:00:00,computers
EVT_0009003,CUST_00713,2024-01-01T16:00:00,electronics
EVT_0009004,CUST_00713,2024-01-01T18:00:00,computers
EVT_0009005,CUST_00713,2024-01-01T20:00:00,electronics
EVT_0009006,CUST_00713,2024-01-01T22:00:00,computers
EVT_0009007,CUST_00713,2024-01-02T00:00:00,electronics
EVT_0009008,CUST_00713,2024-01-02T02:00:00,computers
EVT_0009009,CUST_00713,2024-01-02T04:00:00,electronics
EVT_0009010,CUST_00713,2024-01-02T06:00:00,computers
EVT_0009011,CUST_00714,2024-01-01T00:00:00,electronics
EVT_0009012,CUST_00714,2024-01-01T02:00:00,computers
EVT_0009013,CUST_00714,2024-01-01T04:00:00,electronics
EVT_0009014,CUST_00714,2024-01-01T06:00:00,computers
EVT_0009015,CUST_00714,2024-01-01T08:00:00,electronics
EVT_0009016,CUST_00714,2024-01-01T10:00:00,computers
EVT_0009017,CUST_00714,2024-01-01T12:00:00,electronics
EVT_0009018,CUST_00714,2024-01-01T14:00:00,computers
EVT_0009019,CUST_00714,2024-01-01T16:00:00,electronics
EVT_0009020,CUST_00715,2024-01-01T00:00:00,health_beauty
EVT_0009021,CUST_00715,2024-01-01T02:00:00,watches_gifts
EVT_0009022,CUST_00715,2024-01-01T04:00:00,health_beauty
EVT_0009023,CUST_00715,2024-01-01T06:00:00,watches_gifts
EVT_0009024,CUST_00715,2024-01-01T08:00:00,health_beauty
EVT_0009025,CUST_00715,2024-01-01T10:00:00,watches_gifts
EVT_0009026,CUST_00715,2024-01-01T12:00:00,health_beauty
EVT_0009027,CUST_00715,2024-01-01T14:00:00,watches_gifts
EVT_0009028,CUST_00715,2024-01-01T16:00:00,health_beauty
EVT_0009029,CUST_00715,2024-01-01T18:00:00,watches_gifts
EVT_0009030,CUST_00715,2024-01-01T20:00:00,health_beauty
EVT_0009031,CUST_00715,2024-01-01T22:00:00,watches_gifts
EVT_0009032,CUST_00715,2024-01-02T00:00:00,housewares
EVT_0009033,CUST_00715,2024-01-02T02:00:00,bed_bath
EVT_0009034,CUST_00716,2024-01-01T00:00:00,health_beauty
EVT_0009035,CUST_00716,2024-01-01T02:00:00,furniture
EVT_0009036,CUST_00716,2024-01-01T04:00:00,housewares
EVT_0009037,CUST_00716,2024-01-01T06:00:00,bed_bath
EVT_0009038,CUST_00716,2024-01-01T08:00:00,bed_bath
EVT_0009039,CUST_00716,2024-01-01T10:00:00,furniture
EVT_0009040,CUST_00716,2024-01-01T12:00:00,housewares
EVT_0009041,CUST_00716,2024-01-01T14:00:00,bed_bath
EVT_0009042,CUST_00716,2024-01-01T16:00:00,furniture
EVT_0009043,CUST_00716,2024-01-01T18:00:00,housewares
EVT_0009044,CUST_00716,2024-01-01T20:00:00,bed_bath
EVT_0009045,CUST_00717,2024-01-01T00:00:00,electronics
EVT_0009046,CUST_00717,2024-01-01T02:00:00,watches_gifts
EVT_0009047,CUST_00717,2024-01-01T04:00:00,health_beauty
EVT_0009048,CUST_00717,2024-01-01T06:00:00,watches_gifts
EVT_0009049,CUST_00717,2024-01-01T08:00:00,bed_bath
EVT_0009050,CUST_00717,2024-01-01T10:00:00,furniture
EVT_0009051,CUST_00717,2024-01-01T12:00:00,housewares
EVT_0009052,CUST_00717,2024-01-01T14:00:00,auto
EVT_0009053,CUST_00717,2024-01-01T16:00:00,electronics
EVT_0009054,CUST_00717,2024-01-01T18:00:00,computers
EVT_0009055,CUST_00718,2024-01-01T00:00:00,computers
EVT_0009056,CUST_00718,2024-01-01T02:00:00,watches_gifts
EVT_0009057,CUST_00718,2024-01-01T04:00:00,health_beauty
EVT_0009058,CUST_00718,2024-01-01T06:00:00,watches_gifts
EVT_0009059,CUST_00718,2024-01-01T08:00:00,health_beauty
EVT_0009060,CUST_00718,2024-01-01T10:00:00,watches_gifts
EVT_0009061,CUST_00718,2024-01-01T12:00:00,bed_bath
EVT_0009062,CUST_00718,2024-01-01T14:00:00,furniture
EVT_0009063,CUST_00718,2024-01-01T16:00:00,housewares
EVT_0009064,CUST_00718,2024-01-01T18:00:00,bed_bath
EVT_0009065,CUST_00719,2024-01-01T00:00:00,health_beauty
EVT_0009066,CUST_00719,2024-01-01T02:00:00,watches_gifts
EVT_0009067,CUST_00719,2024-01-01T04:00:00,health_beauty
EVT_0009068,CUST_00719,2024-01-01T06:00:00,watches_gifts
EVT_0009069,CUST_00719,2024-01-01T08:00:00,sports_leisure
EVT_0009070,CUST_00719,2024-01-01T10:00:00,health_beauty
EVT_0009071,CUST_00719,2024-01-01T12:00:00,computers
EVT_0009072,CUST_00719,2024-01-01T14:00:00,electronics
EVT_0009073,CUST_00719,2024-01-01T16:00:00,computers
EVT_0009074,CUST_00720,2024-01-01T00:00:00,bed_bath
EVT_0009075,CUST_00720,2024-01-01T02:00:00,furniture
EVT_0009076,CUST_00720,2024-01-01T04:00:00,housewares
EVT_0009077,CUST_00720,2024-01-01T06:00:00,bed_bath
EVT_0009078,CUST_00720,2024-01-01T08:00:00,furniture
EVT_0009079,CUST_00720,2024-01-01T10:00:00,housewares
EVT_0009080,CUST_00720,2024-01-01T12:00:00,bed_bath
EVT_0009081,CUST_00720,2024-01-01T14:00:00,furniture
EVT_0009082,CUST_00720,2024-01-01T16:00:00,housewares
EVT_0009083,CUST_00720,2024-01-01T18:00:00,bed_bath
EVT_0009084,CUST_00721,2024-01-01T00:00:00,health_beauty
EVT_0009085,CUST_00721,2024-01-01T02:00:00,watches_gifts
EVT_0009086,CUST_00721,2024-01-01T04:00:00,electronics
EVT_0009087,CUST_00721,2024-01-01T06:00:00,computers
EVT_0009088,CUST_00721,2024-01-01T08:00:00,electronics
EVT_0009089,CUST_00721,2024-01-01T10:00:00,computers
EVT_0009090,CUST_00721,2024-01-01T12:00:00,electronics
EVT_0009091,CUST_00721,2024-01-01T14:00:00,computers
EVT_0009092,CUST_00721,2024-01-01T16:00:00,housewares
EVT_0009093,CUST_00722,2024-01-01T00:00:00,health_beauty
EVT_0009094,CUST_00722,2024-01-01T02:00:00,watches_gifts
EVT_0009095,CUST_00722,2024-01-01T04:00:00,health_beauty
EVT_0009096,CUST_00722,2024-01-01T06:00:00,watches_gifts
EVT_0009097,CUST_00722,2024-01-01T08:00:00,health_beauty
EVT_0009098,CUST_00722,2024-01-01T10:00:00,watches_gifts
EVT_0009099,CUST_00722,2024-01-01T12:00:00,health_beauty
EVT_0009100,CUST_00722,2024-01-01T14:00:00,watches_gifts
EVT_0009101,CUST_00722,2024-01-01T16:00:00,health_beauty
EVT_0009102,CUST_00722,2024-01-01T18:00:00,watches_gifts
EVT_0009103,CUST_00722,2024-01-01T20:00:00,health_beauty
EVT_0009104,CUST_00723,2024-01-01T00:00:00,electronics
EVT_0009105,CUST_00723,2024-01-01T02:00:00,computers
EVT_0009106,CUST_00723,2024-01-01T04:00:00,electronics
EVT_0009107,CUST_00723,2024-01-01T06:00:00,computers
EVT_0009108,CUST_00723,2024-01-01T08:00:00,electronics
EVT_0009109,CUST_00723,2024-01-01T10:00:00,computers
EVT_0009110,CUST_00723,2024-01-01T12:00:00,electronics
EVT_0009111,CUST_00723,2024-01-01T14:00:00,computers
EVT_0009112,CUST_00723,2024-01-01T16:00:00,electronics
EVT_0009113,CUST_00724,2024-01-01T00:00:00,bed_bath
EVT_0009114,CUST_00724,2024-01-01T02:00:00,furniture
EVT_0009115,CUST_00724,2024-01-01T04:00:00,housewares
EVT_0009116,CUST_00724,2024-01-01T06:00:00,bed_bath
EVT_0009117,CUST_00724,2024-01-01T08:00:00,furniture
EVT_0009118,CUST_00724,2024-01-01T10:00:00,housewares
EVT_0009119,CUST_00724,2024-01-01T12:00:00,watches_gifts
EVT_0009120,CUST_00724,2024-01-01T14:00:00,health_beauty
EVT_0009121,CUST_00725,2024-01-01T00:00:00,electronics
EVT_0009122,CUST_00725,2024-01-01T02:00:00,computers
EVT_0009123,CUST_00725,2024-01-01T04:00:00,electronics
EVT_0009124,CUST_00725,2024-01-01T06:00:00,computers
EVT_0009125,CUST_00725,2024-01-01T08:00:00,electronics
EVT_0009126,CUST_00725,2024-01-01T10:00:00,computers
EVT_0009127,CUST_00725,2024-01-01T12:00:00,electronics
EVT_0009128,CUST_00725,2024-01-01T14:00:00,computers
EVT_0009129,CUST_00726,2024-01-01T00:00:00,housewares
EVT_0009130,CUST_00726,2024-01-01T02:00:00,bed_bath
EVT_0009131,CUST_00726,2024-01-01T04:00:00,furniture
EVT_0009132,CUST_00726,2024-01-01T06:00:00,housewares
EVT_0009133,CUST_00726,2024-01-01T08:00:00,bed_bath
EVT_0009134,CUST_00726,2024-01-01T10:00:00,auto
EVT_0009135,CUST_00726,2024-01-01T12:00:00,electronics
EVT_0009136,CUST_00726,2024-01-01T14:00:00,computers
EVT_0009137,CUST_00726,2024-01-01T16:00:00,electronics
EVT_0009138,CUST_00726,2024-01-01T18:00:00,computers
EVT_0009139,CUST_00726,2024-01-01T20:00:00,electronics
EVT_0009140,CUST_00726,2024-01-01T22:00:00,computers
EVT_0009141,CUST_00727,2024-01-01T00:00:00,electronics
EVT_0009142,CUST_00727,2024-01-01T02:00:00,computers
EVT_0009143,CUST_00727,2024-01-01T04:00:00,electronics
EVT_0009144,CUST_00727,2024-01-01T06:00:00,computers
EVT_0009145,CUST_00727,2024-01-01T08:00:00,electronics
EVT_0009146,CUST_00727,2024-01-01T10:00:00,computers
EVT_0009147,CUST_00727,2024-01-01T12:00:00,electronics
EVT_0009148,CUST_00727,2024-01-01T14:00:00,sports_leisure
EVT_0009149,CUST_00727,2024-01-01T16:00:00,computers
EVT_0009150,CUST_00727,2024-01-01T18:00:00,electronics
EVT_0009151,CUST_00728,2024-01-01T00:00:00,bed_bath
EVT_0009152,CUST_00728,2024-01-01T02:00:00,furniture
EVT_0009153,CUST_00728,2024-01-01T04:00:00,housewares
EVT_0009154,CUST_00728,2024-01-01T06:00:00,bed_bath
EVT_0009155,CUST_00728,2024-01-01T08:00:00,furniture
EVT_0009156,CUST_00728,2024-01-01T10:00:00,housewares
EVT_0009157,CUST_00728,2024-01-01T12:00:00,bed_bath
EVT_0009158,CUST_00728,2024-01-01T14:00:00,furniture
EVT_0009159,CUST_00728,2024-01-01T16:00:00,housewares
EVT_0009160,CUST_00728,2024-01-01T18:00:00,bed_bath
EVT_0009161,CUST_00728,2024-01-01T20:00:00,furniture
EVT_0009162,CUST_00728,2024-01-01T22:00:00,housewares
EVT_0009163,CUST_00728,2024-01-02T00:00:00,bed_bath
EVT_0009164,CUST_00728,2024-01-02T02:00:00,furniture
EVT_0009165,CUST_00728,2024-01-02T04:00:00,housewares
EVT_0009166,CUST_00728,2024-01-02T06:00:00,watches_gifts
EVT_0009167,CUST_00728,2024-01-02T08:00:00,health_beauty
EVT_0009168,CUST_00729,2024-01-01T00:00:00,housewares
EVT_0009169,CUST_00729,2024-01-01T02:00:00,watches_gifts
EVT_0009170,CUST_00729,2024-01-01T04:00:00,health_beauty
EVT_0009171,CUST_00729,2024-01-01T06:00:00,watches_gifts
EVT_0009172,CUST_00729,2024-01-01T08:00:00,housewares
EVT_0009173,CUST_00729,2024-01-01T10:00:00,bed_bath
EVT_0009174,CUST_00729,2024-01-01T12:00:00,furniture
EVT_0009175,CUST_00729,2024-01-01T14:00:00,housewares
EVT_0009176,CUST_00729,2024-01-01T16:00:00,bed_bath
EVT_0009177,CUST_00729,2024-01-01T18:00:00,furniture
EVT_0009178,CUST_00729,2024-01-01T20:00:00,housewares
EVT_0009179,CUST_00729,2024-01-01T22:00:00,bed_bath
EVT_0009180,CUST_00729,2024-01-02T00:00:00,furniture
EVT_0009181,CUST_00729,2024-01-02T02:00:00,toys
EVT_0009182,CUST_00729,2024-01-02T04:00:00,electronics
EVT_0009183,CUST_00729,2024-01-02T06:00:00,computers
EVT_0009184,CUST_00729,2024-01-02T08:00:00,electronics
EVT_0009185,CUST_00730,2024-01-01T00:00:00,electronics
EVT_0009186,CUST_00730,2024-01-01T02:00:00,computers
EVT_0009187,CUST_00730,2024-01-01T04:00:00,electronics
EVT_0009188,CUST_00730,2024-01-01T06:00:00,computers
EVT_0009189,CUST_00730,2024-01-01T08:00:00,electronics
EVT_0009190,CUST_00730,2024-01-01T10:00:00,computers
EVT_0009191,CUST_00730,2024-01-01T12:00:00,electronics
EVT_0009192,CUST_00730,2024-01-01T14:00:00,computers
EVT_0009193,CUST_00730,2024-01-01T16:00:00,electronics
EVT_0009194,CUST_00730,2024-01-01T18:00:00,computers
EVT_0009195,CUST_00730,2024-01-01T20:00:00,electronics
EVT_0009196,CUST_00730,2024-01-01T22:00:00,computers
EVT_0009197,CUST_00730,2024-01-02T00:00:00,electronics
EVT_0009198,CUST_00730,2024-01-02T02:00:00,computers
EVT_0009199,CUST_00730,2024-01-02T04:00:00,electronics
EVT_0009200,CUST_00731,2024-01-01T00:00:00,electronics
EVT_0009201,CUST_00731,2024-01-01T02:00:00,computers
EVT_0009202,CUST_00731,2024-01-01T04:00:00,electronics
EVT_0009203,CUST_00731,2024-01-01T06:00:00,computers
EVT_0009204,CUST_00731,2024-01-01T08:00:00,electronics
EVT_0009205,CUST_00731,2024-01-01T10:00:00,computers
EVT_0009206,CUST_00731,2024-01-01T12:00:00,electronics
EVT_0009207,CUST_00731,2024-01-01T14:00:00,computers
EVT_0009208,CUST_00731,2024-01-01T16:00:00,electronics
EVT_0009209,CUST_00731,2024-01-01T18:00:00,computers
EVT_0009210,CUST_00731,2024-01-01T20:00:00,electronics
EVT_0009211,CUST_00731,2024-01-01T22:00:00,computers
EVT_0009212,CUST_00731,2024-01-02T00:00:00,electronics
EVT_0009213,CUST_00732,2024-01-01T00:00:00,bed_bath
EVT_0009214,CUST_00732,2024-01-01T02:00:00,furniture
EVT_0009215,CUST_00732,2024-01-01T04:00:00,housewares
EVT_0009216,CUST_00732,2024-01-01T06:00:00,bed_bath
EVT_0009217,CUST_00732,2024-01-01T08:00:00,furniture
EVT_0009218,CUST_00732,2024-01-01T10:00:00,housewares
EVT_0009219,CUST_00732,2024-01-01T12:00:00,bed_bath
EVT_0009220,CUST_00732,2024-01-01T14:00:00,furniture
EVT_0009221,CUST_00733,2024-01-01T00:00:00,computers
EVT_0009222,CUST_00733,2024-01-01T02:00:00,electronics
EVT_0009223,CUST_00733,2024-01-01T04:00:00,computers
EVT_0009224,CUST_00733,2024-01-01T06:00:00,electronics
EVT_0009225,CUST_00733,2024-01-01T08:00:00,computers
EVT_0009226,CUST_00733,2024-01-01T10:00:00,electronics
EVT_0009227,CUST_00733,2024-01-01T12:00:00,computers
EVT_0009228,CUST_00733,2024-01-01T14:00:00,electronics
EVT_0009229,CUST_00733,2024-01-01T16:00:00,computers
EVT_0009230,CUST_00734,2024-01-01T00:00:00,housewares
EVT_0009231,CUST_00734,2024-01-01T02:00:00,electronics
EVT_0009232,CUST_00734,2024-01-01T04:00:00,computers
EVT_0009233,CUST_00734,2024-01-01T06:00:00,electronics
EVT_0009234,CUST_00734,2024-01-01T08:00:00,furniture
EVT_0009235,CUST_00734,2024-01-01T10:00:00,housewares
EVT_0009236,CUST_00734,2024-01-01T12:00:00,bed_bath
EVT_0009237,CUST_00734,2024-01-01T14:00:00,furniture
EVT_0009238,CUST_00734,2024-01-01T16:00:00,housewares
EVT_0009239,CUST_00734,2024-01-01T18:00:00,bed_bath
EVT_0009240,CUST_00734,2024-01-01T20:00:00,furniture
EVT_0009241,CUST_00734,2024-01-01T22:00:00,housewares
EVT_0009242,CUST_00734,2024-01-02T00:00:00,bed_bath
EVT_0009243,CUST_00734,2024-01-02T02:00:00,furniture
EVT_0009244,CUST_00734,2024-01-02T04:00:00,housewares
EVT_0009245,CUST_00734,2024-01-02T06:00:00,bed_bath
EVT_0009246,CUST_00734,2024-01-02T08:00:00,furniture
EVT_0009247,CUST_00735,2024-01-01T00:00:00,electronics
EVT_0009248,CUST_00735,2024-01-01T02:00:00,computers
EVT_0009249,CUST_00735,2024-01-01T04:00:00,electronics
EVT_0009250,CUST_00735,2024-01-01T06:00:00,computers
EVT_0009251,CUST_00735,2024-01-01T08:00:00,electronics
EVT_0009252,CUST_00735,2024-01-01T10:00:00,computers
EVT_0009253,CUST_00735,2024-01-01T12:00:00,electronics
EVT_0009254,CUST_00735,2024-01-01T14:00:00,computers
EVT_0009255,CUST_00735,2024-01-01T16:00:00,electronics
EVT_0009256,CUST_00735,2024-01-01T18:00:00,computers
EVT_0009257,CUST_00735,2024-01-01T20:00:00,electronics
EVT_0009258,CUST_00735,2024-01-01T22:00:00,computers
EVT_0009259,CUST_00735,2024-01-02T00:00:00,electronics
EVT_0009260,CUST_00735,2024-01-02T02:00:00,computers
EVT_0009261,CUST_00736,2024-01-01T00:00:00,electronics
EVT_0009262,CUST_00736,2024-01-01T02:00:00,computers
EVT_0009263,CUST_00736,2024-01-01T04:00:00,electronics
EVT_0009264,CUST_00736,2024-01-01T06:00:00,electronics
EVT_0009265,CUST_00736,2024-01-01T08:00:00,computers
EVT_0009266,CUST_00736,2024-01-01T10:00:00,electronics
EVT_0009267,CUST_00736,2024-01-01T12:00:00,computers
EVT_0009268,CUST_00736,2024-01-01T14:00:00,electronics
EVT_0009269,CUST_00736,2024-01-01T16:00:00,computers
EVT_0009270,CUST_00736,2024-01-01T18:00:00,electronics
EVT_0009271,CUST_00736,2024-01-01T20:00:00,computers
EVT_0009272,CUST_00737,2024-01-01T00:00:00,electronics
EVT_0009273,CUST_00737,2024-01-01T02:00:00,computers
EVT_0009274,CUST_00737,2024-01-01T04:00:00,electronics
EVT_0009275,CUST_00737,2024-01-01T06:00:00,computers
EVT_0009276,CUST_00737,2024-01-01T08:00:00,electronics
EVT_0009277,CUST_00737,2024-01-01T10:00:00,computers
EVT_0009278,CUST_00737,2024-01-01T12:00:00,electronics
EVT_0009279,CUST_00737,2024-01-01T14:00:00,computers
EVT_0009280,CUST_00737,2024-01-01T16:00:00,electronics
EVT_0009281,CUST_00737,2024-01-01T18:00:00,computers
EVT_0009282,CUST_00737,2024-01-01T20:00:00,electronics
EVT_0009283,CUST_00737,2024-01-01T22:00:00,computers
EVT_0009284,CUST_00737,2024-01-02T00:00:00,electronics
EVT_0009285,CUST_00737,2024-01-02T02:00:00,computers
EVT_0009286,CUST_00737,2024-01-02T04:00:00,electronics
EVT_0009287,CUST_00738,2024-01-01T00:00:00,electronics
EVT_0009288,CUST_00738,2024-01-01T02:00:00,computers
EVT_0009289,CUST_00738,2024-01-01T04:00:00,electronics
EVT_0009290,CUST_00738,2024-01-01T06:00:00,computers
EVT_0009291,CUST_00738,2024-01-01T08:00:00,electronics
EVT_0009292,CUST_00738,2024-01-01T10:00:00,computers
EVT_0009293,CUST_00738,2024-01-01T12:00:00,electronics
EVT_0009294,CUST_00738,2024-01-01T14:00:00,computers
EVT_0009295,CUST_00738,2024-01-01T16:00:00,watches_gifts
EVT_0009296,CUST_00738,2024-01-01T18:00:00,health_beauty
EVT_0009297,CUST_00738,2024-01-01T20:00:00,watches_gifts
EVT_0009298,CUST_00738,2024-01-01T22:00:00,health_beauty
EVT_0009299,CUST_00738,2024-01-02T00:00:00,watches_gifts
EVT_0009300,CUST_00738,2024-01-02T02:00:00,health_beauty
EVT_0009301,CUST_00738,2024-01-02T04:00:00,watches_gifts
EVT_0009302,CUST_00738,2024-01-02T06:00:00,health_beauty
EVT_0009303,CUST_00738,2024-01-02T08:00:00,watches_gifts
EVT_0009304,CUST_00739,2024-01-01T00:00:00,housewares
EVT_0009305,CUST_00739,2024-01-01T02:00:00,bed_bath
EVT_0009306,CUST_00739,2024-01-01T04:00:00,furniture
EVT_0009307,CUST_00739,2024-01-01T06:00:00,housewares
EVT_0009308,CUST_00739,2024-01-01T08:00:00,bed_bath
EVT_0009309,CUST_00739,2024-01-01T10:00:00,furniture
EVT_0009310,CUST_00739,2024-01-01T12:00:00,housewares
EVT_0009311,CUST_00739,2024-01-01T14:00:00,bed_bath
EVT_0009312,CUST_00739,2024-01-01T16:00:00,furniture
EVT_0009313,CUST_00739,2024-01-01T18:00:00,housewares
EVT_0009314,CUST_00739,2024-01-01T20:00:00,bed_bath
EVT_0009315,CUST_00739,2024-01-01T22:00:00,furniture
EVT_0009316,CUST_00739,2024-01-02T00:00:00,housewares
EVT_0009317,CUST_00739,2024-01-02T02:00:00,bed_bath
EVT_0009318,CUST_00740,2024-01-01T00:00:00,furniture
EVT_0009319,CUST_00740,2024-01-01T02:00:00,housewares
EVT_0009320,CUST_00740,2024-01-01T04:00:00,bed_bath
EVT_0009321,CUST_00740,2024-01-01T06:00:00,furniture
EVT_0009322,CUST_00740,2024-01-01T08:00:00,housewares
EVT_0009323,CUST_00740,2024-01-01T10:00:00,bed_bath
EVT_0009324,CUST_00740,2024-01-01T12:00:00,furniture
EVT_0009325,CUST_00740,2024-01-01T14:00:00,housewares
EVT_0009326,CUST_00740,2024-01-01T16:00:00,bed_bath
EVT_0009327,CUST_00741,2024-01-01T00:00:00,health_beauty
EVT_0009328,CUST_00741,2024-01-01T02:00:00,watches_gifts
EVT_0009329,CUST_00741,2024-01-01T04:00:00,health_beauty
EVT_0009330,CUST_00741,2024-01-01T06:00:00,watches_gifts
EVT_0009331,CUST_00741,2024-01-01T08:00:00,auto
EVT_0009332,CUST_00741,2024-01-01T10:00:00,electronics
EVT_0009333,CUST_00741,2024-01-01T12:00:00,computers
EVT_0009334,CUST_00741,2024-01-01T14:00:00,electronics
EVT_0009335,CUST_00742,2024-01-01T00:00:00,electronics
EVT_0009336,CUST_00742,2024-01-01T02:00:00,computers
EVT_0009337,CUST_00742,2024-01-01T04:00:00,electronics
EVT_0009338,CUST_00742,2024-01-01T06:00:00,health_beauty
EVT_0009339,CUST_00742,2024-01-01T08:00:00,watches_gifts
EVT_0009340,CUST_00742,2024-01-01T10:00:00,health_beauty
EVT_0009341,CUST_00742,2024-01-01T12:00:00,watches_gifts
EVT_0009342,CUST_00742,2024-01-01T14:00:00,health_beauty
EVT_0009343,CUST_00742,2024-01-01T16:00:00,watches_gifts
EVT_0009344,CUST_00742,2024-01-01T18:00:00,health_beauty
EVT_0009345,CUST_00742,2024-01-01T20:00:00,watches_gifts
EVT_0009346,CUST_00742,2024-01-01T22:00:00,health_beauty
EVT_0009347,CUST_00743,2024-01-01T00:00:00,watches_gifts
EVT_0009348,CUST_00743,2024-01-01T02:00:00,health_beauty
EVT_0009349,CUST_00743,2024-01-01T04:00:00,computers
EVT_0009350,CUST_00743,2024-01-01T06:00:00,electronics
EVT_0009351,CUST_00743,2024-01-01T08:00:00,computers
EVT_0009352,CUST_00743,2024-01-01T10:00:00,electronics
EVT_0009353,CUST_00743,2024-01-01T12:00:00,computers
EVT_0009354,CUST_00743,2024-01-01T14:00:00,electronics
EVT_0009355,CUST_00743,2024-01-01T16:00:00,computers
EVT_0009356,CUST_00743,2024-01-01T18:00:00,electronics
EVT_0009357,CUST_00743,2024-01-01T20:00:00,computers
EVT_0009358,CUST_00743,2024-01-01T22:00:00,electronics
EVT_0009359,CUST_00743,2024-01-02T00:00:00,computers
EVT_0009360,CUST_00743,2024-01-02T02:00:00,electronics
EVT_0009361,CUST_00743,2024-01-02T04:00:00,computers
EVT_0009362,CUST_00743,2024-01-02T06:00:00,electronics
EVT_0009363,CUST_00744,2024-01-01T00:00:00,furniture
EVT_0009364,CUST_00744,2024-01-01T02:00:00,housewares
EVT_0009365,CUST_00744,2024-01-01T04:00:00,bed_bath
EVT_0009366,CUST_00744,2024-01-01T06:00:00,furniture
EVT_0009367,CUST_00744,2024-01-01T08:00:00,housewares
EVT_0009368,CUST_00744,2024-01-01T10:00:00,bed_bath
EVT_0009369,CUST_00744,2024-01-01T12:00:00,furniture
EVT_0009370,CUST_00744,2024-01-01T14:00:00,housewares
EVT_0009371,CUST_00744,2024-01-01T16:00:00,bed_bath
EVT_0009372,CUST_00744,2024-01-01T18:00:00,furniture
EVT_0009373,CUST_00744,2024-01-01T20:00:00,housewares
EVT_0009374,CUST_00744,2024-01-01T22:00:00,bed_bath
EVT_0009375,CUST_00744,2024-01-02T00:00:00,furniture
EVT_0009376,CUST_00744,2024-01-02T02:00:00,housewares
EVT_0009377,CUST_00744,2024-01-02T04:00:00,bed_bath
EVT_0009378,CUST_00745,2024-01-01T00:00:00,electronics
EVT_0009379,CUST_00745,2024-01-01T02:00:00,computers
EVT_0009380,CUST_00745,2024-01-01T04:00:00,electronics
EVT_0009381,CUST_00745,2024-01-01T06:00:00,computers
EVT_0009382,CUST_00745,2024-01-01T08:00:00,electronics
EVT_0009383,CUST_00745,2024-01-01T10:00:00,computers
EVT_0009384,CUST_00745,2024-01-01T12:00:00,electronics
EVT_0009385,CUST_00745,2024-01-01T14:00:00,computers
EVT_0009386,CUST_00745,2024-01-01T16:00:00,electronics
EVT_0009387,CUST_00745,2024-01-01T18:00:00,computers
EVT_0009388,CUST_00745,2024-01-01T20:00:00,electronics
EVT_0009389,CUST_00745,2024-01-01T22:00:00,computers
EVT_0009390,CUST_00745,2024-01-02T00:00:00,electronics
EVT_0009391,CUST_00746,2024-01-01T00:00:00,health_beauty
EVT_0009392,CUST_00746,2024-01-01T02:00:00,watches_gifts
EVT_0009393,CUST_00746,2024-01-01T04:00:00,health_beauty
EVT_0009394,CUST_00746,2024-01-01T06:00:00,watches_gifts
EVT_0009395,CUST_00746,2024-01-01T08:00:00,health_beauty
EVT_0009396,CUST_00746,2024-01-01T10:00:00,watches_gifts
EVT_0009397,CUST_00746,2024-01-01T12:00:00,health_beauty
EVT_0009398,CUST_00746,2024-01-01T14:00:00,watches_gifts
EVT_0009399,CUST_00746,2024-01-01T16:00:00,health_beauty
EVT_0009400,CUST_00746,2024-01-01T18:00:00,watches_gifts
EVT_0009401,CUST_00746,2024-01-01T20:00:00,health_beauty
EVT_0009402,CUST_00746,2024-01-01T22:00:00,watches_gifts
EVT_0009403,CUST_00746,2024-01-02T00:00:00,health_beauty
EVT_0009404,CUST_00746,2024-01-02T02:00:00,watches_gifts
EVT_0009405,CUST_00747,2024-01-01T00:00:00,bed_bath
EVT_0009406,CUST_00747,2024-01-01T02:00:00,furniture
EVT_0009407,CUST_00747,2024-01-01T04:00:00,housewares
EVT_0009408,CUST_00747,2024-01-01T06:00:00,bed_bath
EVT_0009409,CUST_00747,2024-01-01T08:00:00,furniture
EVT_0009410,CUST_00747,2024-01-01T10:00:00,housewares
EVT_0009411,CUST_00747,2024-01-01T12:00:00,bed_bath
EVT_0009412,CUST_00747,2024-01-01T14:00:00,furniture
EVT_0009413,CUST_00747,2024-01-01T16:00:00,housewares
EVT_0009414,CUST_00747,2024-01-01T18:00:00,bed_bath
EVT_0009415,CUST_00747,2024-01-01T20:00:00,furniture
EVT_0009416,CUST_00747,2024-01-01T22:00:00,housewares
EVT_0009417,CUST_00747,2024-01-02T00:00:00,bed_bath
EVT_0009418,CUST_00747,2024-01-02T02:00:00,furniture
EVT_0009419,CUST_00747,2024-01-02T04:00:00,housewares
EVT_0009420,CUST_00747,2024-01-02T06:00:00,bed_bath
EVT_0009421,CUST_00748,2024-01-01T00:00:00,computers
EVT_0009422,CUST_00748,2024-01-01T02:00:00,electronics
EVT_0009423,CUST_00748,2024-01-01T04:00:00,computers
EVT_0009424,CUST_00748,2024-01-01T06:00:00,furniture
EVT_0009425,CUST_00748,2024-01-01T08:00:00,housewares
EVT_0009426,CUST_00748,2024-01-01T10:00:00,bed_bath
EVT_0009427,CUST_00748,2024-01-01T12:00:00,furniture
EVT_0009428,CUST_00748,2024-01-01T14:00:00,housewares
EVT_0009429,CUST_00748,2024-01-01T16:00:00,bed_bath
EVT_0009430,CUST_00748,2024-01-01T18:00:00,furniture
EVT_0009431,CUST_00748,2024-01-01T20:00:00,housewares
EVT_0009432,CUST_00748,2024-01-01T22:00:00,bed_bath
EVT_0009433,CUST_00748,2024-01-02T00:00:00,furniture
EVT_0009434,CUST_00748,2024-01-02T02:00:00,housewares
EVT_0009435,CUST_00748,2024-01-02T04:00:00,bed_bath
EVT_0009436,CUST_00748,2024-01-02T06:00:00,furniture
EVT_0009437,CUST_00748,2024-01-02T08:00:00,housewares
EVT_0009438,CUST_00749,2024-01-01T00:00:00,housewares
EVT_0009439,CUST_00749,2024-01-01T02:00:00,bed_bath
EVT_0009440,CUST_00749,2024-01-01T04:00:00,furniture
EVT_0009441,CUST_00749,2024-01-01T06:00:00,housewares
EVT_0009442,CUST_00749,2024-01-01T08:00:00,bed_bath
EVT_0009443,CUST_00749,2024-01-01T10:00:00,furniture
EVT_0009444,CUST_00749,2024-01-01T12:00:00,computers
EVT_0009445,CUST_00749,2024-01-01T14:00:00,electronics
EVT_0009446,CUST_00749,2024-01-01T16:00:00,computers
EVT_0009447,CUST_00749,2024-01-01T18:00:00,electronics
EVT_0009448,CUST_00749,2024-01-01T20:00:00,computers
EVT_0009449,CUST_00750,2024-01-01T00:00:00,electronics
EVT_0009450,CUST_00750,2024-01-01T02:00:00,computers
EVT_0009451,CUST_00750,2024-01-01T04:00:00,electronics
EVT_0009452,CUST_00750,2024-01-01T06:00:00,computers
EVT_0009453,CUST_00750,2024-01-01T08:00:00,electronics
EVT_0009454,CUST_00750,2024-01-01T10:00:00,computers
EVT_0009455,CUST_00750,2024-01-01T12:00:00,electronics
EVT_0009456,CUST_00750,2024-01-01T14:00:00,computers
EVT_0009457,CUST_00750,2024-01-01T16:00:00,electronics
EVT_0009458,CUST_00751,2024-01-01T00:00:00,computers
EVT_0009459,CUST_00751,2024-01-01T02:00:00,electronics
EVT_0009460,CUST_00751,2024-01-01T04:00:00,computers
EVT_0009461,CUST_00751,2024-01-01T06:00:00,electronics
EVT_0009462,CUST_00751,2024-01-01T08:00:00,computers
EVT_0009463,CUST_00751,2024-01-01T10:00:00,electronics
EVT_0009464,CUST_00751,2024-01-01T12:00:00,computers
EVT_0009465,CUST_00751,2024-01-01T14:00:00,electronics
EVT_0009466,CUST_00751,2024-01-01T16:00:00,computers
EVT_0009467,CUST_00751,2024-01-01T18:00:00,electronics
EVT_0009468,CUST_00751,2024-01-01T20:00:00,computers
EVT_0009469,CUST_00751,2024-01-01T22:00:00,electronics
EVT_0009470,CUST_00751,2024-01-02T00:00:00,computers
EVT_0009471,CUST_00751,2024-01-02T02:00:00,electronics
EVT_0009472,CUST_00751,2024-01-02T04:00:00,computers
EVT_0009473,CUST_00752,2024-01-01T00:00:00,computers
EVT_0009474,CUST_00752,2024-01-01T02:00:00,electronics
EVT_0009475,CUST_00752,2024-01-01T04:00:00,computers
EVT_0009476,CUST_00752,2024-01-01T06:00:00,electronics
EVT_0009477,CUST_00752,2024-01-01T08:00:00,computers
EVT_0009478,CUST_00752,2024-01-01T10:00:00,electronics
EVT_0009479,CUST_00752,2024-01-01T12:00:00,computers
EVT_0009480,CUST_00752,2024-01-01T14:00:00,electronics
EVT_0009481,CUST_00752,2024-01-01T16:00:00,computers
EVT_0009482,CUST_00752,2024-01-01T18:00:00,computers
EVT_0009483,CUST_00753,2024-01-01T00:00:00,electronics
EVT_0009484,CUST_00753,2024-01-01T02:00:00,computers
EVT_0009485,CUST_00753,2024-01-01T04:00:00,electronics
EVT_0009486,CUST_00753,2024-01-01T06:00:00,computers
EVT_0009487,CUST_00753,2024-01-01T08:00:00,electronics
EVT_0009488,CUST_00753,2024-01-01T10:00:00,computers
EVT_0009489,CUST_00753,2024-01-01T12:00:00,electronics
EVT_0009490,CUST_00753,2024-01-01T14:00:00,computers
EVT_0009491,CUST_00753,2024-01-01T16:00:00,electronics
EVT_0009492,CUST_00753,2024-01-01T18:00:00,toys
EVT_0009493,CUST_00753,2024-01-01T20:00:00,electronics
EVT_0009494,CUST_00753,2024-01-01T22:00:00,computers
EVT_0009495,CUST_00753,2024-01-02T00:00:00,electronics
EVT_0009496,CUST_00753,2024-01-02T02:00:00,computers
EVT_0009497,CUST_00753,2024-01-02T04:00:00,electronics
EVT_0009498,CUST_00754,2024-01-01T00:00:00,bed_bath
EVT_0009499,CUST_00754,2024-01-01T02:00:00,furniture
EVT_0009500,CUST_00754,2024-01-01T04:00:00,health_beauty
EVT_0009501,CUST_00754,2024-01-01T06:00:00,watches_gifts
EVT_0009502,CUST_00754,2024-01-01T08:00:00,health_beauty
EVT_0009503,CUST_00754,2024-01-01T10:00:00,watches_gifts
EVT_0009504,CUST_00754,2024-01-01T12:00:00,health_beauty
EVT_0009505,CUST_00754,2024-01-01T14:00:00,watches_gifts
EVT_0009506,CUST_00754,2024-01-01T16:00:00,health_beauty
EVT_0009507,CUST_00754,2024-01-01T18:00:00,watches_gifts
EVT_0009508,CUST_00754,2024-01-01T20:00:00,health_beauty
EVT_0009509,CUST_00755,2024-01-01T00:00:00,computers
EVT_0009510,CUST_00755,2024-01-01T02:00:00,electronics
EVT_0009511,CUST_00755,2024-01-01T04:00:00,computers
EVT_0009512,CUST_00755,2024-01-01T06:00:00,electronics
EVT_0009513,CUST_00755,2024-01-01T08:00:00,computers
EVT_0009514,CUST_00755,2024-01-01T10:00:00,electronics
EVT_0009515,CUST_00755,2024-01-01T12:00:00,bed_bath
EVT_0009516,CUST_00755,2024-01-01T14:00:00,furniture
EVT_0009517,CUST_00755,2024-01-01T16:00:00,housewares
EVT_0009518,CUST_00755,2024-01-01T18:00:00,health_beauty
EVT_0009519,CUST_00755,2024-01-01T20:00:00,watches_gifts
EVT_0009520,CUST_00756,2024-01-01T00:00:00,health_beauty
EVT_0009521,CUST_00756,2024-01-01T02:00:00,computers
EVT_0009522,CUST_00756,2024-01-01T04:00:00,electronics
EVT_0009523,CUST_00756,2024-01-01T06:00:00,computers
EVT_0009524,CUST_00756,2024-01-01T08:00:00,sports_leisure
EVT_0009525,CUST_00756,2024-01-01T10:00:00,health_beauty
EVT_0009526,CUST_00756,2024-01-01T12:00:00,electronics
EVT_0009527,CUST_00756,2024-01-01T14:00:00,computers
EVT_0009528,CUST_00756,2024-01-01T16:00:00,electronics
EVT_0009529,CUST_00756,2024-01-01T18:00:00,computers
EVT_0009530,CUST_00756,2024-01-01T20:00:00,electronics
EVT_0009531,CUST_00756,2024-01-01T22:00:00,computers
EVT_0009532,CUST_00757,2024-01-01T00:00:00,health_beauty
EVT_0009533,CUST_00757,2024-01-01T02:00:00,watches_gifts
EVT_0009534,CUST_00757,2024-01-01T04:00:00,health_beauty
EVT_0009535,CUST_00757,2024-01-01T06:00:00,watches_gifts
EVT_0009536,CUST_00757,2024-01-01T08:00:00,health_beauty
EVT_0009537,CUST_00757,2024-01-01T10:00:00,watches_gifts
EVT_0009538,CUST_00757,2024-01-01T12:00:00,health_beauty
EVT_0009539,CUST_00757,2024-01-01T14:00:00,watches_gifts
EVT_0009540,CUST_00757,2024-01-01T16:00:00,health_beauty
EVT_0009541,CUST_00757,2024-01-01T18:00:00,watches_gifts
EVT_0009542,CUST_00757,2024-01-01T20:00:00,health_beauty
EVT_0009543,CUST_00757,2024-01-01T22:00:00,watches_gifts
EVT_0009544,CUST_00757,2024-01-02T00:00:00,health_beauty
EVT_0009545,CUST_00757,2024-01-02T02:00:00,watches_gifts
EVT_0009546,CUST_00757,2024-01-02T04:00:00,health_beauty
EVT_0009547,CUST_00757,2024-01-02T06:00:00,watches_gifts
EVT_0009548,CUST_00758,2024-01-01T00:00:00,electronics
EVT_0009549,CUST_00758,2024-01-01T02:00:00,auto
EVT_0009550,CUST_00758,2024-01-01T04:00:00,furniture
EVT_0009551,CUST_00758,2024-01-01T06:00:00,housewares
EVT_0009552,CUST_00758,2024-01-01T08:00:00,bed_bath
EVT_0009553,CUST_00758,2024-01-01T10:00:00,furniture
EVT_0009554,CUST_00758,2024-01-01T12:00:00,housewares
EVT_0009555,CUST_00758,2024-01-01T14:00:00,bed_bath
EVT_0009556,CUST_00758,2024-01-01T16:00:00,furniture
EVT_0009557,CUST_00758,2024-01-01T18:00:00,housewares
EVT_0009558,CUST_00758,2024-01-01T20:00:00,bed_bath
EVT_0009559,CUST_00759,2024-01-01T00:00:00,health_beauty
EVT_0009560,CUST_00759,2024-01-01T02:00:00,watches_gifts
EVT_0009561,CUST_00759,2024-01-01T04:00:00,health_beauty
EVT_0009562,CUST_00759,2024-01-01T06:00:00,watches_gifts
EVT_0009563,CUST_00759,2024-01-01T08:00:00,health_beauty
EVT_0009564,CUST_00759,2024-01-01T10:00:00,watches_gifts
EVT_0009565,CUST_00759,2024-01-01T12:00:00,health_beauty
EVT_0009566,CUST_00759,2024-01-01T14:00:00,watches_gifts
EVT_0009567,CUST_00759,2024-01-01T16:00:00,health_beauty
EVT_0009568,CUST_00759,2024-01-01T18:00:00,watches_gifts
EVT_0009569,CUST_00759,2024-01-01T20:00:00,health_beauty
EVT_0009570,CUST_00760,2024-01-01T00:00:00,housewares
EVT_0009571,CUST_00760,2024-01-01T02:00:00,bed_bath
EVT_0009572,CUST_00760,2024-01-01T04:00:00,furniture
EVT_0009573,CUST_00760,2024-01-01T06:00:00,watches_gifts
EVT_0009574,CUST_00760,2024-01-01T08:00:00,health_beauty
EVT_0009575,CUST_00760,2024-01-01T10:00:00,watches_gifts
EVT_0009576,CUST_00760,2024-01-01T12:00:00,health_beauty
EVT_0009577,CUST_00760,2024-01-01T14:00:00,watches_gifts
EVT_0009578,CUST_00760,2024-01-01T16:00:00,health_beauty
EVT_0009579,CUST_00760,2024-01-01T18:00:00,watches_gifts
EVT_0009580,CUST_00760,2024-01-01T20:00:00,health_beauty
EVT_0009581,CUST_00760,2024-01-01T22:00:00,watches_gifts
EVT_0009582,CUST_00760,2024-01-02T00:00:00,health_beauty
EVT_0009583,CUST_00760,2024-01-02T02:00:00,watches_gifts
EVT_0009584,CUST_00760,2024-01-02T04:00:00,health_beauty
EVT_0009585,CUST_00761,2024-01-01T00:00:00,housewares
EVT_0009586,CUST_00761,2024-01-01T02:00:00,bed_bath
EVT_0009587,CUST_00761,2024-01-01T04:00:00,furniture
EVT_0009588,CUST_00761,2024-01-01T06:00:00,housewares
EVT_0009589,CUST_00761,2024-01-01T08:00:00,bed_bath
EVT_0009590,CUST_00761,2024-01-01T10:00:00,furniture
EVT_0009591,CUST_00761,2024-01-01T12:00:00,housewares
EVT_0009592,CUST_00761,2024-01-01T14:00:00,bed_bath
EVT_0009593,CUST_00761,2024-01-01T16:00:00,furniture
EVT_0009594,CUST_00761,2024-01-01T18:00:00,housewares
EVT_0009595,CUST_00761,2024-01-01T20:00:00,bed_bath
EVT_0009596,CUST_00761,2024-01-01T22:00:00,furniture
EVT_0009597,CUST_00761,2024-01-02T00:00:00,housewares
EVT_0009598,CUST_00761,2024-01-02T02:00:00,bed_bath
EVT_0009599,CUST_00761,2024-01-02T04:00:00,electronics
EVT_0009600,CUST_00761,2024-01-02T06:00:00,computers
EVT_0009601,CUST_00762,2024-01-01T00:00:00,furniture
EVT_0009602,CUST_00762,2024-01-01T02:00:00,housewares
EVT_0009603,CUST_00762,2024-01-01T04:00:00,bed_bath
EVT_0009604,CUST_00762,2024-01-01T06:00:00,furniture
EVT_0009605,CUST_00762,2024-01-01T08:00:00,housewares
EVT_0009606,CUST_00762,2024-01-01T10:00:00,bed_bath
EVT_0009607,CUST_00762,2024-01-01T12:00:00,furniture
EVT_0009608,CUST_00762,2024-01-01T14:00:00,housewares
EVT_0009609,CUST_00762,2024-01-01T16:00:00,bed_bath
EVT_0009610,CUST_00762,2024-01-01T18:00:00,furniture
EVT_0009611,CUST_00762,2024-01-01T20:00:00,housewares
EVT_0009612,CUST_00762,2024-01-01T22:00:00,bed_bath
EVT_0009613,CUST_00762,2024-01-02T00:00:00,furniture
EVT_0009614,CUST_00762,2024-01-02T02:00:00,housewares
EVT_0009615,CUST_00762,2024-01-02T04:00:00,bed_bath
EVT_0009616,CUST_00762,2024-01-02T06:00:00,furniture
EVT_0009617,CUST_00762,2024-01-02T08:00:00,electronics
EVT_0009618,CUST_00763,2024-01-01T00:00:00,electronics
EVT_0009619,CUST_00763,2024-01-01T02:00:00,computers
EVT_0009620,CUST_00763,2024-01-01T04:00:00,electronics
EVT_0009621,CUST_00763,2024-01-01T06:00:00,computers
EVT_0009622,CUST_00763,2024-01-01T08:00:00,electronics
EVT_0009623,CUST_00763,2024-01-01T10:00:00,computers
EVT_0009624,CUST_00763,2024-01-01T12:00:00,electronics
EVT_0009625,CUST_00763,2024-01-01T14:00:00,housewares
EVT_0009626,CUST_00763,2024-01-01T16:00:00,bed_bath
EVT_0009627,CUST_00763,2024-01-01T18:00:00,furniture
EVT_0009628,CUST_00763,2024-01-01T20:00:00,housewares
EVT_0009629,CUST_00763,2024-01-01T22:00:00,bed_bath
EVT_0009630,CUST_00763,2024-01-02T00:00:00,furniture
EVT_0009631,CUST_00764,2024-01-01T00:00:00,health_beauty
EVT_0009632,CUST_00764,2024-01-01T02:00:00,watches_gifts
EVT_0009633,CUST_00764,2024-01-01T04:00:00,bed_bath
EVT_0009634,CUST_00764,2024-01-01T06:00:00,furniture
EVT_0009635,CUST_00764,2024-01-01T08:00:00,housewares
EVT_0009636,CUST_00764,2024-01-01T10:00:00,bed_bath
EVT_0009637,CUST_00764,2024-01-01T12:00:00,furniture
EVT_0009638,CUST_00764,2024-01-01T14:00:00,housewares
EVT_0009639,CUST_00764,2024-01-01T16:00:00,bed_bath
EVT_0009640,CUST_00764,2024-01-01T18:00:00,furniture
EVT_0009641,CUST_00764,2024-01-01T20:00:00,housewares
EVT_0009642,CUST_00764,2024-01-01T22:00:00,bed_bath
EVT_0009643,CUST_00764,2024-01-02T00:00:00,furniture
EVT_0009644,CUST_00765,2024-01-01T00:00:00,health_beauty
EVT_0009645,CUST_00765,2024-01-01T02:00:00,watches_gifts
EVT_0009646,CUST_00765,2024-01-01T04:00:00,health_beauty
EVT_0009647,CUST_00765,2024-01-01T06:00:00,computers
EVT_0009648,CUST_00765,2024-01-01T08:00:00,furniture
EVT_0009649,CUST_00765,2024-01-01T10:00:00,housewares
EVT_0009650,CUST_00765,2024-01-01T12:00:00,bed_bath
EVT_0009651,CUST_00765,2024-01-01T14:00:00,furniture
EVT_0009652,CUST_00765,2024-01-01T16:00:00,housewares
EVT_0009653,CUST_00765,2024-01-01T18:00:00,bed_bath
EVT_0009654,CUST_00766,2024-01-01T00:00:00,health_beauty
EVT_0009655,CUST_00766,2024-01-01T02:00:00,watches_gifts
EVT_0009656,CUST_00766,2024-01-01T04:00:00,health_beauty
EVT_0009657,CUST_00766,2024-01-01T06:00:00,watches_gifts
EVT_0009658,CUST_00766,2024-01-01T08:00:00,toys
EVT_0009659,CUST_00766,2024-01-01T10:00:00,electronics
EVT_0009660,CUST_00766,2024-01-01T12:00:00,computers
EVT_0009661,CUST_00766,2024-01-01T14:00:00,electronics
EVT_0009662,CUST_00766,2024-01-01T16:00:00,computers
EVT_0009663,CUST_00766,2024-01-01T18:00:00,bed_bath
EVT_0009664,CUST_00766,2024-01-01T20:00:00,furniture
EVT_0009665,CUST_00766,2024-01-01T22:00:00,housewares
EVT_0009666,CUST_00766,2024-01-02T00:00:00,bed_bath
EVT_0009667,CUST_00766,2024-01-02T02:00:00,furniture
EVT_0009668,CUST_00766,2024-01-02T04:00:00,housewares
EVT_0009669,CUST_00766,2024-01-02T06:00:00,bed_bath
EVT_0009670,CUST_00767,2024-01-01T00:00:00,health_beauty
EVT_0009671,CUST_00767,2024-01-01T02:00:00,watches_gifts
EVT_0009672,CUST_00767,2024-01-01T04:00:00,health_beauty
EVT_0009673,CUST_00767,2024-01-01T06:00:00,electronics
EVT_0009674,CUST_00767,2024-01-01T08:00:00,computers
EVT_0009675,CUST_00767,2024-01-01T10:00:00,electronics
EVT_0009676,CUST_00767,2024-01-01T12:00:00,computers
EVT_0009677,CUST_00767,2024-01-01T14:00:00,electronics
EVT_0009678,CUST_00768,2024-01-01T00:00:00,electronics
EVT_0009679,CUST_00768,2024-01-01T02:00:00,computers
EVT_0009680,CUST_00768,2024-01-01T04:00:00,toys
EVT_0009681,CUST_00768,2024-01-01T06:00:00,electronics
EVT_0009682,CUST_00768,2024-01-01T08:00:00,computers
EVT_0009683,CUST_00768,2024-01-01T10:00:00,health_beauty
EVT_0009684,CUST_00768,2024-01-01T12:00:00,watches_gifts
EVT_0009685,CUST_00768,2024-01-01T14:00:00,health_beauty
EVT_0009686,CUST_00768,2024-01-01T16:00:00,watches_gifts
EVT_0009687,CUST_00768,2024-01-01T18:00:00,electronics
EVT_0009688,CUST_00768,2024-01-01T20:00:00,computers
EVT_0009689,CUST_00769,2024-01-01T00:00:00,bed_bath
EVT_0009690,CUST_00769,2024-01-01T02:00:00,furniture
EVT_0009691,CUST_00769,2024-01-01T04:00:00,housewares
EVT_0009692,CUST_00769,2024-01-01T06:00:00,bed_bath
EVT_0009693,CUST_00769,2024-01-01T08:00:00,furniture
EVT_0009694,CUST_00769,2024-01-01T10:00:00,housewares
EVT_0009695,CUST_00769,2024-01-01T12:00:00,bed_bath
EVT_0009696,CUST_00769,2024-01-01T14:00:00,furniture
EVT_0009697,CUST_00769,2024-01-01T16:00:00,housewares
EVT_0009698,CUST_00769,2024-01-01T18:00:00,bed_bath
EVT_0009699,CUST_00769,2024-01-01T20:00:00,furniture
EVT_0009700,CUST_00770,2024-01-01T00:00:00,electronics
EVT_0009701,CUST_00770,2024-01-01T02:00:00,computers
EVT_0009702,CUST_00770,2024-01-01T04:00:00,electronics
EVT_0009703,CUST_00770,2024-01-01T06:00:00,computers
EVT_0009704,CUST_00770,2024-01-01T08:00:00,electronics
EVT_0009705,CUST_00770,2024-01-01T10:00:00,computers
EVT_0009706,CUST_00770,2024-01-01T12:00:00,electronics
EVT_0009707,CUST_00770,2024-01-01T14:00:00,computers
EVT_0009708,CUST_00770,2024-01-01T16:00:00,electronics
EVT_0009709,CUST_00770,2024-01-01T18:00:00,computers
EVT_0009710,CUST_00770,2024-01-01T20:00:00,electronics
EVT_0009711,CUST_00770,2024-01-01T22:00:00,computers
EVT_0009712,CUST_00770,2024-01-02T00:00:00,electronics
EVT_0009713,CUST_00770,2024-01-02T02:00:00,computers
EVT_0009714,CUST_00770,2024-01-02T04:00:00,electronics
EVT_0009715,CUST_00771,2024-01-01T00:00:00,electronics
EVT_0009716,CUST_00771,2024-01-01T02:00:00,computers
EVT_0009717,CUST_00771,2024-01-01T04:00:00,electronics
EVT_0009718,CUST_00771,2024-01-01T06:00:00,computers
EVT_0009719,CUST_00771,2024-01-01T08:00:00,electronics
EVT_0009720,CUST_00771,2024-01-01T10:00:00,computers
EVT_0009721,CUST_00771,2024-01-01T12:00:00,electronics
EVT_0009722,CUST_00771,2024-01-01T14:00:00,computers
EVT_0009723,CUST_00772,2024-01-01T00:00:00,electronics
EVT_0009724,CUST_00772,2024-01-01T02:00:00,computers
EVT_0009725,CUST_00772,2024-01-01T04:00:00,electronics
EVT_0009726,CUST_00772,2024-01-01T06:00:00,computers
EVT_0009727,CUST_00772,2024-01-01T08:00:00,electronics
EVT_0009728,CUST_00772,2024-01-01T10:00:00,computers
EVT_0009729,CUST_00772,2024-01-01T12:00:00,electronics
EVT_0009730,CUST_00772,2024-01-01T14:00:00,computers
EVT_0009731,CUST_00772,2024-01-01T16:00:00,auto
EVT_0009732,CUST_00772,2024-01-01T18:00:00,electronics
EVT_0009733,CUST_00772,2024-01-01T20:00:00,computers
EVT_0009734,CUST_00772,2024-01-01T22:00:00,health_beauty
EVT_0009735,CUST_00772,2024-01-02T00:00:00,watches_gifts
EVT_0009736,CUST_00772,2024-01-02T02:00:00,sports_leisure
EVT_0009737,CUST_00773,2024-01-01T00:00:00,electronics
EVT_0009738,CUST_00773,2024-01-01T02:00:00,computers
EVT_0009739,CUST_00773,2024-01-01T04:00:00,electronics
EVT_0009740,CUST_00773,2024-01-01T06:00:00,health_beauty
EVT_0009741,CUST_00773,2024-01-01T08:00:00,watches_gifts
EVT_0009742,CUST_00773,2024-01-01T10:00:00,health_beauty
EVT_0009743,CUST_00773,2024-01-01T12:00:00,watches_gifts
EVT_0009744,CUST_00773,2024-01-01T14:00:00,health_beauty
EVT_0009745,CUST_00773,2024-01-01T16:00:00,watches_gifts
EVT_0009746,CUST_00773,2024-01-01T18:00:00,health_beauty
EVT_0009747,CUST_00773,2024-01-01T20:00:00,watches_gifts
EVT_0009748,CUST_00773,2024-01-01T22:00:00,health_beauty
EVT_0009749,CUST_00773,2024-01-02T00:00:00,watches_gifts
EVT_0009750,CUST_00773,2024-01-02T02:00:00,health_beauty
EVT_0009751,CUST_00773,2024-01-02T04:00:00,watches_gifts
EVT_0009752,CUST_00773,2024-01-02T06:00:00,health_beauty
EVT_0009753,CUST_00774,2024-01-01T00:00:00,bed_bath
EVT_0009754,CUST_00774,2024-01-01T02:00:00,furniture
EVT_0009755,CUST_00774,2024-01-01T04:00:00,housewares
EVT_0009756,CUST_00774,2024-01-01T06:00:00,bed_bath
EVT_0009757,CUST_00774,2024-01-01T08:00:00,furniture
EVT_0009758,CUST_00774,2024-01-01T10:00:00,housewares
EVT_0009759,CUST_00774,2024-01-01T12:00:00,bed_bath
EVT_0009760,CUST_00774,2024-01-01T14:00:00,furniture
EVT_0009761,CUST_00774,2024-01-01T16:00:00,housewares
EVT_0009762,CUST_00774,2024-01-01T18:00:00,bed_bath
EVT_0009763,CUST_00774,2024-01-01T20:00:00,furniture
EVT_0009764,CUST_00774,2024-01-01T22:00:00,housewares
EVT_0009765,CUST_00774,2024-01-02T00:00:00,bed_bath
EVT_0009766,CUST_00774,2024-01-02T02:00:00,furniture
EVT_0009767,CUST_00774,2024-01-02T04:00:00,housewares
EVT_0009768,CUST_00774,2024-01-02T06:00:00,bed_bath
EVT_0009769,CUST_00775,2024-01-01T00:00:00,electronics
EVT_0009770,CUST_00775,2024-01-01T02:00:00,computers
EVT_0009771,CUST_00775,2024-01-01T04:00:00,auto
EVT_0009772,CUST_00775,2024-01-01T06:00:00,electronics
EVT_0009773,CUST_00775,2024-01-01T08:00:00,computers
EVT_0009774,CUST_00775,2024-01-01T10:00:00,electronics
EVT_0009775,CUST_00775,2024-01-01T12:00:00,computers
EVT_0009776,CUST_00775,2024-01-01T14:00:00,electronics
EVT_0009777,CUST_00775,2024-01-01T16:00:00,computers
EVT_0009778,CUST_00775,2024-01-01T18:00:00,electronics
EVT_0009779,CUST_00776,2024-01-01T00:00:00,electronics
EVT_0009780,CUST_00776,2024-01-01T02:00:00,auto
EVT_0009781,CUST_00776,2024-01-01T04:00:00,electronics
EVT_0009782,CUST_00776,2024-01-01T06:00:00,computers
EVT_0009783,CUST_00776,2024-01-01T08:00:00,electronics
EVT_0009784,CUST_00776,2024-01-01T10:00:00,computers
EVT_0009785,CUST_00776,2024-01-01T12:00:00,electronics
EVT_0009786,CUST_00776,2024-01-01T14:00:00,electronics
EVT_0009787,CUST_00776,2024-01-01T16:00:00,computers
EVT_0009788,CUST_00776,2024-01-01T18:00:00,electronics
EVT_0009789,CUST_00776,2024-01-01T20:00:00,watches_gifts
EVT_0009790,CUST_00776,2024-01-01T22:00:00,health_beauty
EVT_0009791,CUST_00777,2024-01-01T00:00:00,watches_gifts
EVT_0009792,CUST_00777,2024-01-01T02:00:00,health_beauty
EVT_0009793,CUST_00777,2024-01-01T04:00:00,watches_gifts
EVT_0009794,CUST_00777,2024-01-01T06:00:00,health_beauty
EVT_0009795,CUST_00777,2024-01-01T08:00:00,watches_gifts
EVT_0009796,CUST_00777,2024-01-01T10:00:00,health_beauty
EVT_0009797,CUST_00777,2024-01-01T12:00:00,watches_gifts
EVT_0009798,CUST_00777,2024-01-01T14:00:00,health_beauty
EVT_0009799,CUST_00777,2024-01-01T16:00:00,watches_gifts
EVT_0009800,CUST_00777,2024-01-01T18:00:00,health_beauty
EVT_0009801,CUST_00777,2024-01-01T20:00:00,watches_gifts
EVT_0009802,CUST_00777,2024-01-01T22:00:00,health_beauty
EVT_0009803,CUST_00777,2024-01-02T00:00:00,watches_gifts
EVT_0009804,CUST_00777,2024-01-02T02:00:00,health_beauty
EVT_0009805,CUST_00777,2024-01-02T04:00:00,watches_gifts
EVT_0009806,CUST_00777,2024-01-02T06:00:00,health_beauty
EVT_0009807,CUST_00777,2024-01-02T08:00:00,watches_gifts
EVT_0009808,CUST_00778,2024-01-01T00:00:00,furniture
EVT_0009809,CUST_00778,2024-01-01T02:00:00,housewares
EVT_0009810,CUST_00778,2024-01-01T04:00:00,bed_bath
EVT_0009811,CUST_00778,2024-01-01T06:00:00,computers
EVT_0009812,CUST_00778,2024-01-01T08:00:00,computers
EVT_0009813,CUST_00778,2024-01-01T10:00:00,electronics
EVT_0009814,CUST_00778,2024-01-01T12:00:00,computers
EVT_0009815,CUST_00778,2024-01-01T14:00:00,bed_bath
EVT_0009816,CUST_00778,2024-01-01T16:00:00,furniture
EVT_0009817,CUST_00778,2024-01-01T18:00:00,housewares
EVT_0009818,CUST_00778,2024-01-01T20:00:00,bed_bath
EVT_0009819,CUST_00778,2024-01-01T22:00:00,furniture
EVT_0009820,CUST_00778,2024-01-02T00:00:00,housewares
EVT_0009821,CUST_00778,2024-01-02T02:00:00,bed_bath
EVT_0009822,CUST_00778,2024-01-02T04:00:00,furniture
EVT_0009823,CUST_00778,2024-01-02T06:00:00,housewares
EVT_0009824,CUST_00779,2024-01-01T00:00:00,electronics
EVT_0009825,CUST_00779,2024-01-01T02:00:00,computers
EVT_0009826,CUST_00779,2024-01-01T04:00:00,electronics
EVT_0009827,CUST_00779,2024-01-01T06:00:00,computers
EVT_0009828,CUST_00779,2024-01-01T08:00:00,housewares
EVT_0009829,CUST_00779,2024-01-01T10:00:00,bed_bath
EVT_0009830,CUST_00779,2024-01-01T12:00:00,furniture
EVT_0009831,CUST_00779,2024-01-01T14:00:00,housewares
EVT_0009832,CUST_00779,2024-01-01T16:00:00,bed_bath
EVT_0009833,CUST_00779,2024-01-01T18:00:00,furniture
EVT_0009834,CUST_00779,2024-01-01T20:00:00,housewares
EVT_0009835,CUST_00779,2024-01-01T22:00:00,bed_bath
EVT_0009836,CUST_00779,2024-01-02T00:00:00,furniture
EVT_0009837,CUST_00779,2024-01-02T02:00:00,housewares
EVT_0009838,CUST_00779,2024-01-02T04:00:00,bed_bath
EVT_0009839,CUST_00779,2024-01-02T06:00:00,furniture
EVT_0009840,CUST_00779,2024-01-02T08:00:00,housewares
EVT_0009841,CUST_00780,2024-01-01T00:00:00,bed_bath
EVT_0009842,CUST_00780,2024-01-01T02:00:00,furniture
EVT_0009843,CUST_00780,2024-01-01T04:00:00,housewares
EVT_0009844,CUST_00780,2024-01-01T06:00:00,bed_bath
EVT_0009845,CUST_00780,2024-01-01T08:00:00,furniture
EVT_0009846,CUST_00780,2024-01-01T10:00:00,housewares
EVT_0009847,CUST_00780,2024-01-01T12:00:00,bed_bath
EVT_0009848,CUST_00780,2024-01-01T14:00:00,furniture
EVT_0009849,CUST_00780,2024-01-01T16:00:00,housewares
EVT_0009850,CUST_00780,2024-01-01T18:00:00,bed_bath
EVT_0009851,CUST_00780,2024-01-01T20:00:00,furniture
EVT_0009852,CUST_00780,2024-01-01T22:00:00,housewares
EVT_0009853,CUST_00780,2024-01-02T00:00:00,bed_bath
EVT_0009854,CUST_00780,2024-01-02T02:00:00,furniture
EVT_0009855,CUST_00781,2024-01-01T00:00:00,furniture
EVT_0009856,CUST_00781,2024-01-01T02:00:00,housewares
EVT_0009857,CUST_00781,2024-01-01T04:00:00,bed_bath
EVT_0009858,CUST_00781,2024-01-01T06:00:00,furniture
EVT_0009859,CUST_00781,2024-01-01T08:00:00,housewares
EVT_0009860,CUST_00781,2024-01-01T10:00:00,bed_bath
EVT_0009861,CUST_00781,2024-01-01T12:00:00,toys
EVT_0009862,CUST_00781,2024-01-01T14:00:00,electronics
EVT_0009863,CUST_00781,2024-01-01T16:00:00,computers
EVT_0009864,CUST_00781,2024-01-01T18:00:00,electronics
EVT_0009865,CUST_00781,2024-01-01T20:00:00,computers
EVT_0009866,CUST_00782,2024-01-01T00:00:00,watches_gifts
EVT_0009867,CUST_00782,2024-01-01T02:00:00,health_beauty
EVT_0009868,CUST_00782,2024-01-01T04:00:00,watches_gifts
EVT_0009869,CUST_00782,2024-01-01T06:00:00,health_beauty
EVT_0009870,CUST_00782,2024-01-01T08:00:00,watches_gifts
EVT_0009871,CUST_00782,2024-01-01T10:00:00,health_beauty
EVT_0009872,CUST_00782,2024-01-01T12:00:00,watches_gifts
EVT_0009873,CUST_00782,2024-01-01T14:00:00,health_beauty
EVT_0009874,CUST_00782,2024-01-01T16:00:00,watches_gifts
EVT_0009875,CUST_00783,2024-01-01T00:00:00,toys
EVT_0009876,CUST_00783,2024-01-01T02:00:00,electronics
EVT_0009877,CUST_00783,2024-01-01T04:00:00,computers
EVT_0009878,CUST_00783,2024-01-01T06:00:00,electronics
EVT_0009879,CUST_00783,2024-01-01T08:00:00,health_beauty
EVT_0009880,CUST_00783,2024-01-01T10:00:00,watches_gifts
EVT_0009881,CUST_00783,2024-01-01T12:00:00,health_beauty
EVT_0009882,CUST_00783,2024-01-01T14:00:00,watches_gifts
EVT_0009883,CUST_00784,2024-01-01T00:00:00,computers
EVT_0009884,CUST_00784,2024-01-01T02:00:00,electronics
EVT_0009885,CUST_00784,2024-01-01T04:00:00,computers
EVT_0009886,CUST_00784,2024-01-01T06:00:00,electronics
EVT_0009887,CUST_00784,2024-01-01T08:00:00,computers
EVT_0009888,CUST_00784,2024-01-01T10:00:00,electronics
EVT_0009889,CUST_00784,2024-01-01T12:00:00,computers
EVT_0009890,CUST_00784,2024-01-01T14:00:00,electronics
EVT_0009891,CUST_00784,2024-01-01T16:00:00,computers
EVT_0009892,CUST_00785,2024-01-01T00:00:00,health_beauty
EVT_0009893,CUST_00785,2024-01-01T02:00:00,watches_gifts
EVT_0009894,CUST_00785,2024-01-01T04:00:00,health_beauty
EVT_0009895,CUST_00785,2024-01-01T06:00:00,watches_gifts
EVT_0009896,CUST_00785,2024-01-01T08:00:00,health_beauty
EVT_0009897,CUST_00785,2024-01-01T10:00:00,watches_gifts
EVT_0009898,CUST_00785,2024-01-01T12:00:00,health_beauty
EVT_0009899,CUST_00785,2024-01-01T14:00:00,watches_gifts
EVT_0009900,CUST_00785,2024-01-01T16:00:00,health_beauty
EVT_0009901,CUST_00785,2024-01-01T18:00:00,watches_gifts
EVT_0009902,CUST_00785,2024-01-01T20:00:00,housewares
EVT_0009903,CUST_00785,2024-01-01T22:00:00,bed_bath
EVT_0009904,CUST_00785,2024-01-02T00:00:00,bed_bath
EVT_0009905,CUST_00785,2024-01-02T02:00:00,furniture
EVT_0009906,CUST_00785,2024-01-02T04:00:00,housewares
EVT_0009907,CUST_00786,2024-01-01T00:00:00,furniture
EVT_0009908,CUST_00786,2024-01-01T02:00:00,housewares
EVT_0009909,CUST_00786,2024-01-01T04:00:00,bed_bath
EVT_0009910,CUST_00786,2024-01-01T06:00:00,furniture
EVT_0009911,CUST_00786,2024-01-01T08:00:00,housewares
EVT_0009912,CUST_00786,2024-01-01T10:00:00,bed_bath
EVT_0009913,CUST_00786,2024-01-01T12:00:00,furniture
EVT_0009914,CUST_00786,2024-01-01T14:00:00,housewares
EVT_0009915,CUST_00786,2024-01-01T16:00:00,bed_bath
EVT_0009916,CUST_00786,2024-01-01T18:00:00,furniture
EVT_0009917,CUST_00786,2024-01-01T20:00:00,housewares
EVT_0009918,CUST_00786,2024-01-01T22:00:00,bed_bath
EVT_0009919,CUST_00786,2024-01-02T00:00:00,furniture
EVT_0009920,CUST_00787,2024-01-01T00:00:00,housewares
EVT_0009921,CUST_00787,2024-01-01T02:00:00,bed_bath
EVT_0009922,CUST_00787,2024-01-01T04:00:00,furniture
EVT_0009923,CUST_00787,2024-01-01T06:00:00,furniture
EVT_0009924,CUST_00787,2024-01-01T08:00:00,sports_leisure
EVT_0009925,CUST_00787,2024-01-01T10:00:00,health_beauty
EVT_0009926,CUST_00787,2024-01-01T12:00:00,watches_gifts
EVT_0009927,CUST_00787,2024-01-01T14:00:00,health_beauty
EVT_0009928,CUST_00787,2024-01-01T16:00:00,watches_gifts
EVT_0009929,CUST_00787,2024-01-01T18:00:00,health_beauty
EVT_0009930,CUST_00787,2024-01-01T20:00:00,sports_leisure
EVT_0009931,CUST_00787,2024-01-01T22:00:00,health_beauty
EVT_0009932,CUST_00787,2024-01-02T00:00:00,sports_leisure
EVT_0009933,CUST_00787,2024-01-02T02:00:00,health_beauty
EVT_0009934,CUST_00787,2024-01-02T04:00:00,watches_gifts
EVT_0009935,CUST_00787,2024-01-02T06:00:00,health_beauty
EVT_0009936,CUST_00788,2024-01-01T00:00:00,electronics
EVT_0009937,CUST_00788,2024-01-01T02:00:00,computers
EVT_0009938,CUST_00788,2024-01-01T04:00:00,furniture
EVT_0009939,CUST_00788,2024-01-01T06:00:00,housewares
EVT_0009940,CUST_00788,2024-01-01T08:00:00,bed_bath
EVT_0009941,CUST_00788,2024-01-01T10:00:00,furniture
EVT_0009942,CUST_00788,2024-01-01T12:00:00,housewares
EVT_0009943,CUST_00788,2024-01-01T14:00:00,bed_bath
EVT_0009944,CUST_00788,2024-01-01T16:00:00,furniture
EVT_0009945,CUST_00789,2024-01-01T00:00:00,health_beauty
EVT_0009946,CUST_00789,2024-01-01T02:00:00,watches_gifts
EVT_0009947,CUST_00789,2024-01-01T04:00:00,health_beauty
EVT_0009948,CUST_00789,2024-01-01T06:00:00,housewares
EVT_0009949,CUST_00789,2024-01-01T08:00:00,bed_bath
EVT_0009950,CUST_00789,2024-01-01T10:00:00,furniture
EVT_0009951,CUST_00789,2024-01-01T12:00:00,housewares
EVT_0009952,CUST_00789,2024-01-01T14:00:00,bed_bath
EVT_0009953,CUST_00789,2024-01-01T16:00:00,furniture
EVT_0009954,CUST_00790,2024-01-01T00:00:00,furniture
EVT_0009955,CUST_00790,2024-01-01T02:00:00,housewares
EVT_0009956,CUST_00790,2024-01-01T04:00:00,bed_bath
EVT_0009957,CUST_00790,2024-01-01T06:00:00,furniture
EVT_0009958,CUST_00790,2024-01-01T08:00:00,housewares
EVT_0009959,CUST_00790,2024-01-01T10:00:00,bed_bath
EVT_0009960,CUST_00790,2024-01-01T12:00:00,furniture
EVT_0009961,CUST_00790,2024-01-01T14:00:00,housewares
EVT_0009962,CUST_00790,2024-01-01T16:00:00,sports_leisure
EVT_0009963,CUST_00791,2024-01-01T00:00:00,watches_gifts
EVT_0009964,CUST_00791,2024-01-01T02:00:00,health_beauty
EVT_0009965,CUST_00791,2024-01-01T04:00:00,furniture
EVT_0009966,CUST_00791,2024-01-01T06:00:00,housewares
EVT_0009967,CUST_00791,2024-01-01T08:00:00,bed_bath
EVT_0009968,CUST_00791,2024-01-01T10:00:00,furniture
EVT_0009969,CUST_00791,2024-01-01T12:00:00,housewares
EVT_0009970,CUST_00791,2024-01-01T14:00:00,bed_bath
EVT_0009971,CUST_00792,2024-01-01T00:00:00,health_beauty
EVT_0009972,CUST_00792,2024-01-01T02:00:00,watches_gifts
EVT_0009973,CUST_00792,2024-01-01T04:00:00,health_beauty
EVT_0009974,CUST_00792,2024-01-01T06:00:00,bed_bath
EVT_0009975,CUST_00792,2024-01-01T08:00:00,computers
EVT_0009976,CUST_00792,2024-01-01T10:00:00,electronics
EVT_0009977,CUST_00792,2024-01-01T12:00:00,computers
EVT_0009978,CUST_00792,2024-01-01T14:00:00,electronics
EVT_0009979,CUST_00792,2024-01-01T16:00:00,computers
EVT_0009980,CUST_00792,2024-01-01T18:00:00,electronics
EVT_0009981,CUST_00792,2024-01-01T20:00:00,computers
EVT_0009982,CUST_00792,2024-01-01T22:00:00,electronics
EVT_0009983,CUST_00792,2024-01-02T00:00:00,computers
EVT_0009984,CUST_00792,2024-01-02T02:00:00,electronics
EVT_0009985,CUST_00793,2024-01-01T00:00:00,housewares
EVT_0009986,CUST_00793,2024-01-01T02:00:00,bed_bath
EVT_0009987,CUST_00793,2024-01-01T04:00:00,furniture
EVT_0009988,CUST_00793,2024-01-01T06:00:00,housewares
EVT_0009989,CUST_00793,2024-01-01T08:00:00,bed_bath
EVT_0009990,CUST_00793,2024-01-01T10:00:00,furniture
EVT_0009991,CUST_00793,2024-01-01T12:00:00,housewares
EVT_0009992,CUST_00793,2024-01-01T14:00:00,bed_bath
EVT_0009993,CUST_00793,2024-01-01T16:00:00,furniture
EVT_0009994,CUST_00793,2024-01-01T18:00:00,housewares
EVT_0009995,CUST_00794,2024-01-01T00:00:00,bed_bath
EVT_0009996,CUST_00794,2024-01-01T02:00:00,furniture
EVT_0009997,CUST_00794,2024-01-01T04:00:00,housewares
EVT_0009998,CUST_00794,2024-01-01T06:00:00,bed_bath
EVT_0009999,CUST_00794,2024-01-01T08:00:00,furniture
EVT_0010000,CUST_00794,2024-01-01T10:00:00,housewares
EVT_0010001,CUST_00794,2024-01-01T12:00:00,bed_bath
EVT_0010002,CUST_00794,2024-01-01T14:00:00,furniture
EVT_0010003,CUST_00795,2024-01-01T00:00:00,electronics
EVT_0010004,CUST_00795,2024-01-01T02:00:00,computers
EVT_0010005,CUST_00795,2024-01-01T04:00:00,electronics
EVT_0010006,CUST_00795,2024-01-01T06:00:00,computers
EVT_0010007,CUST_00795,2024-01-01T08:00:00,electronics
EVT_0010008,CUST_00795,2024-01-01T10:00:00,computers
EVT_0010009,CUST_00795,2024-01-01T12:00:00,electronics
EVT_0010010,CUST_00795,2024-01-01T14:00:00,computers
EVT_0010011,CUST_00795,2024-01-01T16:00:00,electronics
EVT_0010012,CUST_00795,2024-01-01T18:00:00,computers
EVT_0010013,CUST_00796,2024-01-01T00:00:00,health_beauty
EVT_0010014,CUST_00796,2024-01-01T02:00:00,watches_gifts
EVT_0010015,CUST_00796,2024-01-01T04:00:00,health_beauty
EVT_0010016,CUST_00796,2024-01-01T06:00:00,watches_gifts
EVT_0010017,CUST_00796,2024-01-01T08:00:00,health_beauty
EVT_0010018,CUST_00796,2024-01-01T10:00:00,watches_gifts
EVT_0010019,CUST_00796,2024-01-01T12:00:00,health_beauty
EVT_0010020,CUST_00796,2024-01-01T14:00:00,watches_gifts
EVT_0010021,CUST_00796,2024-01-01T16:00:00,furniture
EVT_0010022,CUST_00796,2024-01-01T18:00:00,housewares
EVT_0010023,CUST_00796,2024-01-01T20:00:00,bed_bath
EVT_0010024,CUST_00796,2024-01-01T22:00:00,furniture
EVT_0010025,CUST_00796,2024-01-02T00:00:00,housewares
EVT_0010026,CUST_00797,2024-01-01T00:00:00,health_beauty
EVT_0010027,CUST_00797,2024-01-01T02:00:00,electronics
EVT_0010028,CUST_00797,2024-01-01T04:00:00,computers
EVT_0010029,CUST_00797,2024-01-01T06:00:00,electronics
EVT_0010030,CUST_00797,2024-01-01T08:00:00,computers
EVT_0010031,CUST_00797,2024-01-01T10:00:00,electronics
EVT_0010032,CUST_00797,2024-01-01T12:00:00,computers
EVT_0010033,CUST_00797,2024-01-01T14:00:00,housewares
EVT_0010034,CUST_00797,2024-01-01T16:00:00,bed_bath
EVT_0010035,CUST_00797,2024-01-01T18:00:00,furniture
EVT_0010036,CUST_00797,2024-01-01T20:00:00,housewares
EVT_0010037,CUST_00797,2024-01-01T22:00:00,bed_bath
EVT_0010038,CUST_00797,2024-01-02T00:00:00,furniture
EVT_0010039,CUST_00798,2024-01-01T00:00:00,electronics
EVT_0010040,CUST_00798,2024-01-01T02:00:00,auto
EVT_0010041,CUST_00798,2024-01-01T04:00:00,electronics
EVT_0010042,CUST_00798,2024-01-01T06:00:00,computers
EVT_0010043,CUST_00798,2024-01-01T08:00:00,electronics
EVT_0010044,CUST_00798,2024-01-01T10:00:00,computers
EVT_0010045,CUST_00798,2024-01-01T12:00:00,electronics
EVT_0010046,CUST_00798,2024-01-01T14:00:00,computers
EVT_0010047,CUST_00799,2024-01-01T00:00:00,watches_gifts
EVT_0010048,CUST_00799,2024-01-01T02:00:00,health_beauty
EVT_0010049,CUST_00799,2024-01-01T04:00:00,watches_gifts
EVT_0010050,CUST_00799,2024-01-01T06:00:00,health_beauty
EVT_0010051,CUST_00799,2024-01-01T08:00:00,watches_gifts
EVT_0010052,CUST_00799,2024-01-01T10:00:00,health_beauty
EVT_0010053,CUST_00799,2024-01-01T12:00:00,watches_gifts
EVT_0010054,CUST_00799,2024-01-01T14:00:00,health_beauty
EVT_0010055,CUST_00799,2024-01-01T16:00:00,watches_gifts
EVT_0010056,CUST_00800,2024-01-01T00:00:00,computers
EVT_0010057,CUST_00800,2024-01-01T02:00:00,electronics
EVT_0010058,CUST_00800,2024-01-01T04:00:00,computers
EVT_0010059,CUST_00800,2024-01-01T06:00:00,electronics
EVT_0010060,CUST_00800,2024-01-01T08:00:00,computers
EVT_0010061,CUST_00800,2024-01-01T10:00:00,electronics
EVT_0010062,CUST_00800,2024-01-01T12:00:00,computers
EVT_0010063,CUST_00800,2024-01-01T14:00:00,electronics
EVT_0010064,CUST_00800,2024-01-01T16:00:00,computers
EVT_0010065,CUST_00800,2024-01-01T18:00:00,electronics
EVT_0010066,CUST_00800,2024-01-01T20:00:00,computers
EVT_0010067,CUST_00800,2024-01-01T22:00:00,electronics
EVT_0010068,CUST_00800,2024-01-02T00:00:00,computers
EVT_0010069,CUST_00800,2024-01-02T02:00:00,electronics
EVT_0010070,CUST_00801,2024-01-01T00:00:00,watches_gifts
EVT_0010071,CUST_00801,2024-01-01T02:00:00,health_beauty
EVT_0010072,CUST_00801,2024-01-01T04:00:00,watches_gifts
EVT_0010073,CUST_00801,2024-01-01T06:00:00,health_beauty
EVT_0010074,CUST_00801,2024-01-01T08:00:00,watches_gifts
EVT_0010075,CUST_00801,2024-01-01T10:00:00,health_beauty
EVT_0010076,CUST_00801,2024-01-01T12:00:00,watches_gifts
EVT_0010077,CUST_00801,2024-01-01T14:00:00,health_beauty
EVT_0010078,CUST_00801,2024-01-01T16:00:00,watches_gifts
EVT_0010079,CUST_00801,2024-01-01T18:00:00,health_beauty
EVT_0010080,CUST_00801,2024-01-01T20:00:00,watches_gifts
EVT_0010081,CUST_00801,2024-01-01T22:00:00,health_beauty
EVT_0010082,CUST_00802,2024-01-01T00:00:00,electronics
EVT_0010083,CUST_00802,2024-01-01T02:00:00,computers
EVT_0010084,CUST_00802,2024-01-01T04:00:00,electronics
EVT_0010085,CUST_00802,2024-01-01T06:00:00,computers
EVT_0010086,CUST_00802,2024-01-01T08:00:00,electronics
EVT_0010087,CUST_00802,2024-01-01T10:00:00,computers
EVT_0010088,CUST_00802,2024-01-01T12:00:00,electronics
EVT_0010089,CUST_00802,2024-01-01T14:00:00,computers
EVT_0010090,CUST_00802,2024-01-01T16:00:00,electronics
EVT_0010091,CUST_00802,2024-01-01T18:00:00,computers
EVT_0010092,CUST_00803,2024-01-01T00:00:00,electronics
EVT_0010093,CUST_00803,2024-01-01T02:00:00,computers
EVT_0010094,CUST_00803,2024-01-01T04:00:00,electronics
EVT_0010095,CUST_00803,2024-01-01T06:00:00,computers
EVT_0010096,CUST_00803,2024-01-01T08:00:00,electronics
EVT_0010097,CUST_00803,2024-01-01T10:00:00,computers
EVT_0010098,CUST_00803,2024-01-01T12:00:00,electronics
EVT_0010099,CUST_00803,2024-01-01T14:00:00,computers
EVT_0010100,CUST_00803,2024-01-01T16:00:00,electronics
EVT_0010101,CUST_00803,2024-01-01T18:00:00,computers
EVT_0010102,CUST_00803,2024-01-01T20:00:00,electronics
EVT_0010103,CUST_00803,2024-01-01T22:00:00,computers
EVT_0010104,CUST_00803,2024-01-02T00:00:00,electronics
EVT_0010105,CUST_00803,2024-01-02T02:00:00,computers
EVT_0010106,CUST_00803,2024-01-02T04:00:00,electronics
EVT_0010107,CUST_00803,2024-01-02T06:00:00,computers
EVT_0010108,CUST_00804,2024-01-01T00:00:00,watches_gifts
EVT_0010109,CUST_00804,2024-01-01T02:00:00,health_beauty
EVT_0010110,CUST_00804,2024-01-01T04:00:00,watches_gifts
EVT_0010111,CUST_00804,2024-01-01T06:00:00,health_beauty
EVT_0010112,CUST_00804,2024-01-01T08:00:00,watches_gifts
EVT_0010113,CUST_00804,2024-01-01T10:00:00,health_beauty
EVT_0010114,CUST_00804,2024-01-01T12:00:00,watches_gifts
EVT_0010115,CUST_00804,2024-01-01T14:00:00,health_beauty
EVT_0010116,CUST_00804,2024-01-01T16:00:00,watches_gifts
EVT_0010117,CUST_00804,2024-01-01T18:00:00,health_beauty
EVT_0010118,CUST_00805,2024-01-01T00:00:00,furniture
EVT_0010119,CUST_00805,2024-01-01T02:00:00,housewares
EVT_0010120,CUST_00805,2024-01-01T04:00:00,bed_bath
EVT_0010121,CUST_00805,2024-01-01T06:00:00,furniture
EVT_0010122,CUST_00805,2024-01-01T08:00:00,housewares
EVT_0010123,CUST_00805,2024-01-01T10:00:00,health_beauty
EVT_0010124,CUST_00805,2024-01-01T12:00:00,watches_gifts
EVT_0010125,CUST_00805,2024-01-01T14:00:00,health_beauty
EVT_0010126,CUST_00805,2024-01-01T16:00:00,watches_gifts
EVT_0010127,CUST_00805,2024-01-01T18:00:00,bed_bath
EVT_0010128,CUST_00805,2024-01-01T20:00:00,furniture
EVT_0010129,CUST_00805,2024-01-01T22:00:00,housewares
EVT_0010130,CUST_00805,2024-01-02T00:00:00,bed_bath
EVT_0010131,CUST_00805,2024-01-02T02:00:00,furniture
EVT_0010132,CUST_00805,2024-01-02T04:00:00,housewares
EVT_0010133,CUST_00806,2024-01-01T00:00:00,health_beauty
EVT_0010134,CUST_00806,2024-01-01T02:00:00,watches_gifts
EVT_0010135,CUST_00806,2024-01-01T04:00:00,health_beauty
EVT_0010136,CUST_00806,2024-01-01T06:00:00,watches_gifts
EVT_0010137,CUST_00806,2024-01-01T08:00:00,health_beauty
EVT_0010138,CUST_00806,2024-01-01T10:00:00,watches_gifts
EVT_0010139,CUST_00806,2024-01-01T12:00:00,electronics
EVT_0010140,CUST_00806,2024-01-01T14:00:00,computers
EVT_0010141,CUST_00806,2024-01-01T16:00:00,electronics
EVT_0010142,CUST_00806,2024-01-01T18:00:00,computers
EVT_0010143,CUST_00806,2024-01-01T20:00:00,electronics
EVT_0010144,CUST_00806,2024-01-01T22:00:00,computers
EVT_0010145,CUST_00806,2024-01-02T00:00:00,electronics
EVT_0010146,CUST_00806,2024-01-02T02:00:00,computers
EVT_0010147,CUST_00806,2024-01-02T04:00:00,health_beauty
EVT_0010148,CUST_00806,2024-01-02T06:00:00,watches_gifts
EVT_0010149,CUST_00807,2024-01-01T00:00:00,health_beauty
EVT_0010150,CUST_00807,2024-01-01T02:00:00,watches_gifts
EVT_0010151,CUST_00807,2024-01-01T04:00:00,health_beauty
EVT_0010152,CUST_00807,2024-01-01T06:00:00,watches_gifts
EVT_0010153,CUST_00807,2024-01-01T08:00:00,health_beauty
EVT_0010154,CUST_00807,2024-01-01T10:00:00,watches_gifts
EVT_0010155,CUST_00807,2024-01-01T12:00:00,health_beauty
EVT_0010156,CUST_00807,2024-01-01T14:00:00,watches_gifts
EVT_0010157,CUST_00807,2024-01-01T16:00:00,health_beauty
EVT_0010158,CUST_00807,2024-01-01T18:00:00,furniture
EVT_0010159,CUST_00807,2024-01-01T20:00:00,housewares
EVT_0010160,CUST_00807,2024-01-01T22:00:00,bed_bath
EVT_0010161,CUST_00807,2024-01-02T00:00:00,furniture
EVT_0010162,CUST_00807,2024-01-02T02:00:00,housewares
EVT_0010163,CUST_00807,2024-01-02T04:00:00,bed_bath
EVT_0010164,CUST_00807,2024-01-02T06:00:00,furniture
EVT_0010165,CUST_00807,2024-01-02T08:00:00,housewares
EVT_0010166,CUST_00808,2024-01-01T00:00:00,furniture
EVT_0010167,CUST_00808,2024-01-01T02:00:00,housewares
EVT_0010168,CUST_00808,2024-01-01T04:00:00,bed_bath
EVT_0010169,CUST_00808,2024-01-01T06:00:00,computers
EVT_0010170,CUST_00808,2024-01-01T08:00:00,electronics
EVT_0010171,CUST_00808,2024-01-01T10:00:00,computers
EVT_0010172,CUST_00808,2024-01-01T12:00:00,electronics
EVT_0010173,CUST_00808,2024-01-01T14:00:00,computers
EVT_0010174,CUST_00808,2024-01-01T16:00:00,electronics
EVT_0010175,CUST_00808,2024-01-01T18:00:00,computers
EVT_0010176,CUST_00808,2024-01-01T20:00:00,electronics
EVT_0010177,CUST_00808,2024-01-01T22:00:00,computers
EVT_0010178,CUST_00808,2024-01-02T00:00:00,electronics
EVT_0010179,CUST_00808,2024-01-02T02:00:00,computers
EVT_0010180,CUST_00808,2024-01-02T04:00:00,sports_leisure
EVT_0010181,CUST_00808,2024-01-02T06:00:00,health_beauty
EVT_0010182,CUST_00808,2024-01-02T08:00:00,watches_gifts
EVT_0010183,CUST_00809,2024-01-01T00:00:00,computers
EVT_0010184,CUST_00809,2024-01-01T02:00:00,electronics
EVT_0010185,CUST_00809,2024-01-01T04:00:00,auto
EVT_0010186,CUST_00809,2024-01-01T06:00:00,electronics
EVT_0010187,CUST_00809,2024-01-01T08:00:00,computers
EVT_0010188,CUST_00809,2024-01-01T10:00:00,electronics
EVT_0010189,CUST_00809,2024-01-01T12:00:00,computers
EVT_0010190,CUST_00809,2024-01-01T14:00:00,electronics
EVT_0010191,CUST_00809,2024-01-01T16:00:00,computers
EVT_0010192,CUST_00809,2024-01-01T18:00:00,electronics
EVT_0010193,CUST_00809,2024-01-01T20:00:00,computers
EVT_0010194,CUST_00809,2024-01-01T22:00:00,electronics
EVT_0010195,CUST_00809,2024-01-02T00:00:00,computers
EVT_0010196,CUST_00809,2024-01-02T02:00:00,electronics
EVT_0010197,CUST_00810,2024-01-01T00:00:00,electronics
EVT_0010198,CUST_00810,2024-01-01T02:00:00,computers
EVT_0010199,CUST_00810,2024-01-01T04:00:00,electronics
EVT_0010200,CUST_00810,2024-01-01T06:00:00,computers
EVT_0010201,CUST_00810,2024-01-01T08:00:00,electronics
EVT_0010202,CUST_00810,2024-01-01T10:00:00,computers
EVT_0010203,CUST_00810,2024-01-01T12:00:00,electronics
EVT_0010204,CUST_00810,2024-01-01T14:00:00,computers
EVT_0010205,CUST_00810,2024-01-01T16:00:00,electronics
EVT_0010206,CUST_00810,2024-01-01T18:00:00,computers
EVT_0010207,CUST_00811,2024-01-01T00:00:00,furniture
EVT_0010208,CUST_00811,2024-01-01T02:00:00,housewares
EVT_0010209,CUST_00811,2024-01-01T04:00:00,bed_bath
EVT_0010210,CUST_00811,2024-01-01T06:00:00,furniture
EVT_0010211,CUST_00811,2024-01-01T08:00:00,housewares
EVT_0010212,CUST_00811,2024-01-01T10:00:00,bed_bath
EVT_0010213,CUST_00811,2024-01-01T12:00:00,furniture
EVT_0010214,CUST_00811,2024-01-01T14:00:00,housewares
EVT_0010215,CUST_00811,2024-01-01T16:00:00,bed_bath
EVT_0010216,CUST_00811,2024-01-01T18:00:00,furniture
EVT_0010217,CUST_00811,2024-01-01T20:00:00,housewares
EVT_0010218,CUST_00811,2024-01-01T22:00:00,bed_bath
EVT_0010219,CUST_00812,2024-01-01T00:00:00,computers
EVT_0010220,CUST_00812,2024-01-01T02:00:00,electronics
EVT_0010221,CUST_00812,2024-01-01T04:00:00,computers
EVT_0010222,CUST_00812,2024-01-01T06:00:00,electronics
EVT_0010223,CUST_00812,2024-01-01T08:00:00,computers
EVT_0010224,CUST_00812,2024-01-01T10:00:00,electronics
EVT_0010225,CUST_00812,2024-01-01T12:00:00,computers
EVT_0010226,CUST_00812,2024-01-01T14:00:00,electronics
EVT_0010227,CUST_00812,2024-01-01T16:00:00,computers
EVT_0010228,CUST_00812,2024-01-01T18:00:00,electronics
EVT_0010229,CUST_00813,2024-01-01T00:00:00,electronics
EVT_0010230,CUST_00813,2024-01-01T02:00:00,computers
EVT_0010231,CUST_00813,2024-01-01T04:00:00,electronics
EVT_0010232,CUST_00813,2024-01-01T06:00:00,computers
EVT_0010233,CUST_00813,2024-01-01T08:00:00,electronics
EVT_0010234,CUST_00813,2024-01-01T10:00:00,computers
EVT_0010235,CUST_00813,2024-01-01T12:00:00,electronics
EVT_0010236,CUST_00813,2024-01-01T14:00:00,computers
EVT_0010237,CUST_00813,2024-01-01T16:00:00,electronics
EVT_0010238,CUST_00813,2024-01-01T18:00:00,computers
EVT_0010239,CUST_00813,2024-01-01T20:00:00,electronics
EVT_0010240,CUST_00813,2024-01-01T22:00:00,computers
EVT_0010241,CUST_00814,2024-01-01T00:00:00,furniture
EVT_0010242,CUST_00814,2024-01-01T02:00:00,housewares
EVT_0010243,CUST_00814,2024-01-01T04:00:00,bed_bath
EVT_0010244,CUST_00814,2024-01-01T06:00:00,furniture
EVT_0010245,CUST_00814,2024-01-01T08:00:00,housewares
EVT_0010246,CUST_00814,2024-01-01T10:00:00,bed_bath
EVT_0010247,CUST_00814,2024-01-01T12:00:00,furniture
EVT_0010248,CUST_00814,2024-01-01T14:00:00,housewares
EVT_0010249,CUST_00814,2024-01-01T16:00:00,bed_bath
EVT_0010250,CUST_00814,2024-01-01T18:00:00,furniture
EVT_0010251,CUST_00814,2024-01-01T20:00:00,housewares
EVT_0010252,CUST_00814,2024-01-01T22:00:00,health_beauty
EVT_0010253,CUST_00814,2024-01-02T00:00:00,watches_gifts
EVT_0010254,CUST_00815,2024-01-01T00:00:00,electronics
EVT_0010255,CUST_00815,2024-01-01T02:00:00,computers
EVT_0010256,CUST_00815,2024-01-01T04:00:00,electronics
EVT_0010257,CUST_00815,2024-01-01T06:00:00,computers
EVT_0010258,CUST_00815,2024-01-01T08:00:00,electronics
EVT_0010259,CUST_00815,2024-01-01T10:00:00,computers
EVT_0010260,CUST_00815,2024-01-01T12:00:00,electronics
EVT_0010261,CUST_00815,2024-01-01T14:00:00,computers
EVT_0010262,CUST_00816,2024-01-01T00:00:00,auto
EVT_0010263,CUST_00816,2024-01-01T02:00:00,electronics
EVT_0010264,CUST_00816,2024-01-01T04:00:00,computers
EVT_0010265,CUST_00816,2024-01-01T06:00:00,electronics
EVT_0010266,CUST_00816,2024-01-01T08:00:00,computers
EVT_0010267,CUST_00816,2024-01-01T10:00:00,electronics
EVT_0010268,CUST_00816,2024-01-01T12:00:00,computers
EVT_0010269,CUST_00816,2024-01-01T14:00:00,electronics
EVT_0010270,CUST_00816,2024-01-01T16:00:00,computers
EVT_0010271,CUST_00816,2024-01-01T18:00:00,electronics
EVT_0010272,CUST_00816,2024-01-01T20:00:00,computers
EVT_0010273,CUST_00816,2024-01-01T22:00:00,electronics
EVT_0010274,CUST_00816,2024-01-02T00:00:00,computers
EVT_0010275,CUST_00817,2024-01-01T00:00:00,watches_gifts
EVT_0010276,CUST_00817,2024-01-01T02:00:00,health_beauty
EVT_0010277,CUST_00817,2024-01-01T04:00:00,watches_gifts
EVT_0010278,CUST_00817,2024-01-01T06:00:00,health_beauty
EVT_0010279,CUST_00817,2024-01-01T08:00:00,watches_gifts
EVT_0010280,CUST_00817,2024-01-01T10:00:00,health_beauty
EVT_0010281,CUST_00817,2024-01-01T12:00:00,watches_gifts
EVT_0010282,CUST_00817,2024-01-01T14:00:00,health_beauty
EVT_0010283,CUST_00817,2024-01-01T16:00:00,watches_gifts
EVT_0010284,CUST_00817,2024-01-01T18:00:00,health_beauty
EVT_0010285,CUST_00817,2024-01-01T20:00:00,watches_gifts
EVT_0010286,CUST_00817,2024-01-01T22:00:00,health_beauty
EVT_0010287,CUST_00817,2024-01-02T00:00:00,watches_gifts
EVT_0010288,CUST_00817,2024-01-02T02:00:00,health_beauty
EVT_0010289,CUST_00817,2024-01-02T04:00:00,watches_gifts
EVT_0010290,CUST_00818,2024-01-01T00:00:00,bed_bath
EVT_0010291,CUST_00818,2024-01-01T02:00:00,furniture
EVT_0010292,CUST_00818,2024-01-01T04:00:00,housewares
EVT_0010293,CUST_00818,2024-01-01T06:00:00,bed_bath
EVT_0010294,CUST_00818,2024-01-01T08:00:00,furniture
EVT_0010295,CUST_00818,2024-01-01T10:00:00,housewares
EVT_0010296,CUST_00818,2024-01-01T12:00:00,bed_bath
EVT_0010297,CUST_00818,2024-01-01T14:00:00,furniture
EVT_0010298,CUST_00818,2024-01-01T16:00:00,furniture
EVT_0010299,CUST_00819,2024-01-01T00:00:00,watches_gifts
EVT_0010300,CUST_00819,2024-01-01T02:00:00,health_beauty
EVT_0010301,CUST_00819,2024-01-01T04:00:00,bed_bath
EVT_0010302,CUST_00819,2024-01-01T06:00:00,furniture
EVT_0010303,CUST_00819,2024-01-01T08:00:00,housewares
EVT_0010304,CUST_00819,2024-01-01T10:00:00,bed_bath
EVT_0010305,CUST_00819,2024-01-01T12:00:00,furniture
EVT_0010306,CUST_00819,2024-01-01T14:00:00,housewares
EVT_0010307,CUST_00820,2024-01-01T00:00:00,watches_gifts
EVT_0010308,CUST_00820,2024-01-01T02:00:00,health_beauty
EVT_0010309,CUST_00820,2024-01-01T04:00:00,watches_gifts
EVT_0010310,CUST_00820,2024-01-01T06:00:00,health_beauty
EVT_0010311,CUST_00820,2024-01-01T08:00:00,watches_gifts
EVT_0010312,CUST_00820,2024-01-01T10:00:00,health_beauty
EVT_0010313,CUST_00820,2024-01-01T12:00:00,watches_gifts
EVT_0010314,CUST_00820,2024-01-01T14:00:00,health_beauty
EVT_0010315,CUST_00820,2024-01-01T16:00:00,watches_gifts
EVT_0010316,CUST_00820,2024-01-01T18:00:00,health_beauty
EVT_0010317,CUST_00820,2024-01-01T20:00:00,watches_gifts
EVT_0010318,CUST_00820,2024-01-01T22:00:00,bed_bath
EVT_0010319,CUST_00820,2024-01-02T00:00:00,furniture
EVT_0010320,CUST_00820,2024-01-02T02:00:00,housewares
EVT_0010321,CUST_00821,2024-01-01T00:00:00,computers
EVT_0010322,CUST_00821,2024-01-01T02:00:00,auto
EVT_0010323,CUST_00821,2024-01-01T04:00:00,electronics
EVT_0010324,CUST_00821,2024-01-01T06:00:00,computers
EVT_0010325,CUST_00821,2024-01-01T08:00:00,electronics
EVT_0010326,CUST_00821,2024-01-01T10:00:00,computers
EVT_0010327,CUST_00821,2024-01-01T12:00:00,electronics
EVT_0010328,CUST_00821,2024-01-01T14:00:00,bed_bath
EVT_0010329,CUST_00821,2024-01-01T16:00:00,furniture
EVT_0010330,CUST_00822,2024-01-01T00:00:00,furniture
EVT_0010331,CUST_00822,2024-01-01T02:00:00,housewares
EVT_0010332,CUST_00822,2024-01-01T04:00:00,bed_bath
EVT_0010333,CUST_00822,2024-01-01T06:00:00,furniture
EVT_0010334,CUST_00822,2024-01-01T08:00:00,housewares
EVT_0010335,CUST_00822,2024-01-01T10:00:00,bed_bath
EVT_0010336,CUST_00822,2024-01-01T12:00:00,furniture
EVT_0010337,CUST_00822,2024-01-01T14:00:00,housewares
EVT_0010338,CUST_00822,2024-01-01T16:00:00,bed_bath
EVT_0010339,CUST_00822,2024-01-01T18:00:00,furniture
EVT_0010340,CUST_00822,2024-01-01T20:00:00,housewares
EVT_0010341,CUST_00822,2024-01-01T22:00:00,bed_bath
EVT_0010342,CUST_00822,2024-01-02T00:00:00,furniture
EVT_0010343,CUST_00822,2024-01-02T02:00:00,computers
EVT_0010344,CUST_00822,2024-01-02T04:00:00,electronics
EVT_0010345,CUST_00822,2024-01-02T06:00:00,computers
EVT_0010346,CUST_00823,2024-01-01T00:00:00,computers
EVT_0010347,CUST_00823,2024-01-01T02:00:00,electronics
EVT_0010348,CUST_00823,2024-01-01T04:00:00,computers
EVT_0010349,CUST_00823,2024-01-01T06:00:00,electronics
EVT_0010350,CUST_00823,2024-01-01T08:00:00,computers
EVT_0010351,CUST_00823,2024-01-01T10:00:00,bed_bath
EVT_0010352,CUST_00823,2024-01-01T12:00:00,computers
EVT_0010353,CUST_00823,2024-01-01T14:00:00,electronics
EVT_0010354,CUST_00823,2024-01-01T16:00:00,health_beauty
EVT_0010355,CUST_00823,2024-01-01T18:00:00,watches_gifts
EVT_0010356,CUST_00823,2024-01-01T20:00:00,health_beauty
EVT_0010357,CUST_00823,2024-01-01T22:00:00,watches_gifts
EVT_0010358,CUST_00823,2024-01-02T00:00:00,health_beauty
EVT_0010359,CUST_00823,2024-01-02T02:00:00,watches_gifts
EVT_0010360,CUST_00823,2024-01-02T04:00:00,health_beauty
EVT_0010361,CUST_00823,2024-01-02T06:00:00,watches_gifts
EVT_0010362,CUST_00823,2024-01-02T08:00:00,health_beauty
EVT_0010363,CUST_00824,2024-01-01T00:00:00,furniture
EVT_0010364,CUST_00824,2024-01-01T02:00:00,housewares
EVT_0010365,CUST_00824,2024-01-01T04:00:00,bed_bath
EVT_0010366,CUST_00824,2024-01-01T06:00:00,furniture
EVT_0010367,CUST_00824,2024-01-01T08:00:00,housewares
EVT_0010368,CUST_00824,2024-01-01T10:00:00,bed_bath
EVT_0010369,CUST_00824,2024-01-01T12:00:00,furniture
EVT_0010370,CUST_00824,2024-01-01T14:00:00,housewares
EVT_0010371,CUST_00824,2024-01-01T16:00:00,bed_bath
EVT_0010372,CUST_00824,2024-01-01T18:00:00,furniture
EVT_0010373,CUST_00824,2024-01-01T20:00:00,housewares
EVT_0010374,CUST_00824,2024-01-01T22:00:00,bed_bath
EVT_0010375,CUST_00825,2024-01-01T00:00:00,bed_bath
EVT_0010376,CUST_00825,2024-01-01T02:00:00,furniture
EVT_0010377,CUST_00825,2024-01-01T04:00:00,housewares
EVT_0010378,CUST_00825,2024-01-01T06:00:00,bed_bath
EVT_0010379,CUST_00825,2024-01-01T08:00:00,furniture
EVT_0010380,CUST_00825,2024-01-01T10:00:00,housewares
EVT_0010381,CUST_00825,2024-01-01T12:00:00,bed_bath
EVT_0010382,CUST_00825,2024-01-01T14:00:00,furniture
EVT_0010383,CUST_00825,2024-01-01T16:00:00,auto
EVT_0010384,CUST_00826,2024-01-01T00:00:00,computers
EVT_0010385,CUST_00826,2024-01-01T02:00:00,electronics
EVT_0010386,CUST_00826,2024-01-01T04:00:00,computers
EVT_0010387,CUST_00826,2024-01-01T06:00:00,electronics
EVT_0010388,CUST_00826,2024-01-01T08:00:00,computers
EVT_0010389,CUST_00826,2024-01-01T10:00:00,electronics
EVT_0010390,CUST_00826,2024-01-01T12:00:00,computers
EVT_0010391,CUST_00826,2024-01-01T14:00:00,electronics
EVT_0010392,CUST_00826,2024-01-01T16:00:00,computers
EVT_0010393,CUST_00826,2024-01-01T18:00:00,electronics
EVT_0010394,CUST_00826,2024-01-01T20:00:00,computers
EVT_0010395,CUST_00826,2024-01-01T22:00:00,electronics
EVT_0010396,CUST_00826,2024-01-02T00:00:00,computers
EVT_0010397,CUST_00826,2024-01-02T02:00:00,bed_bath
EVT_0010398,CUST_00826,2024-01-02T04:00:00,health_beauty
EVT_0010399,CUST_00827,2024-01-01T00:00:00,electronics
EVT_0010400,CUST_00827,2024-01-01T02:00:00,computers
EVT_0010401,CUST_00827,2024-01-01T04:00:00,electronics
EVT_0010402,CUST_00827,2024-01-01T06:00:00,computers
EVT_0010403,CUST_00827,2024-01-01T08:00:00,electronics
EVT_0010404,CUST_00827,2024-01-01T10:00:00,computers
EVT_0010405,CUST_00827,2024-01-01T12:00:00,electronics
EVT_0010406,CUST_00827,2024-01-01T14:00:00,computers
EVT_0010407,CUST_00827,2024-01-01T16:00:00,electronics
EVT_0010408,CUST_00827,2024-01-01T18:00:00,computers
EVT_0010409,CUST_00827,2024-01-01T20:00:00,electronics
EVT_0010410,CUST_00827,2024-01-01T22:00:00,computers
EVT_0010411,CUST_00827,2024-01-02T00:00:00,electronics
EVT_0010412,CUST_00827,2024-01-02T02:00:00,computers
EVT_0010413,CUST_00827,2024-01-02T04:00:00,electronics
EVT_0010414,CUST_00827,2024-01-02T06:00:00,computers
EVT_0010415,CUST_00828,2024-01-01T00:00:00,housewares
EVT_0010416,CUST_00828,2024-01-01T02:00:00,bed_bath
EVT_0010417,CUST_00828,2024-01-01T04:00:00,furniture
EVT_0010418,CUST_00828,2024-01-01T06:00:00,housewares
EVT_0010419,CUST_00828,2024-01-01T08:00:00,bed_bath
EVT_0010420,CUST_00828,2024-01-01T10:00:00,furniture
EVT_0010421,CUST_00828,2024-01-01T12:00:00,housewares
EVT_0010422,CUST_00828,2024-01-01T14:00:00,bed_bath
EVT_0010423,CUST_00828,2024-01-01T16:00:00,furniture
EVT_0010424,CUST_00828,2024-01-01T18:00:00,housewares
EVT_0010425,CUST_00828,2024-01-01T20:00:00,bed_bath
EVT_0010426,CUST_00828,2024-01-01T22:00:00,furniture
EVT_0010427,CUST_00828,2024-01-02T00:00:00,housewares
EVT_0010428,CUST_00829,2024-01-01T00:00:00,electronics
EVT_0010429,CUST_00829,2024-01-01T02:00:00,health_beauty
EVT_0010430,CUST_00829,2024-01-01T04:00:00,watches_gifts
EVT_0010431,CUST_00829,2024-01-01T06:00:00,health_beauty
EVT_0010432,CUST_00829,2024-01-01T08:00:00,watches_gifts
EVT_0010433,CUST_00829,2024-01-01T10:00:00,health_beauty
EVT_0010434,CUST_00829,2024-01-01T12:00:00,watches_gifts
EVT_0010435,CUST_00829,2024-01-01T14:00:00,health_beauty
EVT_0010436,CUST_00829,2024-01-01T16:00:00,watches_gifts
EVT_0010437,CUST_00829,2024-01-01T18:00:00,health_beauty
EVT_0010438,CUST_00830,2024-01-01T00:00:00,electronics
EVT_0010439,CUST_00830,2024-01-01T02:00:00,computers
EVT_0010440,CUST_00830,2024-01-01T04:00:00,electronics
EVT_0010441,CUST_00830,2024-01-01T06:00:00,computers
EVT_0010442,CUST_00830,2024-01-01T08:00:00,electronics
EVT_0010443,CUST_00830,2024-01-01T10:00:00,computers
EVT_0010444,CUST_00830,2024-01-01T12:00:00,electronics
EVT_0010445,CUST_00830,2024-01-01T14:00:00,computers
EVT_0010446,CUST_00830,2024-01-01T16:00:00,electronics
EVT_0010447,CUST_00831,2024-01-01T00:00:00,furniture
EVT_0010448,CUST_00831,2024-01-01T02:00:00,housewares
EVT_0010449,CUST_00831,2024-01-01T04:00:00,bed_bath
EVT_0010450,CUST_00831,2024-01-01T06:00:00,furniture
EVT_0010451,CUST_00831,2024-01-01T08:00:00,housewares
EVT_0010452,CUST_00831,2024-01-01T10:00:00,bed_bath
EVT_0010453,CUST_00831,2024-01-01T12:00:00,furniture
EVT_0010454,CUST_00831,2024-01-01T14:00:00,housewares
EVT_0010455,CUST_00831,2024-01-01T16:00:00,bed_bath
EVT_0010456,CUST_00832,2024-01-01T00:00:00,watches_gifts
EVT_0010457,CUST_00832,2024-01-01T02:00:00,health_beauty
EVT_0010458,CUST_00832,2024-01-01T04:00:00,watches_gifts
EVT_0010459,CUST_00832,2024-01-01T06:00:00,health_beauty
EVT_0010460,CUST_00832,2024-01-01T08:00:00,watches_gifts
EVT_0010461,CUST_00832,2024-01-01T10:00:00,health_beauty
EVT_0010462,CUST_00832,2024-01-01T12:00:00,watches_gifts
EVT_0010463,CUST_00832,2024-01-01T14:00:00,health_beauty
EVT_0010464,CUST_00832,2024-01-01T16:00:00,watches_gifts
EVT_0010465,CUST_00832,2024-01-01T18:00:00,health_beauty
EVT_0010466,CUST_00832,2024-01-01T20:00:00,watches_gifts
EVT_0010467,CUST_00832,2024-01-01T22:00:00,health_beauty
EVT_0010468,CUST_00832,2024-01-02T00:00:00,watches_gifts
EVT_0010469,CUST_00833,2024-01-01T00:00:00,health_beauty
EVT_0010470,CUST_00833,2024-01-01T02:00:00,watches_gifts
EVT_0010471,CUST_00833,2024-01-01T04:00:00,health_beauty
EVT_0010472,CUST_00833,2024-01-01T06:00:00,watches_gifts
EVT_0010473,CUST_00833,2024-01-01T08:00:00,health_beauty
EVT_0010474,CUST_00833,2024-01-01T10:00:00,watches_gifts
EVT_0010475,CUST_00833,2024-01-01T12:00:00,health_beauty
EVT_0010476,CUST_00833,2024-01-01T14:00:00,watches_gifts
EVT_0010477,CUST_00834,2024-01-01T00:00:00,computers
EVT_0010478,CUST_00834,2024-01-01T02:00:00,electronics
EVT_0010479,CUST_00834,2024-01-01T04:00:00,computers
EVT_0010480,CUST_00834,2024-01-01T06:00:00,electronics
EVT_0010481,CUST_00834,2024-01-01T08:00:00,computers
EVT_0010482,CUST_00834,2024-01-01T10:00:00,electronics
EVT_0010483,CUST_00834,2024-01-01T12:00:00,toys
EVT_0010484,CUST_00834,2024-01-01T14:00:00,health_beauty
EVT_0010485,CUST_00834,2024-01-01T16:00:00,watches_gifts
EVT_0010486,CUST_00834,2024-01-01T18:00:00,health_beauty
EVT_0010487,CUST_00834,2024-01-01T20:00:00,auto
EVT_0010488,CUST_00834,2024-01-01T22:00:00,electronics
EVT_0010489,CUST_00835,2024-01-01T00:00:00,health_beauty
EVT_0010490,CUST_00835,2024-01-01T02:00:00,watches_gifts
EVT_0010491,CUST_00835,2024-01-01T04:00:00,health_beauty
EVT_0010492,CUST_00835,2024-01-01T06:00:00,watches_gifts
EVT_0010493,CUST_00835,2024-01-01T08:00:00,health_beauty
EVT_0010494,CUST_00835,2024-01-01T10:00:00,watches_gifts
EVT_0010495,CUST_00835,2024-01-01T12:00:00,health_beauty
EVT_0010496,CUST_00835,2024-01-01T14:00:00,watches_gifts
EVT_0010497,CUST_00835,2024-01-01T16:00:00,health_beauty
EVT_0010498,CUST_00835,2024-01-01T18:00:00,watches_gifts
EVT_0010499,CUST_00835,2024-01-01T20:00:00,health_beauty
EVT_0010500,CUST_00835,2024-01-01T22:00:00,watches_gifts
EVT_0010501,CUST_00835,2024-01-02T00:00:00,health_beauty
EVT_0010502,CUST_00835,2024-01-02T02:00:00,watches_gifts
EVT_0010503,CUST_00835,2024-01-02T04:00:00,health_beauty
EVT_0010504,CUST_00835,2024-01-02T06:00:00,watches_gifts
EVT_0010505,CUST_00835,2024-01-02T08:00:00,health_beauty
EVT_0010506,CUST_00836,2024-01-01T00:00:00,electronics
EVT_0010507,CUST_00836,2024-01-01T02:00:00,computers
EVT_0010508,CUST_00836,2024-01-01T04:00:00,electronics
EVT_0010509,CUST_00836,2024-01-01T06:00:00,computers
EVT_0010510,CUST_00836,2024-01-01T08:00:00,electronics
EVT_0010511,CUST_00836,2024-01-01T10:00:00,computers
EVT_0010512,CUST_00836,2024-01-01T12:00:00,electronics
EVT_0010513,CUST_00836,2024-01-01T14:00:00,computers
EVT_0010514,CUST_00836,2024-01-01T16:00:00,electronics
EVT_0010515,CUST_00836,2024-01-01T18:00:00,computers
EVT_0010516,CUST_00836,2024-01-01T20:00:00,electronics
EVT_0010517,CUST_00836,2024-01-01T22:00:00,computers
EVT_0010518,CUST_00836,2024-01-02T00:00:00,electronics
EVT_0010519,CUST_00836,2024-01-02T02:00:00,computers
EVT_0010520,CUST_00837,2024-01-01T00:00:00,furniture
EVT_0010521,CUST_00837,2024-01-01T02:00:00,housewares
EVT_0010522,CUST_00837,2024-01-01T04:00:00,bed_bath
EVT_0010523,CUST_00837,2024-01-01T06:00:00,furniture
EVT_0010524,CUST_00837,2024-01-01T08:00:00,housewares
EVT_0010525,CUST_00837,2024-01-01T10:00:00,furniture
EVT_0010526,CUST_00837,2024-01-01T12:00:00,housewares
EVT_0010527,CUST_00837,2024-01-01T14:00:00,bed_bath
EVT_0010528,CUST_00837,2024-01-01T16:00:00,furniture
EVT_0010529,CUST_00837,2024-01-01T18:00:00,housewares
EVT_0010530,CUST_00837,2024-01-01T20:00:00,bed_bath
EVT_0010531,CUST_00837,2024-01-01T22:00:00,furniture
EVT_0010532,CUST_00837,2024-01-02T00:00:00,housewares
EVT_0010533,CUST_00837,2024-01-02T02:00:00,housewares
EVT_0010534,CUST_00838,2024-01-01T00:00:00,health_beauty
EVT_0010535,CUST_00838,2024-01-01T02:00:00,housewares
EVT_0010536,CUST_00838,2024-01-01T04:00:00,bed_bath
EVT_0010537,CUST_00838,2024-01-01T06:00:00,furniture
EVT_0010538,CUST_00838,2024-01-01T08:00:00,housewares
EVT_0010539,CUST_00838,2024-01-01T10:00:00,bed_bath
EVT_0010540,CUST_00838,2024-01-01T12:00:00,furniture
EVT_0010541,CUST_00838,2024-01-01T14:00:00,housewares
EVT_0010542,CUST_00838,2024-01-01T16:00:00,bed_bath
EVT_0010543,CUST_00838,2024-01-01T18:00:00,toys
EVT_0010544,CUST_00838,2024-01-01T20:00:00,health_beauty
EVT_0010545,CUST_00838,2024-01-01T22:00:00,watches_gifts
EVT_0010546,CUST_00838,2024-01-02T00:00:00,health_beauty
EVT_0010547,CUST_00838,2024-01-02T02:00:00,watches_gifts
EVT_0010548,CUST_00839,2024-01-01T00:00:00,electronics
EVT_0010549,CUST_00839,2024-01-01T02:00:00,computers
EVT_0010550,CUST_00839,2024-01-01T04:00:00,electronics
EVT_0010551,CUST_00839,2024-01-01T06:00:00,computers
EVT_0010552,CUST_00839,2024-01-01T08:00:00,electronics
EVT_0010553,CUST_00839,2024-01-01T10:00:00,computers
EVT_0010554,CUST_00839,2024-01-01T12:00:00,electronics
EVT_0010555,CUST_00839,2024-01-01T14:00:00,computers
EVT_0010556,CUST_00839,2024-01-01T16:00:00,electronics
EVT_0010557,CUST_00840,2024-01-01T00:00:00,housewares
EVT_0010558,CUST_00840,2024-01-01T02:00:00,bed_bath
EVT_0010559,CUST_00840,2024-01-01T04:00:00,furniture
EVT_0010560,CUST_00840,2024-01-01T06:00:00,housewares
EVT_0010561,CUST_00840,2024-01-01T08:00:00,bed_bath
EVT_0010562,CUST_00840,2024-01-01T10:00:00,furniture
EVT_0010563,CUST_00840,2024-01-01T12:00:00,housewares
EVT_0010564,CUST_00840,2024-01-01T14:00:00,bed_bath
EVT_0010565,CUST_00840,2024-01-01T16:00:00,furniture
EVT_0010566,CUST_00840,2024-01-01T18:00:00,housewares
EVT_0010567,CUST_00840,2024-01-01T20:00:00,bed_bath
EVT_0010568,CUST_00840,2024-01-01T22:00:00,furniture
EVT_0010569,CUST_00840,2024-01-02T00:00:00,housewares
EVT_0010570,CUST_00840,2024-01-02T02:00:00,watches_gifts
EVT_0010571,CUST_00840,2024-01-02T04:00:00,health_beauty
EVT_0010572,CUST_00840,2024-01-02T06:00:00,furniture
EVT_0010573,CUST_00841,2024-01-01T00:00:00,furniture
EVT_0010574,CUST_00841,2024-01-01T02:00:00,electronics
EVT_0010575,CUST_00841,2024-01-01T04:00:00,computers
EVT_0010576,CUST_00841,2024-01-01T06:00:00,electronics
EVT_0010577,CUST_00841,2024-01-01T08:00:00,computers
EVT_0010578,CUST_00841,2024-01-01T10:00:00,electronics
EVT_0010579,CUST_00841,2024-01-01T12:00:00,computers
EVT_0010580,CUST_00841,2024-01-01T14:00:00,electronics
EVT_0010581,CUST_00841,2024-01-01T16:00:00,computers
EVT_0010582,CUST_00841,2024-01-01T18:00:00,electronics
EVT_0010583,CUST_00841,2024-01-01T20:00:00,computers
EVT_0010584,CUST_00841,2024-01-01T22:00:00,electronics
EVT_0010585,CUST_00841,2024-01-02T00:00:00,computers
EVT_0010586,CUST_00841,2024-01-02T02:00:00,watches_gifts
EVT_0010587,CUST_00841,2024-01-02T04:00:00,health_beauty
EVT_0010588,CUST_00841,2024-01-02T06:00:00,watches_gifts
EVT_0010589,CUST_00841,2024-01-02T08:00:00,health_beauty
EVT_0010590,CUST_00842,2024-01-01T00:00:00,watches_gifts
EVT_0010591,CUST_00842,2024-01-01T02:00:00,health_beauty
EVT_0010592,CUST_00842,2024-01-01T04:00:00,watches_gifts
EVT_0010593,CUST_00842,2024-01-01T06:00:00,health_beauty
EVT_0010594,CUST_00842,2024-01-01T08:00:00,health_beauty
EVT_0010595,CUST_00842,2024-01-01T10:00:00,watches_gifts
EVT_0010596,CUST_00842,2024-01-01T12:00:00,health_beauty
EVT_0010597,CUST_00842,2024-01-01T14:00:00,watches_gifts
EVT_0010598,CUST_00842,2024-01-01T16:00:00,health_beauty
EVT_0010599,CUST_00842,2024-01-01T18:00:00,watches_gifts
EVT_0010600,CUST_00842,2024-01-01T20:00:00,health_beauty
EVT_0010601,CUST_00842,2024-01-01T22:00:00,watches_gifts
EVT_0010602,CUST_00842,2024-01-02T00:00:00,health_beauty
EVT_0010603,CUST_00843,2024-01-01T00:00:00,health_beauty
EVT_0010604,CUST_00843,2024-01-01T02:00:00,watches_gifts
EVT_0010605,CUST_00843,2024-01-01T04:00:00,health_beauty
EVT_0010606,CUST_00843,2024-01-01T06:00:00,watches_gifts
EVT_0010607,CUST_00843,2024-01-01T08:00:00,health_beauty
EVT_0010608,CUST_00843,2024-01-01T10:00:00,watches_gifts
EVT_0010609,CUST_00843,2024-01-01T12:00:00,health_beauty
EVT_0010610,CUST_00843,2024-01-01T14:00:00,watches_gifts
EVT_0010611,CUST_00843,2024-01-01T16:00:00,health_beauty
EVT_0010612,CUST_00843,2024-01-01T18:00:00,watches_gifts
EVT_0010613,CUST_00843,2024-01-01T20:00:00,health_beauty
EVT_0010614,CUST_00843,2024-01-01T22:00:00,watches_gifts
EVT_0010615,CUST_00843,2024-01-02T00:00:00,health_beauty
EVT_0010616,CUST_00843,2024-01-02T02:00:00,watches_gifts
EVT_0010617,CUST_00843,2024-01-02T04:00:00,health_beauty
EVT_0010618,CUST_00843,2024-01-02T06:00:00,watches_gifts
EVT_0010619,CUST_00843,2024-01-02T08:00:00,health_beauty
EVT_0010620,CUST_00844,2024-01-01T00:00:00,watches_gifts
EVT_0010621,CUST_00844,2024-01-01T02:00:00,health_beauty
EVT_0010622,CUST_00844,2024-01-01T04:00:00,watches_gifts
EVT_0010623,CUST_00844,2024-01-01T06:00:00,health_beauty
EVT_0010624,CUST_00844,2024-01-01T08:00:00,auto
EVT_0010625,CUST_00844,2024-01-01T10:00:00,electronics
EVT_0010626,CUST_00844,2024-01-01T12:00:00,computers
EVT_0010627,CUST_00844,2024-01-01T14:00:00,electronics
EVT_0010628,CUST_00844,2024-01-01T16:00:00,sports_leisure
EVT_0010629,CUST_00844,2024-01-01T18:00:00,health_beauty
EVT_0010630,CUST_00844,2024-01-01T20:00:00,watches_gifts
EVT_0010631,CUST_00844,2024-01-01T22:00:00,health_beauty
EVT_0010632,CUST_00844,2024-01-02T00:00:00,watches_gifts
EVT_0010633,CUST_00844,2024-01-02T02:00:00,health_beauty
EVT_0010634,CUST_00844,2024-01-02T04:00:00,watches_gifts
EVT_0010635,CUST_00845,2024-01-01T00:00:00,furniture
EVT_0010636,CUST_00845,2024-01-01T02:00:00,housewares
EVT_0010637,CUST_00845,2024-01-01T04:00:00,furniture
EVT_0010638,CUST_00845,2024-01-01T06:00:00,housewares
EVT_0010639,CUST_00845,2024-01-01T08:00:00,bed_bath
EVT_0010640,CUST_00845,2024-01-01T10:00:00,furniture
EVT_0010641,CUST_00845,2024-01-01T12:00:00,health_beauty
EVT_0010642,CUST_00845,2024-01-01T14:00:00,watches_gifts
EVT_0010643,CUST_00845,2024-01-01T16:00:00,health_beauty
EVT_0010644,CUST_00845,2024-01-01T18:00:00,sports_leisure
EVT_0010645,CUST_00845,2024-01-01T20:00:00,health_beauty
EVT_0010646,CUST_00845,2024-01-01T22:00:00,watches_gifts
EVT_0010647,CUST_00845,2024-01-02T00:00:00,health_beauty
EVT_0010648,CUST_00846,2024-01-01T00:00:00,watches_gifts
EVT_0010649,CUST_00846,2024-01-01T02:00:00,health_beauty
EVT_0010650,CUST_00846,2024-01-01T04:00:00,watches_gifts
EVT_0010651,CUST_00846,2024-01-01T06:00:00,health_beauty
EVT_0010652,CUST_00846,2024-01-01T08:00:00,watches_gifts
EVT_0010653,CUST_00846,2024-01-01T10:00:00,health_beauty
EVT_0010654,CUST_00846,2024-01-01T12:00:00,watches_gifts
EVT_0010655,CUST_00846,2024-01-01T14:00:00,health_beauty
EVT_0010656,CUST_00846,2024-01-01T16:00:00,watches_gifts
EVT_0010657,CUST_00846,2024-01-01T18:00:00,health_beauty
EVT_0010658,CUST_00846,2024-01-01T20:00:00,watches_gifts
EVT_0010659,CUST_00846,2024-01-01T22:00:00,health_beauty
EVT_0010660,CUST_00846,2024-01-02T00:00:00,sports_leisure
EVT_0010661,CUST_00846,2024-01-02T02:00:00,health_beauty
EVT_0010662,CUST_00846,2024-01-02T04:00:00,bed_bath
EVT_0010663,CUST_00846,2024-01-02T06:00:00,furniture
EVT_0010664,CUST_00846,2024-01-02T08:00:00,housewares
EVT_0010665,CUST_00847,2024-01-01T00:00:00,electronics
EVT_0010666,CUST_00847,2024-01-01T02:00:00,computers
EVT_0010667,CUST_00847,2024-01-01T04:00:00,electronics
EVT_0010668,CUST_00847,2024-01-01T06:00:00,computers
EVT_0010669,CUST_00847,2024-01-01T08:00:00,electronics
EVT_0010670,CUST_00847,2024-01-01T10:00:00,computers
EVT_0010671,CUST_00847,2024-01-01T12:00:00,electronics
EVT_0010672,CUST_00847,2024-01-01T14:00:00,computers
EVT_0010673,CUST_00847,2024-01-01T16:00:00,electronics
EVT_0010674,CUST_00847,2024-01-01T18:00:00,computers
EVT_0010675,CUST_00847,2024-01-01T20:00:00,electronics
EVT_0010676,CUST_00847,2024-01-01T22:00:00,computers
EVT_0010677,CUST_00848,2024-01-01T00:00:00,auto
EVT_0010678,CUST_00848,2024-01-01T02:00:00,electronics
EVT_0010679,CUST_00848,2024-01-01T04:00:00,auto
EVT_0010680,CUST_00848,2024-01-01T06:00:00,electronics
EVT_0010681,CUST_00848,2024-01-01T08:00:00,computers
EVT_0010682,CUST_00848,2024-01-01T10:00:00,electronics
EVT_0010683,CUST_00848,2024-01-01T12:00:00,computers
EVT_0010684,CUST_00848,2024-01-01T14:00:00,electronics
EVT_0010685,CUST_00848,2024-01-01T16:00:00,computers
EVT_0010686,CUST_00848,2024-01-01T18:00:00,electronics
EVT_0010687,CUST_00848,2024-01-01T20:00:00,toys
EVT_0010688,CUST_00848,2024-01-01T22:00:00,electronics
EVT_0010689,CUST_00848,2024-01-02T00:00:00,computers
EVT_0010690,CUST_00849,2024-01-01T00:00:00,watches_gifts
EVT_0010691,CUST_00849,2024-01-01T02:00:00,health_beauty
EVT_0010692,CUST_00849,2024-01-01T04:00:00,watches_gifts
EVT_0010693,CUST_00849,2024-01-01T06:00:00,health_beauty
EVT_0010694,CUST_00849,2024-01-01T08:00:00,watches_gifts
EVT_0010695,CUST_00849,2024-01-01T10:00:00,health_beauty
EVT_0010696,CUST_00849,2024-01-01T12:00:00,bed_bath
EVT_0010697,CUST_00849,2024-01-01T14:00:00,furniture
EVT_0010698,CUST_00849,2024-01-01T16:00:00,furniture
EVT_0010699,CUST_00849,2024-01-01T18:00:00,housewares
EVT_0010700,CUST_00849,2024-01-01T20:00:00,bed_bath
EVT_0010701,CUST_00849,2024-01-01T22:00:00,furniture
EVT_0010702,CUST_00849,2024-01-02T00:00:00,sports_leisure
EVT_0010703,CUST_00849,2024-01-02T02:00:00,health_beauty
EVT_0010704,CUST_00849,2024-01-02T04:00:00,watches_gifts
EVT_0010705,CUST_00849,2024-01-02T06:00:00,health_beauty
EVT_0010706,CUST_00849,2024-01-02T08:00:00,computers
EVT_0010707,CUST_00850,2024-01-01T00:00:00,bed_bath
EVT_0010708,CUST_00850,2024-01-01T02:00:00,furniture
EVT_0010709,CUST_00850,2024-01-01T04:00:00,housewares
EVT_0010710,CUST_00850,2024-01-01T06:00:00,bed_bath
EVT_0010711,CUST_00850,2024-01-01T08:00:00,furniture
EVT_0010712,CUST_00850,2024-01-01T10:00:00,housewares
EVT_0010713,CUST_00850,2024-01-01T12:00:00,bed_bath
EVT_0010714,CUST_00850,2024-01-01T14:00:00,furniture
EVT_0010715,CUST_00850,2024-01-01T16:00:00,housewares
EVT_0010716,CUST_00850,2024-01-01T18:00:00,bed_bath
EVT_0010717,CUST_00850,2024-01-01T20:00:00,furniture
EVT_0010718,CUST_00850,2024-01-01T22:00:00,housewares
EVT_0010719,CUST_00850,2024-01-02T00:00:00,bed_bath
EVT_0010720,CUST_00850,2024-01-02T02:00:00,furniture
EVT_0010721,CUST_00850,2024-01-02T04:00:00,housewares
EVT_0010722,CUST_00850,2024-01-02T06:00:00,bed_bath
EVT_0010723,CUST_00851,2024-01-01T00:00:00,housewares
EVT_0010724,CUST_00851,2024-01-01T02:00:00,bed_bath
EVT_0010725,CUST_00851,2024-01-01T04:00:00,furniture
EVT_0010726,CUST_00851,2024-01-01T06:00:00,housewares
EVT_0010727,CUST_00851,2024-01-01T08:00:00,bed_bath
EVT_0010728,CUST_00851,2024-01-01T10:00:00,furniture
EVT_0010729,CUST_00851,2024-01-01T12:00:00,housewares
EVT_0010730,CUST_00851,2024-01-01T14:00:00,bed_bath
EVT_0010731,CUST_00851,2024-01-01T16:00:00,furniture
EVT_0010732,CUST_00851,2024-01-01T18:00:00,housewares
EVT_0010733,CUST_00851,2024-01-01T20:00:00,bed_bath
EVT_0010734,CUST_00851,2024-01-01T22:00:00,furniture
EVT_0010735,CUST_00851,2024-01-02T00:00:00,housewares
EVT_0010736,CUST_00851,2024-01-02T02:00:00,bed_bath
EVT_0010737,CUST_00851,2024-01-02T04:00:00,furniture
EVT_0010738,CUST_00852,2024-01-01T00:00:00,bed_bath
EVT_0010739,CUST_00852,2024-01-01T02:00:00,furniture
EVT_0010740,CUST_00852,2024-01-01T04:00:00,housewares
EVT_0010741,CUST_00852,2024-01-01T06:00:00,bed_bath
EVT_0010742,CUST_00852,2024-01-01T08:00:00,furniture
EVT_0010743,CUST_00852,2024-01-01T10:00:00,housewares
EVT_0010744,CUST_00852,2024-01-01T12:00:00,bed_bath
EVT_0010745,CUST_00852,2024-01-01T14:00:00,auto
EVT_0010746,CUST_00852,2024-01-01T16:00:00,electronics
EVT_0010747,CUST_00852,2024-01-01T18:00:00,computers
EVT_0010748,CUST_00852,2024-01-01T20:00:00,electronics
EVT_0010749,CUST_00852,2024-01-01T22:00:00,computers
EVT_0010750,CUST_00852,2024-01-02T00:00:00,electronics
EVT_0010751,CUST_00852,2024-01-02T02:00:00,computers
EVT_0010752,CUST_00852,2024-01-02T04:00:00,electronics
EVT_0010753,CUST_00852,2024-01-02T06:00:00,computers
EVT_0010754,CUST_00853,2024-01-01T00:00:00,housewares
EVT_0010755,CUST_00853,2024-01-01T02:00:00,bed_bath
EVT_0010756,CUST_00853,2024-01-01T04:00:00,housewares
EVT_0010757,CUST_00853,2024-01-01T06:00:00,bed_bath
EVT_0010758,CUST_00853,2024-01-01T08:00:00,furniture
EVT_0010759,CUST_00853,2024-01-01T10:00:00,housewares
EVT_0010760,CUST_00853,2024-01-01T12:00:00,bed_bath
EVT_0010761,CUST_00853,2024-01-01T14:00:00,furniture
EVT_0010762,CUST_00853,2024-01-01T16:00:00,housewares
EVT_0010763,CUST_00853,2024-01-01T18:00:00,bed_bath
EVT_0010764,CUST_00853,2024-01-01T20:00:00,furniture
EVT_0010765,CUST_00854,2024-01-01T00:00:00,watches_gifts
EVT_0010766,CUST_00854,2024-01-01T02:00:00,health_beauty
EVT_0010767,CUST_00854,2024-01-01T04:00:00,watches_gifts
EVT_0010768,CUST_00854,2024-01-01T06:00:00,health_beauty
EVT_0010769,CUST_00854,2024-01-01T08:00:00,watches_gifts
EVT_0010770,CUST_00854,2024-01-01T10:00:00,health_beauty
EVT_0010771,CUST_00854,2024-01-01T12:00:00,watches_gifts
EVT_0010772,CUST_00854,2024-01-01T14:00:00,health_beauty
EVT_0010773,CUST_00854,2024-01-01T16:00:00,watches_gifts
EVT_0010774,CUST_00854,2024-01-01T18:00:00,health_beauty
EVT_0010775,CUST_00854,2024-01-01T20:00:00,watches_gifts
EVT_0010776,CUST_00854,2024-01-01T22:00:00,furniture
EVT_0010777,CUST_00854,2024-01-02T00:00:00,housewares
EVT_0010778,CUST_00854,2024-01-02T02:00:00,bed_bath
EVT_0010779,CUST_00854,2024-01-02T04:00:00,furniture
EVT_0010780,CUST_00855,2024-01-01T00:00:00,health_beauty
EVT_0010781,CUST_00855,2024-01-01T02:00:00,watches_gifts
EVT_0010782,CUST_00855,2024-01-01T04:00:00,health_beauty
EVT_0010783,CUST_00855,2024-01-01T06:00:00,watches_gifts
EVT_0010784,CUST_00855,2024-01-01T08:00:00,health_beauty
EVT_0010785,CUST_00855,2024-01-01T10:00:00,watches_gifts
EVT_0010786,CUST_00855,2024-01-01T12:00:00,health_beauty
EVT_0010787,CUST_00855,2024-01-01T14:00:00,watches_gifts
EVT_0010788,CUST_00855,2024-01-01T16:00:00,health_beauty
EVT_0010789,CUST_00855,2024-01-01T18:00:00,watches_gifts
EVT_0010790,CUST_00855,2024-01-01T20:00:00,health_beauty
EVT_0010791,CUST_00855,2024-01-01T22:00:00,watches_gifts
EVT_0010792,CUST_00855,2024-01-02T00:00:00,health_beauty
EVT_0010793,CUST_00855,2024-01-02T02:00:00,watches_gifts
EVT_0010794,CUST_00855,2024-01-02T04:00:00,health_beauty
EVT_0010795,CUST_00855,2024-01-02T06:00:00,watches_gifts
EVT_0010796,CUST_00855,2024-01-02T08:00:00,health_beauty
EVT_0010797,CUST_00856,2024-01-01T00:00:00,electronics
EVT_0010798,CUST_00856,2024-01-01T02:00:00,computers
EVT_0010799,CUST_00856,2024-01-01T04:00:00,electronics
EVT_0010800,CUST_00856,2024-01-01T06:00:00,computers
EVT_0010801,CUST_00856,2024-01-01T08:00:00,electronics
EVT_0010802,CUST_00856,2024-01-01T10:00:00,computers
EVT_0010803,CUST_00856,2024-01-01T12:00:00,electronics
EVT_0010804,CUST_00856,2024-01-01T14:00:00,computers
EVT_0010805,CUST_00856,2024-01-01T16:00:00,electronics
EVT_0010806,CUST_00856,2024-01-01T18:00:00,computers
EVT_0010807,CUST_00856,2024-01-01T20:00:00,electronics
EVT_0010808,CUST_00856,2024-01-01T22:00:00,computers
EVT_0010809,CUST_00856,2024-01-02T00:00:00,electronics
EVT_0010810,CUST_00856,2024-01-02T02:00:00,computers
EVT_0010811,CUST_00857,2024-01-01T00:00:00,sports_leisure
EVT_0010812,CUST_00857,2024-01-01T02:00:00,health_beauty
EVT_0010813,CUST_00857,2024-01-01T04:00:00,watches_gifts
EVT_0010814,CUST_00857,2024-01-01T06:00:00,health_beauty
EVT_0010815,CUST_00857,2024-01-01T08:00:00,watches_gifts
EVT_0010816,CUST_00857,2024-01-01T10:00:00,health_beauty
EVT_0010817,CUST_00857,2024-01-01T12:00:00,watches_gifts
EVT_0010818,CUST_00857,2024-01-01T14:00:00,health_beauty
EVT_0010819,CUST_00857,2024-01-01T16:00:00,watches_gifts
EVT_0010820,CUST_00857,2024-01-01T18:00:00,health_beauty
EVT_0010821,CUST_00857,2024-01-01T20:00:00,watches_gifts
EVT_0010822,CUST_00857,2024-01-01T22:00:00,toys
EVT_0010823,CUST_00857,2024-01-02T00:00:00,electronics
EVT_0010824,CUST_00858,2024-01-01T00:00:00,electronics
EVT_0010825,CUST_00858,2024-01-01T02:00:00,computers
EVT_0010826,CUST_00858,2024-01-01T04:00:00,electronics
EVT_0010827,CUST_00858,2024-01-01T06:00:00,computers
EVT_0010828,CUST_00858,2024-01-01T08:00:00,electronics
EVT_0010829,CUST_00858,2024-01-01T10:00:00,health_beauty
EVT_0010830,CUST_00858,2024-01-01T12:00:00,watches_gifts
EVT_0010831,CUST_00858,2024-01-01T14:00:00,health_beauty
EVT_0010832,CUST_00858,2024-01-01T16:00:00,watches_gifts
EVT_0010833,CUST_00859,2024-01-01T00:00:00,computers
EVT_0010834,CUST_00859,2024-01-01T02:00:00,electronics
EVT_0010835,CUST_00859,2024-01-01T04:00:00,computers
EVT_0010836,CUST_00859,2024-01-01T06:00:00,electronics
EVT_0010837,CUST_00859,2024-01-01T08:00:00,computers
EVT_0010838,CUST_00859,2024-01-01T10:00:00,electronics
EVT_0010839,CUST_00859,2024-01-01T12:00:00,computers
EVT_0010840,CUST_00859,2024-01-01T14:00:00,electronics
EVT_0010841,CUST_00859,2024-01-01T16:00:00,computers
EVT_0010842,CUST_00859,2024-01-01T18:00:00,electronics
EVT_0010843,CUST_00859,2024-01-01T20:00:00,computers
EVT_0010844,CUST_00859,2024-01-01T22:00:00,electronics
EVT_0010845,CUST_00859,2024-01-02T00:00:00,computers
EVT_0010846,CUST_00859,2024-01-02T02:00:00,electronics
EVT_0010847,CUST_00859,2024-01-02T04:00:00,computers
EVT_0010848,CUST_00859,2024-01-02T06:00:00,electronics
EVT_0010849,CUST_00859,2024-01-02T08:00:00,computers
EVT_0010850,CUST_00860,2024-01-01T00:00:00,electronics
EVT_0010851,CUST_00860,2024-01-01T02:00:00,auto
EVT_0010852,CUST_00860,2024-01-01T04:00:00,electronics
EVT_0010853,CUST_00860,2024-01-01T06:00:00,computers
EVT_0010854,CUST_00860,2024-01-01T08:00:00,electronics
EVT_0010855,CUST_00860,2024-01-01T10:00:00,computers
EVT_0010856,CUST_00860,2024-01-01T12:00:00,electronics
EVT_0010857,CUST_00860,2024-01-01T14:00:00,computers
EVT_0010858,CUST_00860,2024-01-01T16:00:00,electronics
EVT_0010859,CUST_00860,2024-01-01T18:00:00,housewares
EVT_0010860,CUST_00861,2024-01-01T00:00:00,computers
EVT_0010861,CUST_00861,2024-01-01T02:00:00,electronics
EVT_0010862,CUST_00861,2024-01-01T04:00:00,computers
EVT_0010863,CUST_00861,2024-01-01T06:00:00,electronics
EVT_0010864,CUST_00861,2024-01-01T08:00:00,computers
EVT_0010865,CUST_00861,2024-01-01T10:00:00,electronics
EVT_0010866,CUST_00861,2024-01-01T12:00:00,computers
EVT_0010867,CUST_00861,2024-01-01T14:00:00,electronics
EVT_0010868,CUST_00861,2024-01-01T16:00:00,computers
EVT_0010869,CUST_00861,2024-01-01T18:00:00,electronics
EVT_0010870,CUST_00861,2024-01-01T20:00:00,furniture
EVT_0010871,CUST_00861,2024-01-01T22:00:00,housewares
EVT_0010872,CUST_00861,2024-01-02T00:00:00,electronics
EVT_0010873,CUST_00861,2024-01-02T02:00:00,computers
EVT_0010874,CUST_00861,2024-01-02T04:00:00,electronics
EVT_0010875,CUST_00861,2024-01-02T06:00:00,computers
EVT_0010876,CUST_00861,2024-01-02T08:00:00,electronics
EVT_0010877,CUST_00862,2024-01-01T00:00:00,electronics
EVT_0010878,CUST_00862,2024-01-01T02:00:00,computers
EVT_0010879,CUST_00862,2024-01-01T04:00:00,electronics
EVT_0010880,CUST_00862,2024-01-01T06:00:00,computers
EVT_0010881,CUST_00862,2024-01-01T08:00:00,electronics
EVT_0010882,CUST_00862,2024-01-01T10:00:00,computers
EVT_0010883,CUST_00862,2024-01-01T12:00:00,electronics
EVT_0010884,CUST_00862,2024-01-01T14:00:00,computers
EVT_0010885,CUST_00863,2024-01-01T00:00:00,bed_bath
EVT_0010886,CUST_00863,2024-01-01T02:00:00,furniture
EVT_0010887,CUST_00863,2024-01-01T04:00:00,housewares
EVT_0010888,CUST_00863,2024-01-01T06:00:00,toys
EVT_0010889,CUST_00863,2024-01-01T08:00:00,electronics
EVT_0010890,CUST_00863,2024-01-01T10:00:00,computers
EVT_0010891,CUST_00863,2024-01-01T12:00:00,electronics
EVT_0010892,CUST_00863,2024-01-01T14:00:00,computers
EVT_0010893,CUST_00863,2024-01-01T16:00:00,computers
EVT_0010894,CUST_00863,2024-01-01T18:00:00,electronics
EVT_0010895,CUST_00863,2024-01-01T20:00:00,computers
EVT_0010896,CUST_00864,2024-01-01T00:00:00,computers
EVT_0010897,CUST_00864,2024-01-01T02:00:00,electronics
EVT_0010898,CUST_00864,2024-01-01T04:00:00,computers
EVT_0010899,CUST_00864,2024-01-01T06:00:00,electronics
EVT_0010900,CUST_00864,2024-01-01T08:00:00,electronics
EVT_0010901,CUST_00864,2024-01-01T10:00:00,computers
EVT_0010902,CUST_00864,2024-01-01T12:00:00,electronics
EVT_0010903,CUST_00864,2024-01-01T14:00:00,computers
EVT_0010904,CUST_00864,2024-01-01T16:00:00,electronics
EVT_0010905,CUST_00864,2024-01-01T18:00:00,computers
EVT_0010906,CUST_00864,2024-01-01T20:00:00,electronics
EVT_0010907,CUST_00864,2024-01-01T22:00:00,computers
EVT_0010908,CUST_00864,2024-01-02T00:00:00,electronics
EVT_0010909,CUST_00864,2024-01-02T02:00:00,computers
EVT_0010910,CUST_00864,2024-01-02T04:00:00,electronics
EVT_0010911,CUST_00865,2024-01-01T00:00:00,furniture
EVT_0010912,CUST_00865,2024-01-01T02:00:00,housewares
EVT_0010913,CUST_00865,2024-01-01T04:00:00,sports_leisure
EVT_0010914,CUST_00865,2024-01-01T06:00:00,health_beauty
EVT_0010915,CUST_00865,2024-01-01T08:00:00,watches_gifts
EVT_0010916,CUST_00865,2024-01-01T10:00:00,health_beauty
EVT_0010917,CUST_00865,2024-01-01T12:00:00,watches_gifts
EVT_0010918,CUST_00865,2024-01-01T14:00:00,health_beauty
EVT_0010919,CUST_00865,2024-01-01T16:00:00,watches_gifts
EVT_0010920,CUST_00865,2024-01-01T18:00:00,health_beauty
EVT_0010921,CUST_00865,2024-01-01T20:00:00,watches_gifts
EVT_0010922,CUST_00866,2024-01-01T00:00:00,furniture
EVT_0010923,CUST_00866,2024-01-01T02:00:00,housewares
EVT_0010924,CUST_00866,2024-01-01T04:00:00,bed_bath
EVT_0010925,CUST_00866,2024-01-01T06:00:00,furniture
EVT_0010926,CUST_00866,2024-01-01T08:00:00,housewares
EVT_0010927,CUST_00866,2024-01-01T10:00:00,bed_bath
EVT_0010928,CUST_00866,2024-01-01T12:00:00,furniture
EVT_0010929,CUST_00866,2024-01-01T14:00:00,housewares
EVT_0010930,CUST_00866,2024-01-01T16:00:00,bed_bath
EVT_0010931,CUST_00866,2024-01-01T18:00:00,furniture
EVT_0010932,CUST_00866,2024-01-01T20:00:00,housewares
EVT_0010933,CUST_00866,2024-01-01T22:00:00,bed_bath
EVT_0010934,CUST_00866,2024-01-02T00:00:00,furniture
EVT_0010935,CUST_00867,2024-01-01T00:00:00,housewares
EVT_0010936,CUST_00867,2024-01-01T02:00:00,bed_bath
EVT_0010937,CUST_00867,2024-01-01T04:00:00,furniture
EVT_0010938,CUST_00867,2024-01-01T06:00:00,housewares
EVT_0010939,CUST_00867,2024-01-01T08:00:00,watches_gifts
EVT_0010940,CUST_00867,2024-01-01T10:00:00,health_beauty
EVT_0010941,CUST_00867,2024-01-01T12:00:00,watches_gifts
EVT_0010942,CUST_00867,2024-01-01T14:00:00,health_beauty
EVT_0010943,CUST_00867,2024-01-01T16:00:00,watches_gifts
EVT_0010944,CUST_00867,2024-01-01T18:00:00,health_beauty
EVT_0010945,CUST_00868,2024-01-01T00:00:00,housewares
EVT_0010946,CUST_00868,2024-01-01T02:00:00,bed_bath
EVT_0010947,CUST_00868,2024-01-01T04:00:00,furniture
EVT_0010948,CUST_00868,2024-01-01T06:00:00,housewares
EVT_0010949,CUST_00868,2024-01-01T08:00:00,bed_bath
EVT_0010950,CUST_00868,2024-01-01T10:00:00,furniture
EVT_0010951,CUST_00868,2024-01-01T12:00:00,housewares
EVT_0010952,CUST_00868,2024-01-01T14:00:00,bed_bath
EVT_0010953,CUST_00869,2024-01-01T00:00:00,toys
EVT_0010954,CUST_00869,2024-01-01T02:00:00,electronics
EVT_0010955,CUST_00869,2024-01-01T04:00:00,computers
EVT_0010956,CUST_00869,2024-01-01T06:00:00,health_beauty
EVT_0010957,CUST_00869,2024-01-01T08:00:00,watches_gifts
EVT_0010958,CUST_00869,2024-01-01T10:00:00,health_beauty
EVT_0010959,CUST_00869,2024-01-01T12:00:00,watches_gifts
EVT_0010960,CUST_00869,2024-01-01T14:00:00,health_beauty
EVT_0010961,CUST_00869,2024-01-01T16:00:00,watches_gifts
EVT_0010962,CUST_00869,2024-01-01T18:00:00,health_beauty
EVT_0010963,CUST_00869,2024-01-01T20:00:00,watches_gifts
EVT_0010964,CUST_00869,2024-01-01T22:00:00,health_beauty
EVT_0010965,CUST_00869,2024-01-02T00:00:00,watches_gifts
EVT_0010966,CUST_00869,2024-01-02T02:00:00,health_beauty
EVT_0010967,CUST_00869,2024-01-02T04:00:00,watches_gifts
EVT_0010968,CUST_00869,2024-01-02T06:00:00,health_beauty
EVT_0010969,CUST_00869,2024-01-02T08:00:00,watches_gifts
EVT_0010970,CUST_00870,2024-01-01T00:00:00,electronics
EVT_0010971,CUST_00870,2024-01-01T02:00:00,computers
EVT_0010972,CUST_00870,2024-01-01T04:00:00,electronics
EVT_0010973,CUST_00870,2024-01-01T06:00:00,computers
EVT_0010974,CUST_00870,2024-01-01T08:00:00,electronics
EVT_0010975,CUST_00870,2024-01-01T10:00:00,computers
EVT_0010976,CUST_00870,2024-01-01T12:00:00,electronics
EVT_0010977,CUST_00870,2024-01-01T14:00:00,computers
EVT_0010978,CUST_00870,2024-01-01T16:00:00,electronics
EVT_0010979,CUST_00870,2024-01-01T18:00:00,computers
EVT_0010980,CUST_00870,2024-01-01T20:00:00,electronics
EVT_0010981,CUST_00870,2024-01-01T22:00:00,computers
EVT_0010982,CUST_00870,2024-01-02T00:00:00,electronics
EVT_0010983,CUST_00871,2024-01-01T00:00:00,electronics
EVT_0010984,CUST_00871,2024-01-01T02:00:00,computers
EVT_0010985,CUST_00871,2024-01-01T04:00:00,electronics
EVT_0010986,CUST_00871,2024-01-01T06:00:00,computers
EVT_0010987,CUST_00871,2024-01-01T08:00:00,electronics
EVT_0010988,CUST_00871,2024-01-01T10:00:00,computers
EVT_0010989,CUST_00871,2024-01-01T12:00:00,electronics
EVT_0010990,CUST_00871,2024-01-01T14:00:00,computers
EVT_0010991,CUST_00871,2024-01-01T16:00:00,electronics
EVT_0010992,CUST_00871,2024-01-01T18:00:00,computers
EVT_0010993,CUST_00871,2024-01-01T20:00:00,electronics
EVT_0010994,CUST_00871,2024-01-01T22:00:00,computers
EVT_0010995,CUST_00872,2024-01-01T00:00:00,health_beauty
EVT_0010996,CUST_00872,2024-01-01T02:00:00,watches_gifts
EVT_0010997,CUST_00872,2024-01-01T04:00:00,health_beauty
EVT_0010998,CUST_00872,2024-01-01T06:00:00,watches_gifts
EVT_0010999,CUST_00872,2024-01-01T08:00:00,health_beauty
EVT_0011000,CUST_00872,2024-01-01T10:00:00,watches_gifts
EVT_0011001,CUST_00872,2024-01-01T12:00:00,health_beauty
EVT_0011002,CUST_00872,2024-01-01T14:00:00,watches_gifts
EVT_0011003,CUST_00872,2024-01-01T16:00:00,health_beauty
EVT_0011004,CUST_00872,2024-01-01T18:00:00,watches_gifts
EVT_0011005,CUST_00872,2024-01-01T20:00:00,health_beauty
EVT_0011006,CUST_00873,2024-01-01T00:00:00,health_beauty
EVT_0011007,CUST_00873,2024-01-01T02:00:00,watches_gifts
EVT_0011008,CUST_00873,2024-01-01T04:00:00,health_beauty
EVT_0011009,CUST_00873,2024-01-01T06:00:00,electronics
EVT_0011010,CUST_00873,2024-01-01T08:00:00,computers
EVT_0011011,CUST_00873,2024-01-01T10:00:00,electronics
EVT_0011012,CUST_00873,2024-01-01T12:00:00,computers
EVT_0011013,CUST_00873,2024-01-01T14:00:00,electronics
EVT_0011014,CUST_00873,2024-01-01T16:00:00,computers
EVT_0011015,CUST_00873,2024-01-01T18:00:00,electronics
EVT_0011016,CUST_00873,2024-01-01T20:00:00,computers
EVT_0011017,CUST_00874,2024-01-01T00:00:00,health_beauty
EVT_0011018,CUST_00874,2024-01-01T02:00:00,watches_gifts
EVT_0011019,CUST_00874,2024-01-01T04:00:00,health_beauty
EVT_0011020,CUST_00874,2024-01-01T06:00:00,watches_gifts
EVT_0011021,CUST_00874,2024-01-01T08:00:00,health_beauty
EVT_0011022,CUST_00874,2024-01-01T10:00:00,watches_gifts
EVT_0011023,CUST_00874,2024-01-01T12:00:00,health_beauty
EVT_0011024,CUST_00874,2024-01-01T14:00:00,watches_gifts
EVT_0011025,CUST_00874,2024-01-01T16:00:00,health_beauty
EVT_0011026,CUST_00874,2024-01-01T18:00:00,watches_gifts
EVT_0011027,CUST_00875,2024-01-01T00:00:00,furniture
EVT_0011028,CUST_00875,2024-01-01T02:00:00,housewares
EVT_0011029,CUST_00875,2024-01-01T04:00:00,bed_bath
EVT_0011030,CUST_00875,2024-01-01T06:00:00,furniture
EVT_0011031,CUST_00875,2024-01-01T08:00:00,housewares
EVT_0011032,CUST_00875,2024-01-01T10:00:00,bed_bath
EVT_0011033,CUST_00875,2024-01-01T12:00:00,furniture
EVT_0011034,CUST_00875,2024-01-01T14:00:00,housewares
EVT_0011035,CUST_00875,2024-01-01T16:00:00,bed_bath
EVT_0011036,CUST_00875,2024-01-01T18:00:00,furniture
EVT_0011037,CUST_00875,2024-01-01T20:00:00,housewares
EVT_0011038,CUST_00875,2024-01-01T22:00:00,bed_bath
EVT_0011039,CUST_00876,2024-01-01T00:00:00,health_beauty
EVT_0011040,CUST_00876,2024-01-01T02:00:00,watches_gifts
EVT_0011041,CUST_00876,2024-01-01T04:00:00,health_beauty
EVT_0011042,CUST_00876,2024-01-01T06:00:00,watches_gifts
EVT_0011043,CUST_00876,2024-01-01T08:00:00,health_beauty
EVT_0011044,CUST_00876,2024-01-01T10:00:00,watches_gifts
EVT_0011045,CUST_00876,2024-01-01T12:00:00,health_beauty
EVT_0011046,CUST_00876,2024-01-01T14:00:00,watches_gifts
EVT_0011047,CUST_00876,2024-01-01T16:00:00,health_beauty
EVT_0011048,CUST_00876,2024-01-01T18:00:00,watches_gifts
EVT_0011049,CUST_00876,2024-01-01T20:00:00,health_beauty
EVT_0011050,CUST_00876,2024-01-01T22:00:00,watches_gifts
EVT_0011051,CUST_00877,2024-01-01T00:00:00,bed_bath
EVT_0011052,CUST_00877,2024-01-01T02:00:00,furniture
EVT_0011053,CUST_00877,2024-01-01T04:00:00,housewares
EVT_0011054,CUST_00877,2024-01-01T06:00:00,bed_bath
EVT_0011055,CUST_00877,2024-01-01T08:00:00,furniture
EVT_0011056,CUST_00877,2024-01-01T10:00:00,housewares
EVT_0011057,CUST_00877,2024-01-01T12:00:00,bed_bath
EVT_0011058,CUST_00877,2024-01-01T14:00:00,furniture
EVT_0011059,CUST_00877,2024-01-01T16:00:00,housewares
EVT_0011060,CUST_00877,2024-01-01T18:00:00,bed_bath
EVT_0011061,CUST_00878,2024-01-01T00:00:00,computers
EVT_0011062,CUST_00878,2024-01-01T02:00:00,electronics
EVT_0011063,CUST_00878,2024-01-01T04:00:00,computers
EVT_0011064,CUST_00878,2024-01-01T06:00:00,electronics
EVT_0011065,CUST_00878,2024-01-01T08:00:00,computers
EVT_0011066,CUST_00878,2024-01-01T10:00:00,computers
EVT_0011067,CUST_00878,2024-01-01T12:00:00,electronics
EVT_0011068,CUST_00878,2024-01-01T14:00:00,computers
EVT_0011069,CUST_00879,2024-01-01T00:00:00,health_beauty
EVT_0011070,CUST_00879,2024-01-01T02:00:00,watches_gifts
EVT_0011071,CUST_00879,2024-01-01T04:00:00,health_beauty
EVT_0011072,CUST_00879,2024-01-01T06:00:00,watches_gifts
EVT_0011073,CUST_00879,2024-01-01T08:00:00,sports_leisure
EVT_0011074,CUST_00879,2024-01-01T10:00:00,health_beauty
EVT_0011075,CUST_00879,2024-01-01T12:00:00,watches_gifts
EVT_0011076,CUST_00879,2024-01-01T14:00:00,health_beauty
EVT_0011077,CUST_00879,2024-01-01T16:00:00,watches_gifts
EVT_0011078,CUST_00879,2024-01-01T18:00:00,health_beauty
EVT_0011079,CUST_00879,2024-01-01T20:00:00,watches_gifts
EVT_0011080,CUST_00879,2024-01-01T22:00:00,health_beauty
EVT_0011081,CUST_00880,2024-01-01T00:00:00,computers
EVT_0011082,CUST_00880,2024-01-01T02:00:00,electronics
EVT_0011083,CUST_00880,2024-01-01T04:00:00,computers
EVT_0011084,CUST_00880,2024-01-01T06:00:00,electronics
EVT_0011085,CUST_00880,2024-01-01T08:00:00,computers
EVT_0011086,CUST_00880,2024-01-01T10:00:00,electronics
EVT_0011087,CUST_00880,2024-01-01T12:00:00,computers
EVT_0011088,CUST_00880,2024-01-01T14:00:00,electronics
EVT_0011089,CUST_00880,2024-01-01T16:00:00,computers
EVT_0011090,CUST_00880,2024-01-01T18:00:00,electronics
EVT_0011091,CUST_00881,2024-01-01T00:00:00,health_beauty
EVT_0011092,CUST_00881,2024-01-01T02:00:00,watches_gifts
EVT_0011093,CUST_00881,2024-01-01T04:00:00,health_beauty
EVT_0011094,CUST_00881,2024-01-01T06:00:00,watches_gifts
EVT_0011095,CUST_00881,2024-01-01T08:00:00,health_beauty
EVT_0011096,CUST_00881,2024-01-01T10:00:00,watches_gifts
EVT_0011097,CUST_00881,2024-01-01T12:00:00,health_beauty
EVT_0011098,CUST_00881,2024-01-01T14:00:00,watches_gifts
EVT_0011099,CUST_00881,2024-01-01T16:00:00,health_beauty
EVT_0011100,CUST_00882,2024-01-01T00:00:00,electronics
EVT_0011101,CUST_00882,2024-01-01T02:00:00,computers
EVT_0011102,CUST_00882,2024-01-01T04:00:00,electronics
EVT_0011103,CUST_00882,2024-01-01T06:00:00,computers
EVT_0011104,CUST_00882,2024-01-01T08:00:00,electronics
EVT_0011105,CUST_00882,2024-01-01T10:00:00,computers
EVT_0011106,CUST_00882,2024-01-01T12:00:00,electronics
EVT_0011107,CUST_00882,2024-01-01T14:00:00,computers
EVT_0011108,CUST_00882,2024-01-01T16:00:00,electronics
EVT_0011109,CUST_00882,2024-01-01T18:00:00,computers
EVT_0011110,CUST_00882,2024-01-01T20:00:00,electronics
EVT_0011111,CUST_00882,2024-01-01T22:00:00,computers
EVT_0011112,CUST_00882,2024-01-02T00:00:00,electronics
EVT_0011113,CUST_00882,2024-01-02T02:00:00,computers
EVT_0011114,CUST_00883,2024-01-01T00:00:00,health_beauty
EVT_0011115,CUST_00883,2024-01-01T02:00:00,watches_gifts
EVT_0011116,CUST_00883,2024-01-01T04:00:00,health_beauty
EVT_0011117,CUST_00883,2024-01-01T06:00:00,watches_gifts
EVT_0011118,CUST_00883,2024-01-01T08:00:00,health_beauty
EVT_0011119,CUST_00883,2024-01-01T10:00:00,watches_gifts
EVT_0011120,CUST_00883,2024-01-01T12:00:00,health_beauty
EVT_0011121,CUST_00883,2024-01-01T14:00:00,watches_gifts
EVT_0011122,CUST_00883,2024-01-01T16:00:00,health_beauty
EVT_0011123,CUST_00883,2024-01-01T18:00:00,watches_gifts
EVT_0011124,CUST_00884,2024-01-01T00:00:00,health_beauty
EVT_0011125,CUST_00884,2024-01-01T02:00:00,watches_gifts
EVT_0011126,CUST_00884,2024-01-01T04:00:00,health_beauty
EVT_0011127,CUST_00884,2024-01-01T06:00:00,watches_gifts
EVT_0011128,CUST_00884,2024-01-01T08:00:00,health_beauty
EVT_0011129,CUST_00884,2024-01-01T10:00:00,watches_gifts
EVT_0011130,CUST_00884,2024-01-01T12:00:00,health_beauty
EVT_0011131,CUST_00884,2024-01-01T14:00:00,watches_gifts
EVT_0011132,CUST_00884,2024-01-01T16:00:00,health_beauty
EVT_0011133,CUST_00884,2024-01-01T18:00:00,watches_gifts
EVT_0011134,CUST_00884,2024-01-01T20:00:00,health_beauty
EVT_0011135,CUST_00884,2024-01-01T22:00:00,watches_gifts
EVT_0011136,CUST_00884,2024-01-02T00:00:00,electronics
EVT_0011137,CUST_00884,2024-01-02T02:00:00,computers
EVT_0011138,CUST_00884,2024-01-02T04:00:00,computers
EVT_0011139,CUST_00884,2024-01-02T06:00:00,electronics
EVT_0011140,CUST_00885,2024-01-01T00:00:00,bed_bath
EVT_0011141,CUST_00885,2024-01-01T02:00:00,furniture
EVT_0011142,CUST_00885,2024-01-01T04:00:00,housewares
EVT_0011143,CUST_00885,2024-01-01T06:00:00,bed_bath
EVT_0011144,CUST_00885,2024-01-01T08:00:00,furniture
EVT_0011145,CUST_00885,2024-01-01T10:00:00,housewares
EVT_0011146,CUST_00885,2024-01-01T12:00:00,bed_bath
EVT_0011147,CUST_00885,2024-01-01T14:00:00,furniture
EVT_0011148,CUST_00885,2024-01-01T16:00:00,auto
EVT_0011149,CUST_00885,2024-01-01T18:00:00,electronics
EVT_0011150,CUST_00885,2024-01-01T20:00:00,computers
EVT_0011151,CUST_00885,2024-01-01T22:00:00,electronics
EVT_0011152,CUST_00885,2024-01-02T00:00:00,computers
EVT_0011153,CUST_00885,2024-01-02T02:00:00,electronics
EVT_0011154,CUST_00885,2024-01-02T04:00:00,computers
EVT_0011155,CUST_00885,2024-01-02T06:00:00,watches_gifts
EVT_0011156,CUST_00885,2024-01-02T08:00:00,health_beauty
EVT_0011157,CUST_00886,2024-01-01T00:00:00,health_beauty
EVT_0011158,CUST_00886,2024-01-01T02:00:00,watches_gifts
EVT_0011159,CUST_00886,2024-01-01T04:00:00,health_beauty
EVT_0011160,CUST_00886,2024-01-01T06:00:00,watches_gifts
EVT_0011161,CUST_00886,2024-01-01T08:00:00,bed_bath
EVT_0011162,CUST_00886,2024-01-01T10:00:00,furniture
EVT_0011163,CUST_00886,2024-01-01T12:00:00,housewares
EVT_0011164,CUST_00886,2024-01-01T14:00:00,bed_bath
EVT_0011165,CUST_00886,2024-01-01T16:00:00,furniture
EVT_0011166,CUST_00886,2024-01-01T18:00:00,housewares
EVT_0011167,CUST_00886,2024-01-01T20:00:00,bed_bath
EVT_0011168,CUST_00886,2024-01-01T22:00:00,furniture
EVT_0011169,CUST_00886,2024-01-02T00:00:00,housewares
EVT_0011170,CUST_00886,2024-01-02T02:00:00,bed_bath
EVT_0011171,CUST_00886,2024-01-02T04:00:00,furniture
EVT_0011172,CUST_00886,2024-01-02T06:00:00,housewares
EVT_0011173,CUST_00886,2024-01-02T08:00:00,bed_bath
EVT_0011174,CUST_00887,2024-01-01T00:00:00,electronics
EVT_0011175,CUST_00887,2024-01-01T02:00:00,computers
EVT_0011176,CUST_00887,2024-01-01T04:00:00,electronics
EVT_0011177,CUST_00887,2024-01-01T06:00:00,computers
EVT_0011178,CUST_00887,2024-01-01T08:00:00,auto
EVT_0011179,CUST_00887,2024-01-01T10:00:00,electronics
EVT_0011180,CUST_00887,2024-01-01T12:00:00,computers
EVT_0011181,CUST_00887,2024-01-01T14:00:00,electronics
EVT_0011182,CUST_00887,2024-01-01T16:00:00,computers
EVT_0011183,CUST_00887,2024-01-01T18:00:00,electronics
EVT_0011184,CUST_00887,2024-01-01T20:00:00,computers
EVT_0011185,CUST_00887,2024-01-01T22:00:00,electronics
EVT_0011186,CUST_00887,2024-01-02T00:00:00,computers
EVT_0011187,CUST_00887,2024-01-02T02:00:00,electronics
EVT_0011188,CUST_00887,2024-01-02T04:00:00,computers
EVT_0011189,CUST_00888,2024-01-01T00:00:00,watches_gifts
EVT_0011190,CUST_00888,2024-01-01T02:00:00,health_beauty
EVT_0011191,CUST_00888,2024-01-01T04:00:00,auto
EVT_0011192,CUST_00888,2024-01-01T06:00:00,electronics
EVT_0011193,CUST_00888,2024-01-01T08:00:00,computers
EVT_0011194,CUST_00888,2024-01-01T10:00:00,electronics
EVT_0011195,CUST_00888,2024-01-01T12:00:00,computers
EVT_0011196,CUST_00888,2024-01-01T14:00:00,electronics
EVT_0011197,CUST_00888,2024-01-01T16:00:00,computers
EVT_0011198,CUST_00888,2024-01-01T18:00:00,watches_gifts
EVT_0011199,CUST_00888,2024-01-01T20:00:00,health_beauty
EVT_0011200,CUST_00889,2024-01-01T00:00:00,electronics
EVT_0011201,CUST_00889,2024-01-01T02:00:00,computers
EVT_0011202,CUST_00889,2024-01-01T04:00:00,electronics
EVT_0011203,CUST_00889,2024-01-01T06:00:00,computers
EVT_0011204,CUST_00889,2024-01-01T08:00:00,electronics
EVT_0011205,CUST_00889,2024-01-01T10:00:00,computers
EVT_0011206,CUST_00889,2024-01-01T12:00:00,electronics
EVT_0011207,CUST_00889,2024-01-01T14:00:00,computers
EVT_0011208,CUST_00889,2024-01-01T16:00:00,health_beauty
EVT_0011209,CUST_00889,2024-01-01T18:00:00,watches_gifts
EVT_0011210,CUST_00889,2024-01-01T20:00:00,health_beauty
EVT_0011211,CUST_00889,2024-01-01T22:00:00,watches_gifts
EVT_0011212,CUST_00889,2024-01-02T00:00:00,health_beauty
EVT_0011213,CUST_00889,2024-01-02T02:00:00,housewares
EVT_0011214,CUST_00889,2024-01-02T04:00:00,bed_bath
EVT_0011215,CUST_00889,2024-01-02T06:00:00,furniture
EVT_0011216,CUST_00889,2024-01-02T08:00:00,housewares
EVT_0011217,CUST_00890,2024-01-01T00:00:00,health_beauty
EVT_0011218,CUST_00890,2024-01-01T02:00:00,watches_gifts
EVT_0011219,CUST_00890,2024-01-01T04:00:00,housewares
EVT_0011220,CUST_00890,2024-01-01T06:00:00,bed_bath
EVT_0011221,CUST_00890,2024-01-01T08:00:00,furniture
EVT_0011222,CUST_00890,2024-01-01T10:00:00,housewares
EVT_0011223,CUST_00890,2024-01-01T12:00:00,bed_bath
EVT_0011224,CUST_00890,2024-01-01T14:00:00,furniture
EVT_0011225,CUST_00890,2024-01-01T16:00:00,electronics
EVT_0011226,CUST_00890,2024-01-01T18:00:00,computers
EVT_0011227,CUST_00890,2024-01-01T20:00:00,electronics
EVT_0011228,CUST_00890,2024-01-01T22:00:00,computers
EVT_0011229,CUST_00890,2024-01-02T00:00:00,electronics
EVT_0011230,CUST_00890,2024-01-02T02:00:00,computers
EVT_0011231,CUST_00890,2024-01-02T04:00:00,electronics
EVT_0011232,CUST_00890,2024-01-02T06:00:00,computers
EVT_0011233,CUST_00891,2024-01-01T00:00:00,computers
EVT_0011234,CUST_00891,2024-01-01T02:00:00,electronics
EVT_0011235,CUST_00891,2024-01-01T04:00:00,computers
EVT_0011236,CUST_00891,2024-01-01T06:00:00,electronics
EVT_0011237,CUST_00891,2024-01-01T08:00:00,computers
EVT_0011238,CUST_00891,2024-01-01T10:00:00,electronics
EVT_0011239,CUST_00891,2024-01-01T12:00:00,computers
EVT_0011240,CUST_00891,2024-01-01T14:00:00,electronics
EVT_0011241,CUST_00891,2024-01-01T16:00:00,computers
EVT_0011242,CUST_00891,2024-01-01T18:00:00,electronics
EVT_0011243,CUST_00892,2024-01-01T00:00:00,electronics
EVT_0011244,CUST_00892,2024-01-01T02:00:00,computers
EVT_0011245,CUST_00892,2024-01-01T04:00:00,electronics
EVT_0011246,CUST_00892,2024-01-01T06:00:00,computers
EVT_0011247,CUST_00892,2024-01-01T08:00:00,electronics
EVT_0011248,CUST_00892,2024-01-01T10:00:00,computers
EVT_0011249,CUST_00892,2024-01-01T12:00:00,electronics
EVT_0011250,CUST_00892,2024-01-01T14:00:00,computers
EVT_0011251,CUST_00892,2024-01-01T16:00:00,electronics
EVT_0011252,CUST_00892,2024-01-01T18:00:00,computers
EVT_0011253,CUST_00892,2024-01-01T20:00:00,electronics
EVT_0011254,CUST_00892,2024-01-01T22:00:00,computers
EVT_0011255,CUST_00892,2024-01-02T00:00:00,computers
EVT_0011256,CUST_00892,2024-01-02T02:00:00,electronics
EVT_0011257,CUST_00892,2024-01-02T04:00:00,sports_leisure
EVT_0011258,CUST_00893,2024-01-01T00:00:00,electronics
EVT_0011259,CUST_00893,2024-01-01T02:00:00,computers
EVT_0011260,CUST_00893,2024-01-01T04:00:00,electronics
EVT_0011261,CUST_00893,2024-01-01T06:00:00,computers
EVT_0011262,CUST_00893,2024-01-01T08:00:00,electronics
EVT_0011263,CUST_00893,2024-01-01T10:00:00,computers
EVT_0011264,CUST_00893,2024-01-01T12:00:00,electronics
EVT_0011265,CUST_00893,2024-01-01T14:00:00,computers
EVT_0011266,CUST_00893,2024-01-01T16:00:00,electronics
EVT_0011267,CUST_00893,2024-01-01T18:00:00,computers
EVT_0011268,CUST_00893,2024-01-01T20:00:00,electronics
EVT_0011269,CUST_00893,2024-01-01T22:00:00,computers
EVT_0011270,CUST_00893,2024-01-02T00:00:00,electronics
EVT_0011271,CUST_00893,2024-01-02T02:00:00,computers
EVT_0011272,CUST_00893,2024-01-02T04:00:00,electronics
EVT_0011273,CUST_00894,2024-01-01T00:00:00,housewares
EVT_0011274,CUST_00894,2024-01-01T02:00:00,bed_bath
EVT_0011275,CUST_00894,2024-01-01T04:00:00,furniture
EVT_0011276,CUST_00894,2024-01-01T06:00:00,housewares
EVT_0011277,CUST_00894,2024-01-01T08:00:00,bed_bath
EVT_0011278,CUST_00894,2024-01-01T10:00:00,furniture
EVT_0011279,CUST_00894,2024-01-01T12:00:00,housewares
EVT_0011280,CUST_00894,2024-01-01T14:00:00,bed_bath
EVT_0011281,CUST_00894,2024-01-01T16:00:00,furniture
EVT_0011282,CUST_00894,2024-01-01T18:00:00,housewares
EVT_0011283,CUST_00895,2024-01-01T00:00:00,health_beauty
EVT_0011284,CUST_00895,2024-01-01T02:00:00,housewares
EVT_0011285,CUST_00895,2024-01-01T04:00:00,bed_bath
EVT_0011286,CUST_00895,2024-01-01T06:00:00,furniture
EVT_0011287,CUST_00895,2024-01-01T08:00:00,housewares
EVT_0011288,CUST_00895,2024-01-01T10:00:00,bed_bath
EVT_0011289,CUST_00895,2024-01-01T12:00:00,furniture
EVT_0011290,CUST_00895,2024-01-01T14:00:00,toys
EVT_0011291,CUST_00895,2024-01-01T16:00:00,electronics
EVT_0011292,CUST_00896,2024-01-01T00:00:00,health_beauty
EVT_0011293,CUST_00896,2024-01-01T02:00:00,watches_gifts
EVT_0011294,CUST_00896,2024-01-01T04:00:00,health_beauty
EVT_0011295,CUST_00896,2024-01-01T06:00:00,watches_gifts
EVT_0011296,CUST_00896,2024-01-01T08:00:00,health_beauty
EVT_0011297,CUST_00896,2024-01-01T10:00:00,watches_gifts
EVT_0011298,CUST_00896,2024-01-01T12:00:00,health_beauty
EVT_0011299,CUST_00896,2024-01-01T14:00:00,watches_gifts
EVT_0011300,CUST_00897,2024-01-01T00:00:00,auto
EVT_0011301,CUST_00897,2024-01-01T02:00:00,electronics
EVT_0011302,CUST_00897,2024-01-01T04:00:00,computers
EVT_0011303,CUST_00897,2024-01-01T06:00:00,electronics
EVT_0011304,CUST_00897,2024-01-01T08:00:00,computers
EVT_0011305,CUST_00897,2024-01-01T10:00:00,electronics
EVT_0011306,CUST_00897,2024-01-01T12:00:00,computers
EVT_0011307,CUST_00897,2024-01-01T14:00:00,electronics
EVT_0011308,CUST_00897,2024-01-01T16:00:00,computers
EVT_0011309,CUST_00897,2024-01-01T18:00:00,electronics
EVT_0011310,CUST_00897,2024-01-01T20:00:00,computers
EVT_0011311,CUST_00897,2024-01-01T22:00:00,electronics
EVT_0011312,CUST_00897,2024-01-02T00:00:00,computers
EVT_0011313,CUST_00897,2024-01-02T02:00:00,electronics
EVT_0011314,CUST_00897,2024-01-02T04:00:00,computers
EVT_0011315,CUST_00898,2024-01-01T00:00:00,computers
EVT_0011316,CUST_00898,2024-01-01T02:00:00,furniture
EVT_0011317,CUST_00898,2024-01-01T04:00:00,housewares
EVT_0011318,CUST_00898,2024-01-01T06:00:00,bed_bath
EVT_0011319,CUST_00898,2024-01-01T08:00:00,furniture
EVT_0011320,CUST_00898,2024-01-01T10:00:00,housewares
EVT_0011321,CUST_00898,2024-01-01T12:00:00,bed_bath
EVT_0011322,CUST_00898,2024-01-01T14:00:00,furniture
EVT_0011323,CUST_00898,2024-01-01T16:00:00,housewares
EVT_0011324,CUST_00898,2024-01-01T18:00:00,bed_bath
EVT_0011325,CUST_00898,2024-01-01T20:00:00,furniture
EVT_0011326,CUST_00898,2024-01-01T22:00:00,housewares
EVT_0011327,CUST_00898,2024-01-02T00:00:00,bed_bath
EVT_0011328,CUST_00899,2024-01-01T00:00:00,bed_bath
EVT_0011329,CUST_00899,2024-01-01T02:00:00,furniture
EVT_0011330,CUST_00899,2024-01-01T04:00:00,housewares
EVT_0011331,CUST_00899,2024-01-01T06:00:00,bed_bath
EVT_0011332,CUST_00899,2024-01-01T08:00:00,furniture
EVT_0011333,CUST_00899,2024-01-01T10:00:00,housewares
EVT_0011334,CUST_00899,2024-01-01T12:00:00,bed_bath
EVT_0011335,CUST_00899,2024-01-01T14:00:00,watches_gifts
EVT_0011336,CUST_00900,2024-01-01T00:00:00,housewares
EVT_0011337,CUST_00900,2024-01-01T02:00:00,bed_bath
EVT_0011338,CUST_00900,2024-01-01T04:00:00,furniture
EVT_0011339,CUST_00900,2024-01-01T06:00:00,bed_bath
EVT_0011340,CUST_00900,2024-01-01T08:00:00,furniture
EVT_0011341,CUST_00900,2024-01-01T10:00:00,housewares
EVT_0011342,CUST_00900,2024-01-01T12:00:00,bed_bath
EVT_0011343,CUST_00900,2024-01-01T14:00:00,furniture
EVT_0011344,CUST_00900,2024-01-01T16:00:00,housewares
EVT_0011345,CUST_00900,2024-01-01T18:00:00,bed_bath
EVT_0011346,CUST_00900,2024-01-01T20:00:00,furniture
EVT_0011347,CUST_00900,2024-01-01T22:00:00,housewares
EVT_0011348,CUST_00900,2024-01-02T00:00:00,bed_bath
EVT_0011349,CUST_00901,2024-01-01T00:00:00,computers
EVT_0011350,CUST_00901,2024-01-01T02:00:00,electronics
EVT_0011351,CUST_00901,2024-01-01T04:00:00,sports_leisure
EVT_0011352,CUST_00901,2024-01-01T06:00:00,health_beauty
EVT_0011353,CUST_00901,2024-01-01T08:00:00,watches_gifts
EVT_0011354,CUST_00901,2024-01-01T10:00:00,health_beauty
EVT_0011355,CUST_00901,2024-01-01T12:00:00,watches_gifts
EVT_0011356,CUST_00901,2024-01-01T14:00:00,health_beauty
EVT_0011357,CUST_00901,2024-01-01T16:00:00,watches_gifts
EVT_0011358,CUST_00901,2024-01-01T18:00:00,health_beauty
EVT_0011359,CUST_00902,2024-01-01T00:00:00,computers
EVT_0011360,CUST_00902,2024-01-01T02:00:00,electronics
EVT_0011361,CUST_00902,2024-01-01T04:00:00,computers
EVT_0011362,CUST_00902,2024-01-01T06:00:00,electronics
EVT_0011363,CUST_00902,2024-01-01T08:00:00,computers
EVT_0011364,CUST_00902,2024-01-01T10:00:00,electronics
EVT_0011365,CUST_00902,2024-01-01T12:00:00,computers
EVT_0011366,CUST_00902,2024-01-01T14:00:00,bed_bath
EVT_0011367,CUST_00902,2024-01-01T16:00:00,furniture
EVT_0011368,CUST_00902,2024-01-01T18:00:00,housewares
EVT_0011369,CUST_00903,2024-01-01T00:00:00,electronics
EVT_0011370,CUST_00903,2024-01-01T02:00:00,computers
EVT_0011371,CUST_00903,2024-01-01T04:00:00,electronics
EVT_0011372,CUST_00903,2024-01-01T06:00:00,computers
EVT_0011373,CUST_00903,2024-01-01T08:00:00,electronics
EVT_0011374,CUST_00903,2024-01-01T10:00:00,computers
EVT_0011375,CUST_00903,2024-01-01T12:00:00,electronics
EVT_0011376,CUST_00903,2024-01-01T14:00:00,computers
EVT_0011377,CUST_00903,2024-01-01T16:00:00,electronics
EVT_0011378,CUST_00903,2024-01-01T18:00:00,computers
EVT_0011379,CUST_00903,2024-01-01T20:00:00,electronics
EVT_0011380,CUST_00904,2024-01-01T00:00:00,bed_bath
EVT_0011381,CUST_00904,2024-01-01T02:00:00,furniture
EVT_0011382,CUST_00904,2024-01-01T04:00:00,housewares
EVT_0011383,CUST_00904,2024-01-01T06:00:00,bed_bath
EVT_0011384,CUST_00904,2024-01-01T08:00:00,furniture
EVT_0011385,CUST_00904,2024-01-01T10:00:00,watches_gifts
EVT_0011386,CUST_00904,2024-01-01T12:00:00,health_beauty
EVT_0011387,CUST_00904,2024-01-01T14:00:00,watches_gifts
EVT_0011388,CUST_00904,2024-01-01T16:00:00,health_beauty
EVT_0011389,CUST_00904,2024-01-01T18:00:00,watches_gifts
EVT_0011390,CUST_00904,2024-01-01T20:00:00,health_beauty
EVT_0011391,CUST_00904,2024-01-01T22:00:00,watches_gifts
EVT_0011392,CUST_00904,2024-01-02T00:00:00,health_beauty
EVT_0011393,CUST_00904,2024-01-02T02:00:00,watches_gifts
EVT_0011394,CUST_00904,2024-01-02T04:00:00,health_beauty
EVT_0011395,CUST_00905,2024-01-01T00:00:00,health_beauty
EVT_0011396,CUST_00905,2024-01-01T02:00:00,watches_gifts
EVT_0011397,CUST_00905,2024-01-01T04:00:00,health_beauty
EVT_0011398,CUST_00905,2024-01-01T06:00:00,watches_gifts
EVT_0011399,CUST_00905,2024-01-01T08:00:00,health_beauty
EVT_0011400,CUST_00905,2024-01-01T10:00:00,watches_gifts
EVT_0011401,CUST_00905,2024-01-01T12:00:00,health_beauty
EVT_0011402,CUST_00905,2024-01-01T14:00:00,health_beauty
EVT_0011403,CUST_00905,2024-01-01T16:00:00,watches_gifts
EVT_0011404,CUST_00905,2024-01-01T18:00:00,health_beauty
EVT_0011405,CUST_00905,2024-01-01T20:00:00,watches_gifts
EVT_0011406,CUST_00905,2024-01-01T22:00:00,health_beauty
EVT_0011407,CUST_00905,2024-01-02T00:00:00,watches_gifts
EVT_0011408,CUST_00905,2024-01-02T02:00:00,health_beauty
EVT_0011409,CUST_00906,2024-01-01T00:00:00,electronics
EVT_0011410,CUST_00906,2024-01-01T02:00:00,toys
EVT_0011411,CUST_00906,2024-01-01T04:00:00,electronics
EVT_0011412,CUST_00906,2024-01-01T06:00:00,computers
EVT_0011413,CUST_00906,2024-01-01T08:00:00,electronics
EVT_0011414,CUST_00906,2024-01-01T10:00:00,computers
EVT_0011415,CUST_00906,2024-01-01T12:00:00,electronics
EVT_0011416,CUST_00906,2024-01-01T14:00:00,computers
EVT_0011417,CUST_00906,2024-01-01T16:00:00,electronics
EVT_0011418,CUST_00907,2024-01-01T00:00:00,electronics
EVT_0011419,CUST_00907,2024-01-01T02:00:00,computers
EVT_0011420,CUST_00907,2024-01-01T04:00:00,electronics
EVT_0011421,CUST_00907,2024-01-01T06:00:00,computers
EVT_0011422,CUST_00907,2024-01-01T08:00:00,electronics
EVT_0011423,CUST_00907,2024-01-01T10:00:00,computers
EVT_0011424,CUST_00907,2024-01-01T12:00:00,electronics
EVT_0011425,CUST_00907,2024-01-01T14:00:00,computers
EVT_0011426,CUST_00907,2024-01-01T16:00:00,electronics
EVT_0011427,CUST_00907,2024-01-01T18:00:00,computers
EVT_0011428,CUST_00907,2024-01-01T20:00:00,electronics
EVT_0011429,CUST_00907,2024-01-01T22:00:00,health_beauty
EVT_0011430,CUST_00908,2024-01-01T00:00:00,bed_bath
EVT_0011431,CUST_00908,2024-01-01T02:00:00,furniture
EVT_0011432,CUST_00908,2024-01-01T04:00:00,housewares
EVT_0011433,CUST_00908,2024-01-01T06:00:00,bed_bath
EVT_0011434,CUST_00908,2024-01-01T08:00:00,furniture
EVT_0011435,CUST_00908,2024-01-01T10:00:00,toys
EVT_0011436,CUST_00908,2024-01-01T12:00:00,electronics
EVT_0011437,CUST_00908,2024-01-01T14:00:00,computers
EVT_0011438,CUST_00909,2024-01-01T00:00:00,housewares
EVT_0011439,CUST_00909,2024-01-01T02:00:00,health_beauty
EVT_0011440,CUST_00909,2024-01-01T04:00:00,watches_gifts
EVT_0011441,CUST_00909,2024-01-01T06:00:00,health_beauty
EVT_0011442,CUST_00909,2024-01-01T08:00:00,watches_gifts
EVT_0011443,CUST_00909,2024-01-01T10:00:00,health_beauty
EVT_0011444,CUST_00909,2024-01-01T12:00:00,watches_gifts
EVT_0011445,CUST_00909,2024-01-01T14:00:00,health_beauty
EVT_0011446,CUST_00909,2024-01-01T16:00:00,watches_gifts
EVT_0011447,CUST_00909,2024-01-01T18:00:00,health_beauty
EVT_0011448,CUST_00909,2024-01-01T20:00:00,watches_gifts
EVT_0011449,CUST_00909,2024-01-01T22:00:00,health_beauty
EVT_0011450,CUST_00909,2024-01-02T00:00:00,watches_gifts
EVT_0011451,CUST_00909,2024-01-02T02:00:00,health_beauty
EVT_0011452,CUST_00910,2024-01-01T00:00:00,watches_gifts
EVT_0011453,CUST_00910,2024-01-01T02:00:00,health_beauty
EVT_0011454,CUST_00910,2024-01-01T04:00:00,watches_gifts
EVT_0011455,CUST_00910,2024-01-01T06:00:00,health_beauty
EVT_0011456,CUST_00910,2024-01-01T08:00:00,furniture
EVT_0011457,CUST_00910,2024-01-01T10:00:00,housewares
EVT_0011458,CUST_00910,2024-01-01T12:00:00,bed_bath
EVT_0011459,CUST_00910,2024-01-01T14:00:00,furniture
EVT_0011460,CUST_00910,2024-01-01T16:00:00,housewares
EVT_0011461,CUST_00910,2024-01-01T18:00:00,bed_bath
EVT_0011462,CUST_00910,2024-01-01T20:00:00,furniture
EVT_0011463,CUST_00911,2024-01-01T00:00:00,electronics
EVT_0011464,CUST_00911,2024-01-01T02:00:00,computers
EVT_0011465,CUST_00911,2024-01-01T04:00:00,electronics
EVT_0011466,CUST_00911,2024-01-01T06:00:00,computers
EVT_0011467,CUST_00911,2024-01-01T08:00:00,electronics
EVT_0011468,CUST_00911,2024-01-01T10:00:00,computers
EVT_0011469,CUST_00911,2024-01-01T12:00:00,electronics
EVT_0011470,CUST_00911,2024-01-01T14:00:00,computers
EVT_0011471,CUST_00911,2024-01-01T16:00:00,electronics
EVT_0011472,CUST_00911,2024-01-01T18:00:00,computers
EVT_0011473,CUST_00911,2024-01-01T20:00:00,electronics
EVT_0011474,CUST_00911,2024-01-01T22:00:00,computers
EVT_0011475,CUST_00911,2024-01-02T00:00:00,electronics
EVT_0011476,CUST_00912,2024-01-01T00:00:00,furniture
EVT_0011477,CUST_00912,2024-01-01T02:00:00,watches_gifts
EVT_0011478,CUST_00912,2024-01-01T04:00:00,health_beauty
EVT_0011479,CUST_00912,2024-01-01T06:00:00,watches_gifts
EVT_0011480,CUST_00912,2024-01-01T08:00:00,health_beauty
EVT_0011481,CUST_00912,2024-01-01T10:00:00,watches_gifts
EVT_0011482,CUST_00912,2024-01-01T12:00:00,health_beauty
EVT_0011483,CUST_00912,2024-01-01T14:00:00,watches_gifts
EVT_0011484,CUST_00912,2024-01-01T16:00:00,health_beauty
EVT_0011485,CUST_00912,2024-01-01T18:00:00,watches_gifts
EVT_0011486,CUST_00912,2024-01-01T20:00:00,health_beauty
EVT_0011487,CUST_00912,2024-01-01T22:00:00,watches_gifts
EVT_0011488,CUST_00912,2024-01-02T00:00:00,health_beauty
EVT_0011489,CUST_00912,2024-01-02T02:00:00,watches_gifts
EVT_0011490,CUST_00913,2024-01-01T00:00:00,bed_bath
EVT_0011491,CUST_00913,2024-01-01T02:00:00,electronics
EVT_0011492,CUST_00913,2024-01-01T04:00:00,computers
EVT_0011493,CUST_00913,2024-01-01T06:00:00,electronics
EVT_0011494,CUST_00913,2024-01-01T08:00:00,computers
EVT_0011495,CUST_00913,2024-01-01T10:00:00,electronics
EVT_0011496,CUST_00913,2024-01-01T12:00:00,computers
EVT_0011497,CUST_00913,2024-01-01T14:00:00,furniture
EVT_0011498,CUST_00913,2024-01-01T16:00:00,housewares
EVT_0011499,CUST_00913,2024-01-01T18:00:00,bed_bath
EVT_0011500,CUST_00913,2024-01-01T20:00:00,furniture
EVT_0011501,CUST_00913,2024-01-01T22:00:00,housewares
EVT_0011502,CUST_00913,2024-01-02T00:00:00,bed_bath
EVT_0011503,CUST_00914,2024-01-01T00:00:00,bed_bath
EVT_0011504,CUST_00914,2024-01-01T02:00:00,furniture
EVT_0011505,CUST_00914,2024-01-01T04:00:00,housewares
EVT_0011506,CUST_00914,2024-01-01T06:00:00,bed_bath
EVT_0011507,CUST_00914,2024-01-01T08:00:00,furniture
EVT_0011508,CUST_00914,2024-01-01T10:00:00,housewares
EVT_0011509,CUST_00914,2024-01-01T12:00:00,bed_bath
EVT_0011510,CUST_00914,2024-01-01T14:00:00,furniture
EVT_0011511,CUST_00914,2024-01-01T16:00:00,housewares
EVT_0011512,CUST_00914,2024-01-01T18:00:00,bed_bath
EVT_0011513,CUST_00914,2024-01-01T20:00:00,furniture
EVT_0011514,CUST_00914,2024-01-01T22:00:00,housewares
EVT_0011515,CUST_00914,2024-01-02T00:00:00,bed_bath
EVT_0011516,CUST_00914,2024-01-02T02:00:00,auto
EVT_0011517,CUST_00914,2024-01-02T04:00:00,electronics
EVT_0011518,CUST_00915,2024-01-01T00:00:00,computers
EVT_0011519,CUST_00915,2024-01-01T02:00:00,electronics
EVT_0011520,CUST_00915,2024-01-01T04:00:00,computers
EVT_0011521,CUST_00915,2024-01-01T06:00:00,electronics
EVT_0011522,CUST_00915,2024-01-01T08:00:00,computers
EVT_0011523,CUST_00915,2024-01-01T10:00:00,electronics
EVT_0011524,CUST_00915,2024-01-01T12:00:00,computers
EVT_0011525,CUST_00915,2024-01-01T14:00:00,electronics
EVT_0011526,CUST_00915,2024-01-01T16:00:00,computers
EVT_0011527,CUST_00915,2024-01-01T18:00:00,electronics
EVT_0011528,CUST_00915,2024-01-01T20:00:00,computers
EVT_0011529,CUST_00915,2024-01-01T22:00:00,electronics
EVT_0011530,CUST_00915,2024-01-02T00:00:00,computers
EVT_0011531,CUST_00915,2024-01-02T02:00:00,electronics
EVT_0011532,CUST_00915,2024-01-02T04:00:00,computers
EVT_0011533,CUST_00915,2024-01-02T06:00:00,electronics
EVT_0011534,CUST_00915,2024-01-02T08:00:00,computers
EVT_0011535,CUST_00916,2024-01-01T00:00:00,housewares
EVT_0011536,CUST_00916,2024-01-01T02:00:00,bed_bath
EVT_0011537,CUST_00916,2024-01-01T04:00:00,furniture
EVT_0011538,CUST_00916,2024-01-01T06:00:00,housewares
EVT_0011539,CUST_00916,2024-01-01T08:00:00,bed_bath
EVT_0011540,CUST_00916,2024-01-01T10:00:00,furniture
EVT_0011541,CUST_00916,2024-01-01T12:00:00,housewares
EVT_0011542,CUST_00916,2024-01-01T14:00:00,bed_bath
EVT_0011543,CUST_00916,2024-01-01T16:00:00,furniture
EVT_0011544,CUST_00916,2024-01-01T18:00:00,housewares
EVT_0011545,CUST_00916,2024-01-01T20:00:00,bed_bath
EVT_0011546,CUST_00916,2024-01-01T22:00:00,furniture
EVT_0011547,CUST_00917,2024-01-01T00:00:00,furniture
EVT_0011548,CUST_00917,2024-01-01T02:00:00,housewares
EVT_0011549,CUST_00917,2024-01-01T04:00:00,bed_bath
EVT_0011550,CUST_00917,2024-01-01T06:00:00,furniture
EVT_0011551,CUST_00917,2024-01-01T08:00:00,housewares
EVT_0011552,CUST_00917,2024-01-01T10:00:00,bed_bath
EVT_0011553,CUST_00917,2024-01-01T12:00:00,furniture
EVT_0011554,CUST_00917,2024-01-01T14:00:00,housewares
EVT_0011555,CUST_00917,2024-01-01T16:00:00,bed_bath
EVT_0011556,CUST_00917,2024-01-01T18:00:00,furniture
EVT_0011557,CUST_00917,2024-01-01T20:00:00,housewares
EVT_0011558,CUST_00917,2024-01-01T22:00:00,watches_gifts
EVT_0011559,CUST_00918,2024-01-01T00:00:00,sports_leisure
EVT_0011560,CUST_00918,2024-01-01T02:00:00,health_beauty
EVT_0011561,CUST_00918,2024-01-01T04:00:00,watches_gifts
EVT_0011562,CUST_00918,2024-01-01T06:00:00,health_beauty
EVT_0011563,CUST_00918,2024-01-01T08:00:00,watches_gifts
EVT_0011564,CUST_00918,2024-01-01T10:00:00,health_beauty
EVT_0011565,CUST_00918,2024-01-01T12:00:00,health_beauty
EVT_0011566,CUST_00918,2024-01-01T14:00:00,watches_gifts
EVT_0011567,CUST_00918,2024-01-01T16:00:00,health_beauty
EVT_0011568,CUST_00919,2024-01-01T00:00:00,electronics
EVT_0011569,CUST_00919,2024-01-01T02:00:00,computers
EVT_0011570,CUST_00919,2024-01-01T04:00:00,electronics
EVT_0011571,CUST_00919,2024-01-01T06:00:00,computers
EVT_0011572,CUST_00919,2024-01-01T08:00:00,electronics
EVT_0011573,CUST_00919,2024-01-01T10:00:00,computers
EVT_0011574,CUST_00919,2024-01-01T12:00:00,electronics
EVT_0011575,CUST_00919,2024-01-01T14:00:00,computers
EVT_0011576,CUST_00920,2024-01-01T00:00:00,bed_bath
EVT_0011577,CUST_00920,2024-01-01T02:00:00,furniture
EVT_0011578,CUST_00920,2024-01-01T04:00:00,housewares
EVT_0011579,CUST_00920,2024-01-01T06:00:00,bed_bath
EVT_0011580,CUST_00920,2024-01-01T08:00:00,furniture
EVT_0011581,CUST_00920,2024-01-01T10:00:00,housewares
EVT_0011582,CUST_00920,2024-01-01T12:00:00,bed_bath
EVT_0011583,CUST_00920,2024-01-01T14:00:00,furniture
EVT_0011584,CUST_00920,2024-01-01T16:00:00,housewares
EVT_0011585,CUST_00920,2024-01-01T18:00:00,bed_bath
EVT_0011586,CUST_00920,2024-01-01T20:00:00,furniture
EVT_0011587,CUST_00920,2024-01-01T22:00:00,housewares
EVT_0011588,CUST_00920,2024-01-02T00:00:00,bed_bath
EVT_0011589,CUST_00920,2024-01-02T02:00:00,furniture
EVT_0011590,CUST_00920,2024-01-02T04:00:00,housewares
EVT_0011591,CUST_00920,2024-01-02T06:00:00,bed_bath
EVT_0011592,CUST_00920,2024-01-02T08:00:00,furniture
EVT_0011593,CUST_00921,2024-01-01T00:00:00,bed_bath
EVT_0011594,CUST_00921,2024-01-01T02:00:00,furniture
EVT_0011595,CUST_00921,2024-01-01T04:00:00,housewares
EVT_0011596,CUST_00921,2024-01-01T06:00:00,bed_bath
EVT_0011597,CUST_00921,2024-01-01T08:00:00,furniture
EVT_0011598,CUST_00921,2024-01-01T10:00:00,housewares
EVT_0011599,CUST_00921,2024-01-01T12:00:00,bed_bath
EVT_0011600,CUST_00921,2024-01-01T14:00:00,furniture
EVT_0011601,CUST_00921,2024-01-01T16:00:00,housewares
EVT_0011602,CUST_00921,2024-01-01T18:00:00,bed_bath
EVT_0011603,CUST_00921,2024-01-01T20:00:00,furniture
EVT_0011604,CUST_00921,2024-01-01T22:00:00,housewares
EVT_0011605,CUST_00921,2024-01-02T00:00:00,bed_bath
EVT_0011606,CUST_00921,2024-01-02T02:00:00,toys
EVT_0011607,CUST_00921,2024-01-02T04:00:00,electronics
EVT_0011608,CUST_00921,2024-01-02T06:00:00,computers
EVT_0011609,CUST_00922,2024-01-01T00:00:00,electronics
EVT_0011610,CUST_00922,2024-01-01T02:00:00,computers
EVT_0011611,CUST_00922,2024-01-01T04:00:00,electronics
EVT_0011612,CUST_00922,2024-01-01T06:00:00,computers
EVT_0011613,CUST_00922,2024-01-01T08:00:00,electronics
EVT_0011614,CUST_00922,2024-01-01T10:00:00,computers
EVT_0011615,CUST_00922,2024-01-01T12:00:00,electronics
EVT_0011616,CUST_00922,2024-01-01T14:00:00,computers
EVT_0011617,CUST_00922,2024-01-01T16:00:00,electronics
EVT_0011618,CUST_00922,2024-01-01T18:00:00,computers
EVT_0011619,CUST_00923,2024-01-01T00:00:00,electronics
EVT_0011620,CUST_00923,2024-01-01T02:00:00,computers
EVT_0011621,CUST_00923,2024-01-01T04:00:00,electronics
EVT_0011622,CUST_00923,2024-01-01T06:00:00,electronics
EVT_0011623,CUST_00923,2024-01-01T08:00:00,computers
EVT_0011624,CUST_00923,2024-01-01T10:00:00,electronics
EVT_0011625,CUST_00923,2024-01-01T12:00:00,computers
EVT_0011626,CUST_00923,2024-01-01T14:00:00,electronics
EVT_0011627,CUST_00923,2024-01-01T16:00:00,computers
EVT_0011628,CUST_00923,2024-01-01T18:00:00,electronics
EVT_0011629,CUST_00923,2024-01-01T20:00:00,computers
EVT_0011630,CUST_00924,2024-01-01T00:00:00,bed_bath
EVT_0011631,CUST_00924,2024-01-01T02:00:00,furniture
EVT_0011632,CUST_00924,2024-01-01T04:00:00,housewares
EVT_0011633,CUST_00924,2024-01-01T06:00:00,bed_bath
EVT_0011634,CUST_00924,2024-01-01T08:00:00,furniture
EVT_0011635,CUST_00924,2024-01-01T10:00:00,housewares
EVT_0011636,CUST_00924,2024-01-01T12:00:00,bed_bath
EVT_0011637,CUST_00924,2024-01-01T14:00:00,furniture
EVT_0011638,CUST_00924,2024-01-01T16:00:00,housewares
EVT_0011639,CUST_00924,2024-01-01T18:00:00,bed_bath
EVT_0011640,CUST_00924,2024-01-01T20:00:00,furniture
EVT_0011641,CUST_00924,2024-01-01T22:00:00,housewares
EVT_0011642,CUST_00924,2024-01-02T00:00:00,bed_bath
EVT_0011643,CUST_00924,2024-01-02T02:00:00,furniture
EVT_0011644,CUST_00925,2024-01-01T00:00:00,furniture
EVT_0011645,CUST_00925,2024-01-01T02:00:00,sports_leisure
EVT_0011646,CUST_00925,2024-01-01T04:00:00,health_beauty
EVT_0011647,CUST_00925,2024-01-01T06:00:00,watches_gifts
EVT_0011648,CUST_00925,2024-01-01T08:00:00,health_beauty
EVT_0011649,CUST_00925,2024-01-01T10:00:00,watches_gifts
EVT_0011650,CUST_00925,2024-01-01T12:00:00,health_beauty
EVT_0011651,CUST_00925,2024-01-01T14:00:00,watches_gifts
EVT_0011652,CUST_00925,2024-01-01T16:00:00,health_beauty
EVT_0011653,CUST_00925,2024-01-01T18:00:00,watches_gifts
EVT_0011654,CUST_00926,2024-01-01T00:00:00,electronics
EVT_0011655,CUST_00926,2024-01-01T02:00:00,computers
EVT_0011656,CUST_00926,2024-01-01T04:00:00,electronics
EVT_0011657,CUST_00926,2024-01-01T06:00:00,computers
EVT_0011658,CUST_00926,2024-01-01T08:00:00,electronics
EVT_0011659,CUST_00926,2024-01-01T10:00:00,computers
EVT_0011660,CUST_00926,2024-01-01T12:00:00,electronics
EVT_0011661,CUST_00926,2024-01-01T14:00:00,computers
EVT_0011662,CUST_00926,2024-01-01T16:00:00,electronics
EVT_0011663,CUST_00926,2024-01-01T18:00:00,health_beauty
EVT_0011664,CUST_00927,2024-01-01T00:00:00,electronics
EVT_0011665,CUST_00927,2024-01-01T02:00:00,housewares
EVT_0011666,CUST_00927,2024-01-01T04:00:00,bed_bath
EVT_0011667,CUST_00927,2024-01-01T06:00:00,furniture
EVT_0011668,CUST_00927,2024-01-01T08:00:00,housewares
EVT_0011669,CUST_00927,2024-01-01T10:00:00,bed_bath
EVT_0011670,CUST_00927,2024-01-01T12:00:00,furniture
EVT_0011671,CUST_00927,2024-01-01T14:00:00,housewares
EVT_0011672,CUST_00927,2024-01-01T16:00:00,bed_bath
EVT_0011673,CUST_00927,2024-01-01T18:00:00,furniture
EVT_0011674,CUST_00927,2024-01-01T20:00:00,housewares
EVT_0011675,CUST_00927,2024-01-01T22:00:00,bed_bath
EVT_0011676,CUST_00927,2024-01-02T00:00:00,furniture
EVT_0011677,CUST_00927,2024-01-02T02:00:00,housewares
EVT_0011678,CUST_00928,2024-01-01T00:00:00,housewares
EVT_0011679,CUST_00928,2024-01-01T02:00:00,bed_bath
EVT_0011680,CUST_00928,2024-01-01T04:00:00,furniture
EVT_0011681,CUST_00928,2024-01-01T06:00:00,housewares
EVT_0011682,CUST_00928,2024-01-01T08:00:00,bed_bath
EVT_0011683,CUST_00928,2024-01-01T10:00:00,furniture
EVT_0011684,CUST_00928,2024-01-01T12:00:00,housewares
EVT_0011685,CUST_00928,2024-01-01T14:00:00,bed_bath
EVT_0011686,CUST_00928,2024-01-01T16:00:00,furniture
EVT_0011687,CUST_00928,2024-01-01T18:00:00,housewares
EVT_0011688,CUST_00928,2024-01-01T20:00:00,bed_bath
EVT_0011689,CUST_00929,2024-01-01T00:00:00,furniture
EVT_0011690,CUST_00929,2024-01-01T02:00:00,housewares
EVT_0011691,CUST_00929,2024-01-01T04:00:00,bed_bath
EVT_0011692,CUST_00929,2024-01-01T06:00:00,furniture
EVT_0011693,CUST_00929,2024-01-01T08:00:00,housewares
EVT_0011694,CUST_00929,2024-01-01T10:00:00,bed_bath
EVT_0011695,CUST_00929,2024-01-01T12:00:00,furniture
EVT_0011696,CUST_00929,2024-01-01T14:00:00,computers
EVT_0011697,CUST_00929,2024-01-01T16:00:00,electronics
EVT_0011698,CUST_00929,2024-01-01T18:00:00,computers
EVT_0011699,CUST_00929,2024-01-01T20:00:00,electronics
EVT_0011700,CUST_00929,2024-01-01T22:00:00,computers
EVT_0011701,CUST_00929,2024-01-02T00:00:00,electronics
EVT_0011702,CUST_00929,2024-01-02T02:00:00,computers
EVT_0011703,CUST_00929,2024-01-02T04:00:00,electronics
EVT_0011704,CUST_00929,2024-01-02T06:00:00,computers
EVT_0011705,CUST_00929,2024-01-02T08:00:00,electronics
EVT_0011706,CUST_00930,2024-01-01T00:00:00,electronics
EVT_0011707,CUST_00930,2024-01-01T02:00:00,computers
EVT_0011708,CUST_00930,2024-01-01T04:00:00,electronics
EVT_0011709,CUST_00930,2024-01-01T06:00:00,computers
EVT_0011710,CUST_00930,2024-01-01T08:00:00,electronics
EVT_0011711,CUST_00930,2024-01-01T10:00:00,computers
EVT_0011712,CUST_00930,2024-01-01T12:00:00,electronics
EVT_0011713,CUST_00930,2024-01-01T14:00:00,computers
EVT_0011714,CUST_00931,2024-01-01T00:00:00,housewares
EVT_0011715,CUST_00931,2024-01-01T02:00:00,bed_bath
EVT_0011716,CUST_00931,2024-01-01T04:00:00,furniture
EVT_0011717,CUST_00931,2024-01-01T06:00:00,toys
EVT_0011718,CUST_00931,2024-01-01T08:00:00,electronics
EVT_0011719,CUST_00931,2024-01-01T10:00:00,computers
EVT_0011720,CUST_00931,2024-01-01T12:00:00,electronics
EVT_0011721,CUST_00931,2024-01-01T14:00:00,computers
EVT_0011722,CUST_00931,2024-01-01T16:00:00,electronics
EVT_0011723,CUST_00931,2024-01-01T18:00:00,computers
EVT_0011724,CUST_00931,2024-01-01T20:00:00,electronics
EVT_0011725,CUST_00931,2024-01-01T22:00:00,computers
EVT_0011726,CUST_00931,2024-01-02T00:00:00,electronics
EVT_0011727,CUST_00932,2024-01-01T00:00:00,bed_bath
EVT_0011728,CUST_00932,2024-01-01T02:00:00,furniture
EVT_0011729,CUST_00932,2024-01-01T04:00:00,housewares
EVT_0011730,CUST_00932,2024-01-01T06:00:00,bed_bath
EVT_0011731,CUST_00932,2024-01-01T08:00:00,furniture
EVT_0011732,CUST_00932,2024-01-01T10:00:00,housewares
EVT_0011733,CUST_00932,2024-01-01T12:00:00,bed_bath
EVT_0011734,CUST_00932,2024-01-01T14:00:00,furniture
EVT_0011735,CUST_00932,2024-01-01T16:00:00,housewares
EVT_0011736,CUST_00932,2024-01-01T18:00:00,bed_bath
EVT_0011737,CUST_00932,2024-01-01T20:00:00,furniture
EVT_0011738,CUST_00932,2024-01-01T22:00:00,housewares
EVT_0011739,CUST_00932,2024-01-02T00:00:00,bed_bath
EVT_0011740,CUST_00932,2024-01-02T02:00:00,furniture
EVT_0011741,CUST_00932,2024-01-02T04:00:00,housewares
EVT_0011742,CUST_00933,2024-01-01T00:00:00,health_beauty
EVT_0011743,CUST_00933,2024-01-01T02:00:00,watches_gifts
EVT_0011744,CUST_00933,2024-01-01T04:00:00,health_beauty
EVT_0011745,CUST_00933,2024-01-01T06:00:00,watches_gifts
EVT_0011746,CUST_00933,2024-01-01T08:00:00,health_beauty
EVT_0011747,CUST_00933,2024-01-01T10:00:00,watches_gifts
EVT_0011748,CUST_00933,2024-01-01T12:00:00,health_beauty
EVT_0011749,CUST_00933,2024-01-01T14:00:00,watches_gifts
EVT_0011750,CUST_00933,2024-01-01T16:00:00,health_beauty
EVT_0011751,CUST_00934,2024-01-01T00:00:00,health_beauty
EVT_0011752,CUST_00934,2024-01-01T02:00:00,watches_gifts
EVT_0011753,CUST_00934,2024-01-01T04:00:00,health_beauty
EVT_0011754,CUST_00934,2024-01-01T06:00:00,watches_gifts
EVT_0011755,CUST_00934,2024-01-01T08:00:00,health_beauty
EVT_0011756,CUST_00934,2024-01-01T10:00:00,watches_gifts
EVT_0011757,CUST_00934,2024-01-01T12:00:00,health_beauty
EVT_0011758,CUST_00934,2024-01-01T14:00:00,watches_gifts
EVT_0011759,CUST_00934,2024-01-01T16:00:00,health_beauty
EVT_0011760,CUST_00934,2024-01-01T18:00:00,watches_gifts
EVT_0011761,CUST_00934,2024-01-01T20:00:00,health_beauty
EVT_0011762,CUST_00934,2024-01-01T22:00:00,watches_gifts
EVT_0011763,CUST_00934,2024-01-02T00:00:00,health_beauty
EVT_0011764,CUST_00934,2024-01-02T02:00:00,auto
EVT_0011765,CUST_00934,2024-01-02T04:00:00,housewares
EVT_0011766,CUST_00935,2024-01-01T00:00:00,housewares
EVT_0011767,CUST_00935,2024-01-01T02:00:00,bed_bath
EVT_0011768,CUST_00935,2024-01-01T04:00:00,furniture
EVT_0011769,CUST_00935,2024-01-01T06:00:00,housewares
EVT_0011770,CUST_00935,2024-01-01T08:00:00,bed_bath
EVT_0011771,CUST_00935,2024-01-01T10:00:00,furniture
EVT_0011772,CUST_00935,2024-01-01T12:00:00,housewares
EVT_0011773,CUST_00935,2024-01-01T14:00:00,bed_bath
EVT_0011774,CUST_00935,2024-01-01T16:00:00,furniture
EVT_0011775,CUST_00935,2024-01-01T18:00:00,housewares
EVT_0011776,CUST_00935,2024-01-01T20:00:00,bed_bath
EVT_0011777,CUST_00935,2024-01-01T22:00:00,furniture
EVT_0011778,CUST_00936,2024-01-01T00:00:00,computers
EVT_0011779,CUST_00936,2024-01-01T02:00:00,electronics
EVT_0011780,CUST_00936,2024-01-01T04:00:00,computers
EVT_0011781,CUST_00936,2024-01-01T06:00:00,electronics
EVT_0011782,CUST_00936,2024-01-01T08:00:00,computers
EVT_0011783,CUST_00936,2024-01-01T10:00:00,electronics
EVT_0011784,CUST_00936,2024-01-01T12:00:00,computers
EVT_0011785,CUST_00936,2024-01-01T14:00:00,electronics
EVT_0011786,CUST_00936,2024-01-01T16:00:00,computers
EVT_0011787,CUST_00936,2024-01-01T18:00:00,electronics
EVT_0011788,CUST_00936,2024-01-01T20:00:00,computers
EVT_0011789,CUST_00936,2024-01-01T22:00:00,electronics
EVT_0011790,CUST_00936,2024-01-02T00:00:00,computers
EVT_0011791,CUST_00936,2024-01-02T02:00:00,sports_leisure
EVT_0011792,CUST_00937,2024-01-01T00:00:00,health_beauty
EVT_0011793,CUST_00937,2024-01-01T02:00:00,watches_gifts
EVT_0011794,CUST_00937,2024-01-01T04:00:00,health_beauty
EVT_0011795,CUST_00937,2024-01-01T06:00:00,watches_gifts
EVT_0011796,CUST_00937,2024-01-01T08:00:00,health_beauty
EVT_0011797,CUST_00937,2024-01-01T10:00:00,watches_gifts
EVT_0011798,CUST_00937,2024-01-01T12:00:00,health_beauty
EVT_0011799,CUST_00937,2024-01-01T14:00:00,watches_gifts
EVT_0011800,CUST_00937,2024-01-01T16:00:00,health_beauty
EVT_0011801,CUST_00937,2024-01-01T18:00:00,watches_gifts
EVT_0011802,CUST_00937,2024-01-01T20:00:00,health_beauty
EVT_0011803,CUST_00937,2024-01-01T22:00:00,watches_gifts
EVT_0011804,CUST_00937,2024-01-02T00:00:00,health_beauty
EVT_0011805,CUST_00937,2024-01-02T02:00:00,watches_gifts
EVT_0011806,CUST_00938,2024-01-01T00:00:00,housewares
EVT_0011807,CUST_00938,2024-01-01T02:00:00,bed_bath
EVT_0011808,CUST_00938,2024-01-01T04:00:00,auto
EVT_0011809,CUST_00938,2024-01-01T06:00:00,electronics
EVT_0011810,CUST_00938,2024-01-01T08:00:00,computers
EVT_0011811,CUST_00938,2024-01-01T10:00:00,electronics
EVT_0011812,CUST_00938,2024-01-01T12:00:00,computers
EVT_0011813,CUST_00938,2024-01-01T14:00:00,electronics
EVT_0011814,CUST_00938,2024-01-01T16:00:00,computers
EVT_0011815,CUST_00938,2024-01-01T18:00:00,electronics
EVT_0011816,CUST_00938,2024-01-01T20:00:00,computers
EVT_0011817,CUST_00938,2024-01-01T22:00:00,electronics
EVT_0011818,CUST_00938,2024-01-02T00:00:00,computers
EVT_0011819,CUST_00938,2024-01-02T02:00:00,electronics
EVT_0011820,CUST_00938,2024-01-02T04:00:00,computers
EVT_0011821,CUST_00939,2024-01-01T00:00:00,health_beauty
EVT_0011822,CUST_00939,2024-01-01T02:00:00,watches_gifts
EVT_0011823,CUST_00939,2024-01-01T04:00:00,health_beauty
EVT_0011824,CUST_00939,2024-01-01T06:00:00,watches_gifts
EVT_0011825,CUST_00939,2024-01-01T08:00:00,health_beauty
EVT_0011826,CUST_00939,2024-01-01T10:00:00,watches_gifts
EVT_0011827,CUST_00939,2024-01-01T12:00:00,health_beauty
EVT_0011828,CUST_00939,2024-01-01T14:00:00,watches_gifts
EVT_0011829,CUST_00939,2024-01-01T16:00:00,health_beauty
EVT_0011830,CUST_00939,2024-01-01T18:00:00,watches_gifts
EVT_0011831,CUST_00939,2024-01-01T20:00:00,health_beauty
EVT_0011832,CUST_00940,2024-01-01T00:00:00,watches_gifts
EVT_0011833,CUST_00940,2024-01-01T02:00:00,health_beauty
EVT_0011834,CUST_00940,2024-01-01T04:00:00,watches_gifts
EVT_0011835,CUST_00940,2024-01-01T06:00:00,health_beauty
EVT_0011836,CUST_00940,2024-01-01T08:00:00,watches_gifts
EVT_0011837,CUST_00940,2024-01-01T10:00:00,health_beauty
EVT_0011838,CUST_00940,2024-01-01T12:00:00,watches_gifts
EVT_0011839,CUST_00940,2024-01-01T14:00:00,health_beauty
EVT_0011840,CUST_00940,2024-01-01T16:00:00,watches_gifts
EVT_0011841,CUST_00940,2024-01-01T18:00:00,health_beauty
EVT_0011842,CUST_00940,2024-01-01T20:00:00,watches_gifts
EVT_0011843,CUST_00940,2024-01-01T22:00:00,health_beauty
EVT_0011844,CUST_00940,2024-01-02T00:00:00,watches_gifts
EVT_0011845,CUST_00941,2024-01-01T00:00:00,computers
EVT_0011846,CUST_00941,2024-01-01T02:00:00,sports_leisure
EVT_0011847,CUST_00941,2024-01-01T04:00:00,computers
EVT_0011848,CUST_00941,2024-01-01T06:00:00,electronics
EVT_0011849,CUST_00941,2024-01-01T08:00:00,computers
EVT_0011850,CUST_00941,2024-01-01T10:00:00,electronics
EVT_0011851,CUST_00941,2024-01-01T12:00:00,computers
EVT_0011852,CUST_00941,2024-01-01T14:00:00,electronics
EVT_0011853,CUST_00941,2024-01-01T16:00:00,computers
EVT_0011854,CUST_00941,2024-01-01T18:00:00,electronics
EVT_0011855,CUST_00941,2024-01-01T20:00:00,computers
EVT_0011856,CUST_00941,2024-01-01T22:00:00,electronics
EVT_0011857,CUST_00941,2024-01-02T00:00:00,watches_gifts
EVT_0011858,CUST_00941,2024-01-02T02:00:00,health_beauty
EVT_0011859,CUST_00941,2024-01-02T04:00:00,watches_gifts
EVT_0011860,CUST_00942,2024-01-01T00:00:00,electronics
EVT_0011861,CUST_00942,2024-01-01T02:00:00,computers
EVT_0011862,CUST_00942,2024-01-01T04:00:00,electronics
EVT_0011863,CUST_00942,2024-01-01T06:00:00,computers
EVT_0011864,CUST_00942,2024-01-01T08:00:00,electronics
EVT_0011865,CUST_00942,2024-01-01T10:00:00,computers
EVT_0011866,CUST_00942,2024-01-01T12:00:00,electronics
EVT_0011867,CUST_00942,2024-01-01T14:00:00,computers
EVT_0011868,CUST_00942,2024-01-01T16:00:00,electronics
EVT_0011869,CUST_00942,2024-01-01T18:00:00,computers
EVT_0011870,CUST_00942,2024-01-01T20:00:00,electronics
EVT_0011871,CUST_00942,2024-01-01T22:00:00,computers
EVT_0011872,CUST_00942,2024-01-02T00:00:00,electronics
EVT_0011873,CUST_00942,2024-01-02T02:00:00,computers
EVT_0011874,CUST_00942,2024-01-02T04:00:00,electronics
EVT_0011875,CUST_00942,2024-01-02T06:00:00,computers
EVT_0011876,CUST_00942,2024-01-02T08:00:00,electronics
EVT_0011877,CUST_00943,2024-01-01T00:00:00,health_beauty
EVT_0011878,CUST_00943,2024-01-01T02:00:00,watches_gifts
EVT_0011879,CUST_00943,2024-01-01T04:00:00,health_beauty
EVT_0011880,CUST_00943,2024-01-01T06:00:00,watches_gifts
EVT_0011881,CUST_00943,2024-01-01T08:00:00,health_beauty
EVT_0011882,CUST_00943,2024-01-01T10:00:00,watches_gifts
EVT_0011883,CUST_00943,2024-01-01T12:00:00,health_beauty
EVT_0011884,CUST_00943,2024-01-01T14:00:00,watches_gifts
EVT_0011885,CUST_00943,2024-01-01T16:00:00,health_beauty
EVT_0011886,CUST_00943,2024-01-01T18:00:00,watches_gifts
EVT_0011887,CUST_00943,2024-01-01T20:00:00,health_beauty
EVT_0011888,CUST_00943,2024-01-01T22:00:00,watches_gifts
EVT_0011889,CUST_00943,2024-01-02T00:00:00,health_beauty
EVT_0011890,CUST_00943,2024-01-02T02:00:00,computers
EVT_0011891,CUST_00943,2024-01-02T04:00:00,electronics
EVT_0011892,CUST_00943,2024-01-02T06:00:00,computers
EVT_0011893,CUST_00944,2024-01-01T00:00:00,watches_gifts
EVT_0011894,CUST_00944,2024-01-01T02:00:00,health_beauty
EVT_0011895,CUST_00944,2024-01-01T04:00:00,watches_gifts
EVT_0011896,CUST_00944,2024-01-01T06:00:00,health_beauty
EVT_0011897,CUST_00944,2024-01-01T08:00:00,watches_gifts
EVT_0011898,CUST_00944,2024-01-01T10:00:00,health_beauty
EVT_0011899,CUST_00944,2024-01-01T12:00:00,watches_gifts
EVT_0011900,CUST_00944,2024-01-01T14:00:00,health_beauty
EVT_0011901,CUST_00944,2024-01-01T16:00:00,watches_gifts
EVT_0011902,CUST_00944,2024-01-01T18:00:00,health_beauty
EVT_0011903,CUST_00944,2024-01-01T20:00:00,watches_gifts
EVT_0011904,CUST_00944,2024-01-01T22:00:00,health_beauty
EVT_0011905,CUST_00944,2024-01-02T00:00:00,watches_gifts
EVT_0011906,CUST_00944,2024-01-02T02:00:00,health_beauty
EVT_0011907,CUST_00944,2024-01-02T04:00:00,watches_gifts
EVT_0011908,CUST_00944,2024-01-02T06:00:00,health_beauty
EVT_0011909,CUST_00944,2024-01-02T08:00:00,watches_gifts
EVT_0011910,CUST_00945,2024-01-01T00:00:00,bed_bath
EVT_0011911,CUST_00945,2024-01-01T02:00:00,furniture
EVT_0011912,CUST_00945,2024-01-01T04:00:00,housewares
EVT_0011913,CUST_00945,2024-01-01T06:00:00,bed_bath
EVT_0011914,CUST_00945,2024-01-01T08:00:00,watches_gifts
EVT_0011915,CUST_00945,2024-01-01T10:00:00,health_beauty
EVT_0011916,CUST_00945,2024-01-01T12:00:00,watches_gifts
EVT_0011917,CUST_00945,2024-01-01T14:00:00,health_beauty
EVT_0011918,CUST_00945,2024-01-01T16:00:00,watches_gifts
EVT_0011919,CUST_00945,2024-01-01T18:00:00,health_beauty
EVT_0011920,CUST_00945,2024-01-01T20:00:00,watches_gifts
EVT_0011921,CUST_00945,2024-01-01T22:00:00,health_beauty
EVT_0011922,CUST_00945,2024-01-02T00:00:00,watches_gifts
EVT_0011923,CUST_00945,2024-01-02T02:00:00,health_beauty
EVT_0011924,CUST_00946,2024-01-01T00:00:00,bed_bath
EVT_0011925,CUST_00946,2024-01-01T02:00:00,furniture
EVT_0011926,CUST_00946,2024-01-01T04:00:00,housewares
EVT_0011927,CUST_00946,2024-01-01T06:00:00,bed_bath
EVT_0011928,CUST_00946,2024-01-01T08:00:00,furniture
EVT_0011929,CUST_00946,2024-01-01T10:00:00,housewares
EVT_0011930,CUST_00946,2024-01-01T12:00:00,bed_bath
EVT_0011931,CUST_00946,2024-01-01T14:00:00,furniture
EVT_0011932,CUST_00946,2024-01-01T16:00:00,housewares
EVT_0011933,CUST_00946,2024-01-01T18:00:00,bed_bath
EVT_0011934,CUST_00946,2024-01-01T20:00:00,housewares
EVT_0011935,CUST_00947,2024-01-01T00:00:00,furniture
EVT_0011936,CUST_00947,2024-01-01T02:00:00,computers
EVT_0011937,CUST_00947,2024-01-01T04:00:00,electronics
EVT_0011938,CUST_00947,2024-01-01T06:00:00,computers
EVT_0011939,CUST_00947,2024-01-01T08:00:00,electronics
EVT_0011940,CUST_00947,2024-01-01T10:00:00,computers
EVT_0011941,CUST_00947,2024-01-01T12:00:00,electronics
EVT_0011942,CUST_00947,2024-01-01T14:00:00,computers
EVT_0011943,CUST_00947,2024-01-01T16:00:00,electronics
EVT_0011944,CUST_00947,2024-01-01T18:00:00,computers
EVT_0011945,CUST_00947,2024-01-01T20:00:00,electronics
EVT_0011946,CUST_00948,2024-01-01T00:00:00,electronics
EVT_0011947,CUST_00948,2024-01-01T02:00:00,computers
EVT_0011948,CUST_00948,2024-01-01T04:00:00,electronics
EVT_0011949,CUST_00948,2024-01-01T06:00:00,computers
EVT_0011950,CUST_00948,2024-01-01T08:00:00,electronics
EVT_0011951,CUST_00948,2024-01-01T10:00:00,computers
EVT_0011952,CUST_00948,2024-01-01T12:00:00,electronics
EVT_0011953,CUST_00948,2024-01-01T14:00:00,computers
EVT_0011954,CUST_00948,2024-01-01T16:00:00,electronics
EVT_0011955,CUST_00948,2024-01-01T18:00:00,computers
EVT_0011956,CUST_00948,2024-01-01T20:00:00,electronics
EVT_0011957,CUST_00948,2024-01-01T22:00:00,health_beauty
EVT_0011958,CUST_00948,2024-01-02T00:00:00,watches_gifts
EVT_0011959,CUST_00948,2024-01-02T02:00:00,health_beauty
EVT_0011960,CUST_00949,2024-01-01T00:00:00,electronics
EVT_0011961,CUST_00949,2024-01-01T02:00:00,computers
EVT_0011962,CUST_00949,2024-01-01T04:00:00,electronics
EVT_0011963,CUST_00949,2024-01-01T06:00:00,computers
EVT_0011964,CUST_00949,2024-01-01T08:00:00,electronics
EVT_0011965,CUST_00949,2024-01-01T10:00:00,computers
EVT_0011966,CUST_00949,2024-01-01T12:00:00,electronics
EVT_0011967,CUST_00949,2024-01-01T14:00:00,computers
EVT_0011968,CUST_00949,2024-01-01T16:00:00,bed_bath
EVT_0011969,CUST_00949,2024-01-01T18:00:00,furniture
EVT_0011970,CUST_00949,2024-01-01T20:00:00,housewares
EVT_0011971,CUST_00950,2024-01-01T00:00:00,computers
EVT_0011972,CUST_00950,2024-01-01T02:00:00,electronics
EVT_0011973,CUST_00950,2024-01-01T04:00:00,computers
EVT_0011974,CUST_00950,2024-01-01T06:00:00,electronics
EVT_0011975,CUST_00950,2024-01-01T08:00:00,computers
EVT_0011976,CUST_00950,2024-01-01T10:00:00,electronics
EVT_0011977,CUST_00950,2024-01-01T12:00:00,computers
EVT_0011978,CUST_00950,2024-01-01T14:00:00,electronics
EVT_0011979,CUST_00950,2024-01-01T16:00:00,computers
EVT_0011980,CUST_00951,2024-01-01T00:00:00,electronics
EVT_0011981,CUST_00951,2024-01-01T02:00:00,computers
EVT_0011982,CUST_00951,2024-01-01T04:00:00,electronics
EVT_0011983,CUST_00951,2024-01-01T06:00:00,computers
EVT_0011984,CUST_00951,2024-01-01T08:00:00,electronics
EVT_0011985,CUST_00951,2024-01-01T10:00:00,computers
EVT_0011986,CUST_00951,2024-01-01T12:00:00,electronics
EVT_0011987,CUST_00951,2024-01-01T14:00:00,computers
EVT_0011988,CUST_00951,2024-01-01T16:00:00,electronics
EVT_0011989,CUST_00952,2024-01-01T00:00:00,watches_gifts
EVT_0011990,CUST_00952,2024-01-01T02:00:00,health_beauty
EVT_0011991,CUST_00952,2024-01-01T04:00:00,watches_gifts
EVT_0011992,CUST_00952,2024-01-01T06:00:00,sports_leisure
EVT_0011993,CUST_00952,2024-01-01T08:00:00,health_beauty
EVT_0011994,CUST_00952,2024-01-01T10:00:00,watches_gifts
EVT_0011995,CUST_00952,2024-01-01T12:00:00,health_beauty
EVT_0011996,CUST_00952,2024-01-01T14:00:00,watches_gifts
EVT_0011997,CUST_00952,2024-01-01T16:00:00,health_beauty
EVT_0011998,CUST_00952,2024-01-01T18:00:00,watches_gifts
EVT_0011999,CUST_00952,2024-01-01T20:00:00,health_beauty
EVT_0012000,CUST_00952,2024-01-01T22:00:00,watches_gifts
EVT_0012001,CUST_00953,2024-01-01T00:00:00,health_beauty
EVT_0012002,CUST_00953,2024-01-01T02:00:00,watches_gifts
EVT_0012003,CUST_00953,2024-01-01T04:00:00,health_beauty
EVT_0012004,CUST_00953,2024-01-01T06:00:00,watches_gifts
EVT_0012005,CUST_00953,2024-01-01T08:00:00,health_beauty
EVT_0012006,CUST_00953,2024-01-01T10:00:00,watches_gifts
EVT_0012007,CUST_00953,2024-01-01T12:00:00,health_beauty
EVT_0012008,CUST_00953,2024-01-01T14:00:00,auto
EVT_0012009,CUST_00953,2024-01-01T16:00:00,electronics
EVT_0012010,CUST_00953,2024-01-01T18:00:00,computers
EVT_0012011,CUST_00954,2024-01-01T00:00:00,computers
EVT_0012012,CUST_00954,2024-01-01T02:00:00,electronics
EVT_0012013,CUST_00954,2024-01-01T04:00:00,computers
EVT_0012014,CUST_00954,2024-01-01T06:00:00,bed_bath
EVT_0012015,CUST_00954,2024-01-01T08:00:00,furniture
EVT_0012016,CUST_00954,2024-01-01T10:00:00,sports_leisure
EVT_0012017,CUST_00954,2024-01-01T12:00:00,health_beauty
EVT_0012018,CUST_00954,2024-01-01T14:00:00,watches_gifts
EVT_0012019,CUST_00954,2024-01-01T16:00:00,health_beauty
EVT_0012020,CUST_00954,2024-01-01T18:00:00,watches_gifts
EVT_0012021,CUST_00954,2024-01-01T20:00:00,health_beauty
EVT_0012022,CUST_00954,2024-01-01T22:00:00,watches_gifts
EVT_0012023,CUST_00954,2024-01-02T00:00:00,health_beauty
EVT_0012024,CUST_00954,2024-01-02T02:00:00,watches_gifts
EVT_0012025,CUST_00954,2024-01-02T04:00:00,health_beauty
EVT_0012026,CUST_00954,2024-01-02T06:00:00,watches_gifts
EVT_0012027,CUST_00955,2024-01-01T00:00:00,health_beauty
EVT_0012028,CUST_00955,2024-01-01T02:00:00,watches_gifts
EVT_0012029,CUST_00955,2024-01-01T04:00:00,health_beauty
EVT_0012030,CUST_00955,2024-01-01T06:00:00,watches_gifts
EVT_0012031,CUST_00955,2024-01-01T08:00:00,health_beauty
EVT_0012032,CUST_00955,2024-01-01T10:00:00,watches_gifts
EVT_0012033,CUST_00955,2024-01-01T12:00:00,health_beauty
EVT_0012034,CUST_00955,2024-01-01T14:00:00,watches_gifts
EVT_0012035,CUST_00955,2024-01-01T16:00:00,computers
EVT_0012036,CUST_00955,2024-01-01T18:00:00,electronics
EVT_0012037,CUST_00955,2024-01-01T20:00:00,computers
EVT_0012038,CUST_00955,2024-01-01T22:00:00,electronics
EVT_0012039,CUST_00956,2024-01-01T00:00:00,housewares
EVT_0012040,CUST_00956,2024-01-01T02:00:00,bed_bath
EVT_0012041,CUST_00956,2024-01-01T04:00:00,furniture
EVT_0012042,CUST_00956,2024-01-01T06:00:00,housewares
EVT_0012043,CUST_00956,2024-01-01T08:00:00,bed_bath
EVT_0012044,CUST_00956,2024-01-01T10:00:00,furniture
EVT_0012045,CUST_00956,2024-01-01T12:00:00,housewares
EVT_0012046,CUST_00956,2024-01-01T14:00:00,bed_bath
EVT_0012047,CUST_00956,2024-01-01T16:00:00,furniture
EVT_0012048,CUST_00956,2024-01-01T18:00:00,housewares
EVT_0012049,CUST_00956,2024-01-01T20:00:00,bed_bath
EVT_0012050,CUST_00956,2024-01-01T22:00:00,furniture
EVT_0012051,CUST_00956,2024-01-02T00:00:00,housewares
EVT_0012052,CUST_00956,2024-01-02T02:00:00,bed_bath
EVT_0012053,CUST_00956,2024-01-02T04:00:00,furniture
EVT_0012054,CUST_00957,2024-01-01T00:00:00,health_beauty
EVT_0012055,CUST_00957,2024-01-01T02:00:00,watches_gifts
EVT_0012056,CUST_00957,2024-01-01T04:00:00,health_beauty
EVT_0012057,CUST_00957,2024-01-01T06:00:00,watches_gifts
EVT_0012058,CUST_00957,2024-01-01T08:00:00,health_beauty
EVT_0012059,CUST_00957,2024-01-01T10:00:00,watches_gifts
EVT_0012060,CUST_00957,2024-01-01T12:00:00,computers
EVT_0012061,CUST_00957,2024-01-01T14:00:00,electronics
EVT_0012062,CUST_00957,2024-01-01T16:00:00,computers
EVT_0012063,CUST_00957,2024-01-01T18:00:00,electronics
EVT_0012064,CUST_00957,2024-01-01T20:00:00,computers
EVT_0012065,CUST_00957,2024-01-01T22:00:00,electronics
EVT_0012066,CUST_00957,2024-01-02T00:00:00,sports_leisure
EVT_0012067,CUST_00957,2024-01-02T02:00:00,health_beauty
EVT_0012068,CUST_00957,2024-01-02T04:00:00,watches_gifts
EVT_0012069,CUST_00957,2024-01-02T06:00:00,health_beauty
EVT_0012070,CUST_00957,2024-01-02T08:00:00,housewares
EVT_0012071,CUST_00958,2024-01-01T00:00:00,furniture
EVT_0012072,CUST_00958,2024-01-01T02:00:00,housewares
EVT_0012073,CUST_00958,2024-01-01T04:00:00,bed_bath
EVT_0012074,CUST_00958,2024-01-01T06:00:00,furniture
EVT_0012075,CUST_00958,2024-01-01T08:00:00,housewares
EVT_0012076,CUST_00958,2024-01-01T10:00:00,bed_bath
EVT_0012077,CUST_00958,2024-01-01T12:00:00,furniture
EVT_0012078,CUST_00958,2024-01-01T14:00:00,housewares
EVT_0012079,CUST_00958,2024-01-01T16:00:00,bed_bath
EVT_0012080,CUST_00958,2024-01-01T18:00:00,furniture
EVT_0012081,CUST_00958,2024-01-01T20:00:00,housewares
EVT_0012082,CUST_00958,2024-01-01T22:00:00,bed_bath
EVT_0012083,CUST_00958,2024-01-02T00:00:00,furniture
EVT_0012084,CUST_00958,2024-01-02T02:00:00,housewares
EVT_0012085,CUST_00958,2024-01-02T04:00:00,bed_bath
EVT_0012086,CUST_00958,2024-01-02T06:00:00,sports_leisure
EVT_0012087,CUST_00959,2024-01-01T00:00:00,electronics
EVT_0012088,CUST_00959,2024-01-01T02:00:00,computers
EVT_0012089,CUST_00959,2024-01-01T04:00:00,electronics
EVT_0012090,CUST_00959,2024-01-01T06:00:00,computers
EVT_0012091,CUST_00959,2024-01-01T08:00:00,electronics
EVT_0012092,CUST_00959,2024-01-01T10:00:00,computers
EVT_0012093,CUST_00959,2024-01-01T12:00:00,electronics
EVT_0012094,CUST_00959,2024-01-01T14:00:00,computers
EVT_0012095,CUST_00959,2024-01-01T16:00:00,electronics
EVT_0012096,CUST_00959,2024-01-01T18:00:00,computers
EVT_0012097,CUST_00959,2024-01-01T20:00:00,electronics
EVT_0012098,CUST_00959,2024-01-01T22:00:00,computers
EVT_0012099,CUST_00959,2024-01-02T00:00:00,electronics
EVT_0012100,CUST_00959,2024-01-02T02:00:00,computers
EVT_0012101,CUST_00959,2024-01-02T04:00:00,electronics
EVT_0012102,CUST_00959,2024-01-02T06:00:00,computers
EVT_0012103,CUST_00959,2024-01-02T08:00:00,electronics
EVT_0012104,CUST_00960,2024-01-01T00:00:00,housewares
EVT_0012105,CUST_00960,2024-01-01T02:00:00,housewares
EVT_0012106,CUST_00960,2024-01-01T04:00:00,bed_bath
EVT_0012107,CUST_00960,2024-01-01T06:00:00,furniture
EVT_0012108,CUST_00960,2024-01-01T08:00:00,housewares
EVT_0012109,CUST_00960,2024-01-01T10:00:00,watches_gifts
EVT_0012110,CUST_00960,2024-01-01T12:00:00,health_beauty
EVT_0012111,CUST_00960,2024-01-01T14:00:00,health_beauty
EVT_0012112,CUST_00960,2024-01-01T16:00:00,watches_gifts
EVT_0012113,CUST_00960,2024-01-01T18:00:00,health_beauty
EVT_0012114,CUST_00961,2024-01-01T00:00:00,health_beauty
EVT_0012115,CUST_00961,2024-01-01T02:00:00,watches_gifts
EVT_0012116,CUST_00961,2024-01-01T04:00:00,housewares
EVT_0012117,CUST_00961,2024-01-01T06:00:00,bed_bath
EVT_0012118,CUST_00961,2024-01-01T08:00:00,furniture
EVT_0012119,CUST_00961,2024-01-01T10:00:00,housewares
EVT_0012120,CUST_00961,2024-01-01T12:00:00,bed_bath
EVT_0012121,CUST_00961,2024-01-01T14:00:00,furniture
EVT_0012122,CUST_00961,2024-01-01T16:00:00,housewares
EVT_0012123,CUST_00961,2024-01-01T18:00:00,bed_bath
EVT_0012124,CUST_00961,2024-01-01T20:00:00,furniture
EVT_0012125,CUST_00961,2024-01-01T22:00:00,housewares
EVT_0012126,CUST_00961,2024-01-02T00:00:00,bed_bath
EVT_0012127,CUST_00962,2024-01-01T00:00:00,computers
EVT_0012128,CUST_00962,2024-01-01T02:00:00,computers
EVT_0012129,CUST_00962,2024-01-01T04:00:00,electronics
EVT_0012130,CUST_00962,2024-01-01T06:00:00,computers
EVT_0012131,CUST_00962,2024-01-01T08:00:00,electronics
EVT_0012132,CUST_00962,2024-01-01T10:00:00,computers
EVT_0012133,CUST_00962,2024-01-01T12:00:00,electronics
EVT_0012134,CUST_00962,2024-01-01T14:00:00,computers
EVT_0012135,CUST_00962,2024-01-01T16:00:00,electronics
EVT_0012136,CUST_00962,2024-01-01T18:00:00,computers
EVT_0012137,CUST_00962,2024-01-01T20:00:00,electronics
EVT_0012138,CUST_00962,2024-01-01T22:00:00,computers
EVT_0012139,CUST_00962,2024-01-02T00:00:00,electronics
EVT_0012140,CUST_00962,2024-01-02T02:00:00,computers
EVT_0012141,CUST_00962,2024-01-02T04:00:00,electronics
EVT_0012142,CUST_00963,2024-01-01T00:00:00,health_beauty
EVT_0012143,CUST_00963,2024-01-01T02:00:00,watches_gifts
EVT_0012144,CUST_00963,2024-01-01T04:00:00,health_beauty
EVT_0012145,CUST_00963,2024-01-01T06:00:00,watches_gifts
EVT_0012146,CUST_00963,2024-01-01T08:00:00,health_beauty
EVT_0012147,CUST_00963,2024-01-01T10:00:00,watches_gifts
EVT_0012148,CUST_00963,2024-01-01T12:00:00,health_beauty
EVT_0012149,CUST_00963,2024-01-01T14:00:00,watches_gifts
EVT_0012150,CUST_00963,2024-01-01T16:00:00,health_beauty
EVT_0012151,CUST_00963,2024-01-01T18:00:00,watches_gifts
EVT_0012152,CUST_00963,2024-01-01T20:00:00,health_beauty
EVT_0012153,CUST_00963,2024-01-01T22:00:00,sports_leisure
EVT_0012154,CUST_00963,2024-01-02T00:00:00,health_beauty
EVT_0012155,CUST_00963,2024-01-02T02:00:00,watches_gifts
EVT_0012156,CUST_00963,2024-01-02T04:00:00,health_beauty
EVT_0012157,CUST_00963,2024-01-02T06:00:00,watches_gifts
EVT_0012158,CUST_00963,2024-01-02T08:00:00,health_beauty
EVT_0012159,CUST_00964,2024-01-01T00:00:00,bed_bath
EVT_0012160,CUST_00964,2024-01-01T02:00:00,furniture
EVT_0012161,CUST_00964,2024-01-01T04:00:00,housewares
EVT_0012162,CUST_00964,2024-01-01T06:00:00,bed_bath
EVT_0012163,CUST_00964,2024-01-01T08:00:00,sports_leisure
EVT_0012164,CUST_00964,2024-01-01T10:00:00,health_beauty
EVT_0012165,CUST_00964,2024-01-01T12:00:00,electronics
EVT_0012166,CUST_00964,2024-01-01T14:00:00,computers
EVT_0012167,CUST_00964,2024-01-01T16:00:00,electronics
EVT_0012168,CUST_00964,2024-01-01T18:00:00,computers
EVT_0012169,CUST_00964,2024-01-01T20:00:00,electronics
EVT_0012170,CUST_00964,2024-01-01T22:00:00,computers
EVT_0012171,CUST_00964,2024-01-02T00:00:00,electronics
EVT_0012172,CUST_00965,2024-01-01T00:00:00,health_beauty
EVT_0012173,CUST_00965,2024-01-01T02:00:00,watches_gifts
EVT_0012174,CUST_00965,2024-01-01T04:00:00,health_beauty
EVT_0012175,CUST_00965,2024-01-01T06:00:00,watches_gifts
EVT_0012176,CUST_00965,2024-01-01T08:00:00,health_beauty
EVT_0012177,CUST_00965,2024-01-01T10:00:00,watches_gifts
EVT_0012178,CUST_00965,2024-01-01T12:00:00,health_beauty
EVT_0012179,CUST_00965,2024-01-01T14:00:00,watches_gifts
EVT_0012180,CUST_00965,2024-01-01T16:00:00,health_beauty
EVT_0012181,CUST_00965,2024-01-01T18:00:00,watches_gifts
EVT_0012182,CUST_00965,2024-01-01T20:00:00,health_beauty
EVT_0012183,CUST_00965,2024-01-01T22:00:00,watches_gifts
EVT_0012184,CUST_00965,2024-01-02T00:00:00,health_beauty
EVT_0012185,CUST_00966,2024-01-01T00:00:00,sports_leisure
EVT_0012186,CUST_00966,2024-01-01T02:00:00,health_beauty
EVT_0012187,CUST_00966,2024-01-01T04:00:00,computers
EVT_0012188,CUST_00966,2024-01-01T06:00:00,electronics
EVT_0012189,CUST_00966,2024-01-01T08:00:00,computers
EVT_0012190,CUST_00966,2024-01-01T10:00:00,electronics
EVT_0012191,CUST_00966,2024-01-01T12:00:00,bed_bath
EVT_0012192,CUST_00966,2024-01-01T14:00:00,furniture
EVT_0012193,CUST_00966,2024-01-01T16:00:00,housewares
EVT_0012194,CUST_00966,2024-01-01T18:00:00,bed_bath
EVT_0012195,CUST_00966,2024-01-01T20:00:00,furniture
EVT_0012196,CUST_00966,2024-01-01T22:00:00,housewares
EVT_0012197,CUST_00967,2024-01-01T00:00:00,furniture
EVT_0012198,CUST_00967,2024-01-01T02:00:00,housewares
EVT_0012199,CUST_00967,2024-01-01T04:00:00,bed_bath
EVT_0012200,CUST_00967,2024-01-01T06:00:00,furniture
EVT_0012201,CUST_00967,2024-01-01T08:00:00,housewares
EVT_0012202,CUST_00967,2024-01-01T10:00:00,bed_bath
EVT_0012203,CUST_00967,2024-01-01T12:00:00,furniture
EVT_0012204,CUST_00967,2024-01-01T14:00:00,housewares
EVT_0012205,CUST_00967,2024-01-01T16:00:00,bed_bath
EVT_0012206,CUST_00967,2024-01-01T18:00:00,furniture
EVT_0012207,CUST_00967,2024-01-01T20:00:00,housewares
EVT_0012208,CUST_00967,2024-01-01T22:00:00,bed_bath
EVT_0012209,CUST_00967,2024-01-02T00:00:00,furniture
EVT_0012210,CUST_00968,2024-01-01T00:00:00,furniture
EVT_0012211,CUST_00968,2024-01-01T02:00:00,housewares
EVT_0012212,CUST_00968,2024-01-01T04:00:00,bed_bath
EVT_0012213,CUST_00968,2024-01-01T06:00:00,furniture
EVT_0012214,CUST_00968,2024-01-01T08:00:00,housewares
EVT_0012215,CUST_00968,2024-01-01T10:00:00,bed_bath
EVT_0012216,CUST_00968,2024-01-01T12:00:00,furniture
EVT_0012217,CUST_00968,2024-01-01T14:00:00,housewares
EVT_0012218,CUST_00968,2024-01-01T16:00:00,bed_bath
EVT_0012219,CUST_00968,2024-01-01T18:00:00,furniture
EVT_0012220,CUST_00968,2024-01-01T20:00:00,housewares
EVT_0012221,CUST_00968,2024-01-01T22:00:00,bed_bath
EVT_0012222,CUST_00968,2024-01-02T00:00:00,furniture
EVT_0012223,CUST_00968,2024-01-02T02:00:00,housewares
EVT_0012224,CUST_00968,2024-01-02T04:00:00,bed_bath
EVT_0012225,CUST_00968,2024-01-02T06:00:00,furniture
EVT_0012226,CUST_00969,2024-01-01T00:00:00,health_beauty
EVT_0012227,CUST_00969,2024-01-01T02:00:00,watches_gifts
EVT_0012228,CUST_00969,2024-01-01T04:00:00,health_beauty
EVT_0012229,CUST_00969,2024-01-01T06:00:00,watches_gifts
EVT_0012230,CUST_00969,2024-01-01T08:00:00,health_beauty
EVT_0012231,CUST_00969,2024-01-01T10:00:00,watches_gifts
EVT_0012232,CUST_00969,2024-01-01T12:00:00,health_beauty
EVT_0012233,CUST_00969,2024-01-01T14:00:00,watches_gifts
EVT_0012234,CUST_00969,2024-01-01T16:00:00,health_beauty
EVT_0012235,CUST_00969,2024-01-01T18:00:00,housewares
EVT_0012236,CUST_00969,2024-01-01T20:00:00,bed_bath
EVT_0012237,CUST_00969,2024-01-01T22:00:00,furniture
EVT_0012238,CUST_00969,2024-01-02T00:00:00,housewares
EVT_0012239,CUST_00969,2024-01-02T02:00:00,bed_bath
EVT_0012240,CUST_00969,2024-01-02T04:00:00,furniture
EVT_0012241,CUST_00969,2024-01-02T06:00:00,housewares
EVT_0012242,CUST_00970,2024-01-01T00:00:00,health_beauty
EVT_0012243,CUST_00970,2024-01-01T02:00:00,watches_gifts
EVT_0012244,CUST_00970,2024-01-01T04:00:00,health_beauty
EVT_0012245,CUST_00970,2024-01-01T06:00:00,watches_gifts
EVT_0012246,CUST_00970,2024-01-01T08:00:00,health_beauty
EVT_0012247,CUST_00970,2024-01-01T10:00:00,watches_gifts
EVT_0012248,CUST_00970,2024-01-01T12:00:00,health_beauty
EVT_0012249,CUST_00970,2024-01-01T14:00:00,watches_gifts
EVT_0012250,CUST_00970,2024-01-01T16:00:00,furniture
EVT_0012251,CUST_00970,2024-01-01T18:00:00,housewares
EVT_0012252,CUST_00970,2024-01-01T20:00:00,bed_bath
EVT_0012253,CUST_00970,2024-01-01T22:00:00,furniture
EVT_0012254,CUST_00970,2024-01-02T00:00:00,housewares
EVT_0012255,CUST_00971,2024-01-01T00:00:00,computers
EVT_0012256,CUST_00971,2024-01-01T02:00:00,electronics
EVT_0012257,CUST_00971,2024-01-01T04:00:00,computers
EVT_0012258,CUST_00971,2024-01-01T06:00:00,electronics
EVT_0012259,CUST_00971,2024-01-01T08:00:00,computers
EVT_0012260,CUST_00971,2024-01-01T10:00:00,electronics
EVT_0012261,CUST_00971,2024-01-01T12:00:00,computers
EVT_0012262,CUST_00971,2024-01-01T14:00:00,electronics
EVT_0012263,CUST_00971,2024-01-01T16:00:00,computers
EVT_0012264,CUST_00972,2024-01-01T00:00:00,bed_bath
EVT_0012265,CUST_00972,2024-01-01T02:00:00,furniture
EVT_0012266,CUST_00972,2024-01-01T04:00:00,housewares
EVT_0012267,CUST_00972,2024-01-01T06:00:00,bed_bath
EVT_0012268,CUST_00972,2024-01-01T08:00:00,furniture
EVT_0012269,CUST_00972,2024-01-01T10:00:00,housewares
EVT_0012270,CUST_00972,2024-01-01T12:00:00,bed_bath
EVT_0012271,CUST_00972,2024-01-01T14:00:00,furniture
EVT_0012272,CUST_00972,2024-01-01T16:00:00,housewares
EVT_0012273,CUST_00972,2024-01-01T18:00:00,bed_bath
EVT_0012274,CUST_00972,2024-01-01T20:00:00,furniture
EVT_0012275,CUST_00972,2024-01-01T22:00:00,housewares
EVT_0012276,CUST_00972,2024-01-02T00:00:00,bed_bath
EVT_0012277,CUST_00972,2024-01-02T02:00:00,furniture
EVT_0012278,CUST_00972,2024-01-02T04:00:00,electronics
EVT_0012279,CUST_00973,2024-01-01T00:00:00,watches_gifts
EVT_0012280,CUST_00973,2024-01-01T02:00:00,health_beauty
EVT_0012281,CUST_00973,2024-01-01T04:00:00,watches_gifts
EVT_0012282,CUST_00973,2024-01-01T06:00:00,health_beauty
EVT_0012283,CUST_00973,2024-01-01T08:00:00,watches_gifts
EVT_0012284,CUST_00973,2024-01-01T10:00:00,health_beauty
EVT_0012285,CUST_00973,2024-01-01T12:00:00,watches_gifts
EVT_0012286,CUST_00973,2024-01-01T14:00:00,health_beauty
EVT_0012287,CUST_00973,2024-01-01T16:00:00,watches_gifts
EVT_0012288,CUST_00973,2024-01-01T18:00:00,health_beauty
EVT_0012289,CUST_00973,2024-01-01T20:00:00,watches_gifts
EVT_0012290,CUST_00973,2024-01-01T22:00:00,health_beauty
EVT_0012291,CUST_00973,2024-01-02T00:00:00,watches_gifts
EVT_0012292,CUST_00974,2024-01-01T00:00:00,watches_gifts
EVT_0012293,CUST_00974,2024-01-01T02:00:00,health_beauty
EVT_0012294,CUST_00974,2024-01-01T04:00:00,watches_gifts
EVT_0012295,CUST_00974,2024-01-01T06:00:00,health_beauty
EVT_0012296,CUST_00974,2024-01-01T08:00:00,watches_gifts
EVT_0012297,CUST_00974,2024-01-01T10:00:00,electronics
EVT_0012298,CUST_00974,2024-01-01T12:00:00,computers
EVT_0012299,CUST_00974,2024-01-01T14:00:00,electronics
EVT_0012300,CUST_00974,2024-01-01T16:00:00,computers
EVT_0012301,CUST_00974,2024-01-01T18:00:00,electronics
EVT_0012302,CUST_00974,2024-01-01T20:00:00,computers
EVT_0012303,CUST_00974,2024-01-01T22:00:00,electronics
EVT_0012304,CUST_00974,2024-01-02T00:00:00,computers
EVT_0012305,CUST_00974,2024-01-02T02:00:00,electronics
EVT_0012306,CUST_00974,2024-01-02T04:00:00,computers
EVT_0012307,CUST_00975,2024-01-01T00:00:00,furniture
EVT_0012308,CUST_00975,2024-01-01T02:00:00,housewares
EVT_0012309,CUST_00975,2024-01-01T04:00:00,bed_bath
EVT_0012310,CUST_00975,2024-01-01T06:00:00,furniture
EVT_0012311,CUST_00975,2024-01-01T08:00:00,housewares
EVT_0012312,CUST_00975,2024-01-01T10:00:00,bed_bath
EVT_0012313,CUST_00975,2024-01-01T12:00:00,furniture
EVT_0012314,CUST_00975,2024-01-01T14:00:00,housewares
EVT_0012315,CUST_00975,2024-01-01T16:00:00,bed_bath
EVT_0012316,CUST_00975,2024-01-01T18:00:00,furniture
EVT_0012317,CUST_00975,2024-01-01T20:00:00,housewares
EVT_0012318,CUST_00976,2024-01-01T00:00:00,watches_gifts
EVT_0012319,CUST_00976,2024-01-01T02:00:00,health_beauty
EVT_0012320,CUST_00976,2024-01-01T04:00:00,watches_gifts
EVT_0012321,CUST_00976,2024-01-01T06:00:00,health_beauty
EVT_0012322,CUST_00976,2024-01-01T08:00:00,watches_gifts
EVT_0012323,CUST_00976,2024-01-01T10:00:00,health_beauty
EVT_0012324,CUST_00976,2024-01-01T12:00:00,watches_gifts
EVT_0012325,CUST_00976,2024-01-01T14:00:00,health_beauty
EVT_0012326,CUST_00976,2024-01-01T16:00:00,watches_gifts
EVT_0012327,CUST_00976,2024-01-01T18:00:00,auto
EVT_0012328,CUST_00976,2024-01-01T20:00:00,electronics
EVT_0012329,CUST_00976,2024-01-01T22:00:00,computers
EVT_0012330,CUST_00976,2024-01-02T00:00:00,electronics
EVT_0012331,CUST_00976,2024-01-02T02:00:00,computers
EVT_0012332,CUST_00977,2024-01-01T00:00:00,electronics
EVT_0012333,CUST_00977,2024-01-01T02:00:00,electronics
EVT_0012334,CUST_00977,2024-01-01T04:00:00,computers
EVT_0012335,CUST_00977,2024-01-01T06:00:00,electronics
EVT_0012336,CUST_00977,2024-01-01T08:00:00,computers
EVT_0012337,CUST_00977,2024-01-01T10:00:00,electronics
EVT_0012338,CUST_00977,2024-01-01T12:00:00,computers
EVT_0012339,CUST_00977,2024-01-01T14:00:00,electronics
EVT_0012340,CUST_00977,2024-01-01T16:00:00,computers
EVT_0012341,CUST_00977,2024-01-01T18:00:00,electronics
EVT_0012342,CUST_00978,2024-01-01T00:00:00,furniture
EVT_0012343,CUST_00978,2024-01-01T02:00:00,housewares
EVT_0012344,CUST_00978,2024-01-01T04:00:00,bed_bath
EVT_0012345,CUST_00978,2024-01-01T06:00:00,electronics
EVT_0012346,CUST_00978,2024-01-01T08:00:00,computers
EVT_0012347,CUST_00978,2024-01-01T10:00:00,electronics
EVT_0012348,CUST_00978,2024-01-01T12:00:00,computers
EVT_0012349,CUST_00978,2024-01-01T14:00:00,bed_bath
EVT_0012350,CUST_00978,2024-01-01T16:00:00,furniture
EVT_0012351,CUST_00978,2024-01-01T18:00:00,housewares
EVT_0012352,CUST_00978,2024-01-01T20:00:00,bed_bath
EVT_0012353,CUST_00978,2024-01-01T22:00:00,computers
EVT_0012354,CUST_00978,2024-01-02T00:00:00,electronics
EVT_0012355,CUST_00978,2024-01-02T02:00:00,auto
EVT_0012356,CUST_00978,2024-01-02T04:00:00,electronics
EVT_0012357,CUST_00979,2024-01-01T00:00:00,furniture
EVT_0012358,CUST_00979,2024-01-01T02:00:00,electronics
EVT_0012359,CUST_00979,2024-01-01T04:00:00,computers
EVT_0012360,CUST_00979,2024-01-01T06:00:00,electronics
EVT_0012361,CUST_00979,2024-01-01T08:00:00,computers
EVT_0012362,CUST_00979,2024-01-01T10:00:00,electronics
EVT_0012363,CUST_00979,2024-01-01T12:00:00,computers
EVT_0012364,CUST_00979,2024-01-01T14:00:00,electronics
EVT_0012365,CUST_00979,2024-01-01T16:00:00,computers
EVT_0012366,CUST_00979,2024-01-01T18:00:00,electronics
EVT_0012367,CUST_00979,2024-01-01T20:00:00,computers
EVT_0012368,CUST_00979,2024-01-01T22:00:00,electronics
EVT_0012369,CUST_00979,2024-01-02T00:00:00,computers
EVT_0012370,CUST_00979,2024-01-02T02:00:00,electronics
EVT_0012371,CUST_00979,2024-01-02T04:00:00,computers
EVT_0012372,CUST_00979,2024-01-02T06:00:00,electronics
EVT_0012373,CUST_00980,2024-01-01T00:00:00,electronics
EVT_0012374,CUST_00980,2024-01-01T02:00:00,computers
EVT_0012375,CUST_00980,2024-01-01T04:00:00,electronics
EVT_0012376,CUST_00980,2024-01-01T06:00:00,computers
EVT_0012377,CUST_00980,2024-01-01T08:00:00,electronics
EVT_0012378,CUST_00980,2024-01-01T10:00:00,computers
EVT_0012379,CUST_00980,2024-01-01T12:00:00,electronics
EVT_0012380,CUST_00980,2024-01-01T14:00:00,computers
EVT_0012381,CUST_00980,2024-01-01T16:00:00,electronics
EVT_0012382,CUST_00981,2024-01-01T00:00:00,bed_bath
EVT_0012383,CUST_00981,2024-01-01T02:00:00,furniture
EVT_0012384,CUST_00981,2024-01-01T04:00:00,housewares
EVT_0012385,CUST_00981,2024-01-01T06:00:00,bed_bath
EVT_0012386,CUST_00981,2024-01-01T08:00:00,sports_leisure
EVT_0012387,CUST_00981,2024-01-01T10:00:00,health_beauty
EVT_0012388,CUST_00981,2024-01-01T12:00:00,watches_gifts
EVT_0012389,CUST_00981,2024-01-01T14:00:00,health_beauty
EVT_0012390,CUST_00981,2024-01-01T16:00:00,auto
EVT_0012391,CUST_00981,2024-01-01T18:00:00,electronics
EVT_0012392,CUST_00981,2024-01-01T20:00:00,computers
EVT_0012393,CUST_00981,2024-01-01T22:00:00,electronics
EVT_0012394,CUST_00981,2024-01-02T00:00:00,computers
EVT_0012395,CUST_00981,2024-01-02T02:00:00,electronics
EVT_0012396,CUST_00981,2024-01-02T04:00:00,computers
EVT_0012397,CUST_00982,2024-01-01T00:00:00,housewares
EVT_0012398,CUST_00982,2024-01-01T02:00:00,bed_bath
EVT_0012399,CUST_00982,2024-01-01T04:00:00,furniture
EVT_0012400,CUST_00982,2024-01-01T06:00:00,housewares
EVT_0012401,CUST_00982,2024-01-01T08:00:00,bed_bath
EVT_0012402,CUST_00982,2024-01-01T10:00:00,furniture
EVT_0012403,CUST_00982,2024-01-01T12:00:00,housewares
EVT_0012404,CUST_00982,2024-01-01T14:00:00,bed_bath
EVT_0012405,CUST_00983,2024-01-01T00:00:00,furniture
EVT_0012406,CUST_00983,2024-01-01T02:00:00,housewares
EVT_0012407,CUST_00983,2024-01-01T04:00:00,bed_bath
EVT_0012408,CUST_00983,2024-01-01T06:00:00,furniture
EVT_0012409,CUST_00983,2024-01-01T08:00:00,housewares
EVT_0012410,CUST_00983,2024-01-01T10:00:00,bed_bath
EVT_0012411,CUST_00983,2024-01-01T12:00:00,watches_gifts
EVT_0012412,CUST_00983,2024-01-01T14:00:00,health_beauty
EVT_0012413,CUST_00983,2024-01-01T16:00:00,watches_gifts
EVT_0012414,CUST_00983,2024-01-01T18:00:00,health_beauty
EVT_0012415,CUST_00983,2024-01-01T20:00:00,watches_gifts
EVT_0012416,CUST_00983,2024-01-01T22:00:00,health_beauty
EVT_0012417,CUST_00983,2024-01-02T00:00:00,watches_gifts
EVT_0012418,CUST_00984,2024-01-01T00:00:00,health_beauty
EVT_0012419,CUST_00984,2024-01-01T02:00:00,watches_gifts
EVT_0012420,CUST_00984,2024-01-01T04:00:00,health_beauty
EVT_0012421,CUST_00984,2024-01-01T06:00:00,watches_gifts
EVT_0012422,CUST_00984,2024-01-01T08:00:00,health_beauty
EVT_0012423,CUST_00984,2024-01-01T10:00:00,watches_gifts
EVT_0012424,CUST_00984,2024-01-01T12:00:00,health_beauty
EVT_0012425,CUST_00984,2024-01-01T14:00:00,furniture
EVT_0012426,CUST_00984,2024-01-01T16:00:00,watches_gifts
EVT_0012427,CUST_00984,2024-01-01T18:00:00,health_beauty
EVT_0012428,CUST_00984,2024-01-01T20:00:00,watches_gifts
EVT_0012429,CUST_00984,2024-01-01T22:00:00,health_beauty
EVT_0012430,CUST_00984,2024-01-02T00:00:00,watches_gifts
EVT_0012431,CUST_00984,2024-01-02T02:00:00,health_beauty
EVT_0012432,CUST_00984,2024-01-02T04:00:00,watches_gifts
EVT_0012433,CUST_00984,2024-01-02T06:00:00,health_beauty
EVT_0012434,CUST_00985,2024-01-01T00:00:00,health_beauty
EVT_0012435,CUST_00985,2024-01-01T02:00:00,watches_gifts
EVT_0012436,CUST_00985,2024-01-01T04:00:00,health_beauty
EVT_0012437,CUST_00985,2024-01-01T06:00:00,watches_gifts
EVT_0012438,CUST_00985,2024-01-01T08:00:00,health_beauty
EVT_0012439,CUST_00985,2024-01-01T10:00:00,watches_gifts
EVT_0012440,CUST_00985,2024-01-01T12:00:00,health_beauty
EVT_0012441,CUST_00985,2024-01-01T14:00:00,watches_gifts
EVT_0012442,CUST_00985,2024-01-01T16:00:00,health_beauty
EVT_0012443,CUST_00985,2024-01-01T18:00:00,watches_gifts
EVT_0012444,CUST_00985,2024-01-01T20:00:00,health_beauty
EVT_0012445,CUST_00985,2024-01-01T22:00:00,watches_gifts
EVT_0012446,CUST_00986,2024-01-01T00:00:00,computers
EVT_0012447,CUST_00986,2024-01-01T02:00:00,electronics
EVT_0012448,CUST_00986,2024-01-01T04:00:00,computers
EVT_0012449,CUST_00986,2024-01-01T06:00:00,electronics
EVT_0012450,CUST_00986,2024-01-01T08:00:00,computers
EVT_0012451,CUST_00986,2024-01-01T10:00:00,electronics
EVT_0012452,CUST_00986,2024-01-01T12:00:00,computers
EVT_0012453,CUST_00986,2024-01-01T14:00:00,electronics
EVT_0012454,CUST_00986,2024-01-01T16:00:00,computers
EVT_0012455,CUST_00987,2024-01-01T00:00:00,sports_leisure
EVT_0012456,CUST_00987,2024-01-01T02:00:00,health_beauty
EVT_0012457,CUST_00987,2024-01-01T04:00:00,watches_gifts
EVT_0012458,CUST_00987,2024-01-01T06:00:00,health_beauty
EVT_0012459,CUST_00987,2024-01-01T08:00:00,watches_gifts
EVT_0012460,CUST_00987,2024-01-01T10:00:00,health_beauty
EVT_0012461,CUST_00987,2024-01-01T12:00:00,housewares
EVT_0012462,CUST_00987,2024-01-01T14:00:00,bed_bath
EVT_0012463,CUST_00987,2024-01-01T16:00:00,watches_gifts
EVT_0012464,CUST_00987,2024-01-01T18:00:00,health_beauty
EVT_0012465,CUST_00987,2024-01-01T20:00:00,watches_gifts
EVT_0012466,CUST_00987,2024-01-01T22:00:00,health_beauty
EVT_0012467,CUST_00987,2024-01-02T00:00:00,watches_gifts
EVT_0012468,CUST_00987,2024-01-02T02:00:00,health_beauty
EVT_0012469,CUST_00987,2024-01-02T04:00:00,watches_gifts
EVT_0012470,CUST_00987,2024-01-02T06:00:00,health_beauty
EVT_0012471,CUST_00988,2024-01-01T00:00:00,health_beauty
EVT_0012472,CUST_00988,2024-01-01T02:00:00,watches_gifts
EVT_0012473,CUST_00988,2024-01-01T04:00:00,health_beauty
EVT_0012474,CUST_00988,2024-01-01T06:00:00,watches_gifts
EVT_0012475,CUST_00988,2024-01-01T08:00:00,health_beauty
EVT_0012476,CUST_00988,2024-01-01T10:00:00,watches_gifts
EVT_0012477,CUST_00988,2024-01-01T12:00:00,health_beauty
EVT_0012478,CUST_00988,2024-01-01T14:00:00,watches_gifts
EVT_0012479,CUST_00988,2024-01-01T16:00:00,health_beauty
EVT_0012480,CUST_00988,2024-01-01T18:00:00,watches_gifts
EVT_0012481,CUST_00988,2024-01-01T20:00:00,health_beauty
EVT_0012482,CUST_00988,2024-01-01T22:00:00,watches_gifts
EVT_0012483,CUST_00988,2024-01-02T00:00:00,bed_bath
EVT_0012484,CUST_00989,2024-01-01T00:00:00,bed_bath
EVT_0012485,CUST_00989,2024-01-01T02:00:00,furniture
EVT_0012486,CUST_00989,2024-01-01T04:00:00,housewares
EVT_0012487,CUST_00989,2024-01-01T06:00:00,bed_bath
EVT_0012488,CUST_00989,2024-01-01T08:00:00,furniture
EVT_0012489,CUST_00989,2024-01-01T10:00:00,housewares
EVT_0012490,CUST_00989,2024-01-01T12:00:00,bed_bath
EVT_0012491,CUST_00989,2024-01-01T14:00:00,furniture
EVT_0012492,CUST_00989,2024-01-01T16:00:00,housewares
EVT_0012493,CUST_00989,2024-01-01T18:00:00,sports_leisure
EVT_0012494,CUST_00990,2024-01-01T00:00:00,computers
EVT_0012495,CUST_00990,2024-01-01T02:00:00,electronics
EVT_0012496,CUST_00990,2024-01-01T04:00:00,computers
EVT_0012497,CUST_00990,2024-01-01T06:00:00,electronics
EVT_0012498,CUST_00990,2024-01-01T08:00:00,computers
EVT_0012499,CUST_00990,2024-01-01T10:00:00,electronics
EVT_0012500,CUST_00990,2024-01-01T12:00:00,computers
EVT_0012501,CUST_00990,2024-01-01T14:00:00,electronics
EVT_0012502,CUST_00991,2024-01-01T00:00:00,electronics
EVT_0012503,CUST_00991,2024-01-01T02:00:00,computers
EVT_0012504,CUST_00991,2024-01-01T04:00:00,electronics
EVT_0012505,CUST_00991,2024-01-01T06:00:00,computers
EVT_0012506,CUST_00991,2024-01-01T08:00:00,electronics
EVT_0012507,CUST_00991,2024-01-01T10:00:00,computers
EVT_0012508,CUST_00991,2024-01-01T12:00:00,electronics
EVT_0012509,CUST_00991,2024-01-01T14:00:00,computers
EVT_0012510,CUST_00991,2024-01-01T16:00:00,electronics
EVT_0012511,CUST_00991,2024-01-01T18:00:00,health_beauty
EVT_0012512,CUST_00992,2024-01-01T00:00:00,health_beauty
EVT_0012513,CUST_00992,2024-01-01T02:00:00,watches_gifts
EVT_0012514,CUST_00992,2024-01-01T04:00:00,health_beauty
EVT_0012515,CUST_00992,2024-01-01T06:00:00,watches_gifts
EVT_0012516,CUST_00992,2024-01-01T08:00:00,health_beauty
EVT_0012517,CUST_00992,2024-01-01T10:00:00,watches_gifts
EVT_0012518,CUST_00992,2024-01-01T12:00:00,health_beauty
EVT_0012519,CUST_00992,2024-01-01T14:00:00,watches_gifts
EVT_0012520,CUST_00992,2024-01-01T16:00:00,health_beauty
EVT_0012521,CUST_00992,2024-01-01T18:00:00,watches_gifts
EVT_0012522,CUST_00992,2024-01-01T20:00:00,health_beauty
EVT_0012523,CUST_00992,2024-01-01T22:00:00,watches_gifts
EVT_0012524,CUST_00992,2024-01-02T00:00:00,health_beauty
EVT_0012525,CUST_00992,2024-01-02T02:00:00,watches_gifts
EVT_0012526,CUST_00992,2024-01-02T04:00:00,health_beauty
EVT_0012527,CUST_00992,2024-01-02T06:00:00,watches_gifts
EVT_0012528,CUST_00992,2024-01-02T08:00:00,health_beauty
EVT_0012529,CUST_00993,2024-01-01T00:00:00,bed_bath
EVT_0012530,CUST_00993,2024-01-01T02:00:00,furniture
EVT_0012531,CUST_00993,2024-01-01T04:00:00,health_beauty
EVT_0012532,CUST_00993,2024-01-01T06:00:00,watches_gifts
EVT_0012533,CUST_00993,2024-01-01T08:00:00,health_beauty
EVT_0012534,CUST_00993,2024-01-01T10:00:00,watches_gifts
EVT_0012535,CUST_00993,2024-01-01T12:00:00,furniture
EVT_0012536,CUST_00993,2024-01-01T14:00:00,housewares
EVT_0012537,CUST_00993,2024-01-01T16:00:00,bed_bath
EVT_0012538,CUST_00993,2024-01-01T18:00:00,furniture
EVT_0012539,CUST_00993,2024-01-01T20:00:00,auto
EVT_0012540,CUST_00993,2024-01-01T22:00:00,electronics
EVT_0012541,CUST_00993,2024-01-02T00:00:00,computers
EVT_0012542,CUST_00993,2024-01-02T02:00:00,electronics
EVT_0012543,CUST_00993,2024-01-02T04:00:00,computers
EVT_0012544,CUST_00993,2024-01-02T06:00:00,electronics
EVT_0012545,CUST_00994,2024-01-01T00:00:00,health_beauty
EVT_0012546,CUST_00994,2024-01-01T02:00:00,watches_gifts
EVT_0012547,CUST_00994,2024-01-01T04:00:00,health_beauty
EVT_0012548,CUST_00994,2024-01-01T06:00:00,watches_gifts
EVT_0012549,CUST_00994,2024-01-01T08:00:00,health_beauty
EVT_0012550,CUST_00994,2024-01-01T10:00:00,watches_gifts
EVT_0012551,CUST_00994,2024-01-01T12:00:00,health_beauty
EVT_0012552,CUST_00994,2024-01-01T14:00:00,watches_gifts
EVT_0012553,CUST_00994,2024-01-01T16:00:00,health_beauty
EVT_0012554,CUST_00994,2024-01-01T18:00:00,watches_gifts
EVT_0012555,CUST_00995,2024-01-01T00:00:00,furniture
EVT_0012556,CUST_00995,2024-01-01T02:00:00,housewares
EVT_0012557,CUST_00995,2024-01-01T04:00:00,bed_bath
EVT_0012558,CUST_00995,2024-01-01T06:00:00,furniture
EVT_0012559,CUST_00995,2024-01-01T08:00:00,housewares
EVT_0012560,CUST_00995,2024-01-01T10:00:00,bed_bath
EVT_0012561,CUST_00995,2024-01-01T12:00:00,furniture
EVT_0012562,CUST_00995,2024-01-01T14:00:00,housewares
EVT_0012563,CUST_00995,2024-01-01T16:00:00,furniture
EVT_0012564,CUST_00995,2024-01-01T18:00:00,housewares
EVT_0012565,CUST_00995,2024-01-01T20:00:00,bed_bath
EVT_0012566,CUST_00996,2024-01-01T00:00:00,electronics
EVT_0012567,CUST_00996,2024-01-01T02:00:00,computers
EVT_0012568,CUST_00996,2024-01-01T04:00:00,electronics
EVT_0012569,CUST_00996,2024-01-01T06:00:00,computers
EVT_0012570,CUST_00996,2024-01-01T08:00:00,electronics
EVT_0012571,CUST_00996,2024-01-01T10:00:00,computers
EVT_0012572,CUST_00996,2024-01-01T12:00:00,electronics
EVT_0012573,CUST_00996,2024-01-01T14:00:00,computers
EVT_0012574,CUST_00996,2024-01-01T16:00:00,electronics
EVT_0012575,CUST_00996,2024-01-01T18:00:00,computers
EVT_0012576,CUST_00997,2024-01-01T00:00:00,furniture
EVT_0012577,CUST_00997,2024-01-01T02:00:00,housewares
EVT_0012578,CUST_00997,2024-01-01T04:00:00,bed_bath
EVT_0012579,CUST_00997,2024-01-01T06:00:00,furniture
EVT_0012580,CUST_00997,2024-01-01T08:00:00,auto
EVT_0012581,CUST_00997,2024-01-01T10:00:00,electronics
EVT_0012582,CUST_00997,2024-01-01T12:00:00,computers
EVT_0012583,CUST_00997,2024-01-01T14:00:00,electronics
EVT_0012584,CUST_00997,2024-01-01T16:00:00,computers
EVT_0012585,CUST_00997,2024-01-01T18:00:00,electronics
EVT_0012586,CUST_00998,2024-01-01T00:00:00,computers
EVT_0012587,CUST_00998,2024-01-01T02:00:00,electronics
EVT_0012588,CUST_00998,2024-01-01T04:00:00,computers
EVT_0012589,CUST_00998,2024-01-01T06:00:00,electronics
EVT_0012590,CUST_00998,2024-01-01T08:00:00,computers
EVT_0012591,CUST_00998,2024-01-01T10:00:00,electronics
EVT_0012592,CUST_00998,2024-01-01T12:00:00,computers
EVT_0012593,CUST_00998,2024-01-01T14:00:00,electronics
EVT_0012594,CUST_00998,2024-01-01T16:00:00,computers
EVT_0012595,CUST_00999,2024-01-01T00:00:00,bed_bath
EVT_0012596,CUST_00999,2024-01-01T02:00:00,furniture
EVT_0012597,CUST_00999,2024-01-01T04:00:00,housewares
EVT_0012598,CUST_00999,2024-01-01T06:00:00,bed_bath
EVT_0012599,CUST_00999,2024-01-01T08:00:00,furniture
EVT_0012600,CUST_00999,2024-01-01T10:00:00,housewares
EVT_0012601,CUST_00999,2024-01-01T12:00:00,bed_bath
EVT_0012602,CUST_00999,2024-01-01T14:00:00,furniture
EVT_0012603,CUST_00999,2024-01-01T16:00:00,housewares
EVT_0012604,CUST_00999,2024-01-01T18:00:00,bed_bath
EVT_0012605,CUST_00999,2024-01-01T20:00:00,furniture
EVT_0012606,CUST_00999,2024-01-01T22:00:00,housewares
EVT_0012607,CUST_01000,2024-01-01T00:00:00,bed_bath
EVT_0012608,CUST_01000,2024-01-01T02:00:00,furniture
EVT_0012609,CUST_01000,2024-01-01T04:00:00,housewares
EVT_0012610,CUST_01000,2024-01-01T06:00:00,bed_bath
EVT_0012611,CUST_01000,2024-01-01T08:00:00,furniture
EVT_0012612,CUST_01000,2024-01-01T10:00:00,housewares
EVT_0012613,CUST_01000,2024-01-01T12:00:00,bed_bath
EVT_0012614,CUST_01000,2024-01-01T14:00:00,furniture
EVT_0012615,CUST_01000,2024-01-01T16:00:00,housewares
EVT_0012616,CUST_01000,2024-01-01T18:00:00,bed_bath
EVT_0012617,CUST_01000,2024-01-01T20:00:00,watches_gifts
EVT_0012618,CUST_01000,2024-01-01T22:00:00,health_beauty
EVT_0012619,CUST_01001,2024-01-01T00:00:00,watches_gifts
EVT_0012620,CUST_01001,2024-01-01T02:00:00,health_beauty
EVT_0012621,CUST_01001,2024-01-01T04:00:00,watches_gifts
EVT_0012622,CUST_01001,2024-01-01T06:00:00,bed_bath
EVT_0012623,CUST_01001,2024-01-01T08:00:00,furniture
EVT_0012624,CUST_01001,2024-01-01T10:00:00,housewares
EVT_0012625,CUST_01001,2024-01-01T12:00:00,bed_bath
EVT_0012626,CUST_01001,2024-01-01T14:00:00,furniture
EVT_0012627,CUST_01001,2024-01-01T16:00:00,housewares
EVT_0012628,CUST_01001,2024-01-01T18:00:00,bed_bath
EVT_0012629,CUST_01001,2024-01-01T20:00:00,furniture
EVT_0012630,CUST_01002,2024-01-01T00:00:00,bed_bath
EVT_0012631,CUST_01002,2024-01-01T02:00:00,furniture
EVT_0012632,CUST_01002,2024-01-01T04:00:00,housewares
EVT_0012633,CUST_01002,2024-01-01T06:00:00,bed_bath
EVT_0012634,CUST_01002,2024-01-01T08:00:00,furniture
EVT_0012635,CUST_01002,2024-01-01T10:00:00,housewares
EVT_0012636,CUST_01002,2024-01-01T12:00:00,bed_bath
EVT_0012637,CUST_01002,2024-01-01T14:00:00,furniture
EVT_0012638,CUST_01002,2024-01-01T16:00:00,housewares
EVT_0012639,CUST_01002,2024-01-01T18:00:00,bed_bath
EVT_0012640,CUST_01002,2024-01-01T20:00:00,furniture
EVT_0012641,CUST_01002,2024-01-01T22:00:00,housewares
EVT_0012642,CUST_01002,2024-01-02T00:00:00,bed_bath
EVT_0012643,CUST_01002,2024-01-02T02:00:00,furniture
EVT_0012644,CUST_01002,2024-01-02T04:00:00,housewares
EVT_0012645,CUST_01002,2024-01-02T06:00:00,bed_bath
EVT_0012646,CUST_01002,2024-01-02T08:00:00,furniture
EVT_0012647,CUST_01003,2024-01-01T00:00:00,bed_bath
EVT_0012648,CUST_01003,2024-01-01T02:00:00,furniture
EVT_0012649,CUST_01003,2024-01-01T04:00:00,housewares
EVT_0012650,CUST_01003,2024-01-01T06:00:00,bed_bath
EVT_0012651,CUST_01003,2024-01-01T08:00:00,furniture
EVT_0012652,CUST_01003,2024-01-01T10:00:00,housewares
EVT_0012653,CUST_01003,2024-01-01T12:00:00,bed_bath
EVT_0012654,CUST_01003,2024-01-01T14:00:00,furniture
EVT_0012655,CUST_01003,2024-01-01T16:00:00,housewares
EVT_0012656,CUST_01003,2024-01-01T18:00:00,bed_bath
EVT_0012657,CUST_01003,2024-01-01T20:00:00,furniture
EVT_0012658,CUST_01003,2024-01-01T22:00:00,housewares
EVT_0012659,CUST_01003,2024-01-02T00:00:00,bed_bath
EVT_0012660,CUST_01003,2024-01-02T02:00:00,furniture
EVT_0012661,CUST_01003,2024-01-02T04:00:00,housewares
EVT_0012662,CUST_01003,2024-01-02T06:00:00,bed_bath
EVT_0012663,CUST_01004,2024-01-01T00:00:00,bed_bath
EVT_0012664,CUST_01004,2024-01-01T02:00:00,furniture
EVT_0012665,CUST_01004,2024-01-01T04:00:00,housewares
EVT_0012666,CUST_01004,2024-01-01T06:00:00,bed_bath
EVT_0012667,CUST_01004,2024-01-01T08:00:00,furniture
EVT_0012668,CUST_01004,2024-01-01T10:00:00,housewares
EVT_0012669,CUST_01004,2024-01-01T12:00:00,bed_bath
EVT_0012670,CUST_01004,2024-01-01T14:00:00,furniture
EVT_0012671,CUST_01004,2024-01-01T16:00:00,health_beauty
EVT_0012672,CUST_01004,2024-01-01T18:00:00,housewares
EVT_0012673,CUST_01004,2024-01-01T20:00:00,bed_bath
EVT_0012674,CUST_01004,2024-01-01T22:00:00,furniture
EVT_0012675,CUST_01004,2024-01-02T00:00:00,housewares
EVT_0012676,CUST_01004,2024-01-02T02:00:00,computers
EVT_0012677,CUST_01005,2024-01-01T00:00:00,bed_bath
EVT_0012678,CUST_01005,2024-01-01T02:00:00,furniture
EVT_0012679,CUST_01005,2024-01-01T04:00:00,housewares
EVT_0012680,CUST_01005,2024-01-01T06:00:00,bed_bath
EVT_0012681,CUST_01005,2024-01-01T08:00:00,furniture
EVT_0012682,CUST_01005,2024-01-01T10:00:00,housewares
EVT_0012683,CUST_01005,2024-01-01T12:00:00,bed_bath
EVT_0012684,CUST_01005,2024-01-01T14:00:00,furniture
EVT_0012685,CUST_01005,2024-01-01T16:00:00,housewares
EVT_0012686,CUST_01005,2024-01-01T18:00:00,bed_bath
EVT_0012687,CUST_01005,2024-01-01T20:00:00,furniture
EVT_0012688,CUST_01005,2024-01-01T22:00:00,housewares
EVT_0012689,CUST_01005,2024-01-02T00:00:00,bed_bath
EVT_0012690,CUST_01005,2024-01-02T02:00:00,furniture
EVT_0012691,CUST_01005,2024-01-02T04:00:00,housewares
EVT_0012692,CUST_01005,2024-01-02T06:00:00,electronics
EVT_0012693,CUST_01005,2024-01-02T08:00:00,computers
EVT_0012694,CUST_01006,2024-01-01T00:00:00,electronics
EVT_0012695,CUST_01006,2024-01-01T02:00:00,computers
EVT_0012696,CUST_01006,2024-01-01T04:00:00,electronics
EVT_0012697,CUST_01006,2024-01-01T06:00:00,computers
EVT_0012698,CUST_01006,2024-01-01T08:00:00,electronics
EVT_0012699,CUST_01006,2024-01-01T10:00:00,computers
EVT_0012700,CUST_01006,2024-01-01T12:00:00,electronics
EVT_0012701,CUST_01006,2024-01-01T14:00:00,computers
EVT_0012702,CUST_01006,2024-01-01T16:00:00,electronics
EVT_0012703,CUST_01006,2024-01-01T18:00:00,computers
EVT_0012704,CUST_01006,2024-01-01T20:00:00,electronics
EVT_0012705,CUST_01007,2024-01-01T00:00:00,housewares
EVT_0012706,CUST_01007,2024-01-01T02:00:00,bed_bath
EVT_0012707,CUST_01007,2024-01-01T04:00:00,furniture
EVT_0012708,CUST_01007,2024-01-01T06:00:00,housewares
EVT_0012709,CUST_01007,2024-01-01T08:00:00,bed_bath
EVT_0012710,CUST_01007,2024-01-01T10:00:00,furniture
EVT_0012711,CUST_01007,2024-01-01T12:00:00,housewares
EVT_0012712,CUST_01007,2024-01-01T14:00:00,bed_bath
EVT_0012713,CUST_01007,2024-01-01T16:00:00,furniture
EVT_0012714,CUST_01007,2024-01-01T18:00:00,housewares
EVT_0012715,CUST_01007,2024-01-01T20:00:00,bed_bath
EVT_0012716,CUST_01007,2024-01-01T22:00:00,furniture
EVT_0012717,CUST_01007,2024-01-02T00:00:00,housewares
EVT_0012718,CUST_01007,2024-01-02T02:00:00,bed_bath
EVT_0012719,CUST_01007,2024-01-02T04:00:00,furniture
EVT_0012720,CUST_01007,2024-01-02T06:00:00,housewares
EVT_0012721,CUST_01008,2024-01-01T00:00:00,housewares
EVT_0012722,CUST_01008,2024-01-01T02:00:00,bed_bath
EVT_0012723,CUST_01008,2024-01-01T04:00:00,furniture
EVT_0012724,CUST_01008,2024-01-01T06:00:00,housewares
EVT_0012725,CUST_01008,2024-01-01T08:00:00,bed_bath
EVT_0012726,CUST_01008,2024-01-01T10:00:00,furniture
EVT_0012727,CUST_01008,2024-01-01T12:00:00,housewares
EVT_0012728,CUST_01008,2024-01-01T14:00:00,bed_bath
EVT_0012729,CUST_01009,2024-01-01T00:00:00,computers
EVT_0012730,CUST_01009,2024-01-01T02:00:00,electronics
EVT_0012731,CUST_01009,2024-01-01T04:00:00,computers
EVT_0012732,CUST_01009,2024-01-01T06:00:00,electronics
EVT_0012733,CUST_01009,2024-01-01T08:00:00,computers
EVT_0012734,CUST_01009,2024-01-01T10:00:00,toys
EVT_0012735,CUST_01009,2024-01-01T12:00:00,electronics
EVT_0012736,CUST_01009,2024-01-01T14:00:00,computers
EVT_0012737,CUST_01009,2024-01-01T16:00:00,electronics
EVT_0012738,CUST_01009,2024-01-01T18:00:00,computers
EVT_0012739,CUST_01009,2024-01-01T20:00:00,electronics
EVT_0012740,CUST_01009,2024-01-01T22:00:00,computers
EVT_0012741,CUST_01009,2024-01-02T00:00:00,electronics
EVT_0012742,CUST_01009,2024-01-02T02:00:00,computers
EVT_0012743,CUST_01009,2024-01-02T04:00:00,electronics
EVT_0012744,CUST_01010,2024-01-01T00:00:00,bed_bath
EVT_0012745,CUST_01010,2024-01-01T02:00:00,furniture
EVT_0012746,CUST_01010,2024-01-01T04:00:00,housewares
EVT_0012747,CUST_01010,2024-01-01T06:00:00,bed_bath
EVT_0012748,CUST_01010,2024-01-01T08:00:00,furniture
EVT_0012749,CUST_01010,2024-01-01T10:00:00,housewares
EVT_0012750,CUST_01010,2024-01-01T12:00:00,bed_bath
EVT_0012751,CUST_01010,2024-01-01T14:00:00,furniture
EVT_0012752,CUST_01010,2024-01-01T16:00:00,housewares
EVT_0012753,CUST_01010,2024-01-01T18:00:00,bed_bath
EVT_0012754,CUST_01010,2024-01-01T20:00:00,furniture
EVT_0012755,CUST_01010,2024-01-01T22:00:00,housewares
EVT_0012756,CUST_01010,2024-01-02T00:00:00,bed_bath
EVT_0012757,CUST_01010,2024-01-02T02:00:00,furniture
EVT_0012758,CUST_01010,2024-01-02T04:00:00,housewares
EVT_0012759,CUST_01010,2024-01-02T06:00:00,bed_bath
EVT_0012760,CUST_01010,2024-01-02T08:00:00,furniture
EVT_0012761,CUST_01011,2024-01-01T00:00:00,health_beauty
EVT_0012762,CUST_01011,2024-01-01T02:00:00,watches_gifts
EVT_0012763,CUST_01011,2024-01-01T04:00:00,health_beauty
EVT_0012764,CUST_01011,2024-01-01T06:00:00,watches_gifts
EVT_0012765,CUST_01011,2024-01-01T08:00:00,watches_gifts
EVT_0012766,CUST_01011,2024-01-01T10:00:00,health_beauty
EVT_0012767,CUST_01011,2024-01-01T12:00:00,watches_gifts
EVT_0012768,CUST_01011,2024-01-01T14:00:00,health_beauty
EVT_0012769,CUST_01011,2024-01-01T16:00:00,watches_gifts
EVT_0012770,CUST_01011,2024-01-01T18:00:00,health_beauty
EVT_0012771,CUST_01011,2024-01-01T20:00:00,furniture
EVT_0012772,CUST_01011,2024-01-01T22:00:00,housewares
EVT_0012773,CUST_01011,2024-01-02T00:00:00,bed_bath
EVT_0012774,CUST_01011,2024-01-02T02:00:00,furniture
EVT_0012775,CUST_01011,2024-01-02T04:00:00,housewares
EVT_0012776,CUST_01011,2024-01-02T06:00:00,bed_bath
EVT_0012777,CUST_01011,2024-01-02T08:00:00,furniture
EVT_0012778,CUST_01012,2024-01-01T00:00:00,housewares
EVT_0012779,CUST_01012,2024-01-01T02:00:00,bed_bath
EVT_0012780,CUST_01012,2024-01-01T04:00:00,furniture
EVT_0012781,CUST_01012,2024-01-01T06:00:00,housewares
EVT_0012782,CUST_01012,2024-01-01T08:00:00,bed_bath
EVT_0012783,CUST_01012,2024-01-01T10:00:00,furniture
EVT_0012784,CUST_01012,2024-01-01T12:00:00,housewares
EVT_0012785,CUST_01012,2024-01-01T14:00:00,bed_bath
EVT_0012786,CUST_01012,2024-01-01T16:00:00,toys
EVT_0012787,CUST_01012,2024-01-01T18:00:00,electronics
EVT_0012788,CUST_01013,2024-01-01T00:00:00,electronics
EVT_0012789,CUST_01013,2024-01-01T02:00:00,computers
EVT_0012790,CUST_01013,2024-01-01T04:00:00,electronics
EVT_0012791,CUST_01013,2024-01-01T06:00:00,housewares
EVT_0012792,CUST_01013,2024-01-01T08:00:00,bed_bath
EVT_0012793,CUST_01013,2024-01-01T10:00:00,furniture
EVT_0012794,CUST_01013,2024-01-01T12:00:00,housewares
EVT_0012795,CUST_01013,2024-01-01T14:00:00,bed_bath
EVT_0012796,CUST_01013,2024-01-01T16:00:00,furniture
EVT_0012797,CUST_01013,2024-01-01T18:00:00,sports_leisure
EVT_0012798,CUST_01013,2024-01-01T20:00:00,health_beauty
EVT_0012799,CUST_01013,2024-01-01T22:00:00,watches_gifts
EVT_0012800,CUST_01013,2024-01-02T00:00:00,health_beauty
EVT_0012801,CUST_01013,2024-01-02T02:00:00,watches_gifts
EVT_0012802,CUST_01013,2024-01-02T04:00:00,health_beauty
EVT_0012803,CUST_01014,2024-01-01T00:00:00,electronics
EVT_0012804,CUST_01014,2024-01-01T02:00:00,computers
EVT_0012805,CUST_01014,2024-01-01T04:00:00,electronics
EVT_0012806,CUST_01014,2024-01-01T06:00:00,computers
EVT_0012807,CUST_01014,2024-01-01T08:00:00,electronics
EVT_0012808,CUST_01014,2024-01-01T10:00:00,computers
EVT_0012809,CUST_01014,2024-01-01T12:00:00,electronics
EVT_0012810,CUST_01014,2024-01-01T14:00:00,computers
EVT_0012811,CUST_01015,2024-01-01T00:00:00,watches_gifts
EVT_0012812,CUST_01015,2024-01-01T02:00:00,health_beauty
EVT_0012813,CUST_01015,2024-01-01T04:00:00,watches_gifts
EVT_0012814,CUST_01015,2024-01-01T06:00:00,health_beauty
EVT_0012815,CUST_01015,2024-01-01T08:00:00,watches_gifts
EVT_0012816,CUST_01015,2024-01-01T10:00:00,health_beauty
EVT_0012817,CUST_01015,2024-01-01T12:00:00,watches_gifts
EVT_0012818,CUST_01015,2024-01-01T14:00:00,health_beauty
EVT_0012819,CUST_01015,2024-01-01T16:00:00,watches_gifts
EVT_0012820,CUST_01015,2024-01-01T18:00:00,health_beauty
EVT_0012821,CUST_01015,2024-01-01T20:00:00,watches_gifts
EVT_0012822,CUST_01015,2024-01-01T22:00:00,health_beauty
EVT_0012823,CUST_01015,2024-01-02T00:00:00,watches_gifts
EVT_0012824,CUST_01016,2024-01-01T00:00:00,toys
EVT_0012825,CUST_01016,2024-01-01T02:00:00,electronics
EVT_0012826,CUST_01016,2024-01-01T04:00:00,computers
EVT_0012827,CUST_01016,2024-01-01T06:00:00,electronics
EVT_0012828,CUST_01016,2024-01-01T08:00:00,computers
EVT_0012829,CUST_01016,2024-01-01T10:00:00,electronics
EVT_0012830,CUST_01016,2024-01-01T12:00:00,computers
EVT_0012831,CUST_01016,2024-01-01T14:00:00,electronics
EVT_0012832,CUST_01016,2024-01-01T16:00:00,computers
EVT_0012833,CUST_01016,2024-01-01T18:00:00,electronics
EVT_0012834,CUST_01017,2024-01-01T00:00:00,electronics
EVT_0012835,CUST_01017,2024-01-01T02:00:00,computers
EVT_0012836,CUST_01017,2024-01-01T04:00:00,auto
EVT_0012837,CUST_01017,2024-01-01T06:00:00,electronics
EVT_0012838,CUST_01017,2024-01-01T08:00:00,computers
EVT_0012839,CUST_01017,2024-01-01T10:00:00,electronics
EVT_0012840,CUST_01017,2024-01-01T12:00:00,computers
EVT_0012841,CUST_01017,2024-01-01T14:00:00,electronics
EVT_0012842,CUST_01017,2024-01-01T16:00:00,computers
EVT_0012843,CUST_01017,2024-01-01T18:00:00,electronics
EVT_0012844,CUST_01017,2024-01-01T20:00:00,computers
EVT_0012845,CUST_01017,2024-01-01T22:00:00,electronics
EVT_0012846,CUST_01018,2024-01-01T00:00:00,electronics
EVT_0012847,CUST_01018,2024-01-01T02:00:00,computers
EVT_0012848,CUST_01018,2024-01-01T04:00:00,electronics
EVT_0012849,CUST_01018,2024-01-01T06:00:00,computers
EVT_0012850,CUST_01018,2024-01-01T08:00:00,electronics
EVT_0012851,CUST_01018,2024-01-01T10:00:00,bed_bath
EVT_0012852,CUST_01018,2024-01-01T12:00:00,furniture
EVT_0012853,CUST_01018,2024-01-01T14:00:00,housewares
EVT_0012854,CUST_01019,2024-01-01T00:00:00,computers
EVT_0012855,CUST_01019,2024-01-01T02:00:00,electronics
EVT_0012856,CUST_01019,2024-01-01T04:00:00,computers
EVT_0012857,CUST_01019,2024-01-01T06:00:00,electronics
EVT_0012858,CUST_01019,2024-01-01T08:00:00,auto
EVT_0012859,CUST_01019,2024-01-01T10:00:00,electronics
EVT_0012860,CUST_01019,2024-01-01T12:00:00,computers
EVT_0012861,CUST_01019,2024-01-01T14:00:00,electronics
EVT_0012862,CUST_01019,2024-01-01T16:00:00,computers
EVT_0012863,CUST_01019,2024-01-01T18:00:00,electronics
EVT_0012864,CUST_01019,2024-01-01T20:00:00,computers
EVT_0012865,CUST_01019,2024-01-01T22:00:00,electronics
EVT_0012866,CUST_01019,2024-01-02T00:00:00,computers
EVT_0012867,CUST_01020,2024-01-01T00:00:00,electronics
EVT_0012868,CUST_01020,2024-01-01T02:00:00,computers
EVT_0012869,CUST_01020,2024-01-01T04:00:00,electronics
EVT_0012870,CUST_01020,2024-01-01T06:00:00,computers
EVT_0012871,CUST_01020,2024-01-01T08:00:00,electronics
EVT_0012872,CUST_01020,2024-01-01T10:00:00,health_beauty
EVT_0012873,CUST_01020,2024-01-01T12:00:00,watches_gifts
EVT_0012874,CUST_01020,2024-01-01T14:00:00,health_beauty
EVT_0012875,CUST_01020,2024-01-01T16:00:00,watches_gifts
EVT_0012876,CUST_01021,2024-01-01T00:00:00,health_beauty
EVT_0012877,CUST_01021,2024-01-01T02:00:00,watches_gifts
EVT_0012878,CUST_01021,2024-01-01T04:00:00,health_beauty
EVT_0012879,CUST_01021,2024-01-01T06:00:00,watches_gifts
EVT_0012880,CUST_01021,2024-01-01T08:00:00,health_beauty
EVT_0012881,CUST_01021,2024-01-01T10:00:00,watches_gifts
EVT_0012882,CUST_01021,2024-01-01T12:00:00,health_beauty
EVT_0012883,CUST_01021,2024-01-01T14:00:00,watches_gifts
EVT_0012884,CUST_01021,2024-01-01T16:00:00,health_beauty
EVT_0012885,CUST_01021,2024-01-01T18:00:00,watches_gifts
EVT_0012886,CUST_01021,2024-01-01T20:00:00,health_beauty
EVT_0012887,CUST_01021,2024-01-01T22:00:00,bed_bath
EVT_0012888,CUST_01021,2024-01-02T00:00:00,watches_gifts
EVT_0012889,CUST_01021,2024-01-02T02:00:00,health_beauty
EVT_0012890,CUST_01021,2024-01-02T04:00:00,watches_gifts
EVT_0012891,CUST_01022,2024-01-01T00:00:00,electronics
EVT_0012892,CUST_01022,2024-01-01T02:00:00,computers
EVT_0012893,CUST_01022,2024-01-01T04:00:00,electronics
EVT_0012894,CUST_01022,2024-01-01T06:00:00,computers
EVT_0012895,CUST_01022,2024-01-01T08:00:00,electronics
EVT_0012896,CUST_01022,2024-01-01T10:00:00,computers
EVT_0012897,CUST_01022,2024-01-01T12:00:00,electronics
EVT_0012898,CUST_01022,2024-01-01T14:00:00,computers
EVT_0012899,CUST_01022,2024-01-01T16:00:00,bed_bath
EVT_0012900,CUST_01022,2024-01-01T18:00:00,furniture
EVT_0012901,CUST_01022,2024-01-01T20:00:00,housewares
EVT_0012902,CUST_01023,2024-01-01T00:00:00,electronics
EVT_0012903,CUST_01023,2024-01-01T02:00:00,computers
EVT_0012904,CUST_01023,2024-01-01T04:00:00,electronics
EVT_0012905,CUST_01023,2024-01-01T06:00:00,computers
EVT_0012906,CUST_01023,2024-01-01T08:00:00,electronics
EVT_0012907,CUST_01023,2024-01-01T10:00:00,computers
EVT_0012908,CUST_01023,2024-01-01T12:00:00,electronics
EVT_0012909,CUST_01023,2024-01-01T14:00:00,computers
EVT_0012910,CUST_01023,2024-01-01T16:00:00,furniture
EVT_0012911,CUST_01023,2024-01-01T18:00:00,housewares
EVT_0012912,CUST_01024,2024-01-01T00:00:00,electronics
EVT_0012913,CUST_01024,2024-01-01T02:00:00,computers
EVT_0012914,CUST_01024,2024-01-01T04:00:00,electronics
EVT_0012915,CUST_01024,2024-01-01T06:00:00,computers
EVT_0012916,CUST_01024,2024-01-01T08:00:00,electronics
EVT_0012917,CUST_01024,2024-01-01T10:00:00,computers
EVT_0012918,CUST_01024,2024-01-01T12:00:00,electronics
EVT_0012919,CUST_01024,2024-01-01T14:00:00,computers
EVT_0012920,CUST_01024,2024-01-01T16:00:00,electronics
EVT_0012921,CUST_01024,2024-01-01T18:00:00,computers
EVT_0012922,CUST_01024,2024-01-01T20:00:00,electronics
EVT_0012923,CUST_01024,2024-01-01T22:00:00,computers
EVT_0012924,CUST_01024,2024-01-02T00:00:00,electronics
EVT_0012925,CUST_01024,2024-01-02T02:00:00,computers
EVT_0012926,CUST_01025,2024-01-01T00:00:00,computers
EVT_0012927,CUST_01025,2024-01-01T02:00:00,electronics
EVT_0012928,CUST_01025,2024-01-01T04:00:00,computers
EVT_0012929,CUST_01025,2024-01-01T06:00:00,electronics
EVT_0012930,CUST_01025,2024-01-01T08:00:00,computers
EVT_0012931,CUST_01025,2024-01-01T10:00:00,electronics
EVT_0012932,CUST_01025,2024-01-01T12:00:00,computers
EVT_0012933,CUST_01025,2024-01-01T14:00:00,electronics
EVT_0012934,CUST_01025,2024-01-01T16:00:00,computers
EVT_0012935,CUST_01025,2024-01-01T18:00:00,electronics
EVT_0012936,CUST_01025,2024-01-01T20:00:00,computers
EVT_0012937,CUST_01025,2024-01-01T22:00:00,electronics
EVT_0012938,CUST_01026,2024-01-01T00:00:00,computers
EVT_0012939,CUST_01026,2024-01-01T02:00:00,electronics
EVT_0012940,CUST_01026,2024-01-01T04:00:00,computers
EVT_0012941,CUST_01026,2024-01-01T06:00:00,electronics
EVT_0012942,CUST_01026,2024-01-01T08:00:00,computers
EVT_0012943,CUST_01026,2024-01-01T10:00:00,electronics
EVT_0012944,CUST_01026,2024-01-01T12:00:00,computers
EVT_0012945,CUST_01026,2024-01-01T14:00:00,electronics
EVT_0012946,CUST_01026,2024-01-01T16:00:00,computers
EVT_0012947,CUST_01026,2024-01-01T18:00:00,electronics
EVT_0012948,CUST_01026,2024-01-01T20:00:00,computers
EVT_0012949,CUST_01026,2024-01-01T22:00:00,electronics
EVT_0012950,CUST_01026,2024-01-02T00:00:00,computers
EVT_0012951,CUST_01026,2024-01-02T02:00:00,electronics
EVT_0012952,CUST_01027,2024-01-01T00:00:00,watches_gifts
EVT_0012953,CUST_01027,2024-01-01T02:00:00,health_beauty
EVT_0012954,CUST_01027,2024-01-01T04:00:00,watches_gifts
EVT_0012955,CUST_01027,2024-01-01T06:00:00,health_beauty
EVT_0012956,CUST_01027,2024-01-01T08:00:00,watches_gifts
EVT_0012957,CUST_01027,2024-01-01T10:00:00,health_beauty
EVT_0012958,CUST_01027,2024-01-01T12:00:00,watches_gifts
EVT_0012959,CUST_01027,2024-01-01T14:00:00,health_beauty
EVT_0012960,CUST_01027,2024-01-01T16:00:00,watches_gifts
EVT_0012961,CUST_01028,2024-01-01T00:00:00,health_beauty
EVT_0012962,CUST_01028,2024-01-01T02:00:00,watches_gifts
EVT_0012963,CUST_01028,2024-01-01T04:00:00,health_beauty
EVT_0012964,CUST_01028,2024-01-01T06:00:00,watches_gifts
EVT_0012965,CUST_01028,2024-01-01T08:00:00,health_beauty
EVT_0012966,CUST_01028,2024-01-01T10:00:00,watches_gifts
EVT_0012967,CUST_01028,2024-01-01T12:00:00,health_beauty
EVT_0012968,CUST_01028,2024-01-01T14:00:00,watches_gifts
EVT_0012969,CUST_01029,2024-01-01T00:00:00,housewares
EVT_0012970,CUST_01029,2024-01-01T02:00:00,bed_bath
EVT_0012971,CUST_01029,2024-01-01T04:00:00,auto
EVT_0012972,CUST_01029,2024-01-01T06:00:00,furniture
EVT_0012973,CUST_01029,2024-01-01T08:00:00,housewares
EVT_0012974,CUST_01029,2024-01-01T10:00:00,bed_bath
EVT_0012975,CUST_01029,2024-01-01T12:00:00,furniture
EVT_0012976,CUST_01029,2024-01-01T14:00:00,housewares
EVT_0012977,CUST_01029,2024-01-01T16:00:00,bed_bath
EVT_0012978,CUST_01029,2024-01-01T18:00:00,furniture
EVT_0012979,CUST_01029,2024-01-01T20:00:00,housewares
EVT_0012980,CUST_01029,2024-01-01T22:00:00,bed_bath
EVT_0012981,CUST_01030,2024-01-01T00:00:00,electronics
EVT_0012982,CUST_01030,2024-01-01T02:00:00,computers
EVT_0012983,CUST_01030,2024-01-01T04:00:00,electronics
EVT_0012984,CUST_01030,2024-01-01T06:00:00,computers
EVT_0012985,CUST_01030,2024-01-01T08:00:00,electronics
EVT_0012986,CUST_01030,2024-01-01T10:00:00,computers
EVT_0012987,CUST_01030,2024-01-01T12:00:00,electronics
EVT_0012988,CUST_01030,2024-01-01T14:00:00,computers
EVT_0012989,CUST_01031,2024-01-01T00:00:00,electronics
EVT_0012990,CUST_01031,2024-01-01T02:00:00,computers
EVT_0012991,CUST_01031,2024-01-01T04:00:00,electronics
EVT_0012992,CUST_01031,2024-01-01T06:00:00,computers
EVT_0012993,CUST_01031,2024-01-01T08:00:00,electronics
EVT_0012994,CUST_01031,2024-01-01T10:00:00,computers
EVT_0012995,CUST_01031,2024-01-01T12:00:00,electronics
EVT_0012996,CUST_01031,2024-01-01T14:00:00,computers
EVT_0012997,CUST_01031,2024-01-01T16:00:00,furniture
EVT_0012998,CUST_01031,2024-01-01T18:00:00,housewares
EVT_0012999,CUST_01031,2024-01-01T20:00:00,bed_bath
EVT_0013000,CUST_01031,2024-01-01T22:00:00,furniture
EVT_0013001,CUST_01031,2024-01-02T00:00:00,housewares
EVT_0013002,CUST_01032,2024-01-01T00:00:00,bed_bath
EVT_0013003,CUST_01032,2024-01-01T02:00:00,furniture
EVT_0013004,CUST_01032,2024-01-01T04:00:00,housewares
EVT_0013005,CUST_01032,2024-01-01T06:00:00,bed_bath
EVT_0013006,CUST_01032,2024-01-01T08:00:00,furniture
EVT_0013007,CUST_01032,2024-01-01T10:00:00,housewares
EVT_0013008,CUST_01032,2024-01-01T12:00:00,furniture
EVT_0013009,CUST_01032,2024-01-01T14:00:00,computers
EVT_0013010,CUST_01032,2024-01-01T16:00:00,electronics
EVT_0013011,CUST_01032,2024-01-01T18:00:00,computers
EVT_0013012,CUST_01032,2024-01-01T20:00:00,electronics
EVT_0013013,CUST_01032,2024-01-01T22:00:00,computers
EVT_0013014,CUST_01032,2024-01-02T00:00:00,furniture
EVT_0013015,CUST_01032,2024-01-02T02:00:00,housewares
EVT_0013016,CUST_01032,2024-01-02T04:00:00,bed_bath
EVT_0013017,CUST_01032,2024-01-02T06:00:00,furniture
EVT_0013018,CUST_01032,2024-01-02T08:00:00,housewares
EVT_0013019,CUST_01033,2024-01-01T00:00:00,watches_gifts
EVT_0013020,CUST_01033,2024-01-01T02:00:00,health_beauty
EVT_0013021,CUST_01033,2024-01-01T04:00:00,computers
EVT_0013022,CUST_01033,2024-01-01T06:00:00,electronics
EVT_0013023,CUST_01033,2024-01-01T08:00:00,computers
EVT_0013024,CUST_01033,2024-01-01T10:00:00,electronics
EVT_0013025,CUST_01033,2024-01-01T12:00:00,computers
EVT_0013026,CUST_01033,2024-01-01T14:00:00,electronics
EVT_0013027,CUST_01033,2024-01-01T16:00:00,computers
EVT_0013028,CUST_01033,2024-01-01T18:00:00,electronics
EVT_0013029,CUST_01033,2024-01-01T20:00:00,computers
EVT_0013030,CUST_01033,2024-01-01T22:00:00,electronics
EVT_0013031,CUST_01033,2024-01-02T00:00:00,computers
EVT_0013032,CUST_01033,2024-01-02T02:00:00,electronics
EVT_0013033,CUST_01033,2024-01-02T04:00:00,computers
EVT_0013034,CUST_01034,2024-01-01T00:00:00,bed_bath
EVT_0013035,CUST_01034,2024-01-01T02:00:00,furniture
EVT_0013036,CUST_01034,2024-01-01T04:00:00,housewares
EVT_0013037,CUST_01034,2024-01-01T06:00:00,bed_bath
EVT_0013038,CUST_01034,2024-01-01T08:00:00,computers
EVT_0013039,CUST_01034,2024-01-01T10:00:00,electronics
EVT_0013040,CUST_01034,2024-01-01T12:00:00,computers
EVT_0013041,CUST_01034,2024-01-01T14:00:00,electronics
EVT_0013042,CUST_01034,2024-01-01T16:00:00,bed_bath
EVT_0013043,CUST_01034,2024-01-01T18:00:00,furniture
EVT_0013044,CUST_01034,2024-01-01T20:00:00,housewares
EVT_0013045,CUST_01034,2024-01-01T22:00:00,bed_bath
EVT_0013046,CUST_01034,2024-01-02T00:00:00,furniture
EVT_0013047,CUST_01034,2024-01-02T02:00:00,housewares
EVT_0013048,CUST_01034,2024-01-02T04:00:00,computers
EVT_0013049,CUST_01035,2024-01-01T00:00:00,health_beauty
EVT_0013050,CUST_01035,2024-01-01T02:00:00,watches_gifts
EVT_0013051,CUST_01035,2024-01-01T04:00:00,computers
EVT_0013052,CUST_01035,2024-01-01T06:00:00,electronics
EVT_0013053,CUST_01035,2024-01-01T08:00:00,computers
EVT_0013054,CUST_01035,2024-01-01T10:00:00,electronics
EVT_0013055,CUST_01035,2024-01-01T12:00:00,computers
EVT_0013056,CUST_01035,2024-01-01T14:00:00,electronics
EVT_0013057,CUST_01035,2024-01-01T16:00:00,computers
EVT_0013058,CUST_01035,2024-01-01T18:00:00,electronics
EVT_0013059,CUST_01035,2024-01-01T20:00:00,computers
EVT_0013060,CUST_01035,2024-01-01T22:00:00,electronics
EVT_0013061,CUST_01035,2024-01-02T00:00:00,computers
EVT_0013062,CUST_01035,2024-01-02T02:00:00,electronics
EVT_0013063,CUST_01035,2024-01-02T04:00:00,computers
EVT_0013064,CUST_01035,2024-01-02T06:00:00,electronics
EVT_0013065,CUST_01036,2024-01-01T00:00:00,watches_gifts
EVT_0013066,CUST_01036,2024-01-01T02:00:00,health_beauty
EVT_0013067,CUST_01036,2024-01-01T04:00:00,watches_gifts
EVT_0013068,CUST_01036,2024-01-01T06:00:00,health_beauty
EVT_0013069,CUST_01036,2024-01-01T08:00:00,watches_gifts
EVT_0013070,CUST_01036,2024-01-01T10:00:00,health_beauty
EVT_0013071,CUST_01036,2024-01-01T12:00:00,watches_gifts
EVT_0013072,CUST_01036,2024-01-01T14:00:00,health_beauty
EVT_0013073,CUST_01036,2024-01-01T16:00:00,watches_gifts
EVT_0013074,CUST_01036,2024-01-01T18:00:00,health_beauty
EVT_0013075,CUST_01036,2024-01-01T20:00:00,watches_gifts
EVT_0013076,CUST_01036,2024-01-01T22:00:00,health_beauty
EVT_0013077,CUST_01036,2024-01-02T00:00:00,watches_gifts
EVT_0013078,CUST_01036,2024-01-02T02:00:00,health_beauty
EVT_0013079,CUST_01036,2024-01-02T04:00:00,watches_gifts
EVT_0013080,CUST_01037,2024-01-01T00:00:00,health_beauty
EVT_0013081,CUST_01037,2024-01-01T02:00:00,watches_gifts
EVT_0013082,CUST_01037,2024-01-01T04:00:00,health_beauty
EVT_0013083,CUST_01037,2024-01-01T06:00:00,watches_gifts
EVT_0013084,CUST_01037,2024-01-01T08:00:00,health_beauty
EVT_0013085,CUST_01037,2024-01-01T10:00:00,watches_gifts
EVT_0013086,CUST_01037,2024-01-01T12:00:00,health_beauty
EVT_0013087,CUST_01037,2024-01-01T14:00:00,watches_gifts
EVT_0013088,CUST_01037,2024-01-01T16:00:00,health_beauty
EVT_0013089,CUST_01038,2024-01-01T00:00:00,housewares
EVT_0013090,CUST_01038,2024-01-01T02:00:00,bed_bath
EVT_0013091,CUST_01038,2024-01-01T04:00:00,furniture
EVT_0013092,CUST_01038,2024-01-01T06:00:00,watches_gifts
EVT_0013093,CUST_01038,2024-01-01T08:00:00,health_beauty
EVT_0013094,CUST_01038,2024-01-01T10:00:00,watches_gifts
EVT_0013095,CUST_01038,2024-01-01T12:00:00,health_beauty
EVT_0013096,CUST_01038,2024-01-01T14:00:00,watches_gifts
EVT_0013097,CUST_01039,2024-01-01T00:00:00,health_beauty
EVT_0013098,CUST_01039,2024-01-01T02:00:00,watches_gifts
EVT_0013099,CUST_01039,2024-01-01T04:00:00,health_beauty
EVT_0013100,CUST_01039,2024-01-01T06:00:00,watches_gifts
EVT_0013101,CUST_01039,2024-01-01T08:00:00,health_beauty
EVT_0013102,CUST_01039,2024-01-01T10:00:00,watches_gifts
EVT_0013103,CUST_01039,2024-01-01T12:00:00,computers
EVT_0013104,CUST_01039,2024-01-01T14:00:00,electronics
EVT_0013105,CUST_01039,2024-01-01T16:00:00,computers
EVT_0013106,CUST_01039,2024-01-01T18:00:00,electronics
EVT_0013107,CUST_01039,2024-01-01T20:00:00,computers
EVT_0013108,CUST_01039,2024-01-01T22:00:00,electronics
EVT_0013109,CUST_01039,2024-01-02T00:00:00,computers
EVT_0013110,CUST_01039,2024-01-02T02:00:00,electronics
EVT_0013111,CUST_01039,2024-01-02T04:00:00,computers
EVT_0013112,CUST_01039,2024-01-02T06:00:00,electronics
EVT_0013113,CUST_01040,2024-01-01T00:00:00,health_beauty
EVT_0013114,CUST_01040,2024-01-01T02:00:00,watches_gifts
EVT_0013115,CUST_01040,2024-01-01T04:00:00,health_beauty
EVT_0013116,CUST_01040,2024-01-01T06:00:00,watches_gifts
EVT_0013117,CUST_01040,2024-01-01T08:00:00,computers
EVT_0013118,CUST_01040,2024-01-01T10:00:00,electronics
EVT_0013119,CUST_01040,2024-01-01T12:00:00,health_beauty
EVT_0013120,CUST_01040,2024-01-01T14:00:00,watches_gifts
EVT_0013121,CUST_01041,2024-01-01T00:00:00,electronics
EVT_0013122,CUST_01041,2024-01-01T02:00:00,computers
EVT_0013123,CUST_01041,2024-01-01T04:00:00,electronics
EVT_0013124,CUST_01041,2024-01-01T06:00:00,computers
EVT_0013125,CUST_01041,2024-01-01T08:00:00,electronics
EVT_0013126,CUST_01041,2024-01-01T10:00:00,computers
EVT_0013127,CUST_01041,2024-01-01T12:00:00,electronics
EVT_0013128,CUST_01041,2024-01-01T14:00:00,computers
EVT_0013129,CUST_01041,2024-01-01T16:00:00,electronics
EVT_0013130,CUST_01041,2024-01-01T18:00:00,computers
EVT_0013131,CUST_01041,2024-01-01T20:00:00,electronics
EVT_0013132,CUST_01041,2024-01-01T22:00:00,computers
EVT_0013133,CUST_01041,2024-01-02T00:00:00,electronics
EVT_0013134,CUST_01041,2024-01-02T02:00:00,computers
EVT_0013135,CUST_01041,2024-01-02T04:00:00,electronics
EVT_0013136,CUST_01041,2024-01-02T06:00:00,computers
EVT_0013137,CUST_01042,2024-01-01T00:00:00,computers
EVT_0013138,CUST_01042,2024-01-01T02:00:00,electronics
EVT_0013139,CUST_01042,2024-01-01T04:00:00,computers
EVT_0013140,CUST_01042,2024-01-01T06:00:00,electronics
EVT_0013141,CUST_01042,2024-01-01T08:00:00,computers
EVT_0013142,CUST_01042,2024-01-01T10:00:00,electronics
EVT_0013143,CUST_01042,2024-01-01T12:00:00,computers
EVT_0013144,CUST_01042,2024-01-01T14:00:00,electronics
EVT_0013145,CUST_01042,2024-01-01T16:00:00,computers
EVT_0013146,CUST_01042,2024-01-01T18:00:00,electronics
EVT_0013147,CUST_01043,2024-01-01T00:00:00,health_beauty
EVT_0013148,CUST_01043,2024-01-01T02:00:00,watches_gifts
EVT_0013149,CUST_01043,2024-01-01T04:00:00,health_beauty
EVT_0013150,CUST_01043,2024-01-01T06:00:00,watches_gifts
EVT_0013151,CUST_01043,2024-01-01T08:00:00,health_beauty
EVT_0013152,CUST_01043,2024-01-01T10:00:00,watches_gifts
EVT_0013153,CUST_01043,2024-01-01T12:00:00,watches_gifts
EVT_0013154,CUST_01043,2024-01-01T14:00:00,health_beauty
EVT_0013155,CUST_01043,2024-01-01T16:00:00,watches_gifts
EVT_0013156,CUST_01043,2024-01-01T18:00:00,health_beauty
EVT_0013157,CUST_01043,2024-01-01T20:00:00,watches_gifts
EVT_0013158,CUST_01043,2024-01-01T22:00:00,health_beauty
EVT_0013159,CUST_01043,2024-01-02T00:00:00,watches_gifts
EVT_0013160,CUST_01044,2024-01-01T00:00:00,electronics
EVT_0013161,CUST_01044,2024-01-01T02:00:00,computers
EVT_0013162,CUST_01044,2024-01-01T04:00:00,electronics
EVT_0013163,CUST_01044,2024-01-01T06:00:00,computers
EVT_0013164,CUST_01044,2024-01-01T08:00:00,electronics
EVT_0013165,CUST_01044,2024-01-01T10:00:00,computers
EVT_0013166,CUST_01044,2024-01-01T12:00:00,electronics
EVT_0013167,CUST_01044,2024-01-01T14:00:00,computers
EVT_0013168,CUST_01044,2024-01-01T16:00:00,electronics
EVT_0013169,CUST_01044,2024-01-01T18:00:00,computers
EVT_0013170,CUST_01045,2024-01-01T00:00:00,watches_gifts
EVT_0013171,CUST_01045,2024-01-01T02:00:00,housewares
EVT_0013172,CUST_01045,2024-01-01T04:00:00,bed_bath
EVT_0013173,CUST_01045,2024-01-01T06:00:00,furniture
EVT_0013174,CUST_01045,2024-01-01T08:00:00,housewares
EVT_0013175,CUST_01045,2024-01-01T10:00:00,bed_bath
EVT_0013176,CUST_01045,2024-01-01T12:00:00,furniture
EVT_0013177,CUST_01045,2024-01-01T14:00:00,housewares
EVT_0013178,CUST_01045,2024-01-01T16:00:00,bed_bath
EVT_0013179,CUST_01046,2024-01-01T00:00:00,auto
EVT_0013180,CUST_01046,2024-01-01T02:00:00,electronics
EVT_0013181,CUST_01046,2024-01-01T04:00:00,computers
EVT_0013182,CUST_01046,2024-01-01T06:00:00,electronics
EVT_0013183,CUST_01046,2024-01-01T08:00:00,computers
EVT_0013184,CUST_01046,2024-01-01T10:00:00,electronics
EVT_0013185,CUST_01046,2024-01-01T12:00:00,computers
EVT_0013186,CUST_01046,2024-01-01T14:00:00,electronics
EVT_0013187,CUST_01046,2024-01-01T16:00:00,computers
EVT_0013188,CUST_01046,2024-01-01T18:00:00,electronics
EVT_0013189,CUST_01046,2024-01-01T20:00:00,computers
EVT_0013190,CUST_01047,2024-01-01T00:00:00,computers
EVT_0013191,CUST_01047,2024-01-01T02:00:00,electronics
EVT_0013192,CUST_01047,2024-01-01T04:00:00,computers
EVT_0013193,CUST_01047,2024-01-01T06:00:00,electronics
EVT_0013194,CUST_01047,2024-01-01T08:00:00,computers
EVT_0013195,CUST_01047,2024-01-01T10:00:00,electronics
EVT_0013196,CUST_01047,2024-01-01T12:00:00,computers
EVT_0013197,CUST_01047,2024-01-01T14:00:00,electronics
EVT_0013198,CUST_01047,2024-01-01T16:00:00,computers
EVT_0013199,CUST_01047,2024-01-01T18:00:00,furniture
EVT_0013200,CUST_01047,2024-01-01T20:00:00,housewares
EVT_0013201,CUST_01048,2024-01-01T00:00:00,health_beauty
EVT_0013202,CUST_01048,2024-01-01T02:00:00,watches_gifts
EVT_0013203,CUST_01048,2024-01-01T04:00:00,health_beauty
EVT_0013204,CUST_01048,2024-01-01T06:00:00,watches_gifts
EVT_0013205,CUST_01048,2024-01-01T08:00:00,health_beauty
EVT_0013206,CUST_01048,2024-01-01T10:00:00,watches_gifts
EVT_0013207,CUST_01048,2024-01-01T12:00:00,health_beauty
EVT_0013208,CUST_01048,2024-01-01T14:00:00,watches_gifts
EVT_0013209,CUST_01048,2024-01-01T16:00:00,health_beauty
EVT_0013210,CUST_01048,2024-01-01T18:00:00,watches_gifts
EVT_0013211,CUST_01048,2024-01-01T20:00:00,health_beauty
EVT_0013212,CUST_01048,2024-01-01T22:00:00,watches_gifts
EVT_0013213,CUST_01048,2024-01-02T00:00:00,health_beauty
EVT_0013214,CUST_01048,2024-01-02T02:00:00,watches_gifts
EVT_0013215,CUST_01049,2024-01-01T00:00:00,electronics
EVT_0013216,CUST_01049,2024-01-01T02:00:00,computers
EVT_0013217,CUST_01049,2024-01-01T04:00:00,electronics
EVT_0013218,CUST_01049,2024-01-01T06:00:00,computers
EVT_0013219,CUST_01049,2024-01-01T08:00:00,electronics
EVT_0013220,CUST_01049,2024-01-01T10:00:00,computers
EVT_0013221,CUST_01049,2024-01-01T12:00:00,electronics
EVT_0013222,CUST_01049,2024-01-01T14:00:00,computers
EVT_0013223,CUST_01049,2024-01-01T16:00:00,watches_gifts
EVT_0013224,CUST_01049,2024-01-01T18:00:00,health_beauty
EVT_0013225,CUST_01050,2024-01-01T00:00:00,housewares
EVT_0013226,CUST_01050,2024-01-01T02:00:00,bed_bath
EVT_0013227,CUST_01050,2024-01-01T04:00:00,health_beauty
EVT_0013228,CUST_01050,2024-01-01T06:00:00,electronics
EVT_0013229,CUST_01050,2024-01-01T08:00:00,computers
EVT_0013230,CUST_01050,2024-01-01T10:00:00,health_beauty
EVT_0013231,CUST_01050,2024-01-01T12:00:00,watches_gifts
EVT_0013232,CUST_01050,2024-01-01T14:00:00,health_beauty
EVT_0013233,CUST_01050,2024-01-01T16:00:00,watches_gifts
EVT_0013234,CUST_01050,2024-01-01T18:00:00,health_beauty
EVT_0013235,CUST_01050,2024-01-01T20:00:00,watches_gifts
EVT_0013236,CUST_01050,2024-01-01T22:00:00,health_beauty
EVT_0013237,CUST_01050,2024-01-02T00:00:00,watches_gifts
EVT_0013238,CUST_01050,2024-01-02T02:00:00,health_beauty
EVT_0013239,CUST_01050,2024-01-02T04:00:00,watches_gifts
EVT_0013240,CUST_01050,2024-01-02T06:00:00,health_beauty
EVT_0013241,CUST_01050,2024-01-02T08:00:00,watches_gifts
EVT_0013242,CUST_01051,2024-01-01T00:00:00,furniture
EVT_0013243,CUST_01051,2024-01-01T02:00:00,housewares
EVT_0013244,CUST_01051,2024-01-01T04:00:00,bed_bath
EVT_0013245,CUST_01051,2024-01-01T06:00:00,furniture
EVT_0013246,CUST_01051,2024-01-01T08:00:00,housewares
EVT_0013247,CUST_01051,2024-01-01T10:00:00,bed_bath
EVT_0013248,CUST_01051,2024-01-01T12:00:00,furniture
EVT_0013249,CUST_01051,2024-01-01T14:00:00,housewares
EVT_0013250,CUST_01051,2024-01-01T16:00:00,bed_bath
EVT_0013251,CUST_01051,2024-01-01T18:00:00,furniture
EVT_0013252,CUST_01051,2024-01-01T20:00:00,housewares
EVT_0013253,CUST_01051,2024-01-01T22:00:00,bed_bath
EVT_0013254,CUST_01052,2024-01-01T00:00:00,electronics
EVT_0013255,CUST_01052,2024-01-01T02:00:00,computers
EVT_0013256,CUST_01052,2024-01-01T04:00:00,electronics
EVT_0013257,CUST_01052,2024-01-01T06:00:00,computers
EVT_0013258,CUST_01052,2024-01-01T08:00:00,electronics
EVT_0013259,CUST_01052,2024-01-01T10:00:00,computers
EVT_0013260,CUST_01052,2024-01-01T12:00:00,electronics
EVT_0013261,CUST_01052,2024-01-01T14:00:00,computers
EVT_0013262,CUST_01053,2024-01-01T00:00:00,watches_gifts
EVT_0013263,CUST_01053,2024-01-01T02:00:00,health_beauty
EVT_0013264,CUST_01053,2024-01-01T04:00:00,watches_gifts
EVT_0013265,CUST_01053,2024-01-01T06:00:00,health_beauty
EVT_0013266,CUST_01053,2024-01-01T08:00:00,watches_gifts
EVT_0013267,CUST_01053,2024-01-01T10:00:00,health_beauty
EVT_0013268,CUST_01053,2024-01-01T12:00:00,watches_gifts
EVT_0013269,CUST_01053,2024-01-01T14:00:00,health_beauty
EVT_0013270,CUST_01053,2024-01-01T16:00:00,sports_leisure
EVT_0013271,CUST_01053,2024-01-01T18:00:00,health_beauty
EVT_0013272,CUST_01053,2024-01-01T20:00:00,watches_gifts
EVT_0013273,CUST_01053,2024-01-01T22:00:00,health_beauty
EVT_0013274,CUST_01053,2024-01-02T00:00:00,watches_gifts
EVT_0013275,CUST_01053,2024-01-02T02:00:00,health_beauty
EVT_0013276,CUST_01053,2024-01-02T04:00:00,watches_gifts
EVT_0013277,CUST_01053,2024-01-02T06:00:00,health_beauty
EVT_0013278,CUST_01053,2024-01-02T08:00:00,watches_gifts
EVT_0013279,CUST_01054,2024-01-01T00:00:00,electronics
EVT_0013280,CUST_01054,2024-01-01T02:00:00,computers
EVT_0013281,CUST_01054,2024-01-01T04:00:00,electronics
EVT_0013282,CUST_01054,2024-01-01T06:00:00,computers
EVT_0013283,CUST_01054,2024-01-01T08:00:00,electronics
EVT_0013284,CUST_01054,2024-01-01T10:00:00,computers
EVT_0013285,CUST_01054,2024-01-01T12:00:00,electronics
EVT_0013286,CUST_01054,2024-01-01T14:00:00,computers
EVT_0013287,CUST_01054,2024-01-01T16:00:00,electronics
EVT_0013288,CUST_01055,2024-01-01T00:00:00,watches_gifts
EVT_0013289,CUST_01055,2024-01-01T02:00:00,health_beauty
EVT_0013290,CUST_01055,2024-01-01T04:00:00,watches_gifts
EVT_0013291,CUST_01055,2024-01-01T06:00:00,health_beauty
EVT_0013292,CUST_01055,2024-01-01T08:00:00,watches_gifts
EVT_0013293,CUST_01055,2024-01-01T10:00:00,auto
EVT_0013294,CUST_01055,2024-01-01T12:00:00,bed_bath
EVT_0013295,CUST_01055,2024-01-01T14:00:00,furniture
EVT_0013296,CUST_01055,2024-01-01T16:00:00,housewares
EVT_0013297,CUST_01055,2024-01-01T18:00:00,bed_bath
EVT_0013298,CUST_01056,2024-01-01T00:00:00,electronics
EVT_0013299,CUST_01056,2024-01-01T02:00:00,computers
EVT_0013300,CUST_01056,2024-01-01T04:00:00,toys
EVT_0013301,CUST_01056,2024-01-01T06:00:00,electronics
EVT_0013302,CUST_01056,2024-01-01T08:00:00,sports_leisure
EVT_0013303,CUST_01056,2024-01-01T10:00:00,health_beauty
EVT_0013304,CUST_01056,2024-01-01T12:00:00,watches_gifts
EVT_0013305,CUST_01056,2024-01-01T14:00:00,health_beauty
EVT_0013306,CUST_01056,2024-01-01T16:00:00,watches_gifts
EVT_0013307,CUST_01056,2024-01-01T18:00:00,health_beauty
EVT_0013308,CUST_01056,2024-01-01T20:00:00,watches_gifts
EVT_0013309,CUST_01056,2024-01-01T22:00:00,health_beauty
EVT_0013310,CUST_01057,2024-01-01T00:00:00,watches_gifts
EVT_0013311,CUST_01057,2024-01-01T02:00:00,health_beauty
EVT_0013312,CUST_01057,2024-01-01T04:00:00,watches_gifts
EVT_0013313,CUST_01057,2024-01-01T06:00:00,health_beauty
EVT_0013314,CUST_01057,2024-01-01T08:00:00,watches_gifts
EVT_0013315,CUST_01057,2024-01-01T10:00:00,health_beauty
EVT_0013316,CUST_01057,2024-01-01T12:00:00,watches_gifts
EVT_0013317,CUST_01057,2024-01-01T14:00:00,health_beauty
EVT_0013318,CUST_01057,2024-01-01T16:00:00,watches_gifts
EVT_0013319,CUST_01057,2024-01-01T18:00:00,health_beauty
EVT_0013320,CUST_01057,2024-01-01T20:00:00,watches_gifts
EVT_0013321,CUST_01057,2024-01-01T22:00:00,health_beauty
EVT_0013322,CUST_01057,2024-01-02T00:00:00,watches_gifts
EVT_0013323,CUST_01058,2024-01-01T00:00:00,health_beauty
EVT_0013324,CUST_01058,2024-01-01T02:00:00,watches_gifts
EVT_0013325,CUST_01058,2024-01-01T04:00:00,health_beauty
EVT_0013326,CUST_01058,2024-01-01T06:00:00,watches_gifts
EVT_0013327,CUST_01058,2024-01-01T08:00:00,health_beauty
EVT_0013328,CUST_01058,2024-01-01T10:00:00,watches_gifts
EVT_0013329,CUST_01058,2024-01-01T12:00:00,health_beauty
EVT_0013330,CUST_01058,2024-01-01T14:00:00,watches_gifts
EVT_0013331,CUST_01058,2024-01-01T16:00:00,health_beauty
EVT_0013332,CUST_01058,2024-01-01T18:00:00,watches_gifts
EVT_0013333,CUST_01058,2024-01-01T20:00:00,bed_bath
EVT_0013334,CUST_01058,2024-01-01T22:00:00,furniture
EVT_0013335,CUST_01058,2024-01-02T00:00:00,housewares
EVT_0013336,CUST_01058,2024-01-02T02:00:00,bed_bath
EVT_0013337,CUST_01058,2024-01-02T04:00:00,furniture
EVT_0013338,CUST_01058,2024-01-02T06:00:00,housewares
EVT_0013339,CUST_01059,2024-01-01T00:00:00,electronics
EVT_0013340,CUST_01059,2024-01-01T02:00:00,computers
EVT_0013341,CUST_01059,2024-01-01T04:00:00,electronics
EVT_0013342,CUST_01059,2024-01-01T06:00:00,computers
EVT_0013343,CUST_01059,2024-01-01T08:00:00,electronics
EVT_0013344,CUST_01059,2024-01-01T10:00:00,computers
EVT_0013345,CUST_01059,2024-01-01T12:00:00,electronics
EVT_0013346,CUST_01059,2024-01-01T14:00:00,computers
EVT_0013347,CUST_01059,2024-01-01T16:00:00,electronics
EVT_0013348,CUST_01059,2024-01-01T18:00:00,computers
EVT_0013349,CUST_01060,2024-01-01T00:00:00,computers
EVT_0013350,CUST_01060,2024-01-01T02:00:00,electronics
EVT_0013351,CUST_01060,2024-01-01T04:00:00,computers
EVT_0013352,CUST_01060,2024-01-01T06:00:00,electronics
EVT_0013353,CUST_01060,2024-01-01T08:00:00,computers
EVT_0013354,CUST_01060,2024-01-01T10:00:00,electronics
EVT_0013355,CUST_01060,2024-01-01T12:00:00,computers
EVT_0013356,CUST_01060,2024-01-01T14:00:00,electronics
EVT_0013357,CUST_01060,2024-01-01T16:00:00,computers
EVT_0013358,CUST_01060,2024-01-01T18:00:00,electronics
EVT_0013359,CUST_01060,2024-01-01T20:00:00,watches_gifts
EVT_0013360,CUST_01060,2024-01-01T22:00:00,health_beauty
EVT_0013361,CUST_01060,2024-01-02T00:00:00,sports_leisure
EVT_0013362,CUST_01061,2024-01-01T00:00:00,furniture
EVT_0013363,CUST_01061,2024-01-01T02:00:00,housewares
EVT_0013364,CUST_01061,2024-01-01T04:00:00,bed_bath
EVT_0013365,CUST_01061,2024-01-01T06:00:00,furniture
EVT_0013366,CUST_01061,2024-01-01T08:00:00,housewares
EVT_0013367,CUST_01061,2024-01-01T10:00:00,bed_bath
EVT_0013368,CUST_01061,2024-01-01T12:00:00,furniture
EVT_0013369,CUST_01061,2024-01-01T14:00:00,housewares
EVT_0013370,CUST_01061,2024-01-01T16:00:00,bed_bath
EVT_0013371,CUST_01061,2024-01-01T18:00:00,furniture
EVT_0013372,CUST_01061,2024-01-01T20:00:00,housewares
EVT_0013373,CUST_01061,2024-01-01T22:00:00,bed_bath
EVT_0013374,CUST_01061,2024-01-02T00:00:00,furniture
EVT_0013375,CUST_01061,2024-01-02T02:00:00,furniture
EVT_0013376,CUST_01062,2024-01-01T00:00:00,housewares
EVT_0013377,CUST_01062,2024-01-01T02:00:00,bed_bath
EVT_0013378,CUST_01062,2024-01-01T04:00:00,furniture
EVT_0013379,CUST_01062,2024-01-01T06:00:00,housewares
EVT_0013380,CUST_01062,2024-01-01T08:00:00,bed_bath
EVT_0013381,CUST_01062,2024-01-01T10:00:00,furniture
EVT_0013382,CUST_01062,2024-01-01T12:00:00,housewares
EVT_0013383,CUST_01062,2024-01-01T14:00:00,bed_bath
EVT_0013384,CUST_01062,2024-01-01T16:00:00,furniture
EVT_0013385,CUST_01062,2024-01-01T18:00:00,housewares
EVT_0013386,CUST_01062,2024-01-01T20:00:00,bed_bath
EVT_0013387,CUST_01062,2024-01-01T22:00:00,furniture
EVT_0013388,CUST_01063,2024-01-01T00:00:00,furniture
EVT_0013389,CUST_01063,2024-01-01T02:00:00,housewares
EVT_0013390,CUST_01063,2024-01-01T04:00:00,bed_bath
EVT_0013391,CUST_01063,2024-01-01T06:00:00,furniture
EVT_0013392,CUST_01063,2024-01-01T08:00:00,housewares
EVT_0013393,CUST_01063,2024-01-01T10:00:00,bed_bath
EVT_0013394,CUST_01063,2024-01-01T12:00:00,furniture
EVT_0013395,CUST_01063,2024-01-01T14:00:00,housewares
EVT_0013396,CUST_01063,2024-01-01T16:00:00,bed_bath
EVT_0013397,CUST_01063,2024-01-01T18:00:00,furniture
EVT_0013398,CUST_01063,2024-01-01T20:00:00,housewares
EVT_0013399,CUST_01064,2024-01-01T00:00:00,housewares
EVT_0013400,CUST_01064,2024-01-01T02:00:00,bed_bath
EVT_0013401,CUST_01064,2024-01-01T04:00:00,furniture
EVT_0013402,CUST_01064,2024-01-01T06:00:00,housewares
EVT_0013403,CUST_01064,2024-01-01T08:00:00,bed_bath
EVT_0013404,CUST_01064,2024-01-01T10:00:00,toys
EVT_0013405,CUST_01064,2024-01-01T12:00:00,electronics
EVT_0013406,CUST_01064,2024-01-01T14:00:00,computers
EVT_0013407,CUST_01064,2024-01-01T16:00:00,electronics
EVT_0013408,CUST_01065,2024-01-01T00:00:00,electronics
EVT_0013409,CUST_01065,2024-01-01T02:00:00,computers
EVT_0013410,CUST_01065,2024-01-01T04:00:00,electronics
EVT_0013411,CUST_01065,2024-01-01T06:00:00,computers
EVT_0013412,CUST_01065,2024-01-01T08:00:00,electronics
EVT_0013413,CUST_01065,2024-01-01T10:00:00,computers
EVT_0013414,CUST_01065,2024-01-01T12:00:00,electronics
EVT_0013415,CUST_01065,2024-01-01T14:00:00,computers
EVT_0013416,CUST_01065,2024-01-01T16:00:00,electronics
EVT_0013417,CUST_01065,2024-01-01T18:00:00,computers
EVT_0013418,CUST_01065,2024-01-01T20:00:00,electronics
EVT_0013419,CUST_01065,2024-01-01T22:00:00,computers
EVT_0013420,CUST_01065,2024-01-02T00:00:00,electronics
EVT_0013421,CUST_01065,2024-01-02T02:00:00,computers
EVT_0013422,CUST_01065,2024-01-02T04:00:00,electronics
EVT_0013423,CUST_01065,2024-01-02T06:00:00,computers
EVT_0013424,CUST_01066,2024-01-01T00:00:00,furniture
EVT_0013425,CUST_01066,2024-01-01T02:00:00,housewares
EVT_0013426,CUST_01066,2024-01-01T04:00:00,bed_bath
EVT_0013427,CUST_01066,2024-01-01T06:00:00,furniture
EVT_0013428,CUST_01066,2024-01-01T08:00:00,housewares
EVT_0013429,CUST_01066,2024-01-01T10:00:00,bed_bath
EVT_0013430,CUST_01066,2024-01-01T12:00:00,furniture
EVT_0013431,CUST_01066,2024-01-01T14:00:00,housewares
EVT_0013432,CUST_01066,2024-01-01T16:00:00,bed_bath
EVT_0013433,CUST_01066,2024-01-01T18:00:00,furniture
EVT_0013434,CUST_01067,2024-01-01T00:00:00,watches_gifts
EVT_0013435,CUST_01067,2024-01-01T02:00:00,health_beauty
EVT_0013436,CUST_01067,2024-01-01T04:00:00,watches_gifts
EVT_0013437,CUST_01067,2024-01-01T06:00:00,health_beauty
EVT_0013438,CUST_01067,2024-01-01T08:00:00,watches_gifts
EVT_0013439,CUST_01067,2024-01-01T10:00:00,health_beauty
EVT_0013440,CUST_01067,2024-01-01T12:00:00,watches_gifts
EVT_0013441,CUST_01067,2024-01-01T14:00:00,health_beauty
EVT_0013442,CUST_01067,2024-01-01T16:00:00,watches_gifts
EVT_0013443,CUST_01067,2024-01-01T18:00:00,health_beauty
EVT_0013444,CUST_01067,2024-01-01T20:00:00,watches_gifts
EVT_0013445,CUST_01067,2024-01-01T22:00:00,health_beauty
EVT_0013446,CUST_01067,2024-01-02T00:00:00,watches_gifts
EVT_0013447,CUST_01067,2024-01-02T02:00:00,health_beauty
EVT_0013448,CUST_01067,2024-01-02T04:00:00,watches_gifts
EVT_0013449,CUST_01067,2024-01-02T06:00:00,health_beauty
EVT_0013450,CUST_01067,2024-01-02T08:00:00,watches_gifts
EVT_0013451,CUST_01068,2024-01-01T00:00:00,electronics
EVT_0013452,CUST_01068,2024-01-01T02:00:00,computers
EVT_0013453,CUST_01068,2024-01-01T04:00:00,electronics
EVT_0013454,CUST_01068,2024-01-01T06:00:00,computers
EVT_0013455,CUST_01068,2024-01-01T08:00:00,electronics
EVT_0013456,CUST_01068,2024-01-01T10:00:00,watches_gifts
EVT_0013457,CUST_01068,2024-01-01T12:00:00,health_beauty
EVT_0013458,CUST_01068,2024-01-01T14:00:00,watches_gifts
EVT_0013459,CUST_01068,2024-01-01T16:00:00,health_beauty
EVT_0013460,CUST_01068,2024-01-01T18:00:00,watches_gifts
EVT_0013461,CUST_01068,2024-01-01T20:00:00,health_beauty
EVT_0013462,CUST_01069,2024-01-01T00:00:00,watches_gifts
EVT_0013463,CUST_01069,2024-01-01T02:00:00,health_beauty
EVT_0013464,CUST_01069,2024-01-01T04:00:00,watches_gifts
EVT_0013465,CUST_01069,2024-01-01T06:00:00,health_beauty
EVT_0013466,CUST_01069,2024-01-01T08:00:00,watches_gifts
EVT_0013467,CUST_01069,2024-01-01T10:00:00,health_beauty
EVT_0013468,CUST_01069,2024-01-01T12:00:00,watches_gifts
EVT_0013469,CUST_01069,2024-01-01T14:00:00,health_beauty
EVT_0013470,CUST_01070,2024-01-01T00:00:00,electronics
EVT_0013471,CUST_01070,2024-01-01T02:00:00,computers
EVT_0013472,CUST_01070,2024-01-01T04:00:00,electronics
EVT_0013473,CUST_01070,2024-01-01T06:00:00,computers
EVT_0013474,CUST_01070,2024-01-01T08:00:00,electronics
EVT_0013475,CUST_01070,2024-01-01T10:00:00,computers
EVT_0013476,CUST_01070,2024-01-01T12:00:00,electronics
EVT_0013477,CUST_01070,2024-01-01T14:00:00,computers
EVT_0013478,CUST_01070,2024-01-01T16:00:00,electronics
EVT_0013479,CUST_01071,2024-01-01T00:00:00,bed_bath
EVT_0013480,CUST_01071,2024-01-01T02:00:00,furniture
EVT_0013481,CUST_01071,2024-01-01T04:00:00,housewares
EVT_0013482,CUST_01071,2024-01-01T06:00:00,bed_bath
EVT_0013483,CUST_01071,2024-01-01T08:00:00,furniture
EVT_0013484,CUST_01071,2024-01-01T10:00:00,housewares
EVT_0013485,CUST_01071,2024-01-01T12:00:00,bed_bath
EVT_0013486,CUST_01071,2024-01-01T14:00:00,furniture
EVT_0013487,CUST_01071,2024-01-01T16:00:00,computers
EVT_0013488,CUST_01071,2024-01-01T18:00:00,electronics
EVT_0013489,CUST_01071,2024-01-01T20:00:00,computers
EVT_0013490,CUST_01071,2024-01-01T22:00:00,electronics
EVT_0013491,CUST_01071,2024-01-02T00:00:00,computers
EVT_0013492,CUST_01071,2024-01-02T02:00:00,electronics
EVT_0013493,CUST_01072,2024-01-01T00:00:00,electronics
EVT_0013494,CUST_01072,2024-01-01T02:00:00,computers
EVT_0013495,CUST_01072,2024-01-01T04:00:00,electronics
EVT_0013496,CUST_01072,2024-01-01T06:00:00,health_beauty
EVT_0013497,CUST_01072,2024-01-01T08:00:00,watches_gifts
EVT_0013498,CUST_01072,2024-01-01T10:00:00,health_beauty
EVT_0013499,CUST_01072,2024-01-01T12:00:00,watches_gifts
EVT_0013500,CUST_01072,2024-01-01T14:00:00,health_beauty
EVT_0013501,CUST_01073,2024-01-01T00:00:00,watches_gifts
EVT_0013502,CUST_01073,2024-01-01T02:00:00,health_beauty
EVT_0013503,CUST_01073,2024-01-01T04:00:00,watches_gifts
EVT_0013504,CUST_01073,2024-01-01T06:00:00,health_beauty
EVT_0013505,CUST_01073,2024-01-01T08:00:00,watches_gifts
EVT_0013506,CUST_01073,2024-01-01T10:00:00,health_beauty
EVT_0013507,CUST_01073,2024-01-01T12:00:00,watches_gifts
EVT_0013508,CUST_01073,2024-01-01T14:00:00,health_beauty
EVT_0013509,CUST_01073,2024-01-01T16:00:00,watches_gifts
EVT_0013510,CUST_01073,2024-01-01T18:00:00,health_beauty
EVT_0013511,CUST_01073,2024-01-01T20:00:00,watches_gifts
EVT_0013512,CUST_01073,2024-01-01T22:00:00,health_beauty
EVT_0013513,CUST_01073,2024-01-02T00:00:00,watches_gifts
EVT_0013514,CUST_01073,2024-01-02T02:00:00,health_beauty
EVT_0013515,CUST_01073,2024-01-02T04:00:00,watches_gifts
EVT_0013516,CUST_01073,2024-01-02T06:00:00,health_beauty
EVT_0013517,CUST_01074,2024-01-01T00:00:00,watches_gifts
EVT_0013518,CUST_01074,2024-01-01T02:00:00,health_beauty
EVT_0013519,CUST_01074,2024-01-01T04:00:00,watches_gifts
EVT_0013520,CUST_01074,2024-01-01T06:00:00,health_beauty
EVT_0013521,CUST_01074,2024-01-01T08:00:00,watches_gifts
EVT_0013522,CUST_01074,2024-01-01T10:00:00,health_beauty
EVT_0013523,CUST_01074,2024-01-01T12:00:00,watches_gifts
EVT_0013524,CUST_01074,2024-01-01T14:00:00,health_beauty
EVT_0013525,CUST_01074,2024-01-01T16:00:00,watches_gifts
EVT_0013526,CUST_01074,2024-01-01T18:00:00,health_beauty
EVT_0013527,CUST_01074,2024-01-01T20:00:00,watches_gifts
EVT_0013528,CUST_01074,2024-01-01T22:00:00,health_beauty
EVT_0013529,CUST_01074,2024-01-02T00:00:00,watches_gifts
EVT_0013530,CUST_01074,2024-01-02T02:00:00,health_beauty
EVT_0013531,CUST_01075,2024-01-01T00:00:00,housewares
EVT_0013532,CUST_01075,2024-01-01T02:00:00,bed_bath
EVT_0013533,CUST_01075,2024-01-01T04:00:00,furniture
EVT_0013534,CUST_01075,2024-01-01T06:00:00,housewares
EVT_0013535,CUST_01075,2024-01-01T08:00:00,bed_bath
EVT_0013536,CUST_01075,2024-01-01T10:00:00,furniture
EVT_0013537,CUST_01075,2024-01-01T12:00:00,housewares
EVT_0013538,CUST_01075,2024-01-01T14:00:00,bed_bath
EVT_0013539,CUST_01075,2024-01-01T16:00:00,housewares
EVT_0013540,CUST_01075,2024-01-01T18:00:00,bed_bath
EVT_0013541,CUST_01075,2024-01-01T20:00:00,furniture
EVT_0013542,CUST_01075,2024-01-01T22:00:00,housewares
EVT_0013543,CUST_01075,2024-01-02T00:00:00,bed_bath
EVT_0013544,CUST_01075,2024-01-02T02:00:00,furniture
EVT_0013545,CUST_01075,2024-01-02T04:00:00,housewares
EVT_0013546,CUST_01076,2024-01-01T00:00:00,furniture
EVT_0013547,CUST_01076,2024-01-01T02:00:00,housewares
EVT_0013548,CUST_01076,2024-01-01T04:00:00,bed_bath
EVT_0013549,CUST_01076,2024-01-01T06:00:00,furniture
EVT_0013550,CUST_01076,2024-01-01T08:00:00,housewares
EVT_0013551,CUST_01076,2024-01-01T10:00:00,bed_bath
EVT_0013552,CUST_01076,2024-01-01T12:00:00,furniture
EVT_0013553,CUST_01076,2024-01-01T14:00:00,housewares
EVT_0013554,CUST_01076,2024-01-01T16:00:00,bed_bath
EVT_0013555,CUST_01076,2024-01-01T18:00:00,furniture
EVT_0013556,CUST_01076,2024-01-01T20:00:00,housewares
EVT_0013557,CUST_01076,2024-01-01T22:00:00,bed_bath
EVT_0013558,CUST_01076,2024-01-02T00:00:00,furniture
EVT_0013559,CUST_01076,2024-01-02T02:00:00,housewares
EVT_0013560,CUST_01077,2024-01-01T00:00:00,housewares
EVT_0013561,CUST_01077,2024-01-01T02:00:00,bed_bath
EVT_0013562,CUST_01077,2024-01-01T04:00:00,furniture
EVT_0013563,CUST_01077,2024-01-01T06:00:00,housewares
EVT_0013564,CUST_01077,2024-01-01T08:00:00,bed_bath
EVT_0013565,CUST_01077,2024-01-01T10:00:00,furniture
EVT_0013566,CUST_01077,2024-01-01T12:00:00,housewares
EVT_0013567,CUST_01077,2024-01-01T14:00:00,bed_bath
EVT_0013568,CUST_01077,2024-01-01T16:00:00,furniture
EVT_0013569,CUST_01077,2024-01-01T18:00:00,housewares
EVT_0013570,CUST_01077,2024-01-01T20:00:00,bed_bath
EVT_0013571,CUST_01077,2024-01-01T22:00:00,furniture
EVT_0013572,CUST_01077,2024-01-02T00:00:00,housewares
EVT_0013573,CUST_01078,2024-01-01T00:00:00,computers
EVT_0013574,CUST_01078,2024-01-01T02:00:00,electronics
EVT_0013575,CUST_01078,2024-01-01T04:00:00,computers
EVT_0013576,CUST_01078,2024-01-01T06:00:00,electronics
EVT_0013577,CUST_01078,2024-01-01T08:00:00,computers
EVT_0013578,CUST_01078,2024-01-01T10:00:00,electronics
EVT_0013579,CUST_01078,2024-01-01T12:00:00,computers
EVT_0013580,CUST_01078,2024-01-01T14:00:00,electronics
EVT_0013581,CUST_01078,2024-01-01T16:00:00,computers
EVT_0013582,CUST_01078,2024-01-01T18:00:00,electronics
EVT_0013583,CUST_01078,2024-01-01T20:00:00,computers
EVT_0013584,CUST_01078,2024-01-01T22:00:00,electronics
EVT_0013585,CUST_01078,2024-01-02T00:00:00,computers
EVT_0013586,CUST_01078,2024-01-02T02:00:00,electronics
EVT_0013587,CUST_01078,2024-01-02T04:00:00,computers
EVT_0013588,CUST_01079,2024-01-01T00:00:00,health_beauty
EVT_0013589,CUST_01079,2024-01-01T02:00:00,toys
EVT_0013590,CUST_01079,2024-01-01T04:00:00,electronics
EVT_0013591,CUST_01079,2024-01-01T06:00:00,computers
EVT_0013592,CUST_01079,2024-01-01T08:00:00,electronics
EVT_0013593,CUST_01079,2024-01-01T10:00:00,computers
EVT_0013594,CUST_01079,2024-01-01T12:00:00,electronics
EVT_0013595,CUST_01079,2024-01-01T14:00:00,computers
EVT_0013596,CUST_01079,2024-01-01T16:00:00,electronics
EVT_0013597,CUST_01080,2024-01-01T00:00:00,watches_gifts
EVT_0013598,CUST_01080,2024-01-01T02:00:00,health_beauty
EVT_0013599,CUST_01080,2024-01-01T04:00:00,watches_gifts
EVT_0013600,CUST_01080,2024-01-01T06:00:00,health_beauty
EVT_0013601,CUST_01080,2024-01-01T08:00:00,watches_gifts
EVT_0013602,CUST_01080,2024-01-01T10:00:00,health_beauty
EVT_0013603,CUST_01080,2024-01-01T12:00:00,watches_gifts
EVT_0013604,CUST_01080,2024-01-01T14:00:00,health_beauty
EVT_0013605,CUST_01080,2024-01-01T16:00:00,auto
EVT_0013606,CUST_01080,2024-01-01T18:00:00,electronics
EVT_0013607,CUST_01080,2024-01-01T20:00:00,computers
EVT_0013608,CUST_01080,2024-01-01T22:00:00,electronics
EVT_0013609,CUST_01080,2024-01-02T00:00:00,computers
EVT_0013610,CUST_01080,2024-01-02T02:00:00,electronics
EVT_0013611,CUST_01080,2024-01-02T04:00:00,computers
EVT_0013612,CUST_01080,2024-01-02T06:00:00,electronics
EVT_0013613,CUST_01080,2024-01-02T08:00:00,computers
EVT_0013614,CUST_01081,2024-01-01T00:00:00,electronics
EVT_0013615,CUST_01081,2024-01-01T02:00:00,computers
EVT_0013616,CUST_01081,2024-01-01T04:00:00,computers
EVT_0013617,CUST_01081,2024-01-01T06:00:00,electronics
EVT_0013618,CUST_01081,2024-01-01T08:00:00,computers
EVT_0013619,CUST_01081,2024-01-01T10:00:00,electronics
EVT_0013620,CUST_01081,2024-01-01T12:00:00,computers
EVT_0013621,CUST_01081,2024-01-01T14:00:00,electronics
EVT_0013622,CUST_01081,2024-01-01T16:00:00,furniture
EVT_0013623,CUST_01081,2024-01-01T18:00:00,housewares
EVT_0013624,CUST_01081,2024-01-01T20:00:00,bed_bath
EVT_0013625,CUST_01081,2024-01-01T22:00:00,furniture
EVT_0013626,CUST_01081,2024-01-02T00:00:00,housewares
EVT_0013627,CUST_01081,2024-01-02T02:00:00,bed_bath
EVT_0013628,CUST_01081,2024-01-02T04:00:00,furniture
EVT_0013629,CUST_01081,2024-01-02T06:00:00,housewares
EVT_0013630,CUST_01081,2024-01-02T08:00:00,bed_bath
EVT_0013631,CUST_01082,2024-01-01T00:00:00,furniture
EVT_0013632,CUST_01082,2024-01-01T02:00:00,housewares
EVT_0013633,CUST_01082,2024-01-01T04:00:00,bed_bath
EVT_0013634,CUST_01082,2024-01-01T06:00:00,furniture
EVT_0013635,CUST_01082,2024-01-01T08:00:00,housewares
EVT_0013636,CUST_01082,2024-01-01T10:00:00,bed_bath
EVT_0013637,CUST_01082,2024-01-01T12:00:00,furniture
EVT_0013638,CUST_01082,2024-01-01T14:00:00,housewares
EVT_0013639,CUST_01082,2024-01-01T16:00:00,bed_bath
EVT_0013640,CUST_01082,2024-01-01T18:00:00,furniture
EVT_0013641,CUST_01082,2024-01-01T20:00:00,housewares
EVT_0013642,CUST_01083,2024-01-01T00:00:00,bed_bath
EVT_0013643,CUST_01083,2024-01-01T02:00:00,furniture
EVT_0013644,CUST_01083,2024-01-01T04:00:00,housewares
EVT_0013645,CUST_01083,2024-01-01T06:00:00,bed_bath
EVT_0013646,CUST_01083,2024-01-01T08:00:00,furniture
EVT_0013647,CUST_01083,2024-01-01T10:00:00,housewares
EVT_0013648,CUST_01083,2024-01-01T12:00:00,bed_bath
EVT_0013649,CUST_01083,2024-01-01T14:00:00,furniture
EVT_0013650,CUST_01083,2024-01-01T16:00:00,housewares
EVT_0013651,CUST_01083,2024-01-01T18:00:00,bed_bath
EVT_0013652,CUST_01083,2024-01-01T20:00:00,furniture
EVT_0013653,CUST_01084,2024-01-01T00:00:00,bed_bath
EVT_0013654,CUST_01084,2024-01-01T02:00:00,furniture
EVT_0013655,CUST_01084,2024-01-01T04:00:00,auto
EVT_0013656,CUST_01084,2024-01-01T06:00:00,electronics
EVT_0013657,CUST_01084,2024-01-01T08:00:00,computers
EVT_0013658,CUST_01084,2024-01-01T10:00:00,electronics
EVT_0013659,CUST_01084,2024-01-01T12:00:00,computers
EVT_0013660,CUST_01084,2024-01-01T14:00:00,electronics
EVT_0013661,CUST_01084,2024-01-01T16:00:00,computers
EVT_0013662,CUST_01084,2024-01-01T18:00:00,electronics
EVT_0013663,CUST_01085,2024-01-01T00:00:00,health_beauty
EVT_0013664,CUST_01085,2024-01-01T02:00:00,watches_gifts
EVT_0013665,CUST_01085,2024-01-01T04:00:00,health_beauty
EVT_0013666,CUST_01085,2024-01-01T06:00:00,watches_gifts
EVT_0013667,CUST_01085,2024-01-01T08:00:00,health_beauty
EVT_0013668,CUST_01085,2024-01-01T10:00:00,watches_gifts
EVT_0013669,CUST_01085,2024-01-01T12:00:00,health_beauty
EVT_0013670,CUST_01085,2024-01-01T14:00:00,watches_gifts
EVT_0013671,CUST_01085,2024-01-01T16:00:00,health_beauty
EVT_0013672,CUST_01085,2024-01-01T18:00:00,watches_gifts
EVT_0013673,CUST_01085,2024-01-01T20:00:00,health_beauty
EVT_0013674,CUST_01085,2024-01-01T22:00:00,watches_gifts
EVT_0013675,CUST_01085,2024-01-02T00:00:00,health_beauty
EVT_0013676,CUST_01085,2024-01-02T02:00:00,watches_gifts
EVT_0013677,CUST_01086,2024-01-01T00:00:00,housewares
EVT_0013678,CUST_01086,2024-01-01T02:00:00,bed_bath
EVT_0013679,CUST_01086,2024-01-01T04:00:00,furniture
EVT_0013680,CUST_01086,2024-01-01T06:00:00,housewares
EVT_0013681,CUST_01086,2024-01-01T08:00:00,bed_bath
EVT_0013682,CUST_01086,2024-01-01T10:00:00,furniture
EVT_0013683,CUST_01086,2024-01-01T12:00:00,housewares
EVT_0013684,CUST_01086,2024-01-01T14:00:00,health_beauty
EVT_0013685,CUST_01086,2024-01-01T16:00:00,watches_gifts
EVT_0013686,CUST_01086,2024-01-01T18:00:00,health_beauty
EVT_0013687,CUST_01086,2024-01-01T20:00:00,watches_gifts
EVT_0013688,CUST_01086,2024-01-01T22:00:00,health_beauty
EVT_0013689,CUST_01086,2024-01-02T00:00:00,watches_gifts
EVT_0013690,CUST_01086,2024-01-02T02:00:00,health_beauty
EVT_0013691,CUST_01086,2024-01-02T04:00:00,housewares
EVT_0013692,CUST_01086,2024-01-02T06:00:00,bed_bath
EVT_0013693,CUST_01086,2024-01-02T08:00:00,furniture
EVT_0013694,CUST_01087,2024-01-01T00:00:00,health_beauty
EVT_0013695,CUST_01087,2024-01-01T02:00:00,watches_gifts
EVT_0013696,CUST_01087,2024-01-01T04:00:00,health_beauty
EVT_0013697,CUST_01087,2024-01-01T06:00:00,watches_gifts
EVT_0013698,CUST_01087,2024-01-01T08:00:00,health_beauty
EVT_0013699,CUST_01087,2024-01-01T10:00:00,housewares
EVT_0013700,CUST_01087,2024-01-01T12:00:00,bed_bath
EVT_0013701,CUST_01087,2024-01-01T14:00:00,furniture
EVT_0013702,CUST_01087,2024-01-01T16:00:00,health_beauty
EVT_0013703,CUST_01087,2024-01-01T18:00:00,watches_gifts
EVT_0013704,CUST_01087,2024-01-01T20:00:00,health_beauty
EVT_0013705,CUST_01087,2024-01-01T22:00:00,watches_gifts
EVT_0013706,CUST_01087,2024-01-02T00:00:00,health_beauty
EVT_0013707,CUST_01087,2024-01-02T02:00:00,watches_gifts
EVT_0013708,CUST_01088,2024-01-01T00:00:00,computers
EVT_0013709,CUST_01088,2024-01-01T02:00:00,electronics
EVT_0013710,CUST_01088,2024-01-01T04:00:00,computers
EVT_0013711,CUST_01088,2024-01-01T06:00:00,electronics
EVT_0013712,CUST_01088,2024-01-01T08:00:00,computers
EVT_0013713,CUST_01088,2024-01-01T10:00:00,electronics
EVT_0013714,CUST_01088,2024-01-01T12:00:00,computers
EVT_0013715,CUST_01088,2024-01-01T14:00:00,electronics
EVT_0013716,CUST_01088,2024-01-01T16:00:00,computers
EVT_0013717,CUST_01088,2024-01-01T18:00:00,electronics
EVT_0013718,CUST_01088,2024-01-01T20:00:00,computers
EVT_0013719,CUST_01089,2024-01-01T00:00:00,bed_bath
EVT_0013720,CUST_01089,2024-01-01T02:00:00,furniture
EVT_0013721,CUST_01089,2024-01-01T04:00:00,housewares
EVT_0013722,CUST_01089,2024-01-01T06:00:00,bed_bath
EVT_0013723,CUST_01089,2024-01-01T08:00:00,toys
EVT_0013724,CUST_01089,2024-01-01T10:00:00,electronics
EVT_0013725,CUST_01089,2024-01-01T12:00:00,computers
EVT_0013726,CUST_01089,2024-01-01T14:00:00,electronics
EVT_0013727,CUST_01089,2024-01-01T16:00:00,computers
EVT_0013728,CUST_01089,2024-01-01T18:00:00,auto
EVT_0013729,CUST_01089,2024-01-01T20:00:00,electronics
EVT_0013730,CUST_01089,2024-01-01T22:00:00,computers
EVT_0013731,CUST_01089,2024-01-02T00:00:00,electronics
EVT_0013732,CUST_01089,2024-01-02T02:00:00,computers
EVT_0013733,CUST_01089,2024-01-02T04:00:00,electronics
EVT_0013734,CUST_01090,2024-01-01T00:00:00,health_beauty
EVT_0013735,CUST_01090,2024-01-01T02:00:00,watches_gifts
EVT_0013736,CUST_01090,2024-01-01T04:00:00,health_beauty
EVT_0013737,CUST_01090,2024-01-01T06:00:00,watches_gifts
EVT_0013738,CUST_01090,2024-01-01T08:00:00,health_beauty
EVT_0013739,CUST_01090,2024-01-01T10:00:00,watches_gifts
EVT_0013740,CUST_01090,2024-01-01T12:00:00,health_beauty
EVT_0013741,CUST_01090,2024-01-01T14:00:00,watches_gifts
EVT_0013742,CUST_01090,2024-01-01T16:00:00,health_beauty
EVT_0013743,CUST_01091,2024-01-01T00:00:00,housewares
EVT_0013744,CUST_01091,2024-01-01T02:00:00,bed_bath
EVT_0013745,CUST_01091,2024-01-01T04:00:00,furniture
EVT_0013746,CUST_01091,2024-01-01T06:00:00,housewares
EVT_0013747,CUST_01091,2024-01-01T08:00:00,housewares
EVT_0013748,CUST_01091,2024-01-01T10:00:00,bed_bath
EVT_0013749,CUST_01091,2024-01-01T12:00:00,furniture
EVT_0013750,CUST_01091,2024-01-01T14:00:00,housewares
EVT_0013751,CUST_01091,2024-01-01T16:00:00,bed_bath
EVT_0013752,CUST_01091,2024-01-01T18:00:00,furniture
EVT_0013753,CUST_01091,2024-01-01T20:00:00,housewares
EVT_0013754,CUST_01091,2024-01-01T22:00:00,bed_bath
EVT_0013755,CUST_01091,2024-01-02T00:00:00,furniture
EVT_0013756,CUST_01091,2024-01-02T02:00:00,housewares
EVT_0013757,CUST_01091,2024-01-02T04:00:00,bed_bath
EVT_0013758,CUST_01091,2024-01-02T06:00:00,electronics
EVT_0013759,CUST_01091,2024-01-02T08:00:00,computers
EVT_0013760,CUST_01092,2024-01-01T00:00:00,health_beauty
EVT_0013761,CUST_01092,2024-01-01T02:00:00,watches_gifts
EVT_0013762,CUST_01092,2024-01-01T04:00:00,health_beauty
EVT_0013763,CUST_01092,2024-01-01T06:00:00,watches_gifts
EVT_0013764,CUST_01092,2024-01-01T08:00:00,health_beauty
EVT_0013765,CUST_01092,2024-01-01T10:00:00,watches_gifts
EVT_0013766,CUST_01092,2024-01-01T12:00:00,health_beauty
EVT_0013767,CUST_01092,2024-01-01T14:00:00,watches_gifts
EVT_0013768,CUST_01093,2024-01-01T00:00:00,electronics
EVT_0013769,CUST_01093,2024-01-01T02:00:00,computers
EVT_0013770,CUST_01093,2024-01-01T04:00:00,electronics
EVT_0013771,CUST_01093,2024-01-01T06:00:00,computers
EVT_0013772,CUST_01093,2024-01-01T08:00:00,electronics
EVT_0013773,CUST_01093,2024-01-01T10:00:00,computers
EVT_0013774,CUST_01093,2024-01-01T12:00:00,electronics
EVT_0013775,CUST_01093,2024-01-01T14:00:00,computers
EVT_0013776,CUST_01093,2024-01-01T16:00:00,electronics
EVT_0013777,CUST_01093,2024-01-01T18:00:00,computers
EVT_0013778,CUST_01093,2024-01-01T20:00:00,electronics
EVT_0013779,CUST_01094,2024-01-01T00:00:00,watches_gifts
EVT_0013780,CUST_01094,2024-01-01T02:00:00,health_beauty
EVT_0013781,CUST_01094,2024-01-01T04:00:00,watches_gifts
EVT_0013782,CUST_01094,2024-01-01T06:00:00,health_beauty
EVT_0013783,CUST_01094,2024-01-01T08:00:00,watches_gifts
EVT_0013784,CUST_01094,2024-01-01T10:00:00,health_beauty
EVT_0013785,CUST_01094,2024-01-01T12:00:00,computers
EVT_0013786,CUST_01094,2024-01-01T14:00:00,electronics
EVT_0013787,CUST_01094,2024-01-01T16:00:00,computers
EVT_0013788,CUST_01094,2024-01-01T18:00:00,electronics
EVT_0013789,CUST_01094,2024-01-01T20:00:00,sports_leisure
EVT_0013790,CUST_01094,2024-01-01T22:00:00,health_beauty
EVT_0013791,CUST_01095,2024-01-01T00:00:00,health_beauty
EVT_0013792,CUST_01095,2024-01-01T02:00:00,watches_gifts
EVT_0013793,CUST_01095,2024-01-01T04:00:00,health_beauty
EVT_0013794,CUST_01095,2024-01-01T06:00:00,sports_leisure
EVT_0013795,CUST_01095,2024-01-01T08:00:00,health_beauty
EVT_0013796,CUST_01095,2024-01-01T10:00:00,watches_gifts
EVT_0013797,CUST_01095,2024-01-01T12:00:00,health_beauty
EVT_0013798,CUST_01095,2024-01-01T14:00:00,watches_gifts
EVT_0013799,CUST_01095,2024-01-01T16:00:00,health_beauty
EVT_0013800,CUST_01095,2024-01-01T18:00:00,watches_gifts
EVT_0013801,CUST_01096,2024-01-01T00:00:00,health_beauty
EVT_0013802,CUST_01096,2024-01-01T02:00:00,health_beauty
EVT_0013803,CUST_01096,2024-01-01T04:00:00,watches_gifts
EVT_0013804,CUST_01096,2024-01-01T06:00:00,health_beauty
EVT_0013805,CUST_01096,2024-01-01T08:00:00,watches_gifts
EVT_0013806,CUST_01096,2024-01-01T10:00:00,health_beauty
EVT_0013807,CUST_01096,2024-01-01T12:00:00,watches_gifts
EVT_0013808,CUST_01096,2024-01-01T14:00:00,health_beauty
EVT_0013809,CUST_01096,2024-01-01T16:00:00,watches_gifts
EVT_0013810,CUST_01096,2024-01-01T18:00:00,health_beauty
EVT_0013811,CUST_01096,2024-01-01T20:00:00,watches_gifts
EVT_0013812,CUST_01096,2024-01-01T22:00:00,health_beauty
EVT_0013813,CUST_01096,2024-01-02T00:00:00,computers
EVT_0013814,CUST_01096,2024-01-02T02:00:00,electronics
EVT_0013815,CUST_01096,2024-01-02T04:00:00,computers
EVT_0013816,CUST_01096,2024-01-02T06:00:00,electronics
EVT_0013817,CUST_01097,2024-01-01T00:00:00,health_beauty
EVT_0013818,CUST_01097,2024-01-01T02:00:00,watches_gifts
EVT_0013819,CUST_01097,2024-01-01T04:00:00,health_beauty
EVT_0013820,CUST_01097,2024-01-01T06:00:00,watches_gifts
EVT_0013821,CUST_01097,2024-01-01T08:00:00,health_beauty
EVT_0013822,CUST_01097,2024-01-01T10:00:00,watches_gifts
EVT_0013823,CUST_01097,2024-01-01T12:00:00,health_beauty
EVT_0013824,CUST_01097,2024-01-01T14:00:00,watches_gifts
EVT_0013825,CUST_01097,2024-01-01T16:00:00,health_beauty
EVT_0013826,CUST_01098,2024-01-01T00:00:00,electronics
EVT_0013827,CUST_01098,2024-01-01T02:00:00,computers
EVT_0013828,CUST_01098,2024-01-01T04:00:00,electronics
EVT_0013829,CUST_01098,2024-01-01T06:00:00,computers
EVT_0013830,CUST_01098,2024-01-01T08:00:00,electronics
EVT_0013831,CUST_01098,2024-01-01T10:00:00,computers
EVT_0013832,CUST_01098,2024-01-01T12:00:00,electronics
EVT_0013833,CUST_01098,2024-01-01T14:00:00,computers
EVT_0013834,CUST_01098,2024-01-01T16:00:00,electronics
EVT_0013835,CUST_01099,2024-01-01T00:00:00,electronics
EVT_0013836,CUST_01099,2024-01-01T02:00:00,computers
EVT_0013837,CUST_01099,2024-01-01T04:00:00,furniture
EVT_0013838,CUST_01099,2024-01-01T06:00:00,housewares
EVT_0013839,CUST_01099,2024-01-01T08:00:00,bed_bath
EVT_0013840,CUST_01099,2024-01-01T10:00:00,furniture
EVT_0013841,CUST_01099,2024-01-01T12:00:00,housewares
EVT_0013842,CUST_01099,2024-01-01T14:00:00,bed_bath
EVT_0013843,CUST_01099,2024-01-01T16:00:00,furniture
EVT_0013844,CUST_01099,2024-01-01T18:00:00,housewares
EVT_0013845,CUST_01099,2024-01-01T20:00:00,bed_bath
EVT_0013846,CUST_01100,2024-01-01T00:00:00,health_beauty
EVT_0013847,CUST_01100,2024-01-01T02:00:00,watches_gifts
EVT_0013848,CUST_01100,2024-01-01T04:00:00,health_beauty
EVT_0013849,CUST_01100,2024-01-01T06:00:00,watches_gifts
EVT_0013850,CUST_01100,2024-01-01T08:00:00,health_beauty
EVT_0013851,CUST_01100,2024-01-01T10:00:00,watches_gifts
EVT_0013852,CUST_01100,2024-01-01T12:00:00,health_beauty
EVT_0013853,CUST_01100,2024-01-01T14:00:00,watches_gifts
EVT_0013854,CUST_01100,2024-01-01T16:00:00,health_beauty
EVT_0013855,CUST_01100,2024-01-01T18:00:00,watches_gifts
EVT_0013856,CUST_01100,2024-01-01T20:00:00,health_beauty
EVT_0013857,CUST_01100,2024-01-01T22:00:00,watches_gifts
EVT_0013858,CUST_01100,2024-01-02T00:00:00,health_beauty
EVT_0013859,CUST_01100,2024-01-02T02:00:00,watches_gifts
EVT_0013860,CUST_01101,2024-01-01T00:00:00,electronics
EVT_0013861,CUST_01101,2024-01-01T02:00:00,computers
EVT_0013862,CUST_01101,2024-01-01T04:00:00,electronics
EVT_0013863,CUST_01101,2024-01-01T06:00:00,computers
EVT_0013864,CUST_01101,2024-01-01T08:00:00,electronics
EVT_0013865,CUST_01101,2024-01-01T10:00:00,computers
EVT_0013866,CUST_01101,2024-01-01T12:00:00,electronics
EVT_0013867,CUST_01101,2024-01-01T14:00:00,computers
EVT_0013868,CUST_01101,2024-01-01T16:00:00,electronics
EVT_0013869,CUST_01101,2024-01-01T18:00:00,computers
EVT_0013870,CUST_01101,2024-01-01T20:00:00,electronics
EVT_0013871,CUST_01101,2024-01-01T22:00:00,computers
EVT_0013872,CUST_01101,2024-01-02T00:00:00,electronics
EVT_0013873,CUST_01101,2024-01-02T02:00:00,computers
EVT_0013874,CUST_01102,2024-01-01T00:00:00,computers
EVT_0013875,CUST_01102,2024-01-01T02:00:00,electronics
EVT_0013876,CUST_01102,2024-01-01T04:00:00,computers
EVT_0013877,CUST_01102,2024-01-01T06:00:00,electronics
EVT_0013878,CUST_01102,2024-01-01T08:00:00,computers
EVT_0013879,CUST_01102,2024-01-01T10:00:00,electronics
EVT_0013880,CUST_01102,2024-01-01T12:00:00,computers
EVT_0013881,CUST_01102,2024-01-01T14:00:00,electronics
EVT_0013882,CUST_01102,2024-01-01T16:00:00,computers
EVT_0013883,CUST_01102,2024-01-01T18:00:00,electronics
EVT_0013884,CUST_01102,2024-01-01T20:00:00,computers
EVT_0013885,CUST_01102,2024-01-01T22:00:00,electronics
EVT_0013886,CUST_01102,2024-01-02T00:00:00,computers
EVT_0013887,CUST_01102,2024-01-02T02:00:00,electronics
EVT_0013888,CUST_01102,2024-01-02T04:00:00,sports_leisure
EVT_0013889,CUST_01102,2024-01-02T06:00:00,health_beauty
EVT_0013890,CUST_01103,2024-01-01T00:00:00,electronics
EVT_0013891,CUST_01103,2024-01-01T02:00:00,computers
EVT_0013892,CUST_01103,2024-01-01T04:00:00,electronics
EVT_0013893,CUST_01103,2024-01-01T06:00:00,furniture
EVT_0013894,CUST_01103,2024-01-01T08:00:00,housewares
EVT_0013895,CUST_01103,2024-01-01T10:00:00,sports_leisure
EVT_0013896,CUST_01103,2024-01-01T12:00:00,health_beauty
EVT_0013897,CUST_01103,2024-01-01T14:00:00,watches_gifts
EVT_0013898,CUST_01103,2024-01-01T16:00:00,health_beauty
EVT_0013899,CUST_01103,2024-01-01T18:00:00,auto
EVT_0013900,CUST_01103,2024-01-01T20:00:00,electronics
EVT_0013901,CUST_01103,2024-01-01T22:00:00,computers
EVT_0013902,CUST_01103,2024-01-02T00:00:00,toys
EVT_0013903,CUST_01103,2024-01-02T02:00:00,electronics
EVT_0013904,CUST_01103,2024-01-02T04:00:00,computers
EVT_0013905,CUST_01103,2024-01-02T06:00:00,electronics
EVT_0013906,CUST_01104,2024-01-01T00:00:00,electronics
EVT_0013907,CUST_01104,2024-01-01T02:00:00,computers
EVT_0013908,CUST_01104,2024-01-01T04:00:00,electronics
EVT_0013909,CUST_01104,2024-01-01T06:00:00,computers
EVT_0013910,CUST_01104,2024-01-01T08:00:00,electronics
EVT_0013911,CUST_01104,2024-01-01T10:00:00,computers
EVT_0013912,CUST_01104,2024-01-01T12:00:00,electronics
EVT_0013913,CUST_01104,2024-01-01T14:00:00,computers
EVT_0013914,CUST_01104,2024-01-01T16:00:00,electronics
EVT_0013915,CUST_01104,2024-01-01T18:00:00,computers
EVT_0013916,CUST_01104,2024-01-01T20:00:00,electronics
EVT_0013917,CUST_01104,2024-01-01T22:00:00,computers
EVT_0013918,CUST_01104,2024-01-02T00:00:00,electronics
EVT_0013919,CUST_01104,2024-01-02T02:00:00,computers
EVT_0013920,CUST_01104,2024-01-02T04:00:00,electronics
EVT_0013921,CUST_01104,2024-01-02T06:00:00,computers
EVT_0013922,CUST_01105,2024-01-01T00:00:00,electronics
EVT_0013923,CUST_01105,2024-01-01T02:00:00,computers
EVT_0013924,CUST_01105,2024-01-01T04:00:00,electronics
EVT_0013925,CUST_01105,2024-01-01T06:00:00,computers
EVT_0013926,CUST_01105,2024-01-01T08:00:00,electronics
EVT_0013927,CUST_01105,2024-01-01T10:00:00,computers
EVT_0013928,CUST_01105,2024-01-01T12:00:00,electronics
EVT_0013929,CUST_01105,2024-01-01T14:00:00,computers
EVT_0013930,CUST_01106,2024-01-01T00:00:00,electronics
EVT_0013931,CUST_01106,2024-01-01T02:00:00,computers
EVT_0013932,CUST_01106,2024-01-01T04:00:00,electronics
EVT_0013933,CUST_01106,2024-01-01T06:00:00,computers
EVT_0013934,CUST_01106,2024-01-01T08:00:00,electronics
EVT_0013935,CUST_01106,2024-01-01T10:00:00,computers
EVT_0013936,CUST_01106,2024-01-01T12:00:00,electronics
EVT_0013937,CUST_01106,2024-01-01T14:00:00,computers
EVT_0013938,CUST_01106,2024-01-01T16:00:00,electronics
EVT_0013939,CUST_01106,2024-01-01T18:00:00,computers
EVT_0013940,CUST_01106,2024-01-01T20:00:00,electronics
EVT_0013941,CUST_01106,2024-01-01T22:00:00,computers
EVT_0013942,CUST_01106,2024-01-02T00:00:00,electronics
EVT_0013943,CUST_01106,2024-01-02T02:00:00,computers
EVT_0013944,CUST_01106,2024-01-02T04:00:00,electronics
EVT_0013945,CUST_01106,2024-01-02T06:00:00,computers
EVT_0013946,CUST_01107,2024-01-01T00:00:00,computers
EVT_0013947,CUST_01107,2024-01-01T02:00:00,electronics
EVT_0013948,CUST_01107,2024-01-01T04:00:00,computers
EVT_0013949,CUST_01107,2024-01-01T06:00:00,electronics
EVT_0013950,CUST_01107,2024-01-01T08:00:00,computers
EVT_0013951,CUST_01107,2024-01-01T10:00:00,electronics
EVT_0013952,CUST_01107,2024-01-01T12:00:00,computers
EVT_0013953,CUST_01107,2024-01-01T14:00:00,electronics
EVT_0013954,CUST_01107,2024-01-01T16:00:00,computers
EVT_0013955,CUST_01108,2024-01-01T00:00:00,computers
EVT_0013956,CUST_01108,2024-01-01T02:00:00,electronics
EVT_0013957,CUST_01108,2024-01-01T04:00:00,computers
EVT_0013958,CUST_01108,2024-01-01T06:00:00,electronics
EVT_0013959,CUST_01108,2024-01-01T08:00:00,computers
EVT_0013960,CUST_01108,2024-01-01T10:00:00,electronics
EVT_0013961,CUST_01108,2024-01-01T12:00:00,computers
EVT_0013962,CUST_01108,2024-01-01T14:00:00,electronics
EVT_0013963,CUST_01108,2024-01-01T16:00:00,computers
EVT_0013964,CUST_01108,2024-01-01T18:00:00,electronics
EVT_0013965,CUST_01108,2024-01-01T20:00:00,computers
EVT_0013966,CUST_01108,2024-01-01T22:00:00,electronics
EVT_0013967,CUST_01108,2024-01-02T00:00:00,computers
EVT_0013968,CUST_01108,2024-01-02T02:00:00,electronics
EVT_0013969,CUST_01108,2024-01-02T04:00:00,computers
EVT_0013970,CUST_01108,2024-01-02T06:00:00,electronics
EVT_0013971,CUST_01108,2024-01-02T08:00:00,computers
EVT_0013972,CUST_01109,2024-01-01T00:00:00,housewares
EVT_0013973,CUST_01109,2024-01-01T02:00:00,bed_bath
EVT_0013974,CUST_01109,2024-01-01T04:00:00,toys
EVT_0013975,CUST_01109,2024-01-01T06:00:00,electronics
EVT_0013976,CUST_01109,2024-01-01T08:00:00,computers
EVT_0013977,CUST_01109,2024-01-01T10:00:00,electronics
EVT_0013978,CUST_01109,2024-01-01T12:00:00,computers
EVT_0013979,CUST_01109,2024-01-01T14:00:00,electronics
EVT_0013980,CUST_01109,2024-01-01T16:00:00,computers
EVT_0013981,CUST_01109,2024-01-01T18:00:00,electronics
EVT_0013982,CUST_01109,2024-01-01T20:00:00,computers
EVT_0013983,CUST_01109,2024-01-01T22:00:00,electronics
EVT_0013984,CUST_01109,2024-01-02T00:00:00,computers
EVT_0013985,CUST_01109,2024-01-02T02:00:00,electronics
EVT_0013986,CUST_01110,2024-01-01T00:00:00,auto
EVT_0013987,CUST_01110,2024-01-01T02:00:00,electronics
EVT_0013988,CUST_01110,2024-01-01T04:00:00,computers
EVT_0013989,CUST_01110,2024-01-01T06:00:00,electronics
EVT_0013990,CUST_01110,2024-01-01T08:00:00,computers
EVT_0013991,CUST_01110,2024-01-01T10:00:00,electronics
EVT_0013992,CUST_01110,2024-01-01T12:00:00,computers
EVT_0013993,CUST_01110,2024-01-01T14:00:00,electronics
EVT_0013994,CUST_01110,2024-01-01T16:00:00,computers
EVT_0013995,CUST_01110,2024-01-01T18:00:00,electronics
EVT_0013996,CUST_01110,2024-01-01T20:00:00,computers
EVT_0013997,CUST_01110,2024-01-01T22:00:00,electronics
EVT_0013998,CUST_01110,2024-01-02T00:00:00,electronics
EVT_0013999,CUST_01110,2024-01-02T02:00:00,toys
EVT_0014000,CUST_01110,2024-01-02T04:00:00,electronics
EVT_0014001,CUST_01110,2024-01-02T06:00:00,computers
EVT_0014002,CUST_01110,2024-01-02T08:00:00,electronics
EVT_0014003,CUST_01111,2024-01-01T00:00:00,computers
EVT_0014004,CUST_01111,2024-01-01T02:00:00,electronics
EVT_0014005,CUST_01111,2024-01-01T04:00:00,computers
EVT_0014006,CUST_01111,2024-01-01T06:00:00,electronics
EVT_0014007,CUST_01111,2024-01-01T08:00:00,computers
EVT_0014008,CUST_01111,2024-01-01T10:00:00,electronics
EVT_0014009,CUST_01111,2024-01-01T12:00:00,computers
EVT_0014010,CUST_01111,2024-01-01T14:00:00,electronics
EVT_0014011,CUST_01111,2024-01-01T16:00:00,computers
EVT_0014012,CUST_01111,2024-01-01T18:00:00,electronics
EVT_0014013,CUST_01111,2024-01-01T20:00:00,bed_bath
EVT_0014014,CUST_01111,2024-01-01T22:00:00,furniture
EVT_0014015,CUST_01111,2024-01-02T00:00:00,housewares
EVT_0014016,CUST_01111,2024-01-02T02:00:00,bed_bath
EVT_0014017,CUST_01111,2024-01-02T04:00:00,furniture
EVT_0014018,CUST_01112,2024-01-01T00:00:00,electronics
EVT_0014019,CUST_01112,2024-01-01T02:00:00,computers
EVT_0014020,CUST_01112,2024-01-01T04:00:00,electronics
EVT_0014021,CUST_01112,2024-01-01T06:00:00,computers
EVT_0014022,CUST_01112,2024-01-01T08:00:00,electronics
EVT_0014023,CUST_01112,2024-01-01T10:00:00,computers
EVT_0014024,CUST_01112,2024-01-01T12:00:00,electronics
EVT_0014025,CUST_01112,2024-01-01T14:00:00,computers
EVT_0014026,CUST_01112,2024-01-01T16:00:00,electronics
EVT_0014027,CUST_01113,2024-01-01T00:00:00,furniture
EVT_0014028,CUST_01113,2024-01-01T02:00:00,housewares
EVT_0014029,CUST_01113,2024-01-01T04:00:00,health_beauty
EVT_0014030,CUST_01113,2024-01-01T06:00:00,watches_gifts
EVT_0014031,CUST_01113,2024-01-01T08:00:00,health_beauty
EVT_0014032,CUST_01113,2024-01-01T10:00:00,watches_gifts
EVT_0014033,CUST_01113,2024-01-01T12:00:00,health_beauty
EVT_0014034,CUST_01113,2024-01-01T14:00:00,watches_gifts
EVT_0014035,CUST_01113,2024-01-01T16:00:00,health_beauty
EVT_0014036,CUST_01113,2024-01-01T18:00:00,watches_gifts
EVT_0014037,CUST_01113,2024-01-01T20:00:00,health_beauty
EVT_0014038,CUST_01113,2024-01-01T22:00:00,watches_gifts
EVT_0014039,CUST_01114,2024-01-01T00:00:00,electronics
EVT_0014040,CUST_01114,2024-01-01T02:00:00,computers
EVT_0014041,CUST_01114,2024-01-01T04:00:00,electronics
EVT_0014042,CUST_01114,2024-01-01T06:00:00,computers
EVT_0014043,CUST_01114,2024-01-01T08:00:00,electronics
EVT_0014044,CUST_01114,2024-01-01T10:00:00,computers
EVT_0014045,CUST_01114,2024-01-01T12:00:00,electronics
EVT_0014046,CUST_01114,2024-01-01T14:00:00,computers
EVT_0014047,CUST_01114,2024-01-01T16:00:00,electronics
EVT_0014048,CUST_01114,2024-01-01T18:00:00,computers
EVT_0014049,CUST_01114,2024-01-01T20:00:00,electronics
EVT_0014050,CUST_01114,2024-01-01T22:00:00,computers
EVT_0014051,CUST_01114,2024-01-02T00:00:00,electronics
EVT_0014052,CUST_01114,2024-01-02T02:00:00,computers
EVT_0014053,CUST_01114,2024-01-02T04:00:00,electronics
EVT_0014054,CUST_01115,2024-01-01T00:00:00,toys
EVT_0014055,CUST_01115,2024-01-01T02:00:00,electronics
EVT_0014056,CUST_01115,2024-01-01T04:00:00,computers
EVT_0014057,CUST_01115,2024-01-01T06:00:00,electronics
EVT_0014058,CUST_01115,2024-01-01T08:00:00,computers
EVT_0014059,CUST_01115,2024-01-01T10:00:00,electronics
EVT_0014060,CUST_01115,2024-01-01T12:00:00,computers
EVT_0014061,CUST_01115,2024-01-01T14:00:00,electronics
EVT_0014062,CUST_01115,2024-01-01T16:00:00,computers
EVT_0014063,CUST_01115,2024-01-01T18:00:00,electronics
EVT_0014064,CUST_01115,2024-01-01T20:00:00,computers
EVT_0014065,CUST_01115,2024-01-01T22:00:00,toys
EVT_0014066,CUST_01115,2024-01-02T00:00:00,electronics
EVT_0014067,CUST_01115,2024-01-02T02:00:00,computers
EVT_0014068,CUST_01115,2024-01-02T04:00:00,electronics
EVT_0014069,CUST_01115,2024-01-02T06:00:00,computers
EVT_0014070,CUST_01116,2024-01-01T00:00:00,watches_gifts
EVT_0014071,CUST_01116,2024-01-01T02:00:00,health_beauty
EVT_0014072,CUST_01116,2024-01-01T04:00:00,watches_gifts
EVT_0014073,CUST_01116,2024-01-01T06:00:00,health_beauty
EVT_0014074,CUST_01116,2024-01-01T08:00:00,watches_gifts
EVT_0014075,CUST_01116,2024-01-01T10:00:00,health_beauty
EVT_0014076,CUST_01116,2024-01-01T12:00:00,watches_gifts
EVT_0014077,CUST_01116,2024-01-01T14:00:00,health_beauty
EVT_0014078,CUST_01116,2024-01-01T16:00:00,watches_gifts
EVT_0014079,CUST_01117,2024-01-01T00:00:00,health_beauty
EVT_0014080,CUST_01117,2024-01-01T02:00:00,watches_gifts
EVT_0014081,CUST_01117,2024-01-01T04:00:00,health_beauty
EVT_0014082,CUST_01117,2024-01-01T06:00:00,watches_gifts
EVT_0014083,CUST_01117,2024-01-01T08:00:00,health_beauty
EVT_0014084,CUST_01117,2024-01-01T10:00:00,watches_gifts
EVT_0014085,CUST_01117,2024-01-01T12:00:00,health_beauty
EVT_0014086,CUST_01117,2024-01-01T14:00:00,watches_gifts
EVT_0014087,CUST_01117,2024-01-01T16:00:00,health_beauty
EVT_0014088,CUST_01117,2024-01-01T18:00:00,watches_gifts
EVT_0014089,CUST_01117,2024-01-01T20:00:00,health_beauty
EVT_0014090,CUST_01117,2024-01-01T22:00:00,watches_gifts
EVT_0014091,CUST_01117,2024-01-02T00:00:00,sports_leisure
EVT_0014092,CUST_01117,2024-01-02T02:00:00,health_beauty
EVT_0014093,CUST_01117,2024-01-02T04:00:00,watches_gifts
EVT_0014094,CUST_01118,2024-01-01T00:00:00,computers
EVT_0014095,CUST_01118,2024-01-01T02:00:00,electronics
EVT_0014096,CUST_01118,2024-01-01T04:00:00,computers
EVT_0014097,CUST_01118,2024-01-01T06:00:00,electronics
EVT_0014098,CUST_01118,2024-01-01T08:00:00,computers
EVT_0014099,CUST_01118,2024-01-01T10:00:00,electronics
EVT_0014100,CUST_01118,2024-01-01T12:00:00,computers
EVT_0014101,CUST_01118,2024-01-01T14:00:00,electronics
EVT_0014102,CUST_01118,2024-01-01T16:00:00,computers
EVT_0014103,CUST_01119,2024-01-01T00:00:00,health_beauty
EVT_0014104,CUST_01119,2024-01-01T02:00:00,watches_gifts
EVT_0014105,CUST_01119,2024-01-01T04:00:00,health_beauty
EVT_0014106,CUST_01119,2024-01-01T06:00:00,watches_gifts
EVT_0014107,CUST_01119,2024-01-01T08:00:00,health_beauty
EVT_0014108,CUST_01119,2024-01-01T10:00:00,watches_gifts
EVT_0014109,CUST_01119,2024-01-01T12:00:00,health_beauty
EVT_0014110,CUST_01119,2024-01-01T14:00:00,watches_gifts
EVT_0014111,CUST_01119,2024-01-01T16:00:00,health_beauty
EVT_0014112,CUST_01119,2024-01-01T18:00:00,watches_gifts
EVT_0014113,CUST_01119,2024-01-01T20:00:00,health_beauty
EVT_0014114,CUST_01119,2024-01-01T22:00:00,watches_gifts
EVT_0014115,CUST_01119,2024-01-02T00:00:00,auto
EVT_0014116,CUST_01119,2024-01-02T02:00:00,electronics
EVT_0014117,CUST_01119,2024-01-02T04:00:00,computers
EVT_0014118,CUST_01119,2024-01-02T06:00:00,electronics
EVT_0014119,CUST_01120,2024-01-01T00:00:00,computers
EVT_0014120,CUST_01120,2024-01-01T02:00:00,electronics
EVT_0014121,CUST_01120,2024-01-01T04:00:00,computers
EVT_0014122,CUST_01120,2024-01-01T06:00:00,electronics
EVT_0014123,CUST_01120,2024-01-01T08:00:00,computers
EVT_0014124,CUST_01120,2024-01-01T10:00:00,electronics
EVT_0014125,CUST_01120,2024-01-01T12:00:00,computers
EVT_0014126,CUST_01120,2024-01-01T14:00:00,electronics
EVT_0014127,CUST_01120,2024-01-01T16:00:00,computers
EVT_0014128,CUST_01120,2024-01-01T18:00:00,electronics
EVT_0014129,CUST_01120,2024-01-01T20:00:00,computers
EVT_0014130,CUST_01120,2024-01-01T22:00:00,electronics
EVT_0014131,CUST_01120,2024-01-02T00:00:00,computers
EVT_0014132,CUST_01120,2024-01-02T02:00:00,electronics
EVT_0014133,CUST_01120,2024-01-02T04:00:00,computers
EVT_0014134,CUST_01120,2024-01-02T06:00:00,computers
EVT_0014135,CUST_01120,2024-01-02T08:00:00,electronics
EVT_0014136,CUST_01121,2024-01-01T00:00:00,health_beauty
EVT_0014137,CUST_01121,2024-01-01T02:00:00,watches_gifts
EVT_0014138,CUST_01121,2024-01-01T04:00:00,health_beauty
EVT_0014139,CUST_01121,2024-01-01T06:00:00,watches_gifts
EVT_0014140,CUST_01121,2024-01-01T08:00:00,health_beauty
EVT_0014141,CUST_01121,2024-01-01T10:00:00,watches_gifts
EVT_0014142,CUST_01121,2024-01-01T12:00:00,health_beauty
EVT_0014143,CUST_01121,2024-01-01T14:00:00,watches_gifts
EVT_0014144,CUST_01121,2024-01-01T16:00:00,health_beauty
EVT_0014145,CUST_01121,2024-01-01T18:00:00,watches_gifts
EVT_0014146,CUST_01121,2024-01-01T20:00:00,health_beauty
EVT_0014147,CUST_01122,2024-01-01T00:00:00,computers
EVT_0014148,CUST_01122,2024-01-01T02:00:00,electronics
EVT_0014149,CUST_01122,2024-01-01T04:00:00,computers
EVT_0014150,CUST_01122,2024-01-01T06:00:00,electronics
EVT_0014151,CUST_01122,2024-01-01T08:00:00,computers
EVT_0014152,CUST_01122,2024-01-01T10:00:00,electronics
EVT_0014153,CUST_01122,2024-01-01T12:00:00,computers
EVT_0014154,CUST_01122,2024-01-01T14:00:00,electronics
EVT_0014155,CUST_01122,2024-01-01T16:00:00,computers
EVT_0014156,CUST_01122,2024-01-01T18:00:00,electronics
EVT_0014157,CUST_01122,2024-01-01T20:00:00,computers
EVT_0014158,CUST_01122,2024-01-01T22:00:00,housewares
EVT_0014159,CUST_01122,2024-01-02T00:00:00,bed_bath
EVT_0014160,CUST_01123,2024-01-01T00:00:00,bed_bath
EVT_0014161,CUST_01123,2024-01-01T02:00:00,furniture
EVT_0014162,CUST_01123,2024-01-01T04:00:00,housewares
EVT_0014163,CUST_01123,2024-01-01T06:00:00,bed_bath
EVT_0014164,CUST_01123,2024-01-01T08:00:00,furniture
EVT_0014165,CUST_01123,2024-01-01T10:00:00,bed_bath
EVT_0014166,CUST_01123,2024-01-01T12:00:00,furniture
EVT_0014167,CUST_01123,2024-01-01T14:00:00,housewares
EVT_0014168,CUST_01124,2024-01-01T00:00:00,electronics
EVT_0014169,CUST_01124,2024-01-01T02:00:00,computers
EVT_0014170,CUST_01124,2024-01-01T04:00:00,electronics
EVT_0014171,CUST_01124,2024-01-01T06:00:00,computers
EVT_0014172,CUST_01124,2024-01-01T08:00:00,electronics
EVT_0014173,CUST_01124,2024-01-01T10:00:00,computers
EVT_0014174,CUST_01124,2024-01-01T12:00:00,electronics
EVT_0014175,CUST_01124,2024-01-01T14:00:00,computers
EVT_0014176,CUST_01124,2024-01-01T16:00:00,furniture
EVT_0014177,CUST_01124,2024-01-01T18:00:00,housewares
EVT_0014178,CUST_01124,2024-01-01T20:00:00,bed_bath
EVT_0014179,CUST_01124,2024-01-01T22:00:00,furniture
EVT_0014180,CUST_01124,2024-01-02T00:00:00,housewares
EVT_0014181,CUST_01125,2024-01-01T00:00:00,furniture
EVT_0014182,CUST_01125,2024-01-01T02:00:00,housewares
EVT_0014183,CUST_01125,2024-01-01T04:00:00,bed_bath
EVT_0014184,CUST_01125,2024-01-01T06:00:00,furniture
EVT_0014185,CUST_01125,2024-01-01T08:00:00,housewares
EVT_0014186,CUST_01125,2024-01-01T10:00:00,bed_bath
EVT_0014187,CUST_01125,2024-01-01T12:00:00,furniture
EVT_0014188,CUST_01125,2024-01-01T14:00:00,sports_leisure
EVT_0014189,CUST_01125,2024-01-01T16:00:00,health_beauty
EVT_0014190,CUST_01126,2024-01-01T00:00:00,electronics
EVT_0014191,CUST_01126,2024-01-01T02:00:00,computers
EVT_0014192,CUST_01126,2024-01-01T04:00:00,electronics
EVT_0014193,CUST_01126,2024-01-01T06:00:00,computers
EVT_0014194,CUST_01126,2024-01-01T08:00:00,electronics
EVT_0014195,CUST_01126,2024-01-01T10:00:00,computers
EVT_0014196,CUST_01126,2024-01-01T12:00:00,electronics
EVT_0014197,CUST_01126,2024-01-01T14:00:00,computers
EVT_0014198,CUST_01126,2024-01-01T16:00:00,sports_leisure
EVT_0014199,CUST_01126,2024-01-01T18:00:00,health_beauty
EVT_0014200,CUST_01127,2024-01-01T00:00:00,electronics
EVT_0014201,CUST_01127,2024-01-01T02:00:00,computers
EVT_0014202,CUST_01127,2024-01-01T04:00:00,electronics
EVT_0014203,CUST_01127,2024-01-01T06:00:00,computers
EVT_0014204,CUST_01127,2024-01-01T08:00:00,electronics
EVT_0014205,CUST_01127,2024-01-01T10:00:00,computers
EVT_0014206,CUST_01127,2024-01-01T12:00:00,electronics
EVT_0014207,CUST_01127,2024-01-01T14:00:00,computers
EVT_0014208,CUST_01127,2024-01-01T16:00:00,electronics
EVT_0014209,CUST_01128,2024-01-01T00:00:00,housewares
EVT_0014210,CUST_01128,2024-01-01T02:00:00,bed_bath
EVT_0014211,CUST_01128,2024-01-01T04:00:00,furniture
EVT_0014212,CUST_01128,2024-01-01T06:00:00,housewares
EVT_0014213,CUST_01128,2024-01-01T08:00:00,bed_bath
EVT_0014214,CUST_01128,2024-01-01T10:00:00,furniture
EVT_0014215,CUST_01128,2024-01-01T12:00:00,housewares
EVT_0014216,CUST_01128,2024-01-01T14:00:00,bed_bath
EVT_0014217,CUST_01128,2024-01-01T16:00:00,furniture
EVT_0014218,CUST_01129,2024-01-01T00:00:00,bed_bath
EVT_0014219,CUST_01129,2024-01-01T02:00:00,furniture
EVT_0014220,CUST_01129,2024-01-01T04:00:00,housewares
EVT_0014221,CUST_01129,2024-01-01T06:00:00,bed_bath
EVT_0014222,CUST_01129,2024-01-01T08:00:00,furniture
EVT_0014223,CUST_01129,2024-01-01T10:00:00,housewares
EVT_0014224,CUST_01129,2024-01-01T12:00:00,bed_bath
EVT_0014225,CUST_01129,2024-01-01T14:00:00,furniture
EVT_0014226,CUST_01129,2024-01-01T16:00:00,housewares
EVT_0014227,CUST_01129,2024-01-01T18:00:00,bed_bath
EVT_0014228,CUST_01129,2024-01-01T20:00:00,furniture
EVT_0014229,CUST_01129,2024-01-01T22:00:00,housewares
EVT_0014230,CUST_01129,2024-01-02T00:00:00,bed_bath
EVT_0014231,CUST_01129,2024-01-02T02:00:00,furniture
EVT_0014232,CUST_01129,2024-01-02T04:00:00,housewares
EVT_0014233,CUST_01130,2024-01-01T00:00:00,furniture
EVT_0014234,CUST_01130,2024-01-01T02:00:00,electronics
EVT_0014235,CUST_01130,2024-01-01T04:00:00,computers
EVT_0014236,CUST_01130,2024-01-01T06:00:00,furniture
EVT_0014237,CUST_01130,2024-01-01T08:00:00,housewares
EVT_0014238,CUST_01130,2024-01-01T10:00:00,bed_bath
EVT_0014239,CUST_01130,2024-01-01T12:00:00,furniture
EVT_0014240,CUST_01130,2024-01-01T14:00:00,housewares
EVT_0014241,CUST_01130,2024-01-01T16:00:00,bed_bath
EVT_0014242,CUST_01130,2024-01-01T18:00:00,furniture
EVT_0014243,CUST_01130,2024-01-01T20:00:00,housewares
EVT_0014244,CUST_01130,2024-01-01T22:00:00,bed_bath
EVT_0014245,CUST_01130,2024-01-02T00:00:00,furniture
EVT_0014246,CUST_01130,2024-01-02T02:00:00,housewares
EVT_0014247,CUST_01130,2024-01-02T04:00:00,bed_bath
EVT_0014248,CUST_01130,2024-01-02T06:00:00,furniture
EVT_0014249,CUST_01130,2024-01-02T08:00:00,housewares
EVT_0014250,CUST_01131,2024-01-01T00:00:00,health_beauty
EVT_0014251,CUST_01131,2024-01-01T02:00:00,watches_gifts
EVT_0014252,CUST_01131,2024-01-01T04:00:00,housewares
EVT_0014253,CUST_01131,2024-01-01T06:00:00,bed_bath
EVT_0014254,CUST_01131,2024-01-01T08:00:00,furniture
EVT_0014255,CUST_01131,2024-01-01T10:00:00,housewares
EVT_0014256,CUST_01131,2024-01-01T12:00:00,bed_bath
EVT_0014257,CUST_01131,2024-01-01T14:00:00,furniture
EVT_0014258,CUST_01131,2024-01-01T16:00:00,housewares
EVT_0014259,CUST_01132,2024-01-01T00:00:00,computers
EVT_0014260,CUST_01132,2024-01-01T02:00:00,electronics
EVT_0014261,CUST_01132,2024-01-01T04:00:00,computers
EVT_0014262,CUST_01132,2024-01-01T06:00:00,electronics
EVT_0014263,CUST_01132,2024-01-01T08:00:00,computers
EVT_0014264,CUST_01132,2024-01-01T10:00:00,electronics
EVT_0014265,CUST_01132,2024-01-01T12:00:00,computers
EVT_0014266,CUST_01132,2024-01-01T14:00:00,electronics
EVT_0014267,CUST_01133,2024-01-01T00:00:00,health_beauty
EVT_0014268,CUST_01133,2024-01-01T02:00:00,watches_gifts
EVT_0014269,CUST_01133,2024-01-01T04:00:00,computers
EVT_0014270,CUST_01133,2024-01-01T06:00:00,electronics
EVT_0014271,CUST_01133,2024-01-01T08:00:00,computers
EVT_0014272,CUST_01133,2024-01-01T10:00:00,toys
EVT_0014273,CUST_01133,2024-01-01T12:00:00,electronics
EVT_0014274,CUST_01133,2024-01-01T14:00:00,computers
EVT_0014275,CUST_01133,2024-01-01T16:00:00,electronics
EVT_0014276,CUST_01133,2024-01-01T18:00:00,computers
EVT_0014277,CUST_01133,2024-01-01T20:00:00,electronics
EVT_0014278,CUST_01133,2024-01-01T22:00:00,toys
EVT_0014279,CUST_01133,2024-01-02T00:00:00,electronics
EVT_0014280,CUST_01134,2024-01-01T00:00:00,housewares
EVT_0014281,CUST_01134,2024-01-01T02:00:00,bed_bath
EVT_0014282,CUST_01134,2024-01-01T04:00:00,furniture
EVT_0014283,CUST_01134,2024-01-01T06:00:00,housewares
EVT_0014284,CUST_01134,2024-01-01T08:00:00,bed_bath
EVT_0014285,CUST_01134,2024-01-01T10:00:00,auto
EVT_0014286,CUST_01134,2024-01-01T12:00:00,electronics
EVT_0014287,CUST_01134,2024-01-01T14:00:00,computers
EVT_0014288,CUST_01134,2024-01-01T16:00:00,furniture
EVT_0014289,CUST_01134,2024-01-01T18:00:00,housewares
EVT_0014290,CUST_01134,2024-01-01T20:00:00,bed_bath
EVT_0014291,CUST_01134,2024-01-01T22:00:00,furniture
EVT_0014292,CUST_01134,2024-01-02T00:00:00,housewares
EVT_0014293,CUST_01134,2024-01-02T02:00:00,bed_bath
EVT_0014294,CUST_01134,2024-01-02T04:00:00,furniture
EVT_0014295,CUST_01134,2024-01-02T06:00:00,housewares
EVT_0014296,CUST_01135,2024-01-01T00:00:00,health_beauty
EVT_0014297,CUST_01135,2024-01-01T02:00:00,watches_gifts
EVT_0014298,CUST_01135,2024-01-01T04:00:00,health_beauty
EVT_0014299,CUST_01135,2024-01-01T06:00:00,watches_gifts
EVT_0014300,CUST_01135,2024-01-01T08:00:00,health_beauty
EVT_0014301,CUST_01135,2024-01-01T10:00:00,watches_gifts
EVT_0014302,CUST_01135,2024-01-01T12:00:00,health_beauty
EVT_0014303,CUST_01135,2024-01-01T14:00:00,watches_gifts
EVT_0014304,CUST_01136,2024-01-01T00:00:00,electronics
EVT_0014305,CUST_01136,2024-01-01T02:00:00,computers
EVT_0014306,CUST_01136,2024-01-01T04:00:00,electronics
EVT_0014307,CUST_01136,2024-01-01T06:00:00,computers
EVT_0014308,CUST_01136,2024-01-01T08:00:00,electronics
EVT_0014309,CUST_01136,2024-01-01T10:00:00,computers
EVT_0014310,CUST_01136,2024-01-01T12:00:00,electronics
EVT_0014311,CUST_01136,2024-01-01T14:00:00,computers
EVT_0014312,CUST_01136,2024-01-01T16:00:00,electronics
EVT_0014313,CUST_01136,2024-01-01T18:00:00,computers
EVT_0014314,CUST_01136,2024-01-01T20:00:00,electronics
EVT_0014315,CUST_01136,2024-01-01T22:00:00,computers
EVT_0014316,CUST_01137,2024-01-01T00:00:00,watches_gifts
EVT_0014317,CUST_01137,2024-01-01T02:00:00,health_beauty
EVT_0014318,CUST_01137,2024-01-01T04:00:00,watches_gifts
EVT_0014319,CUST_01137,2024-01-01T06:00:00,health_beauty
EVT_0014320,CUST_01137,2024-01-01T08:00:00,watches_gifts
EVT_0014321,CUST_01137,2024-01-01T10:00:00,health_beauty
EVT_0014322,CUST_01137,2024-01-01T12:00:00,auto
EVT_0014323,CUST_01137,2024-01-01T14:00:00,electronics
EVT_0014324,CUST_01137,2024-01-01T16:00:00,computers
EVT_0014325,CUST_01137,2024-01-01T18:00:00,electronics
EVT_0014326,CUST_01137,2024-01-01T20:00:00,computers
EVT_0014327,CUST_01137,2024-01-01T22:00:00,electronics
EVT_0014328,CUST_01137,2024-01-02T00:00:00,computers
EVT_0014329,CUST_01137,2024-01-02T02:00:00,electronics
EVT_0014330,CUST_01137,2024-01-02T04:00:00,computers
EVT_0014331,CUST_01137,2024-01-02T06:00:00,electronics
EVT_0014332,CUST_01137,2024-01-02T08:00:00,computers
EVT_0014333,CUST_01138,2024-01-01T00:00:00,housewares
EVT_0014334,CUST_01138,2024-01-01T02:00:00,bed_bath
EVT_0014335,CUST_01138,2024-01-01T04:00:00,furniture
EVT_0014336,CUST_01138,2024-01-01T06:00:00,housewares
EVT_0014337,CUST_01138,2024-01-01T08:00:00,toys
EVT_0014338,CUST_01138,2024-01-01T10:00:00,electronics
EVT_0014339,CUST_01138,2024-01-01T12:00:00,computers
EVT_0014340,CUST_01138,2024-01-01T14:00:00,electronics
EVT_0014341,CUST_01138,2024-01-01T16:00:00,computers
EVT_0014342,CUST_01138,2024-01-01T18:00:00,electronics
EVT_0014343,CUST_01138,2024-01-01T20:00:00,computers
EVT_0014344,CUST_01138,2024-01-01T22:00:00,electronics
EVT_0014345,CUST_01138,2024-01-02T00:00:00,computers
EVT_0014346,CUST_01138,2024-01-02T02:00:00,electronics
EVT_0014347,CUST_01139,2024-01-01T00:00:00,health_beauty
EVT_0014348,CUST_01139,2024-01-01T02:00:00,watches_gifts
EVT_0014349,CUST_01139,2024-01-01T04:00:00,health_beauty
EVT_0014350,CUST_01139,2024-01-01T06:00:00,watches_gifts
EVT_0014351,CUST_01139,2024-01-01T08:00:00,health_beauty
EVT_0014352,CUST_01139,2024-01-01T10:00:00,watches_gifts
EVT_0014353,CUST_01139,2024-01-01T12:00:00,health_beauty
EVT_0014354,CUST_01139,2024-01-01T14:00:00,watches_gifts
EVT_0014355,CUST_01140,2024-01-01T00:00:00,electronics
EVT_0014356,CUST_01140,2024-01-01T02:00:00,computers
EVT_0014357,CUST_01140,2024-01-01T04:00:00,electronics
EVT_0014358,CUST_01140,2024-01-01T06:00:00,computers
EVT_0014359,CUST_01140,2024-01-01T08:00:00,housewares
EVT_0014360,CUST_01140,2024-01-01T10:00:00,bed_bath
EVT_0014361,CUST_01140,2024-01-01T12:00:00,furniture
EVT_0014362,CUST_01140,2024-01-01T14:00:00,housewares
EVT_0014363,CUST_01140,2024-01-01T16:00:00,bed_bath
EVT_0014364,CUST_01140,2024-01-01T18:00:00,furniture
EVT_0014365,CUST_01141,2024-01-01T00:00:00,electronics
EVT_0014366,CUST_01141,2024-01-01T02:00:00,computers
EVT_0014367,CUST_01141,2024-01-01T04:00:00,electronics
EVT_0014368,CUST_01141,2024-01-01T06:00:00,computers
EVT_0014369,CUST_01141,2024-01-01T08:00:00,electronics
EVT_0014370,CUST_01141,2024-01-01T10:00:00,computers
EVT_0014371,CUST_01141,2024-01-01T12:00:00,electronics
EVT_0014372,CUST_01141,2024-01-01T14:00:00,electronics
EVT_0014373,CUST_01142,2024-01-01T00:00:00,electronics
EVT_0014374,CUST_01142,2024-01-01T02:00:00,computers
EVT_0014375,CUST_01142,2024-01-01T04:00:00,electronics
EVT_0014376,CUST_01142,2024-01-01T06:00:00,health_beauty
EVT_0014377,CUST_01142,2024-01-01T08:00:00,watches_gifts
EVT_0014378,CUST_01142,2024-01-01T10:00:00,health_beauty
EVT_0014379,CUST_01142,2024-01-01T12:00:00,watches_gifts
EVT_0014380,CUST_01142,2024-01-01T14:00:00,health_beauty
EVT_0014381,CUST_01142,2024-01-01T16:00:00,watches_gifts
EVT_0014382,CUST_01142,2024-01-01T18:00:00,health_beauty
EVT_0014383,CUST_01142,2024-01-01T20:00:00,watches_gifts
EVT_0014384,CUST_01142,2024-01-01T22:00:00,health_beauty
EVT_0014385,CUST_01143,2024-01-01T00:00:00,electronics
EVT_0014386,CUST_01143,2024-01-01T02:00:00,computers
EVT_0014387,CUST_01143,2024-01-01T04:00:00,electronics
EVT_0014388,CUST_01143,2024-01-01T06:00:00,computers
EVT_0014389,CUST_01143,2024-01-01T08:00:00,electronics
EVT_0014390,CUST_01143,2024-01-01T10:00:00,computers
EVT_0014391,CUST_01143,2024-01-01T12:00:00,electronics
EVT_0014392,CUST_01143,2024-01-01T14:00:00,computers
EVT_0014393,CUST_01143,2024-01-01T16:00:00,electronics
EVT_0014394,CUST_01143,2024-01-01T18:00:00,computers
EVT_0014395,CUST_01143,2024-01-01T20:00:00,electronics
EVT_0014396,CUST_01143,2024-01-01T22:00:00,computers
EVT_0014397,CUST_01143,2024-01-02T00:00:00,electronics
EVT_0014398,CUST_01143,2024-01-02T02:00:00,computers
EVT_0014399,CUST_01143,2024-01-02T04:00:00,electronics
EVT_0014400,CUST_01143,2024-01-02T06:00:00,computers
EVT_0014401,CUST_01144,2024-01-01T00:00:00,electronics
EVT_0014402,CUST_01144,2024-01-01T02:00:00,sports_leisure
EVT_0014403,CUST_01144,2024-01-01T04:00:00,health_beauty
EVT_0014404,CUST_01144,2024-01-01T06:00:00,watches_gifts
EVT_0014405,CUST_01144,2024-01-01T08:00:00,health_beauty
EVT_0014406,CUST_01144,2024-01-01T10:00:00,computers
EVT_0014407,CUST_01144,2024-01-01T12:00:00,electronics
EVT_0014408,CUST_01144,2024-01-01T14:00:00,computers
EVT_0014409,CUST_01144,2024-01-01T16:00:00,electronics
EVT_0014410,CUST_01144,2024-01-01T18:00:00,computers
EVT_0014411,CUST_01145,2024-01-01T00:00:00,watches_gifts
EVT_0014412,CUST_01145,2024-01-01T02:00:00,health_beauty
EVT_0014413,CUST_01145,2024-01-01T04:00:00,watches_gifts
EVT_0014414,CUST_01145,2024-01-01T06:00:00,health_beauty
EVT_0014415,CUST_01145,2024-01-01T08:00:00,watches_gifts
EVT_0014416,CUST_01145,2024-01-01T10:00:00,health_beauty
EVT_0014417,CUST_01145,2024-01-01T12:00:00,sports_leisure
EVT_0014418,CUST_01145,2024-01-01T14:00:00,health_beauty
EVT_0014419,CUST_01145,2024-01-01T16:00:00,watches_gifts
EVT_0014420,CUST_01145,2024-01-01T18:00:00,health_beauty
EVT_0014421,CUST_01145,2024-01-01T20:00:00,watches_gifts
EVT_0014422,CUST_01145,2024-01-01T22:00:00,health_beauty
EVT_0014423,CUST_01145,2024-01-02T00:00:00,watches_gifts
EVT_0014424,CUST_01145,2024-01-02T02:00:00,health_beauty
EVT_0014425,CUST_01145,2024-01-02T04:00:00,watches_gifts
EVT_0014426,CUST_01146,2024-01-01T00:00:00,electronics
EVT_0014427,CUST_01146,2024-01-01T02:00:00,computers
EVT_0014428,CUST_01146,2024-01-01T04:00:00,electronics
EVT_0014429,CUST_01146,2024-01-01T06:00:00,computers
EVT_0014430,CUST_01146,2024-01-01T08:00:00,electronics
EVT_0014431,CUST_01146,2024-01-01T10:00:00,toys
EVT_0014432,CUST_01146,2024-01-01T12:00:00,electronics
EVT_0014433,CUST_01146,2024-01-01T14:00:00,toys
EVT_0014434,CUST_01146,2024-01-01T16:00:00,electronics
EVT_0014435,CUST_01146,2024-01-01T18:00:00,computers
EVT_0014436,CUST_01146,2024-01-01T20:00:00,electronics
EVT_0014437,CUST_01146,2024-01-01T22:00:00,computers
EVT_0014438,CUST_01146,2024-01-02T00:00:00,electronics
EVT_0014439,CUST_01146,2024-01-02T02:00:00,computers
EVT_0014440,CUST_01146,2024-01-02T04:00:00,electronics
EVT_0014441,CUST_01147,2024-01-01T00:00:00,bed_bath
EVT_0014442,CUST_01147,2024-01-01T02:00:00,furniture
EVT_0014443,CUST_01147,2024-01-01T04:00:00,housewares
EVT_0014444,CUST_01147,2024-01-01T06:00:00,bed_bath
EVT_0014445,CUST_01147,2024-01-01T08:00:00,furniture
EVT_0014446,CUST_01147,2024-01-01T10:00:00,housewares
EVT_0014447,CUST_01147,2024-01-01T12:00:00,bed_bath
EVT_0014448,CUST_01147,2024-01-01T14:00:00,furniture
EVT_0014449,CUST_01147,2024-01-01T16:00:00,housewares
EVT_0014450,CUST_01147,2024-01-01T18:00:00,bed_bath
EVT_0014451,CUST_01147,2024-01-01T20:00:00,furniture
EVT_0014452,CUST_01147,2024-01-01T22:00:00,housewares
EVT_0014453,CUST_01147,2024-01-02T00:00:00,bed_bath
EVT_0014454,CUST_01147,2024-01-02T02:00:00,furniture
EVT_0014455,CUST_01147,2024-01-02T04:00:00,housewares
EVT_0014456,CUST_01148,2024-01-01T00:00:00,housewares
EVT_0014457,CUST_01148,2024-01-01T02:00:00,bed_bath
EVT_0014458,CUST_01148,2024-01-01T04:00:00,furniture
EVT_0014459,CUST_01148,2024-01-01T06:00:00,housewares
EVT_0014460,CUST_01148,2024-01-01T08:00:00,bed_bath
EVT_0014461,CUST_01148,2024-01-01T10:00:00,furniture
EVT_0014462,CUST_01148,2024-01-01T12:00:00,housewares
EVT_0014463,CUST_01148,2024-01-01T14:00:00,bed_bath
EVT_0014464,CUST_01148,2024-01-01T16:00:00,furniture
EVT_0014465,CUST_01148,2024-01-01T18:00:00,housewares
EVT_0014466,CUST_01148,2024-01-01T20:00:00,electronics
EVT_0014467,CUST_01148,2024-01-01T22:00:00,computers
EVT_0014468,CUST_01148,2024-01-02T00:00:00,electronics
EVT_0014469,CUST_01149,2024-01-01T00:00:00,health_beauty
EVT_0014470,CUST_01149,2024-01-01T02:00:00,watches_gifts
EVT_0014471,CUST_01149,2024-01-01T04:00:00,health_beauty
EVT_0014472,CUST_01149,2024-01-01T06:00:00,watches_gifts
EVT_0014473,CUST_01149,2024-01-01T08:00:00,health_beauty
EVT_0014474,CUST_01149,2024-01-01T10:00:00,watches_gifts
EVT_0014475,CUST_01149,2024-01-01T12:00:00,health_beauty
EVT_0014476,CUST_01149,2024-01-01T14:00:00,watches_gifts
EVT_0014477,CUST_01149,2024-01-01T16:00:00,health_beauty
EVT_0014478,CUST_01149,2024-01-01T18:00:00,furniture
EVT_0014479,CUST_01150,2024-01-01T00:00:00,watches_gifts
EVT_0014480,CUST_01150,2024-01-01T02:00:00,health_beauty
EVT_0014481,CUST_01150,2024-01-01T04:00:00,electronics
EVT_0014482,CUST_01150,2024-01-01T06:00:00,computers
EVT_0014483,CUST_01150,2024-01-01T08:00:00,electronics
EVT_0014484,CUST_01150,2024-01-01T10:00:00,computers
EVT_0014485,CUST_01150,2024-01-01T12:00:00,electronics
EVT_0014486,CUST_01150,2024-01-01T14:00:00,computers
EVT_0014487,CUST_01150,2024-01-01T16:00:00,electronics
EVT_0014488,CUST_01150,2024-01-01T18:00:00,computers
EVT_0014489,CUST_01150,2024-01-01T20:00:00,electronics
EVT_0014490,CUST_01150,2024-01-01T22:00:00,computers
EVT_0014491,CUST_01151,2024-01-01T00:00:00,electronics
EVT_0014492,CUST_01151,2024-01-01T02:00:00,computers
EVT_0014493,CUST_01151,2024-01-01T04:00:00,electronics
EVT_0014494,CUST_01151,2024-01-01T06:00:00,computers
EVT_0014495,CUST_01151,2024-01-01T08:00:00,electronics
EVT_0014496,CUST_01151,2024-01-01T10:00:00,computers
EVT_0014497,CUST_01151,2024-01-01T12:00:00,auto
EVT_0014498,CUST_01151,2024-01-01T14:00:00,electronics
EVT_0014499,CUST_01151,2024-01-01T16:00:00,computers
EVT_0014500,CUST_01151,2024-01-01T18:00:00,electronics
EVT_0014501,CUST_01151,2024-01-01T20:00:00,computers
EVT_0014502,CUST_01151,2024-01-01T22:00:00,electronics
EVT_0014503,CUST_01151,2024-01-02T00:00:00,computers
EVT_0014504,CUST_01151,2024-01-02T02:00:00,electronics
EVT_0014505,CUST_01151,2024-01-02T04:00:00,computers
EVT_0014506,CUST_01151,2024-01-02T06:00:00,electronics
EVT_0014507,CUST_01152,2024-01-01T00:00:00,electronics
EVT_0014508,CUST_01152,2024-01-01T02:00:00,health_beauty
EVT_0014509,CUST_01152,2024-01-01T04:00:00,watches_gifts
EVT_0014510,CUST_01152,2024-01-01T06:00:00,health_beauty
EVT_0014511,CUST_01152,2024-01-01T08:00:00,watches_gifts
EVT_0014512,CUST_01152,2024-01-01T10:00:00,health_beauty
EVT_0014513,CUST_01152,2024-01-01T12:00:00,watches_gifts
EVT_0014514,CUST_01152,2024-01-01T14:00:00,health_beauty
EVT_0014515,CUST_01153,2024-01-01T00:00:00,housewares
EVT_0014516,CUST_01153,2024-01-01T02:00:00,computers
EVT_0014517,CUST_01153,2024-01-01T04:00:00,electronics
EVT_0014518,CUST_01153,2024-01-01T06:00:00,computers
EVT_0014519,CUST_01153,2024-01-01T08:00:00,electronics
EVT_0014520,CUST_01153,2024-01-01T10:00:00,computers
EVT_0014521,CUST_01153,2024-01-01T12:00:00,electronics
EVT_0014522,CUST_01153,2024-01-01T14:00:00,computers
EVT_0014523,CUST_01153,2024-01-01T16:00:00,electronics
EVT_0014524,CUST_01154,2024-01-01T00:00:00,computers
EVT_0014525,CUST_01154,2024-01-01T02:00:00,electronics
EVT_0014526,CUST_01154,2024-01-01T04:00:00,computers
EVT_0014527,CUST_01154,2024-01-01T06:00:00,electronics
EVT_0014528,CUST_01154,2024-01-01T08:00:00,computers
EVT_0014529,CUST_01154,2024-01-01T10:00:00,electronics
EVT_0014530,CUST_01154,2024-01-01T12:00:00,computers
EVT_0014531,CUST_01154,2024-01-01T14:00:00,electronics
EVT_0014532,CUST_01155,2024-01-01T00:00:00,health_beauty
EVT_0014533,CUST_01155,2024-01-01T02:00:00,watches_gifts
EVT_0014534,CUST_01155,2024-01-01T04:00:00,health_beauty
EVT_0014535,CUST_01155,2024-01-01T06:00:00,watches_gifts
EVT_0014536,CUST_01155,2024-01-01T08:00:00,health_beauty
EVT_0014537,CUST_01155,2024-01-01T10:00:00,watches_gifts
EVT_0014538,CUST_01155,2024-01-01T12:00:00,health_beauty
EVT_0014539,CUST_01155,2024-01-01T14:00:00,watches_gifts
EVT_0014540,CUST_01155,2024-01-01T16:00:00,sports_leisure
EVT_0014541,CUST_01156,2024-01-01T00:00:00,computers
EVT_0014542,CUST_01156,2024-01-01T02:00:00,electronics
EVT_0014543,CUST_01156,2024-01-01T04:00:00,computers
EVT_0014544,CUST_01156,2024-01-01T06:00:00,electronics
EVT_0014545,CUST_01156,2024-01-01T08:00:00,computers
EVT_0014546,CUST_01156,2024-01-01T10:00:00,electronics
EVT_0014547,CUST_01156,2024-01-01T12:00:00,computers
EVT_0014548,CUST_01156,2024-01-01T14:00:00,electronics
EVT_0014549,CUST_01156,2024-01-01T16:00:00,furniture
EVT_0014550,CUST_01157,2024-01-01T00:00:00,electronics
EVT_0014551,CUST_01157,2024-01-01T02:00:00,computers
EVT_0014552,CUST_01157,2024-01-01T04:00:00,electronics
EVT_0014553,CUST_01157,2024-01-01T06:00:00,computers
EVT_0014554,CUST_01157,2024-01-01T08:00:00,electronics
EVT_0014555,CUST_01157,2024-01-01T10:00:00,computers
EVT_0014556,CUST_01157,2024-01-01T12:00:00,electronics
EVT_0014557,CUST_01157,2024-01-01T14:00:00,computers
EVT_0014558,CUST_01157,2024-01-01T16:00:00,electronics
EVT_0014559,CUST_01157,2024-01-01T18:00:00,computers
EVT_0014560,CUST_01158,2024-01-01T00:00:00,electronics
EVT_0014561,CUST_01158,2024-01-01T02:00:00,computers
EVT_0014562,CUST_01158,2024-01-01T04:00:00,electronics
EVT_0014563,CUST_01158,2024-01-01T06:00:00,computers
EVT_0014564,CUST_01158,2024-01-01T08:00:00,electronics
EVT_0014565,CUST_01158,2024-01-01T10:00:00,electronics
EVT_0014566,CUST_01158,2024-01-01T12:00:00,computers
EVT_0014567,CUST_01158,2024-01-01T14:00:00,electronics
EVT_0014568,CUST_01158,2024-01-01T16:00:00,computers
EVT_0014569,CUST_01158,2024-01-01T18:00:00,electronics
EVT_0014570,CUST_01158,2024-01-01T20:00:00,computers
EVT_0014571,CUST_01159,2024-01-01T00:00:00,computers
EVT_0014572,CUST_01159,2024-01-01T02:00:00,electronics
EVT_0014573,CUST_01159,2024-01-01T04:00:00,computers
EVT_0014574,CUST_01159,2024-01-01T06:00:00,electronics
EVT_0014575,CUST_01159,2024-01-01T08:00:00,computers
EVT_0014576,CUST_01159,2024-01-01T10:00:00,electronics
EVT_0014577,CUST_01159,2024-01-01T12:00:00,computers
EVT_0014578,CUST_01159,2024-01-01T14:00:00,electronics
EVT_0014579,CUST_01159,2024-01-01T16:00:00,computers
EVT_0014580,CUST_01159,2024-01-01T18:00:00,electronics
EVT_0014581,CUST_01159,2024-01-01T20:00:00,bed_bath
EVT_0014582,CUST_01159,2024-01-01T22:00:00,furniture
EVT_0014583,CUST_01159,2024-01-02T00:00:00,housewares
EVT_0014584,CUST_01159,2024-01-02T02:00:00,bed_bath
EVT_0014585,CUST_01159,2024-01-02T04:00:00,furniture
EVT_0014586,CUST_01159,2024-01-02T06:00:00,housewares
EVT_0014587,CUST_01159,2024-01-02T08:00:00,bed_bath
EVT_0014588,CUST_01160,2024-01-01T00:00:00,electronics
EVT_0014589,CUST_01160,2024-01-01T02:00:00,computers
EVT_0014590,CUST_01160,2024-01-01T04:00:00,electronics
EVT_0014591,CUST_01160,2024-01-01T06:00:00,computers
EVT_0014592,CUST_01160,2024-01-01T08:00:00,electronics
EVT_0014593,CUST_01160,2024-01-01T10:00:00,computers
EVT_0014594,CUST_01160,2024-01-01T12:00:00,electronics
EVT_0014595,CUST_01160,2024-01-01T14:00:00,computers
EVT_0014596,CUST_01160,2024-01-01T16:00:00,electronics
EVT_0014597,CUST_01160,2024-01-01T18:00:00,health_beauty
EVT_0014598,CUST_01161,2024-01-01T00:00:00,furniture
EVT_0014599,CUST_01161,2024-01-01T02:00:00,toys
EVT_0014600,CUST_01161,2024-01-01T04:00:00,electronics
EVT_0014601,CUST_01161,2024-01-01T06:00:00,computers
EVT_0014602,CUST_01161,2024-01-01T08:00:00,electronics
EVT_0014603,CUST_01161,2024-01-01T10:00:00,computers
EVT_0014604,CUST_01161,2024-01-01T12:00:00,electronics
EVT_0014605,CUST_01161,2024-01-01T14:00:00,computers
EVT_0014606,CUST_01161,2024-01-01T16:00:00,electronics
EVT_0014607,CUST_01161,2024-01-01T18:00:00,computers
EVT_0014608,CUST_01162,2024-01-01T00:00:00,health_beauty
EVT_0014609,CUST_01162,2024-01-01T02:00:00,watches_gifts
EVT_0014610,CUST_01162,2024-01-01T04:00:00,health_beauty
EVT_0014611,CUST_01162,2024-01-01T06:00:00,watches_gifts
EVT_0014612,CUST_01162,2024-01-01T08:00:00,health_beauty
EVT_0014613,CUST_01162,2024-01-01T10:00:00,watches_gifts
EVT_0014614,CUST_01162,2024-01-01T12:00:00,bed_bath
EVT_0014615,CUST_01162,2024-01-01T14:00:00,furniture
EVT_0014616,CUST_01162,2024-01-01T16:00:00,housewares
EVT_0014617,CUST_01162,2024-01-01T18:00:00,bed_bath
EVT_0014618,CUST_01162,2024-01-01T20:00:00,furniture
EVT_0014619,CUST_01162,2024-01-01T22:00:00,housewares
EVT_0014620,CUST_01163,2024-01-01T00:00:00,housewares
EVT_0014621,CUST_01163,2024-01-01T02:00:00,bed_bath
EVT_0014622,CUST_01163,2024-01-01T04:00:00,furniture
EVT_0014623,CUST_01163,2024-01-01T06:00:00,housewares
EVT_0014624,CUST_01163,2024-01-01T08:00:00,sports_leisure
EVT_0014625,CUST_01163,2024-01-01T10:00:00,health_beauty
EVT_0014626,CUST_01163,2024-01-01T12:00:00,watches_gifts
EVT_0014627,CUST_01163,2024-01-01T14:00:00,health_beauty
EVT_0014628,CUST_01163,2024-01-01T16:00:00,watches_gifts
EVT_0014629,CUST_01163,2024-01-01T18:00:00,health_beauty
EVT_0014630,CUST_01163,2024-01-01T20:00:00,watches_gifts
EVT_0014631,CUST_01163,2024-01-01T22:00:00,health_beauty
EVT_0014632,CUST_01163,2024-01-02T00:00:00,watches_gifts
EVT_0014633,CUST_01163,2024-01-02T02:00:00,health_beauty
EVT_0014634,CUST_01163,2024-01-02T04:00:00,watches_gifts
EVT_0014635,CUST_01163,2024-01-02T06:00:00,health_beauty
EVT_0014636,CUST_01164,2024-01-01T00:00:00,bed_bath
EVT_0014637,CUST_01164,2024-01-01T02:00:00,furniture
EVT_0014638,CUST_01164,2024-01-01T04:00:00,housewares
EVT_0014639,CUST_01164,2024-01-01T06:00:00,bed_bath
EVT_0014640,CUST_01164,2024-01-01T08:00:00,furniture
EVT_0014641,CUST_01164,2024-01-01T10:00:00,housewares
EVT_0014642,CUST_01164,2024-01-01T12:00:00,auto
EVT_0014643,CUST_01164,2024-01-01T14:00:00,electronics
EVT_0014644,CUST_01164,2024-01-01T16:00:00,computers
EVT_0014645,CUST_01165,2024-01-01T00:00:00,electronics
EVT_0014646,CUST_01165,2024-01-01T02:00:00,computers
EVT_0014647,CUST_01165,2024-01-01T04:00:00,electronics
EVT_0014648,CUST_01165,2024-01-01T06:00:00,computers
EVT_0014649,CUST_01165,2024-01-01T08:00:00,electronics
EVT_0014650,CUST_01165,2024-01-01T10:00:00,computers
EVT_0014651,CUST_01165,2024-01-01T12:00:00,sports_leisure
EVT_0014652,CUST_01165,2024-01-01T14:00:00,health_beauty
EVT_0014653,CUST_01165,2024-01-01T16:00:00,watches_gifts
EVT_0014654,CUST_01165,2024-01-01T18:00:00,health_beauty
EVT_0014655,CUST_01165,2024-01-01T20:00:00,watches_gifts
EVT_0014656,CUST_01165,2024-01-01T22:00:00,health_beauty
EVT_0014657,CUST_01165,2024-01-02T00:00:00,watches_gifts
EVT_0014658,CUST_01165,2024-01-02T02:00:00,health_beauty
EVT_0014659,CUST_01166,2024-01-01T00:00:00,housewares
EVT_0014660,CUST_01166,2024-01-01T02:00:00,bed_bath
EVT_0014661,CUST_01166,2024-01-01T04:00:00,furniture
EVT_0014662,CUST_01166,2024-01-01T06:00:00,housewares
EVT_0014663,CUST_01166,2024-01-01T08:00:00,bed_bath
EVT_0014664,CUST_01166,2024-01-01T10:00:00,furniture
EVT_0014665,CUST_01166,2024-01-01T12:00:00,housewares
EVT_0014666,CUST_01166,2024-01-01T14:00:00,watches_gifts
EVT_0014667,CUST_01167,2024-01-01T00:00:00,health_beauty
EVT_0014668,CUST_01167,2024-01-01T02:00:00,watches_gifts
EVT_0014669,CUST_01167,2024-01-01T04:00:00,health_beauty
EVT_0014670,CUST_01167,2024-01-01T06:00:00,watches_gifts
EVT_0014671,CUST_01167,2024-01-01T08:00:00,furniture
EVT_0014672,CUST_01167,2024-01-01T10:00:00,housewares
EVT_0014673,CUST_01167,2024-01-01T12:00:00,watches_gifts
EVT_0014674,CUST_01167,2024-01-01T14:00:00,health_beauty
EVT_0014675,CUST_01167,2024-01-01T16:00:00,watches_gifts
EVT_0014676,CUST_01167,2024-01-01T18:00:00,health_beauty
EVT_0014677,CUST_01167,2024-01-01T20:00:00,watches_gifts
EVT_0014678,CUST_01167,2024-01-01T22:00:00,health_beauty
EVT_0014679,CUST_01167,2024-01-02T00:00:00,watches_gifts
EVT_0014680,CUST_01167,2024-01-02T02:00:00,health_beauty
EVT_0014681,CUST_01168,2024-01-01T00:00:00,health_beauty
EVT_0014682,CUST_01168,2024-01-01T02:00:00,watches_gifts
EVT_0014683,CUST_01168,2024-01-01T04:00:00,health_beauty
EVT_0014684,CUST_01168,2024-01-01T06:00:00,watches_gifts
EVT_0014685,CUST_01168,2024-01-01T08:00:00,health_beauty
EVT_0014686,CUST_01168,2024-01-01T10:00:00,watches_gifts
EVT_0014687,CUST_01168,2024-01-01T12:00:00,health_beauty
EVT_0014688,CUST_01168,2024-01-01T14:00:00,watches_gifts
EVT_0014689,CUST_01168,2024-01-01T16:00:00,health_beauty
EVT_0014690,CUST_01168,2024-01-01T18:00:00,watches_gifts
EVT_0014691,CUST_01168,2024-01-01T20:00:00,health_beauty
EVT_0014692,CUST_01169,2024-01-01T00:00:00,health_beauty
EVT_0014693,CUST_01169,2024-01-01T02:00:00,watches_gifts
EVT_0014694,CUST_01169,2024-01-01T04:00:00,health_beauty
EVT_0014695,CUST_01169,2024-01-01T06:00:00,watches_gifts
EVT_0014696,CUST_01169,2024-01-01T08:00:00,health_beauty
EVT_0014697,CUST_01169,2024-01-01T10:00:00,electronics
EVT_0014698,CUST_01169,2024-01-01T12:00:00,computers
EVT_0014699,CUST_01169,2024-01-01T14:00:00,electronics
EVT_0014700,CUST_01169,2024-01-01T16:00:00,housewares
EVT_0014701,CUST_01169,2024-01-01T18:00:00,bed_bath
EVT_0014702,CUST_01170,2024-01-01T00:00:00,computers
EVT_0014703,CUST_01170,2024-01-01T02:00:00,electronics
EVT_0014704,CUST_01170,2024-01-01T04:00:00,computers
EVT_0014705,CUST_01170,2024-01-01T06:00:00,electronics
EVT_0014706,CUST_01170,2024-01-01T08:00:00,computers
EVT_0014707,CUST_01170,2024-01-01T10:00:00,electronics
EVT_0014708,CUST_01170,2024-01-01T12:00:00,computers
EVT_0014709,CUST_01170,2024-01-01T14:00:00,electronics
EVT_0014710,CUST_01171,2024-01-01T00:00:00,electronics
EVT_0014711,CUST_01171,2024-01-01T02:00:00,computers
EVT_0014712,CUST_01171,2024-01-01T04:00:00,electronics
EVT_0014713,CUST_01171,2024-01-01T06:00:00,computers
EVT_0014714,CUST_01171,2024-01-01T08:00:00,electronics
EVT_0014715,CUST_01171,2024-01-01T10:00:00,computers
EVT_0014716,CUST_01171,2024-01-01T12:00:00,electronics
EVT_0014717,CUST_01171,2024-01-01T14:00:00,watches_gifts
EVT_0014718,CUST_01171,2024-01-01T16:00:00,health_beauty
EVT_0014719,CUST_01171,2024-01-01T18:00:00,watches_gifts
EVT_0014720,CUST_01171,2024-01-01T20:00:00,health_beauty
EVT_0014721,CUST_01171,2024-01-01T22:00:00,watches_gifts
EVT_0014722,CUST_01171,2024-01-02T00:00:00,health_beauty
EVT_0014723,CUST_01171,2024-01-02T02:00:00,watches_gifts
EVT_0014724,CUST_01171,2024-01-02T04:00:00,health_beauty
EVT_0014725,CUST_01172,2024-01-01T00:00:00,electronics
EVT_0014726,CUST_01172,2024-01-01T02:00:00,electronics
EVT_0014727,CUST_01172,2024-01-01T04:00:00,computers
EVT_0014728,CUST_01172,2024-01-01T06:00:00,electronics
EVT_0014729,CUST_01172,2024-01-01T08:00:00,computers
EVT_0014730,CUST_01172,2024-01-01T10:00:00,electronics
EVT_0014731,CUST_01172,2024-01-01T12:00:00,computers
EVT_0014732,CUST_01172,2024-01-01T14:00:00,electronics
EVT_0014733,CUST_01172,2024-01-01T16:00:00,computers
EVT_0014734,CUST_01172,2024-01-01T18:00:00,electronics
EVT_0014735,CUST_01172,2024-01-01T20:00:00,computers
EVT_0014736,CUST_01172,2024-01-01T22:00:00,electronics
EVT_0014737,CUST_01173,2024-01-01T00:00:00,electronics
EVT_0014738,CUST_01173,2024-01-01T02:00:00,computers
EVT_0014739,CUST_01173,2024-01-01T04:00:00,electronics
EVT_0014740,CUST_01173,2024-01-01T06:00:00,computers
EVT_0014741,CUST_01173,2024-01-01T08:00:00,electronics
EVT_0014742,CUST_01173,2024-01-01T10:00:00,computers
EVT_0014743,CUST_01173,2024-01-01T12:00:00,electronics
EVT_0014744,CUST_01173,2024-01-01T14:00:00,computers
EVT_0014745,CUST_01173,2024-01-01T16:00:00,electronics
EVT_0014746,CUST_01174,2024-01-01T00:00:00,health_beauty
EVT_0014747,CUST_01174,2024-01-01T02:00:00,watches_gifts
EVT_0014748,CUST_01174,2024-01-01T04:00:00,health_beauty
EVT_0014749,CUST_01174,2024-01-01T06:00:00,watches_gifts
EVT_0014750,CUST_01174,2024-01-01T08:00:00,health_beauty
EVT_0014751,CUST_01174,2024-01-01T10:00:00,watches_gifts
EVT_0014752,CUST_01174,2024-01-01T12:00:00,health_beauty
EVT_0014753,CUST_01174,2024-01-01T14:00:00,watches_gifts
EVT_0014754,CUST_01174,2024-01-01T16:00:00,health_beauty
EVT_0014755,CUST_01174,2024-01-01T18:00:00,watches_gifts
EVT_0014756,CUST_01174,2024-01-01T20:00:00,health_beauty
EVT_0014757,CUST_01174,2024-01-01T22:00:00,watches_gifts
EVT_0014758,CUST_01174,2024-01-02T00:00:00,health_beauty
EVT_0014759,CUST_01174,2024-01-02T02:00:00,watches_gifts
EVT_0014760,CUST_01174,2024-01-02T04:00:00,health_beauty
EVT_0014761,CUST_01174,2024-01-02T06:00:00,watches_gifts
EVT_0014762,CUST_01175,2024-01-01T00:00:00,computers
EVT_0014763,CUST_01175,2024-01-01T02:00:00,electronics
EVT_0014764,CUST_01175,2024-01-01T04:00:00,computers
EVT_0014765,CUST_01175,2024-01-01T06:00:00,electronics
EVT_0014766,CUST_01175,2024-01-01T08:00:00,computers
EVT_0014767,CUST_01175,2024-01-01T10:00:00,electronics
EVT_0014768,CUST_01175,2024-01-01T12:00:00,computers
EVT_0014769,CUST_01175,2024-01-01T14:00:00,electronics
EVT_0014770,CUST_01175,2024-01-01T16:00:00,computers
EVT_0014771,CUST_01175,2024-01-01T18:00:00,housewares
EVT_0014772,CUST_01175,2024-01-01T20:00:00,bed_bath
EVT_0014773,CUST_01175,2024-01-01T22:00:00,furniture
EVT_0014774,CUST_01175,2024-01-02T00:00:00,housewares
EVT_0014775,CUST_01175,2024-01-02T02:00:00,bed_bath
EVT_0014776,CUST_01175,2024-01-02T04:00:00,furniture
EVT_0014777,CUST_01175,2024-01-02T06:00:00,housewares
EVT_0014778,CUST_01176,2024-01-01T00:00:00,electronics
EVT_0014779,CUST_01176,2024-01-01T02:00:00,computers
EVT_0014780,CUST_01176,2024-01-01T04:00:00,electronics
EVT_0014781,CUST_01176,2024-01-01T06:00:00,computers
EVT_0014782,CUST_01176,2024-01-01T08:00:00,electronics
EVT_0014783,CUST_01176,2024-01-01T10:00:00,computers
EVT_0014784,CUST_01176,2024-01-01T12:00:00,electronics
EVT_0014785,CUST_01176,2024-01-01T14:00:00,computers
EVT_0014786,CUST_01176,2024-01-01T16:00:00,electronics
EVT_0014787,CUST_01176,2024-01-01T18:00:00,computers
EVT_0014788,CUST_01176,2024-01-01T20:00:00,computers
EVT_0014789,CUST_01176,2024-01-01T22:00:00,electronics
EVT_0014790,CUST_01177,2024-01-01T00:00:00,health_beauty
EVT_0014791,CUST_01177,2024-01-01T02:00:00,watches_gifts
EVT_0014792,CUST_01177,2024-01-01T04:00:00,health_beauty
EVT_0014793,CUST_01177,2024-01-01T06:00:00,watches_gifts
EVT_0014794,CUST_01177,2024-01-01T08:00:00,health_beauty
EVT_0014795,CUST_01177,2024-01-01T10:00:00,watches_gifts
EVT_0014796,CUST_01177,2024-01-01T12:00:00,health_beauty
EVT_0014797,CUST_01177,2024-01-01T14:00:00,watches_gifts
EVT_0014798,CUST_01177,2024-01-01T16:00:00,health_beauty
EVT_0014799,CUST_01177,2024-01-01T18:00:00,watches_gifts
EVT_0014800,CUST_01177,2024-01-01T20:00:00,health_beauty
EVT_0014801,CUST_01177,2024-01-01T22:00:00,watches_gifts
EVT_0014802,CUST_01177,2024-01-02T00:00:00,health_beauty
EVT_0014803,CUST_01178,2024-01-01T00:00:00,bed_bath
EVT_0014804,CUST_01178,2024-01-01T02:00:00,furniture
EVT_0014805,CUST_01178,2024-01-01T04:00:00,housewares
EVT_0014806,CUST_01178,2024-01-01T06:00:00,bed_bath
EVT_0014807,CUST_01178,2024-01-01T08:00:00,furniture
EVT_0014808,CUST_01178,2024-01-01T10:00:00,housewares
EVT_0014809,CUST_01178,2024-01-01T12:00:00,toys
EVT_0014810,CUST_01178,2024-01-01T14:00:00,electronics
EVT_0014811,CUST_01178,2024-01-01T16:00:00,computers
EVT_0014812,CUST_01178,2024-01-01T18:00:00,computers
EVT_0014813,CUST_01178,2024-01-01T20:00:00,toys
EVT_0014814,CUST_01178,2024-01-01T22:00:00,electronics
EVT_0014815,CUST_01178,2024-01-02T00:00:00,computers
EVT_0014816,CUST_01178,2024-01-02T02:00:00,electronics
EVT_0014817,CUST_01178,2024-01-02T04:00:00,computers
EVT_0014818,CUST_01179,2024-01-01T00:00:00,auto
EVT_0014819,CUST_01179,2024-01-01T02:00:00,electronics
EVT_0014820,CUST_01179,2024-01-01T04:00:00,computers
EVT_0014821,CUST_01179,2024-01-01T06:00:00,electronics
EVT_0014822,CUST_01179,2024-01-01T08:00:00,computers
EVT_0014823,CUST_01179,2024-01-01T10:00:00,electronics
EVT_0014824,CUST_01179,2024-01-01T12:00:00,computers
EVT_0014825,CUST_01179,2024-01-01T14:00:00,electronics
EVT_0014826,CUST_01179,2024-01-01T16:00:00,computers
EVT_0014827,CUST_01179,2024-01-01T18:00:00,electronics
EVT_0014828,CUST_01179,2024-01-01T20:00:00,computers
EVT_0014829,CUST_01179,2024-01-01T22:00:00,electronics
EVT_0014830,CUST_01179,2024-01-02T00:00:00,watches_gifts
EVT_0014831,CUST_01179,2024-01-02T02:00:00,health_beauty
EVT_0014832,CUST_01179,2024-01-02T04:00:00,watches_gifts
EVT_0014833,CUST_01180,2024-01-01T00:00:00,bed_bath
EVT_0014834,CUST_01180,2024-01-01T02:00:00,furniture
EVT_0014835,CUST_01180,2024-01-01T04:00:00,housewares
EVT_0014836,CUST_01180,2024-01-01T06:00:00,bed_bath
EVT_0014837,CUST_01180,2024-01-01T08:00:00,furniture
EVT_0014838,CUST_01180,2024-01-01T10:00:00,housewares
EVT_0014839,CUST_01180,2024-01-01T12:00:00,toys
EVT_0014840,CUST_01180,2024-01-01T14:00:00,electronics
EVT_0014841,CUST_01180,2024-01-01T16:00:00,computers
EVT_0014842,CUST_01180,2024-01-01T18:00:00,electronics
EVT_0014843,CUST_01180,2024-01-01T20:00:00,computers
EVT_0014844,CUST_01180,2024-01-01T22:00:00,electronics
EVT_0014845,CUST_01180,2024-01-02T00:00:00,computers
EVT_0014846,CUST_01180,2024-01-02T02:00:00,electronics
EVT_0014847,CUST_01181,2024-01-01T00:00:00,electronics
EVT_0014848,CUST_01181,2024-01-01T02:00:00,watches_gifts
EVT_0014849,CUST_01181,2024-01-01T04:00:00,health_beauty
EVT_0014850,CUST_01181,2024-01-01T06:00:00,watches_gifts
EVT_0014851,CUST_01181,2024-01-01T08:00:00,health_beauty
EVT_0014852,CUST_01181,2024-01-01T10:00:00,watches_gifts
EVT_0014853,CUST_01181,2024-01-01T12:00:00,health_beauty
EVT_0014854,CUST_01181,2024-01-01T14:00:00,watches_gifts
EVT_0014855,CUST_01181,2024-01-01T16:00:00,health_beauty
EVT_0014856,CUST_01181,2024-01-01T18:00:00,watches_gifts
EVT_0014857,CUST_01181,2024-01-01T20:00:00,health_beauty
EVT_0014858,CUST_01181,2024-01-01T22:00:00,watches_gifts
EVT_0014859,CUST_01181,2024-01-02T00:00:00,health_beauty
EVT_0014860,CUST_01182,2024-01-01T00:00:00,health_beauty
EVT_0014861,CUST_01182,2024-01-01T02:00:00,watches_gifts
EVT_0014862,CUST_01182,2024-01-01T04:00:00,health_beauty
EVT_0014863,CUST_01182,2024-01-01T06:00:00,watches_gifts
EVT_0014864,CUST_01182,2024-01-01T08:00:00,health_beauty
EVT_0014865,CUST_01182,2024-01-01T10:00:00,watches_gifts
EVT_0014866,CUST_01182,2024-01-01T12:00:00,health_beauty
EVT_0014867,CUST_01182,2024-01-01T14:00:00,watches_gifts
EVT_0014868,CUST_01182,2024-01-01T16:00:00,health_beauty
EVT_0014869,CUST_01183,2024-01-01T00:00:00,computers
EVT_0014870,CUST_01183,2024-01-01T02:00:00,electronics
EVT_0014871,CUST_01183,2024-01-01T04:00:00,computers
EVT_0014872,CUST_01183,2024-01-01T06:00:00,electronics
EVT_0014873,CUST_01183,2024-01-01T08:00:00,computers
EVT_0014874,CUST_01183,2024-01-01T10:00:00,electronics
EVT_0014875,CUST_01183,2024-01-01T12:00:00,computers
EVT_0014876,CUST_01183,2024-01-01T14:00:00,sports_leisure
EVT_0014877,CUST_01183,2024-01-01T16:00:00,health_beauty
EVT_0014878,CUST_01183,2024-01-01T18:00:00,watches_gifts
EVT_0014879,CUST_01183,2024-01-01T20:00:00,health_beauty
EVT_0014880,CUST_01183,2024-01-01T22:00:00,toys
EVT_0014881,CUST_01183,2024-01-02T00:00:00,electronics
EVT_0014882,CUST_01183,2024-01-02T02:00:00,computers
EVT_0014883,CUST_01184,2024-01-01T00:00:00,electronics
EVT_0014884,CUST_01184,2024-01-01T02:00:00,computers
EVT_0014885,CUST_01184,2024-01-01T04:00:00,electronics
EVT_0014886,CUST_01184,2024-01-01T06:00:00,computers
EVT_0014887,CUST_01184,2024-01-01T08:00:00,electronics
EVT_0014888,CUST_01184,2024-01-01T10:00:00,computers
EVT_0014889,CUST_01184,2024-01-01T12:00:00,electronics
EVT_0014890,CUST_01184,2024-01-01T14:00:00,computers
EVT_0014891,CUST_01184,2024-01-01T16:00:00,electronics
EVT_0014892,CUST_01184,2024-01-01T18:00:00,computers
EVT_0014893,CUST_01184,2024-01-01T20:00:00,electronics
EVT_0014894,CUST_01184,2024-01-01T22:00:00,computers
EVT_0014895,CUST_01184,2024-01-02T00:00:00,electronics
EVT_0014896,CUST_01184,2024-01-02T02:00:00,computers
EVT_0014897,CUST_01184,2024-01-02T04:00:00,electronics
EVT_0014898,CUST_01184,2024-01-02T06:00:00,computers
EVT_0014899,CUST_01185,2024-01-01T00:00:00,auto
EVT_0014900,CUST_01185,2024-01-01T02:00:00,electronics
EVT_0014901,CUST_01185,2024-01-01T04:00:00,computers
EVT_0014902,CUST_01185,2024-01-01T06:00:00,electronics
EVT_0014903,CUST_01185,2024-01-01T08:00:00,computers
EVT_0014904,CUST_01185,2024-01-01T10:00:00,electronics
EVT_0014905,CUST_01185,2024-01-01T12:00:00,computers
EVT_0014906,CUST_01185,2024-01-01T14:00:00,watches_gifts
EVT_0014907,CUST_01185,2024-01-01T16:00:00,health_beauty
EVT_0014908,CUST_01185,2024-01-01T18:00:00,watches_gifts
EVT_0014909,CUST_01185,2024-01-01T20:00:00,health_beauty
EVT_0014910,CUST_01185,2024-01-01T22:00:00,watches_gifts
EVT_0014911,CUST_01185,2024-01-02T00:00:00,health_beauty
EVT_0014912,CUST_01186,2024-01-01T00:00:00,furniture
EVT_0014913,CUST_01186,2024-01-01T02:00:00,housewares
EVT_0014914,CUST_01186,2024-01-01T04:00:00,bed_bath
EVT_0014915,CUST_01186,2024-01-01T06:00:00,furniture
EVT_0014916,CUST_01186,2024-01-01T08:00:00,housewares
EVT_0014917,CUST_01186,2024-01-01T10:00:00,bed_bath
EVT_0014918,CUST_01186,2024-01-01T12:00:00,furniture
EVT_0014919,CUST_01186,2024-01-01T14:00:00,housewares
EVT_0014920,CUST_01186,2024-01-01T16:00:00,bed_bath
EVT_0014921,CUST_01186,2024-01-01T18:00:00,furniture
EVT_0014922,CUST_01186,2024-01-01T20:00:00,toys
EVT_0014923,CUST_01186,2024-01-01T22:00:00,electronics
EVT_0014924,CUST_01187,2024-01-01T00:00:00,furniture
EVT_0014925,CUST_01187,2024-01-01T02:00:00,toys
EVT_0014926,CUST_01187,2024-01-01T04:00:00,electronics
EVT_0014927,CUST_01187,2024-01-01T06:00:00,computers
EVT_0014928,CUST_01187,2024-01-01T08:00:00,electronics
EVT_0014929,CUST_01187,2024-01-01T10:00:00,computers
EVT_0014930,CUST_01187,2024-01-01T12:00:00,electronics
EVT_0014931,CUST_01187,2024-01-01T14:00:00,toys
EVT_0014932,CUST_01187,2024-01-01T16:00:00,electronics
EVT_0014933,CUST_01187,2024-01-01T18:00:00,computers
EVT_0014934,CUST_01187,2024-01-01T20:00:00,electronics
EVT_0014935,CUST_01187,2024-01-01T22:00:00,computers
EVT_0014936,CUST_01187,2024-01-02T00:00:00,electronics
EVT_0014937,CUST_01188,2024-01-01T00:00:00,computers
EVT_0014938,CUST_01188,2024-01-01T02:00:00,electronics
EVT_0014939,CUST_01188,2024-01-01T04:00:00,computers
EVT_0014940,CUST_01188,2024-01-01T06:00:00,electronics
EVT_0014941,CUST_01188,2024-01-01T08:00:00,computers
EVT_0014942,CUST_01188,2024-01-01T10:00:00,electronics
EVT_0014943,CUST_01188,2024-01-01T12:00:00,computers
EVT_0014944,CUST_01188,2024-01-01T14:00:00,auto
EVT_0014945,CUST_01188,2024-01-01T16:00:00,electronics
EVT_0014946,CUST_01188,2024-01-01T18:00:00,computers
EVT_0014947,CUST_01188,2024-01-01T20:00:00,electronics
EVT_0014948,CUST_01188,2024-01-01T22:00:00,health_beauty
EVT_0014949,CUST_01189,2024-01-01T00:00:00,electronics
EVT_0014950,CUST_01189,2024-01-01T02:00:00,computers
EVT_0014951,CUST_01189,2024-01-01T04:00:00,electronics
EVT_0014952,CUST_01189,2024-01-01T06:00:00,computers
EVT_0014953,CUST_01189,2024-01-01T08:00:00,electronics
EVT_0014954,CUST_01189,2024-01-01T10:00:00,health_beauty
EVT_0014955,CUST_01189,2024-01-01T12:00:00,watches_gifts
EVT_0014956,CUST_01189,2024-01-01T14:00:00,health_beauty
EVT_0014957,CUST_01189,2024-01-01T16:00:00,watches_gifts
EVT_0014958,CUST_01189,2024-01-01T18:00:00,health_beauty
EVT_0014959,CUST_01189,2024-01-01T20:00:00,watches_gifts
EVT_0014960,CUST_01189,2024-01-01T22:00:00,health_beauty
EVT_0014961,CUST_01189,2024-01-02T00:00:00,watches_gifts
EVT_0014962,CUST_01189,2024-01-02T02:00:00,health_beauty
EVT_0014963,CUST_01190,2024-01-01T00:00:00,electronics
EVT_0014964,CUST_01190,2024-01-01T02:00:00,computers
EVT_0014965,CUST_01190,2024-01-01T04:00:00,electronics
EVT_0014966,CUST_01190,2024-01-01T06:00:00,computers
EVT_0014967,CUST_01190,2024-01-01T08:00:00,electronics
EVT_0014968,CUST_01190,2024-01-01T10:00:00,computers
EVT_0014969,CUST_01190,2024-01-01T12:00:00,electronics
EVT_0014970,CUST_01190,2024-01-01T14:00:00,computers
EVT_0014971,CUST_01190,2024-01-01T16:00:00,electronics
EVT_0014972,CUST_01190,2024-01-01T18:00:00,computers
EVT_0014973,CUST_01190,2024-01-01T20:00:00,electronics
EVT_0014974,CUST_01190,2024-01-01T22:00:00,computers
EVT_0014975,CUST_01190,2024-01-02T00:00:00,electronics
EVT_0014976,CUST_01190,2024-01-02T02:00:00,housewares
EVT_0014977,CUST_01190,2024-01-02T04:00:00,bed_bath
EVT_0014978,CUST_01190,2024-01-02T06:00:00,furniture
EVT_0014979,CUST_01190,2024-01-02T08:00:00,housewares
EVT_0014980,CUST_01191,2024-01-01T00:00:00,health_beauty
EVT_0014981,CUST_01191,2024-01-01T02:00:00,watches_gifts
EVT_0014982,CUST_01191,2024-01-01T04:00:00,health_beauty
EVT_0014983,CUST_01191,2024-01-01T06:00:00,watches_gifts
EVT_0014984,CUST_01191,2024-01-01T08:00:00,health_beauty
EVT_0014985,CUST_01191,2024-01-01T10:00:00,watches_gifts
EVT_0014986,CUST_01191,2024-01-01T12:00:00,health_beauty
EVT_0014987,CUST_01191,2024-01-01T14:00:00,watches_gifts
EVT_0014988,CUST_01191,2024-01-01T16:00:00,health_beauty
EVT_0014989,CUST_01191,2024-01-01T18:00:00,watches_gifts
EVT_0014990,CUST_01191,2024-01-01T20:00:00,health_beauty
EVT_0014991,CUST_01192,2024-01-01T00:00:00,toys
EVT_0014992,CUST_01192,2024-01-01T02:00:00,electronics
EVT_0014993,CUST_01192,2024-01-01T04:00:00,computers
EVT_0014994,CUST_01192,2024-01-01T06:00:00,bed_bath
EVT_0014995,CUST_01192,2024-01-01T08:00:00,furniture
EVT_0014996,CUST_01192,2024-01-01T10:00:00,housewares
EVT_0014997,CUST_01192,2024-01-01T12:00:00,bed_bath
EVT_0014998,CUST_01192,2024-01-01T14:00:00,furniture
EVT_0014999,CUST_01192,2024-01-01T16:00:00,housewares
EVT_0015000,CUST_01192,2024-01-01T18:00:00,bed_bath
