review_id,order_id,review_score,review_comment_message,review_date
REV_000001,ORD_008383,2,Not very happy with the purchase.,2023-04-24
REV_000002,ORD_005903,4,Happy with the purchase and quality.,2024-07-25
REV_000003,ORD_027444,1,Terrible experience. The product stopped working.,2024-01-06
REV_000004,ORD_026767,2,Quality is below expectations.,2023-09-24
REV_000005,ORD_019547,4,Happy with the purchase and quality.,2023-05-14
REV_000006,ORD_014364,3,It is okay for the price.,2023-12-03
REV_000007,ORD_022593,4,Happy with the purchase and quality.,2024-10-11
REV_000008,ORD_022462,3,It is okay for the price.,2023-10-23
REV_000009,ORD_005054,5,Excellent product. I highly recommend it.,2024-11-15
REV_000010,ORD_022316,2,Quality is below expectations.,2023-01-10
REV_000011,ORD_026168,4,Works well and arrived on time.,2023-11-14
REV_000012,ORD_011458,5,Amazing quality and very fast delivery.,2024-05-13
REV_000013,ORD_005296,4,Happy with the purchase and quality.,2025-02-17
REV_000014,ORD_025188,4,Good product and fast delivery.,2024-07-16
REV_000015,ORD_022603,4,Happy with the purchase and quality.,2024-04-02
REV_000016,ORD_027455,4,Works well and arrived on time.,2023-01-29
REV_000017,ORD_007906,2,The product is okay but delivery was late.,2023-11-15
REV_000018,ORD_019330,4,Happy with the purchase and quality.,2023-10-28
REV_000019,ORD_019396,3,Average product. It works as expected.,2024-05-07
REV_000020,ORD_020970,3,Average product. It works as expected.,2024-06-07
REV_000021,ORD_012610,2,Not very happy with the purchase.,2024-05-26
REV_000022,ORD_021002,4,Happy with the purchase and quality.,2025-04-17
REV_000023,ORD_018436,4,Works well and arrived on time.,2023-06-25
REV_000024,ORD_018082,4,Good product and fast delivery.,2023-06-17
REV_000025,ORD_013168,3,It is okay for the price.,2023-10-18
REV_000026,ORD_004274,2,The product is okay but delivery was late.,2023-06-08
REV_000027,ORD_005396,4,Good product and fast delivery.,2023-11-24
REV_000028,ORD_024786,3,Average product. It works as expected.,2024-09-30
REV_000029,ORD_014086,3,"Nothing special, but acceptable.",2024-05-31
REV_000030,ORD_011660,4,Works well and arrived on time.,2023-12-30
REV_000031,ORD_010665,2,The product is okay but delivery was late.,2023-12-25
REV_000032,ORD_009639,3,"Nothing special, but acceptable.",2024-06-17
REV_000033,ORD_001498,3,It is okay for the price.,2023-05-15
REV_000034,ORD_007783,4,Happy with the purchase and quality.,2024-01-04
REV_000035,ORD_003679,3,It is okay for the price.,2025-03-06
REV_000036,ORD_008900,3,"Nothing special, but acceptable.",2023-10-29
REV_000037,ORD_004164,5,Excellent product. I highly recommend it.,2024-03-27
REV_000038,ORD_017254,3,"Nothing special, but acceptable.",2024-11-08
REV_000039,ORD_020316,4,Works well and arrived on time.,2023-05-26
REV_000040,ORD_026689,4,Works well and arrived on time.,2024-06-15
REV_000041,ORD_003115,3,Average product. It works as expected.,2025-01-14
REV_000042,ORD_006477,5,Amazing quality and very fast delivery.,2024-01-09
REV_000043,ORD_020422,4,Good product and fast delivery.,2024-01-21
REV_000044,ORD_025382,3,It is okay for the price.,2023-09-17
REV_000045,ORD_003543,3,"Nothing special, but acceptable.",2025-04-28
REV_000046,ORD_028500,2,The product is okay but delivery was late.,2025-05-16
REV_000047,ORD_017285,3,It is okay for the price.,2023-07-01
REV_000048,ORD_021318,4,Happy with the purchase and quality.,2023-09-27
REV_000049,ORD_005730,3,It is okay for the price.,2024-05-30
REV_000050,ORD_004597,4,Good product and fast delivery.,2024-10-24
REV_000051,ORD_016234,3,"Nothing special, but acceptable.",2024-08-07
REV_000052,ORD_016312,4,Happy with the purchase and quality.,2025-01-27
REV_000053,ORD_003749,3,It is okay for the price.,2024-08-26
REV_000054,ORD_028689,4,Happy with the purchase and quality.,2024-03-08
REV_000055,ORD_018199,3,"Nothing special, but acceptable.",2024-07-29
REV_000056,ORD_010742,4,Good product and fast delivery.,2025-03-02
REV_000057,ORD_017363,2,Not very happy with the purchase.,2025-01-25
REV_000058,ORD_011910,3,It is okay for the price.,2024-05-02
REV_000059,ORD_012527,3,Average product. It works as expected.,2023-06-22
REV_000060,ORD_013250,4,Works well and arrived on time.,2024-05-14
REV_000061,ORD_028277,3,Average product. It works as expected.,2024-01-17
REV_000062,ORD_016113,3,"Nothing special, but acceptable.",2024-07-28
REV_000063,ORD_014806,4,Happy with the purchase and quality.,2023-04-21
REV_000064,ORD_028521,3,"Nothing special, but acceptable.",2023-07-16
REV_000065,ORD_017398,4,Happy with the purchase and quality.,2025-05-06
REV_000066,ORD_011492,4,Good product and fast delivery.,2025-04-21
REV_000067,ORD_015651,3,Average product. It works as expected.,2023-04-29
REV_000068,ORD_025582,3,It is okay for the price.,2025-05-08
REV_000069,ORD_015489,2,The product is okay but delivery was late.,2023-11-08
REV_000070,ORD_014934,3,"Nothing special, but acceptable.",2023-01-18
REV_000071,ORD_015496,4,Good product and fast delivery.,2023-01-31
REV_000072,ORD_007905,4,Happy with the purchase and quality.,2023-04-02
REV_000073,ORD_005381,4,Happy with the purchase and quality.,2024-08-04
REV_000074,ORD_011434,3,Average product. It works as expected.,2024-07-31
REV_000075,ORD_003402,4,Happy with the purchase and quality.,2023-05-27
REV_000076,ORD_024617,3,It is okay for the price.,2024-11-19
REV_000077,ORD_005649,2,Not very happy with the purchase.,2025-06-01
REV_000078,ORD_023060,3,It is okay for the price.,2025-02-08
REV_000079,ORD_010201,3,"Nothing special, but acceptable.",2023-07-17
REV_000080,ORD_010411,3,It is okay for the price.,2024-07-29
REV_000081,ORD_000341,5,Amazing quality and very fast delivery.,2025-02-28
REV_000082,ORD_009850,4,Happy with the purchase and quality.,2024-05-17
REV_000083,ORD_028185,2,Not very happy with the purchase.,2025-04-24
REV_000084,ORD_013565,3,Average product. It works as expected.,2023-04-21
REV_000085,ORD_008366,3,Average product. It works as expected.,2023-11-11
REV_000086,ORD_004960,2,Not very happy with the purchase.,2024-02-17
REV_000087,ORD_014141,3,Average product. It works as expected.,2024-08-23
REV_000088,ORD_022550,4,Good product and fast delivery.,2024-05-24
REV_000089,ORD_009523,4,Works well and arrived on time.,2024-07-27
REV_000090,ORD_012692,4,Good product and fast delivery.,2024-09-14
REV_000091,ORD_002555,3,Average product. It works as expected.,2023-08-30
REV_000092,ORD_006622,5,Amazing quality and very fast delivery.,2025-03-22
REV_000093,ORD_023125,2,Quality is below expectations.,2023-12-21
REV_000094,ORD_023640,4,Happy with the purchase and quality.,2023-04-21
REV_000095,ORD_014539,4,Good product and fast delivery.,2023-08-01
REV_000096,ORD_014815,3,"Nothing special, but acceptable.",2023-09-10
REV_000097,ORD_010572,3,It is okay for the price.,2023-03-23
REV_000098,ORD_014885,3,"Nothing special, but acceptable.",2024-10-08
REV_000099,ORD_029114,2,Quality is below expectations.,2025-02-06
REV_000100,ORD_026901,3,Average product. It works as expected.,2024-05-09
REV_000101,ORD_003141,4,Happy with the purchase and quality.,2023-04-22
REV_000102,ORD_000499,2,Quality is below expectations.,2024-02-16
REV_000103,ORD_008998,4,Good product and fast delivery.,2023-06-19
REV_000104,ORD_020577,4,Happy with the purchase and quality.,2024-10-29
REV_000105,ORD_021330,5,Amazing quality and very fast delivery.,2025-03-16
REV_000106,ORD_021772,3,"Nothing special, but acceptable.",2023-09-17
REV_000107,ORD_002935,3,It is okay for the price.,2023-05-29
REV_000108,ORD_005006,3,"Nothing special, but acceptable.",2024-05-03
REV_000109,ORD_014659,2,Not very happy with the purchase.,2025-05-10
REV_000110,ORD_002633,3,It is okay for the price.,2024-10-20
REV_000111,ORD_025855,4,Good product and fast delivery.,2023-08-25
REV_000112,ORD_000556,5,Excellent product. I highly recommend it.,2023-07-29
REV_000113,ORD_018675,3,It is okay for the price.,2024-04-25
REV_000114,ORD_003780,2,Quality is below expectations.,2025-02-14
REV_000115,ORD_018344,3,"Nothing special, but acceptable.",2023-09-21
REV_000116,ORD_027799,3,Average product. It works as expected.,2024-09-01
REV_000117,ORD_014491,5,Perfect purchase. Very satisfied.,2023-09-04
REV_000118,ORD_017844,3,Average product. It works as expected.,2024-07-26
REV_000119,ORD_000299,4,Happy with the purchase and quality.,2024-03-15
REV_000120,ORD_019004,4,Good product and fast delivery.,2023-03-20
REV_000121,ORD_014525,4,Good product and fast delivery.,2023-08-21
REV_000122,ORD_024710,3,It is okay for the price.,2023-11-17
REV_000123,ORD_012986,2,Not very happy with the purchase.,2023-01-14
REV_000124,ORD_018072,5,Perfect purchase. Very satisfied.,2024-08-19
REV_000125,ORD_023968,4,Happy with the purchase and quality.,2024-04-14
REV_000126,ORD_023911,5,Perfect purchase. Very satisfied.,2024-08-05
REV_000127,ORD_008912,5,Excellent product. I highly recommend it.,2025-03-10
REV_000128,ORD_011329,3,Average product. It works as expected.,2023-11-17
REV_000129,ORD_005939,4,Good product and fast delivery.,2023-01-27
REV_000130,ORD_024856,4,Happy with the purchase and quality.,2024-05-24
REV_000131,ORD_026219,3,"Nothing special, but acceptable.",2024-04-19
REV_000132,ORD_017525,4,Happy with the purchase and quality.,2024-11-21
REV_000133,ORD_005748,4,Works well and arrived on time.,2024-02-11
REV_000134,ORD_023966,3,It is okay for the price.,2023-11-22
REV_000135,ORD_022619,5,Perfect purchase. Very satisfied.,2024-07-17
REV_000136,ORD_013165,3,"Nothing special, but acceptable.",2023-11-04
REV_000137,ORD_016697,3,Average product. It works as expected.,2024-01-29
REV_000138,ORD_018091,3,Average product. It works as expected.,2023-12-13
REV_000139,ORD_028492,2,Not very happy with the purchase.,2024-02-21
REV_000140,ORD_027217,5,Perfect purchase. Very satisfied.,2025-06-02
REV_000141,ORD_015686,3,Average product. It works as expected.,2023-08-31
REV_000142,ORD_011230,2,Not very happy with the purchase.,2023-05-28
REV_000143,ORD_010424,4,Happy with the purchase and quality.,2023-05-18
REV_000144,ORD_024209,2,The product is okay but delivery was late.,2024-10-18
REV_000145,ORD_002704,3,"Nothing special, but acceptable.",2023-08-14
REV_000146,ORD_012695,4,Good product and fast delivery.,2023-06-16
REV_000147,ORD_019731,2,The product is okay but delivery was late.,2023-08-16
REV_000148,ORD_009731,4,Happy with the purchase and quality.,2023-01-16
REV_000149,ORD_008980,4,Happy with the purchase and quality.,2024-06-22
REV_000150,ORD_007671,2,Quality is below expectations.,2023-09-24
REV_000151,ORD_020734,5,Perfect purchase. Very satisfied.,2024-08-02
REV_000152,ORD_022810,3,Average product. It works as expected.,2023-06-10
REV_000153,ORD_016894,1,Terrible experience. The product stopped working.,2023-11-18
REV_000154,ORD_029750,3,Average product. It works as expected.,2023-10-08
REV_000155,ORD_012798,3,It is okay for the price.,2023-03-23
REV_000156,ORD_009875,4,Happy with the purchase and quality.,2025-01-12
REV_000157,ORD_026327,3,Average product. It works as expected.,2023-06-10
REV_000158,ORD_028603,3,Average product. It works as expected.,2024-11-22
REV_000159,ORD_026783,4,Good product and fast delivery.,2023-11-13
REV_000160,ORD_023588,3,It is okay for the price.,2023-05-01
REV_000161,ORD_029427,3,It is okay for the price.,2023-02-13
REV_000162,ORD_006938,3,Average product. It works as expected.,2025-05-15
REV_000163,ORD_016030,3,Average product. It works as expected.,2023-04-14
REV_000164,ORD_028017,4,Happy with the purchase and quality.,2025-01-26
REV_000165,ORD_011596,2,The product is okay but delivery was late.,2025-04-13
REV_000166,ORD_013228,3,Average product. It works as expected.,2023-05-14
REV_000167,ORD_014859,4,Works well and arrived on time.,2023-05-15
REV_000168,ORD_025184,4,Works well and arrived on time.,2024-02-22
REV_000169,ORD_009751,4,Good product and fast delivery.,2023-03-09
REV_000170,ORD_016133,3,It is okay for the price.,2024-12-21
REV_000171,ORD_008710,2,The product is okay but delivery was late.,2025-01-08
REV_000172,ORD_020589,5,Excellent product. I highly recommend it.,2023-03-23
REV_000173,ORD_024824,2,Quality is below expectations.,2025-01-30
REV_000174,ORD_019039,3,It is okay for the price.,2023-04-01
REV_000175,ORD_017449,4,Works well and arrived on time.,2023-05-07
REV_000176,ORD_028108,3,Average product. It works as expected.,2024-05-30
REV_000177,ORD_008046,4,Happy with the purchase and quality.,2023-04-23
REV_000178,ORD_029858,2,The product is okay but delivery was late.,2024-06-05
REV_000179,ORD_002417,3,Average product. It works as expected.,2025-04-14
REV_000180,ORD_025237,4,Good product and fast delivery.,2025-03-13
REV_000181,ORD_029832,4,Works well and arrived on time.,2024-01-30
REV_000182,ORD_010722,3,It is okay for the price.,2025-02-24
REV_000183,ORD_025417,3,Average product. It works as expected.,2025-03-23
REV_000184,ORD_018856,3,It is okay for the price.,2024-09-11
REV_000185,ORD_000379,3,Average product. It works as expected.,2023-12-26
REV_000186,ORD_000924,2,The product is okay but delivery was late.,2023-01-22
REV_000187,ORD_016636,4,Good product and fast delivery.,2024-01-14
REV_000188,ORD_008579,2,Quality is below expectations.,2024-05-16
REV_000189,ORD_007318,4,Works well and arrived on time.,2023-03-21
REV_000190,ORD_012577,3,It is okay for the price.,2023-10-01
REV_000191,ORD_019619,5,Excellent product. I highly recommend it.,2023-11-27
REV_000192,ORD_007044,4,Works well and arrived on time.,2023-01-29
REV_000193,ORD_017435,2,Not very happy with the purchase.,2023-06-15
REV_000194,ORD_015506,3,Average product. It works as expected.,2024-12-29
REV_000195,ORD_012712,3,"Nothing special, but acceptable.",2023-06-30
REV_000196,ORD_022869,3,Average product. It works as expected.,2024-01-16
REV_000197,ORD_012045,5,Amazing quality and very fast delivery.,2024-07-29
REV_000198,ORD_027333,5,Amazing quality and very fast delivery.,2023-05-27
REV_000199,ORD_010043,3,It is okay for the price.,2023-10-20
REV_000200,ORD_001168,5,Amazing quality and very fast delivery.,2024-06-24
REV_000201,ORD_014002,3,It is okay for the price.,2023-10-27
REV_000202,ORD_004355,2,The product is okay but delivery was late.,2024-06-04
REV_000203,ORD_014600,4,Works well and arrived on time.,2024-07-26
REV_000204,ORD_003437,3,"Nothing special, but acceptable.",2023-07-06
REV_000205,ORD_023439,4,Good product and fast delivery.,2025-06-24
REV_000206,ORD_012313,4,Works well and arrived on time.,2025-05-07
REV_000207,ORD_007342,3,"Nothing special, but acceptable.",2023-07-02
REV_000208,ORD_010083,4,Good product and fast delivery.,2025-05-29
REV_000209,ORD_021425,5,Excellent product. I highly recommend it.,2023-06-21
REV_000210,ORD_000465,3,"Nothing special, but acceptable.",2023-11-11
REV_000211,ORD_006817,4,Works well and arrived on time.,2023-06-27
REV_000212,ORD_025418,3,It is okay for the price.,2024-12-08
REV_000213,ORD_026982,4,Happy with the purchase and quality.,2024-03-04
REV_000214,ORD_008578,2,Not very happy with the purchase.,2023-11-27
REV_000215,ORD_015422,4,Works well and arrived on time.,2024-09-20
REV_000216,ORD_006117,3,It is okay for the price.,2024-08-05
REV_000217,ORD_007645,3,"Nothing special, but acceptable.",2024-04-22
REV_000218,ORD_009152,2,Quality is below expectations.,2024-01-18
REV_000219,ORD_006542,2,The product is okay but delivery was late.,2023-07-28
REV_000220,ORD_015040,2,Quality is below expectations.,2025-07-05
REV_000221,ORD_002063,3,"Nothing special, but acceptable.",2023-07-11
REV_000222,ORD_003097,4,Good product and fast delivery.,2024-01-03
REV_000223,ORD_022343,2,Quality is below expectations.,2024-05-01
REV_000224,ORD_018968,2,Not very happy with the purchase.,2023-11-30
REV_000225,ORD_011988,3,Average product. It works as expected.,2025-05-28
REV_000226,ORD_009336,4,Happy with the purchase and quality.,2023-09-25
REV_000227,ORD_008416,2,Quality is below expectations.,2024-06-16
REV_000228,ORD_017584,3,Average product. It works as expected.,2023-04-03
REV_000229,ORD_006497,5,Perfect purchase. Very satisfied.,2023-03-13
REV_000230,ORD_012353,3,"Nothing special, but acceptable.",2024-03-20
REV_000231,ORD_027836,4,Happy with the purchase and quality.,2025-01-22
REV_000232,ORD_021784,2,Not very happy with the purchase.,2024-01-09
REV_000233,ORD_027203,5,Amazing quality and very fast delivery.,2024-09-11
REV_000234,ORD_017412,1,Very disappointing product and poor quality.,2024-01-27
REV_000235,ORD_027624,1,Item arrived damaged and I want a refund.,2024-12-13
REV_000236,ORD_015136,4,Good product and fast delivery.,2024-12-10
REV_000237,ORD_010788,3,"Nothing special, but acceptable.",2024-08-06
REV_000238,ORD_002357,3,Average product. It works as expected.,2023-12-25
REV_000239,ORD_008006,3,It is okay for the price.,2023-11-06
REV_000240,ORD_007216,4,Happy with the purchase and quality.,2025-05-27
REV_000241,ORD_021806,2,The product is okay but delivery was late.,2025-04-23
REV_000242,ORD_027530,4,Happy with the purchase and quality.,2024-09-27
REV_000243,ORD_002477,5,Perfect purchase. Very satisfied.,2025-04-07
REV_000244,ORD_027548,2,Quality is below expectations.,2025-02-26
REV_000245,ORD_024775,4,Happy with the purchase and quality.,2023-05-17
REV_000246,ORD_010017,5,Perfect purchase. Very satisfied.,2023-06-12
REV_000247,ORD_003007,4,Good product and fast delivery.,2025-04-30
REV_000248,ORD_029253,3,"Nothing special, but acceptable.",2023-09-20
REV_000249,ORD_023367,2,Quality is below expectations.,2023-12-23
REV_000250,ORD_016488,4,Good product and fast delivery.,2023-05-15
REV_000251,ORD_019044,4,Happy with the purchase and quality.,2023-09-01
REV_000252,ORD_020650,2,Not very happy with the purchase.,2025-05-17
REV_000253,ORD_024307,4,Works well and arrived on time.,2025-02-08
REV_000254,ORD_027664,4,Works well and arrived on time.,2025-04-17
REV_000255,ORD_016449,1,Item arrived damaged and I want a refund.,2024-05-15
REV_000256,ORD_010692,4,Happy with the purchase and quality.,2024-07-24
REV_000257,ORD_021960,2,The product is okay but delivery was late.,2024-10-20
REV_000258,ORD_027346,3,It is okay for the price.,2025-02-13
REV_000259,ORD_018656,4,Good product and fast delivery.,2023-03-13
REV_000260,ORD_008696,4,Good product and fast delivery.,2024-01-20
REV_000261,ORD_010371,3,It is okay for the price.,2025-06-28
REV_000262,ORD_023599,4,Good product and fast delivery.,2023-03-15
REV_000263,ORD_008675,3,"Nothing special, but acceptable.",2025-03-27
REV_000264,ORD_016627,4,Good product and fast delivery.,2024-07-28
REV_000265,ORD_003842,3,Average product. It works as expected.,2023-11-14
REV_000266,ORD_013944,3,"Nothing special, but acceptable.",2024-04-28
REV_000267,ORD_008577,4,Happy with the purchase and quality.,2023-11-27
REV_000268,ORD_014093,5,Amazing quality and very fast delivery.,2025-03-06
REV_000269,ORD_018879,3,Average product. It works as expected.,2023-11-30
REV_000270,ORD_006917,4,Good product and fast delivery.,2023-03-27
REV_000271,ORD_026086,3,It is okay for the price.,2023-10-16
REV_000272,ORD_012301,5,Perfect purchase. Very satisfied.,2023-04-09
REV_000273,ORD_011310,2,Quality is below expectations.,2023-10-08
REV_000274,ORD_005942,2,Not very happy with the purchase.,2024-10-27
REV_000275,ORD_014374,2,Not very happy with the purchase.,2024-07-13
REV_000276,ORD_002780,4,Good product and fast delivery.,2025-02-07
REV_000277,ORD_015782,4,Happy with the purchase and quality.,2024-04-18
REV_000278,ORD_021166,4,Happy with the purchase and quality.,2024-12-30
REV_000279,ORD_004180,4,Works well and arrived on time.,2023-09-22
REV_000280,ORD_004635,4,Happy with the purchase and quality.,2025-06-26
REV_000281,ORD_011606,4,Happy with the purchase and quality.,2024-02-11
REV_000282,ORD_017877,4,Works well and arrived on time.,2023-12-20
REV_000283,ORD_013620,2,Quality is below expectations.,2025-05-04
REV_000284,ORD_010020,5,Perfect purchase. Very satisfied.,2023-10-06
REV_000285,ORD_006273,3,Average product. It works as expected.,2024-02-25
REV_000286,ORD_023856,4,Happy with the purchase and quality.,2024-10-05
REV_000287,ORD_003183,4,Happy with the purchase and quality.,2024-10-12
REV_000288,ORD_020606,3,"Nothing special, but acceptable.",2025-06-28
REV_000289,ORD_011285,3,"Nothing special, but acceptable.",2024-06-12
REV_000290,ORD_010431,4,Happy with the purchase and quality.,2023-06-26
REV_000291,ORD_019527,2,Quality is below expectations.,2024-05-20
REV_000292,ORD_001274,4,Happy with the purchase and quality.,2023-08-25
REV_000293,ORD_008538,1,Terrible experience. The product stopped working.,2024-09-13
REV_000294,ORD_010866,4,Happy with the purchase and quality.,2025-02-22
REV_000295,ORD_018701,4,Happy with the purchase and quality.,2024-11-30
REV_000296,ORD_007717,4,Happy with the purchase and quality.,2024-03-25
REV_000297,ORD_018288,3,It is okay for the price.,2025-03-17
REV_000298,ORD_000783,3,"Nothing special, but acceptable.",2024-12-23
REV_000299,ORD_019944,4,Happy with the purchase and quality.,2023-01-30
REV_000300,ORD_029879,4,Good product and fast delivery.,2024-12-25
REV_000301,ORD_022839,2,Quality is below expectations.,2024-01-22
REV_000302,ORD_014067,3,It is okay for the price.,2024-10-10
REV_000303,ORD_024708,3,"Nothing special, but acceptable.",2024-05-14
REV_000304,ORD_015269,3,Average product. It works as expected.,2024-03-24
REV_000305,ORD_015446,4,Works well and arrived on time.,2023-02-06
REV_000306,ORD_000544,4,Happy with the purchase and quality.,2025-02-15
REV_000307,ORD_002265,3,"Nothing special, but acceptable.",2024-05-06
REV_000308,ORD_004600,3,Average product. It works as expected.,2024-10-08
REV_000309,ORD_025246,4,Works well and arrived on time.,2024-07-04
REV_000310,ORD_014628,3,"Nothing special, but acceptable.",2024-05-29
REV_000311,ORD_006138,3,"Nothing special, but acceptable.",2024-07-21
REV_000312,ORD_020720,3,It is okay for the price.,2023-10-14
REV_000313,ORD_009946,3,It is okay for the price.,2024-03-26
REV_000314,ORD_023756,3,"Nothing special, but acceptable.",2023-08-27
REV_000315,ORD_011412,4,Happy with the purchase and quality.,2024-11-01
REV_000316,ORD_029728,2,The product is okay but delivery was late.,2024-08-02
REV_000317,ORD_025495,4,Happy with the purchase and quality.,2024-04-10
REV_000318,ORD_008237,5,Excellent product. I highly recommend it.,2024-08-19
REV_000319,ORD_026131,4,Happy with the purchase and quality.,2023-09-02
REV_000320,ORD_017364,4,Good product and fast delivery.,2024-08-26
REV_000321,ORD_004388,5,Perfect purchase. Very satisfied.,2023-08-20
REV_000322,ORD_007224,1,Terrible experience. The product stopped working.,2024-12-30
REV_000323,ORD_018246,5,Amazing quality and very fast delivery.,2025-03-10
REV_000324,ORD_019746,3,It is okay for the price.,2023-05-23
REV_000325,ORD_008069,4,Good product and fast delivery.,2025-03-25
REV_000326,ORD_014184,2,The product is okay but delivery was late.,2023-11-19
REV_000327,ORD_012890,2,Quality is below expectations.,2023-12-19
REV_000328,ORD_025000,3,"Nothing special, but acceptable.",2025-06-27
REV_000329,ORD_007280,3,Average product. It works as expected.,2023-09-03
REV_000330,ORD_008923,4,Works well and arrived on time.,2023-04-27
REV_000331,ORD_012879,4,Works well and arrived on time.,2023-03-11
REV_000332,ORD_006241,2,Not very happy with the purchase.,2024-04-09
REV_000333,ORD_000901,3,Average product. It works as expected.,2023-02-27
REV_000334,ORD_012332,2,Not very happy with the purchase.,2023-12-16
REV_000335,ORD_022014,3,Average product. It works as expected.,2023-04-01
REV_000336,ORD_015516,5,Perfect purchase. Very satisfied.,2023-07-07
REV_000337,ORD_008697,4,Works well and arrived on time.,2023-12-09
REV_000338,ORD_029228,2,Not very happy with the purchase.,2023-01-17
REV_000339,ORD_017190,3,It is okay for the price.,2023-10-21
REV_000340,ORD_025562,3,Average product. It works as expected.,2023-04-21
REV_000341,ORD_006478,5,Excellent product. I highly recommend it.,2024-03-11
REV_000342,ORD_013452,4,Happy with the purchase and quality.,2024-12-25
REV_000343,ORD_003733,2,The product is okay but delivery was late.,2023-12-26
REV_000344,ORD_024400,4,Works well and arrived on time.,2025-02-17
REV_000345,ORD_012432,4,Good product and fast delivery.,2025-03-23
REV_000346,ORD_003475,4,Good product and fast delivery.,2023-05-30
REV_000347,ORD_027292,3,Average product. It works as expected.,2023-08-11
REV_000348,ORD_012875,4,Works well and arrived on time.,2023-09-12
REV_000349,ORD_012816,4,Good product and fast delivery.,2025-04-17
REV_000350,ORD_028571,3,Average product. It works as expected.,2024-11-27
REV_000351,ORD_024383,3,"Nothing special, but acceptable.",2023-04-20
REV_000352,ORD_028468,3,"Nothing special, but acceptable.",2023-06-01
REV_000353,ORD_007197,3,Average product. It works as expected.,2023-04-20
REV_000354,ORD_002943,3,"Nothing special, but acceptable.",2023-01-24
REV_000355,ORD_009260,2,Not very happy with the purchase.,2024-10-14
REV_000356,ORD_013337,4,Good product and fast delivery.,2023-12-31
REV_000357,ORD_028609,5,Excellent product. I highly recommend it.,2025-02-20
REV_000358,ORD_021019,4,Happy with the purchase and quality.,2024-10-01
REV_000359,ORD_022903,2,Not very happy with the purchase.,2023-08-04
REV_000360,ORD_028720,2,The product is okay but delivery was late.,2023-08-26
REV_000361,ORD_015387,4,Works well and arrived on time.,2023-01-19
REV_000362,ORD_013640,3,It is okay for the price.,2024-05-23
REV_000363,ORD_023753,3,Average product. It works as expected.,2023-05-15
REV_000364,ORD_015099,3,Average product. It works as expected.,2023-11-02
REV_000365,ORD_014489,2,Quality is below expectations.,2023-11-18
REV_000366,ORD_009935,4,Happy with the purchase and quality.,2025-01-09
REV_000367,ORD_023283,3,It is okay for the price.,2025-06-18
REV_000368,ORD_002273,2,The product is okay but delivery was late.,2025-05-13
REV_000369,ORD_009968,3,It is okay for the price.,2024-03-03
REV_000370,ORD_016628,3,It is okay for the price.,2024-08-31
REV_000371,ORD_017544,5,Excellent product. I highly recommend it.,2023-01-15
REV_000372,ORD_001542,3,It is okay for the price.,2024-05-05
REV_000373,ORD_013205,1,Item arrived damaged and I want a refund.,2024-03-06
REV_000374,ORD_017019,5,Amazing quality and very fast delivery.,2025-02-03
REV_000375,ORD_016986,4,Happy with the purchase and quality.,2024-01-04
REV_000376,ORD_023559,3,"Nothing special, but acceptable.",2023-11-28
REV_000377,ORD_022448,5,Amazing quality and very fast delivery.,2023-12-19
REV_000378,ORD_003657,3,Average product. It works as expected.,2025-04-27
REV_000379,ORD_021641,5,Excellent product. I highly recommend it.,2024-01-22
REV_000380,ORD_024449,3,Average product. It works as expected.,2023-07-03
REV_000381,ORD_018475,5,Amazing quality and very fast delivery.,2023-02-07
REV_000382,ORD_004987,3,Average product. It works as expected.,2025-03-01
REV_000383,ORD_019892,3,It is okay for the price.,2023-04-14
REV_000384,ORD_023226,3,"Nothing special, but acceptable.",2023-07-18
REV_000385,ORD_022549,2,The product is okay but delivery was late.,2024-03-24
REV_000386,ORD_024004,2,Quality is below expectations.,2024-08-20
REV_000387,ORD_012383,2,Not very happy with the purchase.,2023-06-11
REV_000388,ORD_003384,4,Happy with the purchase and quality.,2023-11-18
REV_000389,ORD_026136,4,Happy with the purchase and quality.,2023-11-09
REV_000390,ORD_018889,4,Works well and arrived on time.,2024-02-01
REV_000391,ORD_019315,3,Average product. It works as expected.,2023-04-18
REV_000392,ORD_004787,2,The product is okay but delivery was late.,2025-05-16
REV_000393,ORD_021003,2,Quality is below expectations.,2025-06-09
REV_000394,ORD_019606,4,Good product and fast delivery.,2024-06-14
REV_000395,ORD_023590,3,"Nothing special, but acceptable.",2023-11-14
REV_000396,ORD_006774,2,The product is okay but delivery was late.,2023-11-13
REV_000397,ORD_002486,5,Perfect purchase. Very satisfied.,2024-02-15
REV_000398,ORD_013332,3,It is okay for the price.,2024-02-27
REV_000399,ORD_009047,5,Amazing quality and very fast delivery.,2024-01-02
REV_000400,ORD_026316,3,It is okay for the price.,2025-06-28
REV_000401,ORD_020556,3,It is okay for the price.,2023-11-12
REV_000402,ORD_029266,3,"Nothing special, but acceptable.",2025-03-26
REV_000403,ORD_019218,3,It is okay for the price.,2024-03-14
REV_000404,ORD_006742,4,Happy with the purchase and quality.,2025-06-28
REV_000405,ORD_026146,4,Works well and arrived on time.,2023-01-03
REV_000406,ORD_006633,4,Works well and arrived on time.,2023-02-17
REV_000407,ORD_011344,2,Quality is below expectations.,2023-06-22
REV_000408,ORD_024581,2,Not very happy with the purchase.,2024-12-29
REV_000409,ORD_025084,4,Good product and fast delivery.,2023-12-28
REV_000410,ORD_027826,2,The product is okay but delivery was late.,2023-10-11
REV_000411,ORD_002326,3,It is okay for the price.,2025-01-09
REV_000412,ORD_003280,2,Not very happy with the purchase.,2024-12-27
REV_000413,ORD_019539,4,Good product and fast delivery.,2024-06-13
REV_000414,ORD_021130,2,The product is okay but delivery was late.,2023-07-14
REV_000415,ORD_014255,3,"Nothing special, but acceptable.",2023-08-16
REV_000416,ORD_011581,2,Quality is below expectations.,2025-04-14
REV_000417,ORD_003104,4,Works well and arrived on time.,2024-06-08
REV_000418,ORD_007740,4,Happy with the purchase and quality.,2023-10-02
REV_000419,ORD_007785,5,Perfect purchase. Very satisfied.,2023-04-26
REV_000420,ORD_015331,4,Good product and fast delivery.,2024-10-09
REV_000421,ORD_007642,3,"Nothing special, but acceptable.",2024-05-12
REV_000422,ORD_011109,3,"Nothing special, but acceptable.",2025-06-15
REV_000423,ORD_028053,4,Happy with the purchase and quality.,2024-08-06
REV_000424,ORD_017127,4,Good product and fast delivery.,2024-05-28
REV_000425,ORD_017951,3,It is okay for the price.,2023-08-16
REV_000426,ORD_017588,4,Works well and arrived on time.,2025-05-24
REV_000427,ORD_020663,3,Average product. It works as expected.,2023-04-22
REV_000428,ORD_015447,2,Quality is below expectations.,2023-12-03
REV_000429,ORD_026671,2,The product is okay but delivery was late.,2024-01-14
REV_000430,ORD_020806,3,Average product. It works as expected.,2023-03-17
REV_000431,ORD_015007,3,Average product. It works as expected.,2025-05-01
REV_000432,ORD_007433,3,It is okay for the price.,2023-05-12
REV_000433,ORD_002441,5,Excellent product. I highly recommend it.,2024-07-22
REV_000434,ORD_011846,3,Average product. It works as expected.,2024-12-14
REV_000435,ORD_007374,4,Good product and fast delivery.,2024-08-11
REV_000436,ORD_012917,4,Works well and arrived on time.,2023-04-23
REV_000437,ORD_021588,4,Works well and arrived on time.,2023-07-29
REV_000438,ORD_024150,2,The product is okay but delivery was late.,2023-05-27
REV_000439,ORD_022016,4,Happy with the purchase and quality.,2023-10-24
REV_000440,ORD_016004,5,Perfect purchase. Very satisfied.,2024-12-23
REV_000441,ORD_017873,3,"Nothing special, but acceptable.",2023-10-30
REV_000442,ORD_014994,3,Average product. It works as expected.,2023-01-20
REV_000443,ORD_009841,3,It is okay for the price.,2023-05-24
REV_000444,ORD_025925,4,Works well and arrived on time.,2023-10-07
REV_000445,ORD_023566,3,It is okay for the price.,2024-07-25
REV_000446,ORD_027110,3,It is okay for the price.,2024-12-24
REV_000447,ORD_026188,3,"Nothing special, but acceptable.",2025-06-14
REV_000448,ORD_008106,2,Not very happy with the purchase.,2024-03-10
REV_000449,ORD_011140,2,The product is okay but delivery was late.,2024-11-05
REV_000450,ORD_018727,3,It is okay for the price.,2023-04-02
REV_000451,ORD_009725,4,Works well and arrived on time.,2024-07-25
REV_000452,ORD_027631,2,The product is okay but delivery was late.,2023-03-24
REV_000453,ORD_023418,3,It is okay for the price.,2024-03-26
REV_000454,ORD_000055,5,Perfect purchase. Very satisfied.,2023-09-09
REV_000455,ORD_011656,3,It is okay for the price.,2024-03-16
REV_000456,ORD_015523,4,Good product and fast delivery.,2023-08-25
REV_000457,ORD_006691,4,Works well and arrived on time.,2023-05-08
REV_000458,ORD_028180,3,Average product. It works as expected.,2024-12-06
REV_000459,ORD_019911,3,"Nothing special, but acceptable.",2024-01-07
REV_000460,ORD_008639,2,The product is okay but delivery was late.,2024-03-06
REV_000461,ORD_010685,3,"Nothing special, but acceptable.",2024-06-13
REV_000462,ORD_026228,5,Excellent product. I highly recommend it.,2025-06-02
REV_000463,ORD_015477,5,Perfect purchase. Very satisfied.,2023-02-17
REV_000464,ORD_020667,2,Not very happy with the purchase.,2025-06-18
REV_000465,ORD_010640,2,The product is okay but delivery was late.,2024-09-15
REV_000466,ORD_028876,4,Good product and fast delivery.,2024-04-29
REV_000467,ORD_006096,3,It is okay for the price.,2023-12-16
REV_000468,ORD_023611,4,Happy with the purchase and quality.,2024-08-11
REV_000469,ORD_026932,4,Good product and fast delivery.,2024-11-24
REV_000470,ORD_027856,3,It is okay for the price.,2024-04-03
REV_000471,ORD_022153,5,Perfect purchase. Very satisfied.,2023-05-22
REV_000472,ORD_013523,2,Not very happy with the purchase.,2023-08-06
REV_000473,ORD_009557,3,Average product. It works as expected.,2024-06-01
REV_000474,ORD_011083,3,"Nothing special, but acceptable.",2024-03-25
REV_000475,ORD_025946,2,Not very happy with the purchase.,2023-12-16
REV_000476,ORD_008351,3,"Nothing special, but acceptable.",2023-09-13
REV_000477,ORD_003557,3,It is okay for the price.,2023-08-25
REV_000478,ORD_018661,3,"Nothing special, but acceptable.",2023-03-02
REV_000479,ORD_003888,4,Happy with the purchase and quality.,2023-07-09
REV_000480,ORD_028123,5,Amazing quality and very fast delivery.,2023-02-10
REV_000481,ORD_023216,3,"Nothing special, but acceptable.",2025-05-20
REV_000482,ORD_014842,3,"Nothing special, but acceptable.",2023-02-23
REV_000483,ORD_027200,3,"Nothing special, but acceptable.",2024-10-27
REV_000484,ORD_003663,2,Not very happy with the purchase.,2025-01-13
REV_000485,ORD_017284,4,Good product and fast delivery.,2023-04-13
REV_000486,ORD_014028,3,"Nothing special, but acceptable.",2024-09-24
REV_000487,ORD_028817,5,Excellent product. I highly recommend it.,2025-02-02
REV_000488,ORD_015493,3,"Nothing special, but acceptable.",2023-12-21
REV_000489,ORD_003836,3,Average product. It works as expected.,2025-01-01
REV_000490,ORD_017641,4,Good product and fast delivery.,2023-08-10
REV_000491,ORD_023703,3,Average product. It works as expected.,2025-01-12
REV_000492,ORD_020820,4,Good product and fast delivery.,2023-04-28
REV_000493,ORD_001202,4,Good product and fast delivery.,2025-02-27
REV_000494,ORD_005968,3,It is okay for the price.,2023-07-25
REV_000495,ORD_013548,5,Excellent product. I highly recommend it.,2023-06-24
REV_000496,ORD_029861,2,Quality is below expectations.,2024-10-30
REV_000497,ORD_000007,3,It is okay for the price.,2024-07-10
REV_000498,ORD_016602,3,"Nothing special, but acceptable.",2023-02-12
REV_000499,ORD_029756,4,Works well and arrived on time.,2024-06-20
REV_000500,ORD_010569,3,Average product. It works as expected.,2024-02-11
REV_000501,ORD_004034,2,The product is okay but delivery was late.,2025-03-16
REV_000502,ORD_004505,3,"Nothing special, but acceptable.",2023-12-20
REV_000503,ORD_019011,4,Works well and arrived on time.,2025-02-17
REV_000504,ORD_012112,3,It is okay for the price.,2024-02-10
REV_000505,ORD_000111,3,It is okay for the price.,2024-04-08
REV_000506,ORD_026237,3,"Nothing special, but acceptable.",2023-06-19
REV_000507,ORD_029082,2,Quality is below expectations.,2023-08-26
REV_000508,ORD_023147,4,Good product and fast delivery.,2024-05-11
REV_000509,ORD_012135,3,It is okay for the price.,2023-04-04
REV_000510,ORD_010546,3,"Nothing special, but acceptable.",2023-09-25
REV_000511,ORD_002963,4,Happy with the purchase and quality.,2024-11-07
REV_000512,ORD_014083,4,Happy with the purchase and quality.,2023-10-09
REV_000513,ORD_011245,2,The product is okay but delivery was late.,2024-01-16
REV_000514,ORD_024765,3,"Nothing special, but acceptable.",2024-07-28
REV_000515,ORD_022113,3,Average product. It works as expected.,2024-04-03
REV_000516,ORD_002397,4,Works well and arrived on time.,2024-11-03
REV_000517,ORD_019128,3,"Nothing special, but acceptable.",2023-03-12
REV_000518,ORD_015502,3,It is okay for the price.,2025-05-29
REV_000519,ORD_016052,3,It is okay for the price.,2023-05-15
REV_000520,ORD_019795,4,Works well and arrived on time.,2024-07-03
REV_000521,ORD_029117,2,Not very happy with the purchase.,2024-01-07
REV_000522,ORD_012101,4,Good product and fast delivery.,2025-06-18
REV_000523,ORD_004756,3,It is okay for the price.,2024-02-19
REV_000524,ORD_004695,2,The product is okay but delivery was late.,2023-08-09
REV_000525,ORD_008925,2,Not very happy with the purchase.,2024-04-02
REV_000526,ORD_016439,3,It is okay for the price.,2024-01-01
REV_000527,ORD_010624,3,Average product. It works as expected.,2024-09-22
REV_000528,ORD_009045,3,Average product. It works as expected.,2023-12-26
REV_000529,ORD_001551,3,Average product. It works as expected.,2024-08-21
REV_000530,ORD_011307,4,Good product and fast delivery.,2024-06-02
REV_000531,ORD_024084,3,Average product. It works as expected.,2023-12-15
REV_000532,ORD_013959,1,Terrible experience. The product stopped working.,2024-08-05
REV_000533,ORD_010366,3,It is okay for the price.,2024-09-09
REV_000534,ORD_013707,3,"Nothing special, but acceptable.",2024-10-06
REV_000535,ORD_020790,3,Average product. It works as expected.,2024-03-02
REV_000536,ORD_023271,3,"Nothing special, but acceptable.",2023-04-11
REV_000537,ORD_017690,3,It is okay for the price.,2024-05-04
REV_000538,ORD_026788,4,Good product and fast delivery.,2024-03-24
REV_000539,ORD_018853,3,Average product. It works as expected.,2024-10-15
REV_000540,ORD_015983,3,It is okay for the price.,2024-10-04
REV_000541,ORD_026440,3,It is okay for the price.,2024-07-06
REV_000542,ORD_026408,4,Works well and arrived on time.,2024-03-31
REV_000543,ORD_005366,3,"Nothing special, but acceptable.",2023-03-06
REV_000544,ORD_014226,4,Happy with the purchase and quality.,2023-10-23
REV_000545,ORD_004101,2,The product is okay but delivery was late.,2024-01-14
REV_000546,ORD_007408,4,Good product and fast delivery.,2024-04-15
REV_000547,ORD_024019,2,Not very happy with the purchase.,2023-02-22
REV_000548,ORD_001187,2,Not very happy with the purchase.,2023-08-28
REV_000549,ORD_007639,3,Average product. It works as expected.,2024-10-14
REV_000550,ORD_007553,3,It is okay for the price.,2025-05-20
REV_000551,ORD_012900,2,The product is okay but delivery was late.,2024-03-03
REV_000552,ORD_027840,4,Good product and fast delivery.,2024-08-04
REV_000553,ORD_008824,3,Average product. It works as expected.,2024-02-11
REV_000554,ORD_021846,3,Average product. It works as expected.,2024-07-08
REV_000555,ORD_001313,3,"Nothing special, but acceptable.",2023-06-26
REV_000556,ORD_019173,4,Happy with the purchase and quality.,2023-04-10
REV_000557,ORD_025145,3,Average product. It works as expected.,2023-01-08
REV_000558,ORD_026158,4,Happy with the purchase and quality.,2025-05-23
REV_000559,ORD_002312,3,"Nothing special, but acceptable.",2023-08-15
REV_000560,ORD_023047,2,Quality is below expectations.,2023-01-11
REV_000561,ORD_022577,2,Not very happy with the purchase.,2025-04-04
REV_000562,ORD_013375,3,Average product. It works as expected.,2023-10-30
REV_000563,ORD_006788,2,Quality is below expectations.,2025-01-19
REV_000564,ORD_012474,2,Quality is below expectations.,2024-10-09
REV_000565,ORD_025286,2,The product is okay but delivery was late.,2024-09-30
REV_000566,ORD_015361,5,Amazing quality and very fast delivery.,2025-05-01
REV_000567,ORD_001921,4,Happy with the purchase and quality.,2025-05-24
REV_000568,ORD_005218,3,"Nothing special, but acceptable.",2023-04-01
REV_000569,ORD_000305,3,It is okay for the price.,2024-09-18
REV_000570,ORD_008418,4,Good product and fast delivery.,2024-04-27
REV_000571,ORD_029508,4,Good product and fast delivery.,2024-05-07
REV_000572,ORD_013288,4,Happy with the purchase and quality.,2023-06-30
REV_000573,ORD_014587,4,Happy with the purchase and quality.,2024-02-24
REV_000574,ORD_011290,4,Works well and arrived on time.,2024-04-20
REV_000575,ORD_003447,3,It is okay for the price.,2023-12-06
REV_000576,ORD_000669,3,Average product. It works as expected.,2024-10-22
REV_000577,ORD_006780,4,Happy with the purchase and quality.,2025-05-24
REV_000578,ORD_022955,2,Quality is below expectations.,2024-09-07
REV_000579,ORD_023041,5,Excellent product. I highly recommend it.,2023-07-28
REV_000580,ORD_025118,3,Average product. It works as expected.,2024-08-15
REV_000581,ORD_018454,3,It is okay for the price.,2023-02-14
REV_000582,ORD_017496,3,It is okay for the price.,2025-07-03
REV_000583,ORD_011178,3,It is okay for the price.,2023-12-08
REV_000584,ORD_004998,2,The product is okay but delivery was late.,2023-06-06
REV_000585,ORD_005161,4,Works well and arrived on time.,2023-10-10
REV_000586,ORD_019068,2,Quality is below expectations.,2024-09-07
REV_000587,ORD_012529,4,Works well and arrived on time.,2023-01-27
REV_000588,ORD_000434,5,Amazing quality and very fast delivery.,2023-08-21
REV_000589,ORD_008801,4,Good product and fast delivery.,2023-12-15
REV_000590,ORD_018634,3,It is okay for the price.,2023-07-02
REV_000591,ORD_020608,5,Perfect purchase. Very satisfied.,2024-09-29
REV_000592,ORD_015796,2,Quality is below expectations.,2025-04-02
REV_000593,ORD_017972,3,It is okay for the price.,2023-03-12
REV_000594,ORD_005323,4,Works well and arrived on time.,2023-07-24
REV_000595,ORD_013969,4,Good product and fast delivery.,2023-05-05
REV_000596,ORD_020692,4,Good product and fast delivery.,2023-03-02
REV_000597,ORD_009542,3,It is okay for the price.,2023-12-13
REV_000598,ORD_027909,2,The product is okay but delivery was late.,2024-12-12
REV_000599,ORD_017379,3,It is okay for the price.,2023-10-29
REV_000600,ORD_002524,3,Average product. It works as expected.,2024-06-01
REV_000601,ORD_020901,3,Average product. It works as expected.,2024-07-14
REV_000602,ORD_012536,4,Works well and arrived on time.,2025-04-16
REV_000603,ORD_014523,3,Average product. It works as expected.,2024-05-19
REV_000604,ORD_011666,3,"Nothing special, but acceptable.",2025-01-16
REV_000605,ORD_016040,4,Works well and arrived on time.,2025-02-28
REV_000606,ORD_023101,1,Item arrived damaged and I want a refund.,2025-03-21
REV_000607,ORD_018969,4,Happy with the purchase and quality.,2024-02-10
REV_000608,ORD_010590,2,The product is okay but delivery was late.,2024-03-12
REV_000609,ORD_003961,2,The product is okay but delivery was late.,2024-11-08
REV_000610,ORD_005009,5,Amazing quality and very fast delivery.,2024-03-10
REV_000611,ORD_026281,4,Works well and arrived on time.,2024-12-22
REV_000612,ORD_006166,4,Happy with the purchase and quality.,2024-07-05
REV_000613,ORD_011022,2,The product is okay but delivery was late.,2025-03-29
REV_000614,ORD_018815,3,"Nothing special, but acceptable.",2024-01-16
REV_000615,ORD_029291,3,It is okay for the price.,2024-01-03
REV_000616,ORD_022999,4,Works well and arrived on time.,2023-02-13
REV_000617,ORD_026289,4,Good product and fast delivery.,2023-10-28
REV_000618,ORD_006220,4,Good product and fast delivery.,2024-09-25
REV_000619,ORD_021436,3,"Nothing special, but acceptable.",2023-04-21
REV_000620,ORD_014920,3,"Nothing special, but acceptable.",2025-01-19
REV_000621,ORD_004882,3,Average product. It works as expected.,2023-03-05
REV_000622,ORD_029229,3,Average product. It works as expected.,2023-10-14
REV_000623,ORD_019301,2,The product is okay but delivery was late.,2024-09-20
REV_000624,ORD_025973,3,"Nothing special, but acceptable.",2025-01-21
REV_000625,ORD_020627,5,Amazing quality and very fast delivery.,2024-12-30
REV_000626,ORD_023273,3,Average product. It works as expected.,2023-07-31
REV_000627,ORD_006848,3,It is okay for the price.,2024-12-22
REV_000628,ORD_013085,3,It is okay for the price.,2024-08-08
REV_000629,ORD_001612,3,"Nothing special, but acceptable.",2025-01-26
REV_000630,ORD_017312,3,"Nothing special, but acceptable.",2025-06-16
REV_000631,ORD_022728,3,"Nothing special, but acceptable.",2023-03-01
REV_000632,ORD_021483,3,It is okay for the price.,2023-11-13
REV_000633,ORD_002378,4,Good product and fast delivery.,2024-05-31
REV_000634,ORD_010194,2,The product is okay but delivery was late.,2023-08-19
REV_000635,ORD_005719,4,Good product and fast delivery.,2023-10-18
REV_000636,ORD_014980,4,Good product and fast delivery.,2023-05-08
REV_000637,ORD_003397,2,Not very happy with the purchase.,2025-07-05
REV_000638,ORD_015803,4,Happy with the purchase and quality.,2023-06-19
REV_000639,ORD_006711,4,Happy with the purchase and quality.,2023-03-25
REV_000640,ORD_000300,2,The product is okay but delivery was late.,2023-12-07
REV_000641,ORD_000971,3,"Nothing special, but acceptable.",2025-04-19
REV_000642,ORD_009416,4,Works well and arrived on time.,2023-08-29
REV_000643,ORD_004211,3,It is okay for the price.,2024-06-15
REV_000644,ORD_007469,3,It is okay for the price.,2023-10-16
REV_000645,ORD_020115,3,It is okay for the price.,2023-06-30
REV_000646,ORD_008611,3,It is okay for the price.,2023-02-09
REV_000647,ORD_016383,3,"Nothing special, but acceptable.",2023-05-23
REV_000648,ORD_015349,3,"Nothing special, but acceptable.",2023-12-14
REV_000649,ORD_002435,5,Perfect purchase. Very satisfied.,2023-01-30
REV_000650,ORD_013862,3,"Nothing special, but acceptable.",2023-11-02
REV_000651,ORD_009799,5,Amazing quality and very fast delivery.,2023-07-25
REV_000652,ORD_011599,1,Item arrived damaged and I want a refund.,2023-07-25
REV_000653,ORD_011785,3,Average product. It works as expected.,2024-11-30
REV_000654,ORD_009745,4,Works well and arrived on time.,2023-08-29
REV_000655,ORD_017818,4,Works well and arrived on time.,2024-03-26
REV_000656,ORD_020128,4,Good product and fast delivery.,2024-08-25
REV_000657,ORD_016150,1,Item arrived damaged and I want a refund.,2023-06-07
REV_000658,ORD_015640,4,Good product and fast delivery.,2024-05-04
REV_000659,ORD_017324,2,Quality is below expectations.,2023-06-08
REV_000660,ORD_019962,3,It is okay for the price.,2025-06-21
REV_000661,ORD_022920,2,The product is okay but delivery was late.,2025-03-26
REV_000662,ORD_015296,4,Good product and fast delivery.,2025-05-07
REV_000663,ORD_027805,4,Works well and arrived on time.,2023-09-01
REV_000664,ORD_008071,3,It is okay for the price.,2025-06-15
REV_000665,ORD_008885,2,Quality is below expectations.,2024-11-22
REV_000666,ORD_020775,3,It is okay for the price.,2023-12-25
REV_000667,ORD_006428,2,Quality is below expectations.,2023-06-16
REV_000668,ORD_028955,5,Excellent product. I highly recommend it.,2023-05-30
REV_000669,ORD_008554,3,It is okay for the price.,2025-03-22
REV_000670,ORD_013215,5,Excellent product. I highly recommend it.,2023-04-19
REV_000671,ORD_022340,4,Happy with the purchase and quality.,2023-03-29
REV_000672,ORD_009790,3,Average product. It works as expected.,2024-03-09
REV_000673,ORD_003489,3,"Nothing special, but acceptable.",2024-10-28
REV_000674,ORD_029417,4,Good product and fast delivery.,2024-04-04
REV_000675,ORD_018316,3,It is okay for the price.,2024-03-31
REV_000676,ORD_016391,4,Good product and fast delivery.,2023-03-06
REV_000677,ORD_012806,3,"Nothing special, but acceptable.",2023-09-30
REV_000678,ORD_019487,5,Perfect purchase. Very satisfied.,2023-12-07
REV_000679,ORD_012678,4,Works well and arrived on time.,2023-11-13
REV_000680,ORD_016491,3,"Nothing special, but acceptable.",2024-06-24
REV_000681,ORD_002504,4,Happy with the purchase and quality.,2024-04-21
REV_000682,ORD_022507,4,Works well and arrived on time.,2024-11-29
REV_000683,ORD_013382,3,Average product. It works as expected.,2024-11-08
REV_000684,ORD_014889,3,"Nothing special, but acceptable.",2024-05-18
REV_000685,ORD_009757,3,"Nothing special, but acceptable.",2023-11-03
REV_000686,ORD_029555,3,Average product. It works as expected.,2024-06-04
REV_000687,ORD_015046,4,Happy with the purchase and quality.,2024-12-16
REV_000688,ORD_026918,5,Amazing quality and very fast delivery.,2023-03-13
REV_000689,ORD_017747,4,Happy with the purchase and quality.,2024-10-17
REV_000690,ORD_005570,3,It is okay for the price.,2023-08-06
REV_000691,ORD_006099,3,It is okay for the price.,2024-01-29
REV_000692,ORD_021405,4,Good product and fast delivery.,2025-02-04
REV_000693,ORD_029839,4,Good product and fast delivery.,2023-06-24
REV_000694,ORD_013758,2,Quality is below expectations.,2023-05-21
REV_000695,ORD_015974,3,"Nothing special, but acceptable.",2023-07-11
REV_000696,ORD_023479,4,Good product and fast delivery.,2023-03-12
REV_000697,ORD_024390,2,The product is okay but delivery was late.,2023-02-21
REV_000698,ORD_002665,5,Amazing quality and very fast delivery.,2023-09-13
REV_000699,ORD_002079,5,Excellent product. I highly recommend it.,2024-08-11
REV_000700,ORD_000614,4,Works well and arrived on time.,2025-01-24
REV_000701,ORD_019433,2,Not very happy with the purchase.,2023-09-07
REV_000702,ORD_007557,4,Works well and arrived on time.,2024-03-17
REV_000703,ORD_003894,4,Happy with the purchase and quality.,2023-02-17
REV_000704,ORD_006986,3,"Nothing special, but acceptable.",2023-03-02
REV_000705,ORD_012534,3,It is okay for the price.,2025-04-11
REV_000706,ORD_011565,3,"Nothing special, but acceptable.",2023-04-26
REV_000707,ORD_012131,3,"Nothing special, but acceptable.",2024-09-23
REV_000708,ORD_007439,2,Not very happy with the purchase.,2024-08-05
REV_000709,ORD_010607,3,Average product. It works as expected.,2023-06-27
REV_000710,ORD_016775,4,Works well and arrived on time.,2025-01-25
REV_000711,ORD_007992,3,"Nothing special, but acceptable.",2024-11-30
REV_000712,ORD_019273,4,Works well and arrived on time.,2024-11-10
REV_000713,ORD_021980,2,Not very happy with the purchase.,2025-02-05
REV_000714,ORD_018472,4,Good product and fast delivery.,2023-08-08
REV_000715,ORD_007696,4,Works well and arrived on time.,2023-10-22
REV_000716,ORD_019156,3,It is okay for the price.,2023-11-22
REV_000717,ORD_024466,3,It is okay for the price.,2023-12-04
REV_000718,ORD_003174,3,"Nothing special, but acceptable.",2023-02-22
REV_000719,ORD_009472,4,Good product and fast delivery.,2023-09-11
REV_000720,ORD_009541,2,Not very happy with the purchase.,2023-08-13
REV_000721,ORD_000272,3,Average product. It works as expected.,2024-02-07
REV_000722,ORD_027716,3,Average product. It works as expected.,2023-02-19
REV_000723,ORD_015434,3,"Nothing special, but acceptable.",2023-11-17
REV_000724,ORD_011771,3,Average product. It works as expected.,2025-02-27
REV_000725,ORD_023107,4,Works well and arrived on time.,2024-10-31
REV_000726,ORD_009414,2,Not very happy with the purchase.,2023-10-08
REV_000727,ORD_015339,3,Average product. It works as expected.,2023-08-20
REV_000728,ORD_013904,3,"Nothing special, but acceptable.",2023-04-06
REV_000729,ORD_007372,2,Not very happy with the purchase.,2025-07-13
REV_000730,ORD_011550,2,Not very happy with the purchase.,2023-04-28
REV_000731,ORD_003013,4,Good product and fast delivery.,2024-05-16
REV_000732,ORD_006072,3,Average product. It works as expected.,2025-03-27
REV_000733,ORD_004371,3,"Nothing special, but acceptable.",2025-03-14
REV_000734,ORD_029121,3,Average product. It works as expected.,2024-05-28
REV_000735,ORD_023457,3,It is okay for the price.,2023-05-23
REV_000736,ORD_020259,3,It is okay for the price.,2024-02-01
REV_000737,ORD_013576,3,Average product. It works as expected.,2025-04-21
REV_000738,ORD_015435,3,It is okay for the price.,2023-04-23
REV_000739,ORD_012158,4,Happy with the purchase and quality.,2024-10-23
REV_000740,ORD_001659,4,Good product and fast delivery.,2025-02-01
REV_000741,ORD_001972,3,It is okay for the price.,2024-08-25
REV_000742,ORD_011990,4,Works well and arrived on time.,2023-07-05
REV_000743,ORD_007741,3,"Nothing special, but acceptable.",2023-12-20
REV_000744,ORD_024878,5,Excellent product. I highly recommend it.,2024-06-08
REV_000745,ORD_017475,2,The product is okay but delivery was late.,2023-01-22
REV_000746,ORD_004137,3,It is okay for the price.,2023-10-31
REV_000747,ORD_013532,2,The product is okay but delivery was late.,2025-04-27
REV_000748,ORD_009907,3,"Nothing special, but acceptable.",2024-11-08
REV_000749,ORD_029013,5,Perfect purchase. Very satisfied.,2024-04-28
REV_000750,ORD_020077,3,"Nothing special, but acceptable.",2024-08-19
REV_000751,ORD_028844,4,Good product and fast delivery.,2024-11-25
REV_000752,ORD_021529,3,"Nothing special, but acceptable.",2025-04-17
REV_000753,ORD_007994,3,It is okay for the price.,2025-03-04
REV_000754,ORD_006269,3,"Nothing special, but acceptable.",2023-07-21
REV_000755,ORD_025245,4,Works well and arrived on time.,2025-02-11
REV_000756,ORD_027119,3,"Nothing special, but acceptable.",2023-01-28
REV_000757,ORD_012722,4,Good product and fast delivery.,2025-05-03
REV_000758,ORD_018110,3,Average product. It works as expected.,2025-06-16
REV_000759,ORD_029376,3,Average product. It works as expected.,2023-03-03
REV_000760,ORD_016472,3,Average product. It works as expected.,2023-06-16
REV_000761,ORD_002677,4,Happy with the purchase and quality.,2024-05-22
REV_000762,ORD_018255,4,Works well and arrived on time.,2023-11-24
REV_000763,ORD_001886,5,Perfect purchase. Very satisfied.,2025-01-04
REV_000764,ORD_004491,4,Works well and arrived on time.,2023-01-17
REV_000765,ORD_006821,3,It is okay for the price.,2023-08-11
REV_000766,ORD_028833,3,It is okay for the price.,2023-02-02
REV_000767,ORD_017156,3,"Nothing special, but acceptable.",2025-05-13
REV_000768,ORD_010259,3,"Nothing special, but acceptable.",2023-03-19
REV_000769,ORD_000910,3,"Nothing special, but acceptable.",2025-04-14
REV_000770,ORD_017457,4,Works well and arrived on time.,2024-07-19
REV_000771,ORD_006806,4,Good product and fast delivery.,2025-02-27
REV_000772,ORD_004310,5,Perfect purchase. Very satisfied.,2025-02-02
REV_000773,ORD_006982,2,Not very happy with the purchase.,2023-08-20
REV_000774,ORD_015656,4,Works well and arrived on time.,2023-01-23
REV_000775,ORD_007938,3,"Nothing special, but acceptable.",2024-12-05
REV_000776,ORD_029373,4,Works well and arrived on time.,2025-01-14
REV_000777,ORD_002446,3,It is okay for the price.,2024-08-11
REV_000778,ORD_023710,4,Works well and arrived on time.,2025-02-08
REV_000779,ORD_019126,4,Works well and arrived on time.,2023-01-08
REV_000780,ORD_009084,3,Average product. It works as expected.,2024-07-07
REV_000781,ORD_010203,3,"Nothing special, but acceptable.",2024-02-23
REV_000782,ORD_013866,3,It is okay for the price.,2023-01-14
REV_000783,ORD_007154,4,Works well and arrived on time.,2025-06-02
REV_000784,ORD_017432,4,Works well and arrived on time.,2023-12-12
REV_000785,ORD_000964,2,The product is okay but delivery was late.,2023-09-27
REV_000786,ORD_004470,4,Works well and arrived on time.,2023-09-16
REV_000787,ORD_015681,4,Happy with the purchase and quality.,2024-12-17
REV_000788,ORD_013397,5,Excellent product. I highly recommend it.,2023-10-18
REV_000789,ORD_020235,2,Quality is below expectations.,2023-04-13
REV_000790,ORD_016559,3,It is okay for the price.,2024-11-02
REV_000791,ORD_017826,3,It is okay for the price.,2024-03-19
REV_000792,ORD_028524,5,Perfect purchase. Very satisfied.,2023-05-31
REV_000793,ORD_024774,3,"Nothing special, but acceptable.",2024-03-08
REV_000794,ORD_021895,3,Average product. It works as expected.,2023-05-23
REV_000795,ORD_019051,4,Works well and arrived on time.,2025-05-09
REV_000796,ORD_029634,3,It is okay for the price.,2024-03-10
REV_000797,ORD_000214,5,Amazing quality and very fast delivery.,2025-03-30
REV_000798,ORD_002307,5,Excellent product. I highly recommend it.,2025-03-29
REV_000799,ORD_028119,2,The product is okay but delivery was late.,2023-09-22
REV_000800,ORD_025093,4,Good product and fast delivery.,2023-03-12
REV_000801,ORD_022510,4,Works well and arrived on time.,2024-12-06
REV_000802,ORD_022809,3,Average product. It works as expected.,2024-01-25
REV_000803,ORD_015753,4,Happy with the purchase and quality.,2024-02-29
REV_000804,ORD_018665,5,Amazing quality and very fast delivery.,2023-03-04
REV_000805,ORD_013783,3,It is okay for the price.,2023-07-23
REV_000806,ORD_026407,3,It is okay for the price.,2023-10-28
REV_000807,ORD_006180,3,"Nothing special, but acceptable.",2024-07-16
REV_000808,ORD_004535,3,Average product. It works as expected.,2023-04-04
REV_000809,ORD_000387,3,Average product. It works as expected.,2024-07-23
REV_000810,ORD_012436,5,Excellent product. I highly recommend it.,2025-06-22
REV_000811,ORD_010634,3,Average product. It works as expected.,2024-03-16
REV_000812,ORD_003638,3,Average product. It works as expected.,2023-05-07
REV_000813,ORD_029159,4,Works well and arrived on time.,2024-11-09
REV_000814,ORD_011819,3,It is okay for the price.,2023-03-17
REV_000815,ORD_025672,3,"Nothing special, but acceptable.",2024-06-16
REV_000816,ORD_009667,4,Happy with the purchase and quality.,2024-03-31
REV_000817,ORD_004857,2,The product is okay but delivery was late.,2023-08-27
REV_000818,ORD_007876,3,"Nothing special, but acceptable.",2023-02-09
REV_000819,ORD_008864,2,The product is okay but delivery was late.,2024-05-16
REV_000820,ORD_012233,4,Good product and fast delivery.,2025-03-24
REV_000821,ORD_000753,3,Average product. It works as expected.,2024-11-07
REV_000822,ORD_018016,3,"Nothing special, but acceptable.",2025-03-30
REV_000823,ORD_017077,2,Quality is below expectations.,2024-10-17
REV_000824,ORD_012091,4,Good product and fast delivery.,2023-01-17
REV_000825,ORD_009580,3,It is okay for the price.,2023-07-22
REV_000826,ORD_005667,3,"Nothing special, but acceptable.",2025-01-27
REV_000827,ORD_012405,2,Quality is below expectations.,2023-10-25
REV_000828,ORD_029772,4,Good product and fast delivery.,2024-02-17
REV_000829,ORD_027380,3,It is okay for the price.,2025-02-02
REV_000830,ORD_006849,3,It is okay for the price.,2025-03-22
REV_000831,ORD_007721,5,Excellent product. I highly recommend it.,2023-02-26
REV_000832,ORD_006548,3,Average product. It works as expected.,2023-11-21
REV_000833,ORD_004999,3,It is okay for the price.,2023-09-30
REV_000834,ORD_007377,4,Happy with the purchase and quality.,2024-08-25
REV_000835,ORD_005910,3,It is okay for the price.,2023-12-17
REV_000836,ORD_020917,3,It is okay for the price.,2023-07-24
REV_000837,ORD_000591,4,Good product and fast delivery.,2024-04-02
REV_000838,ORD_028873,4,Happy with the purchase and quality.,2024-02-01
REV_000839,ORD_000237,3,"Nothing special, but acceptable.",2023-10-12
REV_000840,ORD_006122,4,Good product and fast delivery.,2023-09-28
REV_000841,ORD_017936,4,Happy with the purchase and quality.,2025-04-27
REV_000842,ORD_027759,3,Average product. It works as expected.,2023-08-02
REV_000843,ORD_010913,4,Works well and arrived on time.,2023-01-21
REV_000844,ORD_005375,5,Excellent product. I highly recommend it.,2024-10-18
REV_000845,ORD_025127,4,Happy with the purchase and quality.,2023-03-02
REV_000846,ORD_004360,3,Average product. It works as expected.,2024-02-19
REV_000847,ORD_020175,2,Quality is below expectations.,2023-07-28
REV_000848,ORD_017370,3,"Nothing special, but acceptable.",2025-01-12
REV_000849,ORD_028208,3,Average product. It works as expected.,2023-03-22
REV_000850,ORD_022259,3,It is okay for the price.,2024-06-11
REV_000851,ORD_014778,4,Works well and arrived on time.,2023-07-03
REV_000852,ORD_027247,4,Happy with the purchase and quality.,2024-05-22
REV_000853,ORD_000136,5,Perfect purchase. Very satisfied.,2024-03-22
REV_000854,ORD_021695,3,Average product. It works as expected.,2023-06-24
REV_000855,ORD_015193,3,Average product. It works as expected.,2023-07-24
REV_000856,ORD_023458,2,The product is okay but delivery was late.,2023-03-20
REV_000857,ORD_011073,4,Works well and arrived on time.,2025-05-11
REV_000858,ORD_013343,5,Excellent product. I highly recommend it.,2023-02-20
REV_000859,ORD_023824,2,The product is okay but delivery was late.,2025-04-08
REV_000860,ORD_008346,5,Amazing quality and very fast delivery.,2024-07-18
REV_000861,ORD_010538,4,Happy with the purchase and quality.,2025-04-27
REV_000862,ORD_015511,4,Good product and fast delivery.,2025-01-06
REV_000863,ORD_018087,2,Not very happy with the purchase.,2023-06-22
REV_000864,ORD_009306,4,Good product and fast delivery.,2023-05-15
REV_000865,ORD_008946,4,Happy with the purchase and quality.,2023-07-09
REV_000866,ORD_023731,3,"Nothing special, but acceptable.",2024-05-30
REV_000867,ORD_003250,4,Happy with the purchase and quality.,2024-10-04
REV_000868,ORD_013501,4,Good product and fast delivery.,2025-01-29
REV_000869,ORD_005977,3,It is okay for the price.,2024-11-05
REV_000870,ORD_019927,5,Amazing quality and very fast delivery.,2024-09-27
REV_000871,ORD_027047,3,"Nothing special, but acceptable.",2023-05-02
REV_000872,ORD_025314,4,Good product and fast delivery.,2023-11-07
REV_000873,ORD_008280,4,Works well and arrived on time.,2024-03-25
REV_000874,ORD_026716,2,Not very happy with the purchase.,2025-05-20
REV_000875,ORD_008796,3,"Nothing special, but acceptable.",2023-04-05
REV_000876,ORD_013445,3,It is okay for the price.,2024-11-17
REV_000877,ORD_021535,3,It is okay for the price.,2023-10-02
REV_000878,ORD_014427,3,It is okay for the price.,2024-11-28
REV_000879,ORD_009300,3,"Nothing special, but acceptable.",2023-08-13
REV_000880,ORD_001163,2,The product is okay but delivery was late.,2023-03-02
REV_000881,ORD_019264,3,Average product. It works as expected.,2024-06-23
REV_000882,ORD_023115,2,Quality is below expectations.,2024-05-14
REV_000883,ORD_017549,3,"Nothing special, but acceptable.",2024-01-23
REV_000884,ORD_018858,4,Happy with the purchase and quality.,2024-08-09
REV_000885,ORD_010484,4,Happy with the purchase and quality.,2024-10-17
REV_000886,ORD_027955,4,Happy with the purchase and quality.,2024-10-23
REV_000887,ORD_029494,4,Happy with the purchase and quality.,2023-10-31
REV_000888,ORD_009648,3,Average product. It works as expected.,2025-01-23
REV_000889,ORD_028868,3,"Nothing special, but acceptable.",2024-11-17
REV_000890,ORD_010776,3,Average product. It works as expected.,2023-02-10
REV_000891,ORD_004894,3,It is okay for the price.,2023-09-16
REV_000892,ORD_010016,4,Works well and arrived on time.,2024-01-24
REV_000893,ORD_000620,4,Good product and fast delivery.,2024-10-13
REV_000894,ORD_024414,4,Happy with the purchase and quality.,2024-01-01
REV_000895,ORD_005108,5,Excellent product. I highly recommend it.,2024-07-28
REV_000896,ORD_023656,3,"Nothing special, but acceptable.",2023-07-21
REV_000897,ORD_003081,4,Good product and fast delivery.,2023-12-03
REV_000898,ORD_000062,5,Perfect purchase. Very satisfied.,2024-01-21
REV_000899,ORD_018834,4,Happy with the purchase and quality.,2024-03-06
REV_000900,ORD_001180,3,Average product. It works as expected.,2024-04-17
REV_000901,ORD_022315,2,Quality is below expectations.,2023-07-24
REV_000902,ORD_008701,2,Not very happy with the purchase.,2024-12-06
REV_000903,ORD_024687,4,Happy with the purchase and quality.,2024-12-29
REV_000904,ORD_003723,4,Happy with the purchase and quality.,2023-08-07
REV_000905,ORD_026332,4,Good product and fast delivery.,2023-08-02
REV_000906,ORD_015317,3,"Nothing special, but acceptable.",2025-06-24
REV_000907,ORD_022425,3,Average product. It works as expected.,2024-02-09
REV_000908,ORD_002283,2,Not very happy with the purchase.,2023-11-04
REV_000909,ORD_022761,3,It is okay for the price.,2023-03-08
REV_000910,ORD_024853,3,Average product. It works as expected.,2024-07-02
REV_000911,ORD_004541,3,It is okay for the price.,2025-02-02
REV_000912,ORD_029208,5,Amazing quality and very fast delivery.,2023-03-25
REV_000913,ORD_015786,4,Good product and fast delivery.,2025-05-16
REV_000914,ORD_001429,3,Average product. It works as expected.,2024-04-27
REV_000915,ORD_011972,4,Happy with the purchase and quality.,2024-10-25
REV_000916,ORD_023222,3,It is okay for the price.,2025-01-29
REV_000917,ORD_028091,4,Good product and fast delivery.,2024-11-27
REV_000918,ORD_003256,4,Happy with the purchase and quality.,2024-08-19
REV_000919,ORD_026050,1,Very disappointing product and poor quality.,2025-06-15
REV_000920,ORD_017670,3,It is okay for the price.,2024-07-30
REV_000921,ORD_023527,4,Works well and arrived on time.,2023-10-19
REV_000922,ORD_028092,3,It is okay for the price.,2025-05-05
REV_000923,ORD_024344,3,"Nothing special, but acceptable.",2023-06-29
REV_000924,ORD_005336,3,"Nothing special, but acceptable.",2023-03-02
REV_000925,ORD_008847,3,"Nothing special, but acceptable.",2025-03-15
REV_000926,ORD_019413,2,The product is okay but delivery was late.,2023-09-22
REV_000927,ORD_018158,3,"Nothing special, but acceptable.",2023-06-04
REV_000928,ORD_005239,2,Quality is below expectations.,2024-07-28
REV_000929,ORD_025040,4,Happy with the purchase and quality.,2023-03-04
REV_000930,ORD_017667,2,Not very happy with the purchase.,2024-10-01
REV_000931,ORD_012569,2,Not very happy with the purchase.,2025-01-03
REV_000932,ORD_021620,5,Perfect purchase. Very satisfied.,2023-02-25
REV_000933,ORD_028703,4,Works well and arrived on time.,2024-02-28
REV_000934,ORD_025009,5,Amazing quality and very fast delivery.,2023-05-21
REV_000935,ORD_011867,4,Good product and fast delivery.,2024-09-05
REV_000936,ORD_019503,4,Happy with the purchase and quality.,2024-12-10
REV_000937,ORD_025273,5,Amazing quality and very fast delivery.,2023-01-24
REV_000938,ORD_018356,2,The product is okay but delivery was late.,2024-12-04
REV_000939,ORD_020158,4,Good product and fast delivery.,2024-04-23
REV_000940,ORD_029414,5,Perfect purchase. Very satisfied.,2024-05-29
REV_000941,ORD_015485,2,Not very happy with the purchase.,2025-04-29
REV_000942,ORD_022826,3,It is okay for the price.,2025-06-26
REV_000943,ORD_021965,2,The product is okay but delivery was late.,2023-02-09
REV_000944,ORD_026468,2,Not very happy with the purchase.,2023-03-01
REV_000945,ORD_002760,2,Not very happy with the purchase.,2023-06-30
REV_000946,ORD_005896,4,Good product and fast delivery.,2024-06-29
REV_000947,ORD_016315,4,Happy with the purchase and quality.,2024-01-20
REV_000948,ORD_007798,4,Good product and fast delivery.,2023-02-17
REV_000949,ORD_023133,3,Average product. It works as expected.,2024-10-09
REV_000950,ORD_003406,3,It is okay for the price.,2023-01-12
REV_000951,ORD_008410,3,It is okay for the price.,2024-06-28
REV_000952,ORD_004992,5,Perfect purchase. Very satisfied.,2024-10-16
REV_000953,ORD_004453,3,"Nothing special, but acceptable.",2025-03-08
REV_000954,ORD_020193,4,Happy with the purchase and quality.,2023-02-10
REV_000955,ORD_024370,5,Perfect purchase. Very satisfied.,2025-04-17
REV_000956,ORD_015706,3,It is okay for the price.,2024-05-10
REV_000957,ORD_011839,2,The product is okay but delivery was late.,2023-09-08
REV_000958,ORD_016408,5,Amazing quality and very fast delivery.,2023-10-10
REV_000959,ORD_022727,2,Quality is below expectations.,2024-03-29
REV_000960,ORD_003729,4,Good product and fast delivery.,2023-01-19
REV_000961,ORD_017915,4,Good product and fast delivery.,2023-12-09
REV_000962,ORD_028684,3,Average product. It works as expected.,2025-02-18
REV_000963,ORD_001706,3,Average product. It works as expected.,2023-01-28
REV_000964,ORD_029329,5,Perfect purchase. Very satisfied.,2024-10-09
REV_000965,ORD_023032,3,Average product. It works as expected.,2025-02-05
REV_000966,ORD_018800,2,Quality is below expectations.,2025-06-20
REV_000967,ORD_006175,4,Good product and fast delivery.,2025-05-31
REV_000968,ORD_019204,4,Good product and fast delivery.,2023-05-05
REV_000969,ORD_016073,2,Quality is below expectations.,2025-01-14
REV_000970,ORD_000438,4,Happy with the purchase and quality.,2023-07-23
REV_000971,ORD_024089,4,Happy with the purchase and quality.,2025-07-04
REV_000972,ORD_014567,4,Works well and arrived on time.,2023-03-20
REV_000973,ORD_023549,5,Perfect purchase. Very satisfied.,2023-08-05
REV_000974,ORD_022185,2,The product is okay but delivery was late.,2023-10-25
REV_000975,ORD_006416,4,Happy with the purchase and quality.,2023-11-02
REV_000976,ORD_025005,3,It is okay for the price.,2023-02-12
REV_000977,ORD_006434,4,Good product and fast delivery.,2023-06-30
REV_000978,ORD_002572,3,Average product. It works as expected.,2024-02-11
REV_000979,ORD_026660,4,Happy with the purchase and quality.,2023-02-16
REV_000980,ORD_016244,5,Amazing quality and very fast delivery.,2025-04-04
REV_000981,ORD_028008,5,Amazing quality and very fast delivery.,2023-05-04
REV_000982,ORD_005455,4,Works well and arrived on time.,2024-03-22
REV_000983,ORD_012675,2,Quality is below expectations.,2023-01-21
REV_000984,ORD_016122,4,Happy with the purchase and quality.,2023-06-10
REV_000985,ORD_011167,2,The product is okay but delivery was late.,2025-04-02
REV_000986,ORD_023946,2,The product is okay but delivery was late.,2025-07-03
REV_000987,ORD_003948,3,Average product. It works as expected.,2023-11-04
REV_000988,ORD_009242,2,Not very happy with the purchase.,2024-09-19
REV_000989,ORD_018972,4,Good product and fast delivery.,2023-07-22
REV_000990,ORD_029842,4,Works well and arrived on time.,2024-10-15
REV_000991,ORD_023979,4,Works well and arrived on time.,2023-07-10
REV_000992,ORD_029507,2,Not very happy with the purchase.,2024-01-27
REV_000993,ORD_011675,2,Quality is below expectations.,2024-07-12
REV_000994,ORD_027824,3,"Nothing special, but acceptable.",2024-02-11
REV_000995,ORD_016293,3,It is okay for the price.,2024-11-18
REV_000996,ORD_007680,4,Happy with the purchase and quality.,2024-09-04
REV_000997,ORD_007464,4,Happy with the purchase and quality.,2024-10-14
REV_000998,ORD_002117,4,Works well and arrived on time.,2023-05-30
REV_000999,ORD_020417,2,The product is okay but delivery was late.,2023-11-02
REV_001000,ORD_024255,1,Terrible experience. The product stopped working.,2023-07-02
REV_001001,ORD_026697,2,Not very happy with the purchase.,2024-11-24
REV_001002,ORD_028266,4,Works well and arrived on time.,2025-05-12
REV_001003,ORD_029740,5,Perfect purchase. Very satisfied.,2024-07-15
REV_001004,ORD_013742,2,The product is okay but delivery was late.,2025-05-28
REV_001005,ORD_005582,2,The product is okay but delivery was late.,2023-03-23
REV_001006,ORD_024905,5,Perfect purchase. Very satisfied.,2025-06-25
REV_001007,ORD_010365,3,It is okay for the price.,2025-04-01
REV_001008,ORD_003129,4,Good product and fast delivery.,2024-03-25
REV_001009,ORD_019145,2,Not very happy with the purchase.,2025-05-20
REV_001010,ORD_015756,3,"Nothing special, but acceptable.",2023-04-25
REV_001011,ORD_009026,5,Amazing quality and very fast delivery.,2025-06-19
REV_001012,ORD_005575,3,It is okay for the price.,2024-01-12
REV_001013,ORD_011575,3,It is okay for the price.,2025-05-19
REV_001014,ORD_007321,4,Happy with the purchase and quality.,2023-01-28
REV_001015,ORD_001778,5,Excellent product. I highly recommend it.,2023-10-13
REV_001016,ORD_028343,4,Works well and arrived on time.,2025-05-09
REV_001017,ORD_017380,4,Works well and arrived on time.,2023-01-24
REV_001018,ORD_003712,3,"Nothing special, but acceptable.",2024-07-11
REV_001019,ORD_024844,4,Happy with the purchase and quality.,2023-06-23
REV_001020,ORD_001378,4,Works well and arrived on time.,2023-04-17
REV_001021,ORD_023524,4,Happy with the purchase and quality.,2023-04-20
REV_001022,ORD_019357,4,Works well and arrived on time.,2023-12-06
REV_001023,ORD_008704,4,Happy with the purchase and quality.,2025-04-22
REV_001024,ORD_017177,4,Good product and fast delivery.,2023-08-06
REV_001025,ORD_022682,3,It is okay for the price.,2024-08-31
REV_001026,ORD_013743,4,Good product and fast delivery.,2023-11-04
REV_001027,ORD_027273,4,Works well and arrived on time.,2024-06-21
REV_001028,ORD_016160,4,Works well and arrived on time.,2024-04-08
REV_001029,ORD_020945,3,"Nothing special, but acceptable.",2023-04-13
REV_001030,ORD_028687,4,Good product and fast delivery.,2024-04-16
REV_001031,ORD_000355,3,Average product. It works as expected.,2024-03-01
REV_001032,ORD_011935,3,It is okay for the price.,2023-12-21
REV_001033,ORD_016369,3,It is okay for the price.,2024-07-12
REV_001034,ORD_010895,3,"Nothing special, but acceptable.",2024-11-23
REV_001035,ORD_013041,3,Average product. It works as expected.,2023-08-21
REV_001036,ORD_014188,4,Happy with the purchase and quality.,2024-04-19
REV_001037,ORD_006074,4,Good product and fast delivery.,2025-03-17
REV_001038,ORD_022796,2,Quality is below expectations.,2024-12-28
REV_001039,ORD_009444,4,Good product and fast delivery.,2023-01-21
REV_001040,ORD_028015,3,It is okay for the price.,2025-06-01
REV_001041,ORD_011906,4,Works well and arrived on time.,2024-03-23
REV_001042,ORD_022614,2,Not very happy with the purchase.,2024-12-28
REV_001043,ORD_003148,3,It is okay for the price.,2023-12-25
REV_001044,ORD_014637,3,"Nothing special, but acceptable.",2024-07-26
REV_001045,ORD_020661,3,It is okay for the price.,2024-01-10
REV_001046,ORD_010959,5,Perfect purchase. Very satisfied.,2023-09-29
REV_001047,ORD_014496,4,Good product and fast delivery.,2024-07-16
REV_001048,ORD_008685,4,Works well and arrived on time.,2023-07-01
REV_001049,ORD_028880,3,Average product. It works as expected.,2024-05-26
REV_001050,ORD_003226,4,Happy with the purchase and quality.,2023-11-27
REV_001051,ORD_028158,2,Quality is below expectations.,2024-01-14
REV_001052,ORD_016389,4,Happy with the purchase and quality.,2023-08-27
REV_001053,ORD_014112,3,"Nothing special, but acceptable.",2023-07-09
REV_001054,ORD_008332,2,Quality is below expectations.,2023-04-21
REV_001055,ORD_003509,3,It is okay for the price.,2023-06-30
REV_001056,ORD_016286,3,It is okay for the price.,2025-05-25
REV_001057,ORD_011797,4,Happy with the purchase and quality.,2023-12-25
REV_001058,ORD_001458,3,"Nothing special, but acceptable.",2023-02-21
REV_001059,ORD_012251,4,Works well and arrived on time.,2023-03-31
REV_001060,ORD_020468,4,Works well and arrived on time.,2024-02-03
REV_001061,ORD_002999,3,"Nothing special, but acceptable.",2024-04-26
REV_001062,ORD_021400,3,"Nothing special, but acceptable.",2023-07-02
REV_001063,ORD_010160,4,Works well and arrived on time.,2024-07-28
REV_001064,ORD_011371,4,Happy with the purchase and quality.,2023-02-18
REV_001065,ORD_004307,3,Average product. It works as expected.,2025-04-09
REV_001066,ORD_009986,4,Works well and arrived on time.,2025-05-21
REV_001067,ORD_016235,3,"Nothing special, but acceptable.",2025-02-23
REV_001068,ORD_005874,3,"Nothing special, but acceptable.",2023-11-07
REV_001069,ORD_013027,3,"Nothing special, but acceptable.",2024-10-28
REV_001070,ORD_024702,3,"Nothing special, but acceptable.",2024-12-04
REV_001071,ORD_005804,4,Works well and arrived on time.,2025-01-04
REV_001072,ORD_017265,2,The product is okay but delivery was late.,2024-01-27
REV_001073,ORD_003914,4,Works well and arrived on time.,2023-05-26
REV_001074,ORD_005021,4,Happy with the purchase and quality.,2024-07-23
REV_001075,ORD_008181,4,Good product and fast delivery.,2025-04-30
REV_001076,ORD_020581,5,Perfect purchase. Very satisfied.,2024-07-29
REV_001077,ORD_011669,4,Happy with the purchase and quality.,2025-02-02
REV_001078,ORD_010918,4,Works well and arrived on time.,2023-03-12
REV_001079,ORD_018347,2,The product is okay but delivery was late.,2024-01-13
REV_001080,ORD_000827,4,Good product and fast delivery.,2024-06-21
REV_001081,ORD_007547,5,Amazing quality and very fast delivery.,2025-04-14
REV_001082,ORD_005709,4,Good product and fast delivery.,2023-02-02
REV_001083,ORD_014186,4,Good product and fast delivery.,2024-02-04
REV_001084,ORD_010741,4,Happy with the purchase and quality.,2025-06-30
REV_001085,ORD_023709,5,Perfect purchase. Very satisfied.,2025-01-10
REV_001086,ORD_018265,3,Average product. It works as expected.,2023-10-16
REV_001087,ORD_025636,4,Happy with the purchase and quality.,2023-03-18
REV_001088,ORD_021958,4,Happy with the purchase and quality.,2024-09-13
REV_001089,ORD_002914,3,"Nothing special, but acceptable.",2025-04-11
REV_001090,ORD_015737,4,Happy with the purchase and quality.,2023-11-07
REV_001091,ORD_002945,4,Works well and arrived on time.,2023-10-29
REV_001092,ORD_019769,3,"Nothing special, but acceptable.",2023-03-26
REV_001093,ORD_004767,2,Quality is below expectations.,2024-02-12
REV_001094,ORD_029438,4,Happy with the purchase and quality.,2025-06-09
REV_001095,ORD_010105,3,"Nothing special, but acceptable.",2025-04-02
REV_001096,ORD_011435,3,Average product. It works as expected.,2025-04-08
REV_001097,ORD_022503,2,The product is okay but delivery was late.,2024-10-15
REV_001098,ORD_003694,4,Happy with the purchase and quality.,2023-05-01
REV_001099,ORD_008606,3,It is okay for the price.,2024-07-14
REV_001100,ORD_020452,2,Quality is below expectations.,2023-06-29
REV_001101,ORD_001544,4,Works well and arrived on time.,2024-03-26
REV_001102,ORD_011667,4,Happy with the purchase and quality.,2025-06-21
REV_001103,ORD_005476,2,The product is okay but delivery was late.,2023-09-17
REV_001104,ORD_009062,2,The product is okay but delivery was late.,2024-08-25
REV_001105,ORD_011762,2,Not very happy with the purchase.,2024-02-07
REV_001106,ORD_019638,4,Works well and arrived on time.,2023-06-18
REV_001107,ORD_019342,4,Good product and fast delivery.,2024-12-19
REV_001108,ORD_008563,1,Very disappointing product and poor quality.,2024-06-02
REV_001109,ORD_018113,3,Average product. It works as expected.,2024-09-06
REV_001110,ORD_013637,3,It is okay for the price.,2024-12-26
REV_001111,ORD_021426,5,Amazing quality and very fast delivery.,2023-11-06
REV_001112,ORD_025031,3,Average product. It works as expected.,2024-07-01
REV_001113,ORD_014752,3,Average product. It works as expected.,2024-02-23
REV_001114,ORD_005457,4,Works well and arrived on time.,2023-08-15
REV_001115,ORD_028538,2,Quality is below expectations.,2023-07-07
REV_001116,ORD_010862,2,Not very happy with the purchase.,2024-01-31
REV_001117,ORD_008792,4,Good product and fast delivery.,2024-01-11
REV_001118,ORD_006051,4,Happy with the purchase and quality.,2023-08-13
REV_001119,ORD_009208,3,It is okay for the price.,2024-09-17
REV_001120,ORD_029671,4,Happy with the purchase and quality.,2024-03-12
REV_001121,ORD_007524,3,"Nothing special, but acceptable.",2023-04-01
REV_001122,ORD_011032,3,Average product. It works as expected.,2024-04-25
REV_001123,ORD_020376,5,Excellent product. I highly recommend it.,2023-08-18
REV_001124,ORD_017617,3,"Nothing special, but acceptable.",2023-11-09
REV_001125,ORD_026698,4,Good product and fast delivery.,2024-06-25
REV_001126,ORD_008618,5,Perfect purchase. Very satisfied.,2023-12-09
REV_001127,ORD_010841,4,Works well and arrived on time.,2023-04-17
REV_001128,ORD_010982,3,It is okay for the price.,2023-04-13
REV_001129,ORD_021033,5,Perfect purchase. Very satisfied.,2023-11-07
REV_001130,ORD_009310,3,"Nothing special, but acceptable.",2023-03-23
REV_001131,ORD_011149,3,It is okay for the price.,2024-01-23
REV_001132,ORD_003790,3,"Nothing special, but acceptable.",2024-01-26
REV_001133,ORD_013472,3,"Nothing special, but acceptable.",2024-07-30
REV_001134,ORD_005978,2,Quality is below expectations.,2025-04-07
REV_001135,ORD_011631,3,Average product. It works as expected.,2023-04-28
REV_001136,ORD_019798,5,Excellent product. I highly recommend it.,2023-05-10
REV_001137,ORD_004674,4,Works well and arrived on time.,2025-06-29
REV_001138,ORD_011649,2,The product is okay but delivery was late.,2025-03-02
REV_001139,ORD_006325,4,Works well and arrived on time.,2023-02-12
REV_001140,ORD_019757,4,Works well and arrived on time.,2024-12-29
REV_001141,ORD_006672,2,Not very happy with the purchase.,2024-10-01
REV_001142,ORD_024163,3,It is okay for the price.,2025-03-19
REV_001143,ORD_025072,1,Terrible experience. The product stopped working.,2024-11-22
REV_001144,ORD_028204,3,Average product. It works as expected.,2023-03-31
REV_001145,ORD_013740,2,Quality is below expectations.,2025-02-19
REV_001146,ORD_028589,3,"Nothing special, but acceptable.",2023-03-24
REV_001147,ORD_014947,5,Excellent product. I highly recommend it.,2025-02-11
REV_001148,ORD_010896,4,Happy with the purchase and quality.,2024-11-12
REV_001149,ORD_004248,4,Good product and fast delivery.,2025-06-01
REV_001150,ORD_022526,4,Works well and arrived on time.,2025-04-02
REV_001151,ORD_003632,5,Amazing quality and very fast delivery.,2023-05-24
REV_001152,ORD_007310,4,Happy with the purchase and quality.,2023-02-24
REV_001153,ORD_027441,2,Quality is below expectations.,2023-07-16
REV_001154,ORD_011766,3,Average product. It works as expected.,2025-06-03
REV_001155,ORD_012728,2,Quality is below expectations.,2024-03-25
REV_001156,ORD_009117,4,Works well and arrived on time.,2024-03-06
REV_001157,ORD_018950,4,Happy with the purchase and quality.,2023-11-18
REV_001158,ORD_020930,3,Average product. It works as expected.,2023-11-07
REV_001159,ORD_018392,5,Perfect purchase. Very satisfied.,2024-10-15
REV_001160,ORD_001946,4,Happy with the purchase and quality.,2024-07-13
REV_001161,ORD_029002,5,Perfect purchase. Very satisfied.,2025-04-20
REV_001162,ORD_021313,3,It is okay for the price.,2023-03-12
REV_001163,ORD_019236,3,Average product. It works as expected.,2023-03-24
REV_001164,ORD_025768,2,Not very happy with the purchase.,2024-08-13
REV_001165,ORD_020592,3,"Nothing special, but acceptable.",2023-08-19
REV_001166,ORD_019623,3,Average product. It works as expected.,2023-02-13
REV_001167,ORD_014172,4,Good product and fast delivery.,2023-06-08
REV_001168,ORD_001480,3,Average product. It works as expected.,2024-05-06
REV_001169,ORD_008219,3,It is okay for the price.,2024-09-20
REV_001170,ORD_026449,3,"Nothing special, but acceptable.",2024-03-13
REV_001171,ORD_008139,3,"Nothing special, but acceptable.",2024-03-10
REV_001172,ORD_012855,4,Works well and arrived on time.,2023-07-17
REV_001173,ORD_018587,1,Item arrived damaged and I want a refund.,2025-02-05
REV_001174,ORD_002737,4,Happy with the purchase and quality.,2024-12-30
REV_001175,ORD_022919,3,"Nothing special, but acceptable.",2025-01-02
REV_001176,ORD_028005,3,Average product. It works as expected.,2024-04-02
REV_001177,ORD_027667,3,Average product. It works as expected.,2025-03-16
REV_001178,ORD_021099,4,Good product and fast delivery.,2023-09-30
REV_001179,ORD_029561,4,Happy with the purchase and quality.,2024-11-27
REV_001180,ORD_028250,3,"Nothing special, but acceptable.",2023-03-23
REV_001181,ORD_018264,5,Excellent product. I highly recommend it.,2023-03-25
REV_001182,ORD_017399,5,Excellent product. I highly recommend it.,2025-06-25
REV_001183,ORD_007157,3,It is okay for the price.,2024-12-11
REV_001184,ORD_023350,5,Perfect purchase. Very satisfied.,2024-11-21
REV_001185,ORD_005274,2,Quality is below expectations.,2023-04-11
REV_001186,ORD_003160,2,The product is okay but delivery was late.,2024-10-17
REV_001187,ORD_027360,4,Works well and arrived on time.,2023-11-07
REV_001188,ORD_022805,5,Excellent product. I highly recommend it.,2024-04-27
REV_001189,ORD_000043,2,Quality is below expectations.,2025-06-21
REV_001190,ORD_021822,4,Happy with the purchase and quality.,2025-03-25
REV_001191,ORD_025514,5,Excellent product. I highly recommend it.,2023-02-26
REV_001192,ORD_024993,3,"Nothing special, but acceptable.",2024-10-23
REV_001193,ORD_015470,2,Quality is below expectations.,2023-12-28
REV_001194,ORD_000284,3,Average product. It works as expected.,2024-09-29
REV_001195,ORD_018200,3,It is okay for the price.,2024-11-30
REV_001196,ORD_006334,1,Very disappointing product and poor quality.,2023-11-24
REV_001197,ORD_003622,4,Good product and fast delivery.,2023-11-13
REV_001198,ORD_016573,3,It is okay for the price.,2023-06-14
REV_001199,ORD_026427,3,Average product. It works as expected.,2023-02-16
REV_001200,ORD_028140,4,Works well and arrived on time.,2023-04-09
REV_001201,ORD_005110,3,"Nothing special, but acceptable.",2025-05-07
REV_001202,ORD_005579,4,Works well and arrived on time.,2023-03-07
REV_001203,ORD_008189,4,Good product and fast delivery.,2024-12-14
REV_001204,ORD_020794,2,The product is okay but delivery was late.,2024-06-28
REV_001205,ORD_011172,4,Good product and fast delivery.,2025-03-02
REV_001206,ORD_027406,4,Happy with the purchase and quality.,2024-02-04
REV_001207,ORD_006854,3,"Nothing special, but acceptable.",2023-01-12
REV_001208,ORD_027565,5,Excellent product. I highly recommend it.,2023-09-29
REV_001209,ORD_013465,4,Good product and fast delivery.,2024-06-22
REV_001210,ORD_018012,4,Good product and fast delivery.,2024-10-18
REV_001211,ORD_017406,3,Average product. It works as expected.,2025-03-28
REV_001212,ORD_018172,2,Not very happy with the purchase.,2023-10-31
REV_001213,ORD_008661,4,Works well and arrived on time.,2023-12-06
REV_001214,ORD_001526,4,Good product and fast delivery.,2025-03-23
REV_001215,ORD_014475,2,Quality is below expectations.,2024-08-12
REV_001216,ORD_028754,4,Good product and fast delivery.,2023-12-21
REV_001217,ORD_003267,4,Good product and fast delivery.,2024-12-20
REV_001218,ORD_017048,3,It is okay for the price.,2024-10-08
REV_001219,ORD_009713,3,It is okay for the price.,2023-03-09
REV_001220,ORD_003493,3,It is okay for the price.,2024-11-28
REV_001221,ORD_023301,3,Average product. It works as expected.,2023-08-29
REV_001222,ORD_017782,3,Average product. It works as expected.,2023-01-24
REV_001223,ORD_018838,3,It is okay for the price.,2023-11-15
REV_001224,ORD_009175,3,Average product. It works as expected.,2023-05-05
REV_001225,ORD_006518,3,Average product. It works as expected.,2024-05-13
REV_001226,ORD_023542,4,Works well and arrived on time.,2023-02-11
REV_001227,ORD_010781,3,It is okay for the price.,2023-02-19
REV_001228,ORD_003951,3,Average product. It works as expected.,2025-06-21
REV_001229,ORD_011646,2,Quality is below expectations.,2024-10-24
REV_001230,ORD_013208,4,Good product and fast delivery.,2023-05-15
REV_001231,ORD_000511,4,Works well and arrived on time.,2024-08-21
REV_001232,ORD_013939,4,Works well and arrived on time.,2024-08-16
REV_001233,ORD_029366,3,"Nothing special, but acceptable.",2024-06-30
REV_001234,ORD_028563,4,Works well and arrived on time.,2023-06-18
REV_001235,ORD_019066,3,It is okay for the price.,2025-04-11
REV_001236,ORD_025190,4,Good product and fast delivery.,2025-04-11
REV_001237,ORD_021264,3,It is okay for the price.,2024-04-05
REV_001238,ORD_011983,4,Works well and arrived on time.,2024-06-17
REV_001239,ORD_013893,4,Good product and fast delivery.,2025-05-26
REV_001240,ORD_009035,3,"Nothing special, but acceptable.",2023-02-10
REV_001241,ORD_020967,3,"Nothing special, but acceptable.",2023-08-13
REV_001242,ORD_013839,2,Not very happy with the purchase.,2025-01-19
REV_001243,ORD_013457,5,Perfect purchase. Very satisfied.,2023-07-28
REV_001244,ORD_006009,4,Happy with the purchase and quality.,2023-10-03
REV_001245,ORD_008503,3,It is okay for the price.,2023-04-28
REV_001246,ORD_028794,3,Average product. It works as expected.,2023-08-28
REV_001247,ORD_010660,2,Not very happy with the purchase.,2023-08-06
REV_001248,ORD_007729,4,Works well and arrived on time.,2025-06-12
REV_001249,ORD_021304,4,Good product and fast delivery.,2025-02-02
REV_001250,ORD_020507,3,It is okay for the price.,2023-05-27
REV_001251,ORD_025503,4,Works well and arrived on time.,2025-02-14
REV_001252,ORD_027860,4,Good product and fast delivery.,2023-06-28
REV_001253,ORD_004420,4,Good product and fast delivery.,2023-12-27
REV_001254,ORD_014985,5,Amazing quality and very fast delivery.,2024-09-08
REV_001255,ORD_017694,3,Average product. It works as expected.,2023-07-11
REV_001256,ORD_015194,2,The product is okay but delivery was late.,2025-06-02
REV_001257,ORD_007402,4,Works well and arrived on time.,2023-08-29
REV_001258,ORD_010496,3,Average product. It works as expected.,2023-10-08
REV_001259,ORD_028768,3,Average product. It works as expected.,2025-03-18
REV_001260,ORD_016963,4,Happy with the purchase and quality.,2023-04-16
REV_001261,ORD_010974,2,The product is okay but delivery was late.,2025-01-16
REV_001262,ORD_007223,2,Quality is below expectations.,2024-12-17
REV_001263,ORD_010623,4,Good product and fast delivery.,2024-12-27
REV_001264,ORD_011994,3,"Nothing special, but acceptable.",2023-05-11
REV_001265,ORD_020876,5,Perfect purchase. Very satisfied.,2023-08-26
REV_001266,ORD_026105,4,Happy with the purchase and quality.,2024-01-01
REV_001267,ORD_012420,4,Good product and fast delivery.,2024-09-16
REV_001268,ORD_003157,2,Quality is below expectations.,2024-08-11
REV_001269,ORD_027758,5,Amazing quality and very fast delivery.,2023-02-14
REV_001270,ORD_026224,1,Terrible experience. The product stopped working.,2023-02-25
REV_001271,ORD_021825,3,"Nothing special, but acceptable.",2025-02-21
REV_001272,ORD_029887,2,Not very happy with the purchase.,2023-08-10
REV_001273,ORD_018028,3,Average product. It works as expected.,2024-06-04
REV_001274,ORD_021007,3,It is okay for the price.,2023-04-20
REV_001275,ORD_007909,3,"Nothing special, but acceptable.",2023-01-09
REV_001276,ORD_003885,2,The product is okay but delivery was late.,2023-10-14
REV_001277,ORD_021794,3,Average product. It works as expected.,2025-04-26
REV_001278,ORD_015966,3,It is okay for the price.,2023-08-21
REV_001279,ORD_018190,4,Works well and arrived on time.,2024-02-04
REV_001280,ORD_027700,4,Works well and arrived on time.,2024-06-08
REV_001281,ORD_010490,3,It is okay for the price.,2023-12-10
REV_001282,ORD_016187,3,Average product. It works as expected.,2023-03-23
REV_001283,ORD_017759,5,Perfect purchase. Very satisfied.,2023-10-06
REV_001284,ORD_012870,2,Quality is below expectations.,2023-06-24
REV_001285,ORD_012948,4,Happy with the purchase and quality.,2025-03-14
REV_001286,ORD_024043,3,Average product. It works as expected.,2023-07-29
REV_001287,ORD_025578,4,Works well and arrived on time.,2024-11-07
REV_001288,ORD_019309,5,Excellent product. I highly recommend it.,2024-12-08
REV_001289,ORD_026399,3,"Nothing special, but acceptable.",2024-08-11
REV_001290,ORD_004196,4,Happy with the purchase and quality.,2024-12-07
REV_001291,ORD_005069,3,It is okay for the price.,2024-10-10
REV_001292,ORD_000931,4,Works well and arrived on time.,2023-11-04
REV_001293,ORD_026022,3,"Nothing special, but acceptable.",2024-03-28
REV_001294,ORD_006792,4,Good product and fast delivery.,2023-07-09
REV_001295,ORD_029209,3,Average product. It works as expected.,2023-08-13
REV_001296,ORD_019995,3,It is okay for the price.,2025-05-31
REV_001297,ORD_007215,3,It is okay for the price.,2024-10-03
REV_001298,ORD_002290,4,Works well and arrived on time.,2024-04-02
REV_001299,ORD_019219,5,Excellent product. I highly recommend it.,2024-02-09
REV_001300,ORD_008549,4,Works well and arrived on time.,2024-08-03
REV_001301,ORD_007510,4,Happy with the purchase and quality.,2024-01-12
REV_001302,ORD_004686,3,"Nothing special, but acceptable.",2023-10-14
REV_001303,ORD_024925,2,The product is okay but delivery was late.,2025-07-11
REV_001304,ORD_018615,1,Very disappointing product and poor quality.,2024-05-21
REV_001305,ORD_019884,1,Very disappointing product and poor quality.,2023-04-10
REV_001306,ORD_011676,3,"Nothing special, but acceptable.",2025-05-12
REV_001307,ORD_026891,3,"Nothing special, but acceptable.",2023-07-17
REV_001308,ORD_013336,4,Good product and fast delivery.,2024-06-13
REV_001309,ORD_001265,4,Good product and fast delivery.,2023-01-22
REV_001310,ORD_001535,3,It is okay for the price.,2025-06-05
REV_001311,ORD_006024,3,"Nothing special, but acceptable.",2023-01-08
REV_001312,ORD_012196,4,Works well and arrived on time.,2023-02-14
REV_001313,ORD_008274,4,Happy with the purchase and quality.,2025-02-18
REV_001314,ORD_012863,3,It is okay for the price.,2023-05-29
REV_001315,ORD_025976,3,Average product. It works as expected.,2023-09-30
REV_001316,ORD_027807,4,Good product and fast delivery.,2023-12-05
REV_001317,ORD_014521,3,"Nothing special, but acceptable.",2025-01-13
REV_001318,ORD_024869,4,Works well and arrived on time.,2023-10-13
REV_001319,ORD_021579,4,Good product and fast delivery.,2024-01-09
REV_001320,ORD_024342,5,Perfect purchase. Very satisfied.,2023-01-22
REV_001321,ORD_018122,5,Excellent product. I highly recommend it.,2023-04-10
REV_001322,ORD_005770,4,Good product and fast delivery.,2023-09-25
REV_001323,ORD_004639,4,Works well and arrived on time.,2023-11-20
REV_001324,ORD_027924,3,Average product. It works as expected.,2025-01-11
REV_001325,ORD_016610,4,Happy with the purchase and quality.,2024-11-27
REV_001326,ORD_017904,2,Quality is below expectations.,2024-08-01
REV_001327,ORD_025058,5,Excellent product. I highly recommend it.,2023-03-25
REV_001328,ORD_025169,3,Average product. It works as expected.,2024-10-01
REV_001329,ORD_015936,2,Not very happy with the purchase.,2023-09-30
REV_001330,ORD_023884,4,Good product and fast delivery.,2025-06-21
REV_001331,ORD_014474,4,Good product and fast delivery.,2025-03-13
REV_001332,ORD_001045,4,Good product and fast delivery.,2025-05-19
REV_001333,ORD_003410,3,"Nothing special, but acceptable.",2023-11-01
REV_001334,ORD_004320,2,Not very happy with the purchase.,2024-01-13
REV_001335,ORD_000577,3,"Nothing special, but acceptable.",2023-08-20
REV_001336,ORD_023221,5,Amazing quality and very fast delivery.,2024-12-12
REV_001337,ORD_029256,3,"Nothing special, but acceptable.",2024-06-20
REV_001338,ORD_012024,3,Average product. It works as expected.,2025-04-11
REV_001339,ORD_010338,4,Good product and fast delivery.,2023-07-23
REV_001340,ORD_024187,2,Quality is below expectations.,2024-10-05
REV_001341,ORD_010777,3,"Nothing special, but acceptable.",2023-09-29
REV_001342,ORD_025920,4,Happy with the purchase and quality.,2023-12-06
REV_001343,ORD_007168,4,Works well and arrived on time.,2024-02-10
REV_001344,ORD_026772,2,Not very happy with the purchase.,2024-07-22
REV_001345,ORD_022275,4,Works well and arrived on time.,2023-02-14
REV_001346,ORD_016326,4,Works well and arrived on time.,2024-06-06
REV_001347,ORD_028660,3,It is okay for the price.,2023-04-10
REV_001348,ORD_006364,3,"Nothing special, but acceptable.",2024-07-28
REV_001349,ORD_020257,4,Works well and arrived on time.,2023-07-21
REV_001350,ORD_011120,3,Average product. It works as expected.,2023-08-16
REV_001351,ORD_008828,2,Quality is below expectations.,2025-05-16
REV_001352,ORD_006165,4,Happy with the purchase and quality.,2023-06-25
REV_001353,ORD_026431,4,Works well and arrived on time.,2023-08-22
REV_001354,ORD_005387,4,Works well and arrived on time.,2023-12-25
REV_001355,ORD_011514,3,Average product. It works as expected.,2025-06-08
REV_001356,ORD_014379,3,It is okay for the price.,2025-02-07
REV_001357,ORD_007862,2,Quality is below expectations.,2025-01-05
REV_001358,ORD_010058,2,The product is okay but delivery was late.,2024-08-04
REV_001359,ORD_013170,4,Happy with the purchase and quality.,2023-06-30
REV_001360,ORD_024346,4,Happy with the purchase and quality.,2023-09-06
REV_001361,ORD_017642,4,Good product and fast delivery.,2023-10-28
REV_001362,ORD_026089,3,Average product. It works as expected.,2023-06-08
REV_001363,ORD_026809,5,Excellent product. I highly recommend it.,2024-11-19
REV_001364,ORD_013777,3,It is okay for the price.,2024-11-07
REV_001365,ORD_021011,3,It is okay for the price.,2023-12-05
REV_001366,ORD_019237,1,Item arrived damaged and I want a refund.,2024-03-14
REV_001367,ORD_021530,3,"Nothing special, but acceptable.",2025-01-11
REV_001368,ORD_024659,2,The product is okay but delivery was late.,2023-04-14
REV_001369,ORD_009789,5,Amazing quality and very fast delivery.,2023-11-07
REV_001370,ORD_011767,3,Average product. It works as expected.,2025-03-01
REV_001371,ORD_004423,5,Perfect purchase. Very satisfied.,2023-09-07
REV_001372,ORD_029049,2,Quality is below expectations.,2023-05-04
REV_001373,ORD_001519,3,Average product. It works as expected.,2023-01-06
REV_001374,ORD_017931,3,Average product. It works as expected.,2023-01-20
REV_001375,ORD_010575,1,Very disappointing product and poor quality.,2025-03-06
REV_001376,ORD_010662,5,Excellent product. I highly recommend it.,2023-04-13
REV_001377,ORD_007566,4,Good product and fast delivery.,2024-09-17
REV_001378,ORD_000529,4,Happy with the purchase and quality.,2023-05-29
REV_001379,ORD_019946,4,Good product and fast delivery.,2023-03-27
REV_001380,ORD_009033,3,"Nothing special, but acceptable.",2023-03-02
REV_001381,ORD_027975,2,The product is okay but delivery was late.,2023-04-10
REV_001382,ORD_007203,3,Average product. It works as expected.,2023-07-05
REV_001383,ORD_012591,3,"Nothing special, but acceptable.",2023-07-14
REV_001384,ORD_021161,3,"Nothing special, but acceptable.",2023-09-21
REV_001385,ORD_008184,4,Works well and arrived on time.,2025-06-11
REV_001386,ORD_004080,3,It is okay for the price.,2025-01-03
REV_001387,ORD_028752,5,Excellent product. I highly recommend it.,2023-06-24
REV_001388,ORD_022199,2,Quality is below expectations.,2023-02-02
REV_001389,ORD_022183,4,Happy with the purchase and quality.,2023-07-24
REV_001390,ORD_021937,3,Average product. It works as expected.,2025-06-22
REV_001391,ORD_010668,3,"Nothing special, but acceptable.",2023-01-18
REV_001392,ORD_001035,5,Excellent product. I highly recommend it.,2023-11-01
REV_001393,ORD_000938,3,"Nothing special, but acceptable.",2023-09-04
REV_001394,ORD_010545,3,Average product. It works as expected.,2023-09-18
REV_001395,ORD_023755,3,Average product. It works as expected.,2023-03-30
REV_001396,ORD_012622,3,It is okay for the price.,2024-11-22
REV_001397,ORD_001538,3,It is okay for the price.,2024-12-19
REV_001398,ORD_001694,3,Average product. It works as expected.,2023-07-10
REV_001399,ORD_024749,2,The product is okay but delivery was late.,2023-04-01
REV_001400,ORD_029544,3,"Nothing special, but acceptable.",2023-07-21
REV_001401,ORD_019849,4,Works well and arrived on time.,2024-10-06
REV_001402,ORD_017011,4,Works well and arrived on time.,2023-01-26
REV_001403,ORD_027486,4,Good product and fast delivery.,2023-06-06
REV_001404,ORD_024546,3,It is okay for the price.,2024-06-30
REV_001405,ORD_005469,3,"Nothing special, but acceptable.",2025-05-15
REV_001406,ORD_022666,3,It is okay for the price.,2024-02-10
REV_001407,ORD_021670,4,Works well and arrived on time.,2024-01-28
REV_001408,ORD_000460,4,Works well and arrived on time.,2023-07-21
REV_001409,ORD_020314,3,"Nothing special, but acceptable.",2023-09-15
REV_001410,ORD_009245,3,"Nothing special, but acceptable.",2024-04-24
REV_001411,ORD_028282,4,Works well and arrived on time.,2023-03-04
REV_001412,ORD_023672,4,Happy with the purchase and quality.,2023-09-22
REV_001413,ORD_020162,3,Average product. It works as expected.,2024-11-11
REV_001414,ORD_026080,3,Average product. It works as expected.,2025-04-12
REV_001415,ORD_010650,4,Happy with the purchase and quality.,2023-07-28
REV_001416,ORD_020385,4,Works well and arrived on time.,2025-05-22
REV_001417,ORD_010985,2,The product is okay but delivery was late.,2023-09-13
REV_001418,ORD_001580,4,Good product and fast delivery.,2024-09-18
REV_001419,ORD_019675,3,It is okay for the price.,2024-02-05
REV_001420,ORD_016818,3,It is okay for the price.,2023-12-24
REV_001421,ORD_021924,3,"Nothing special, but acceptable.",2023-09-30
REV_001422,ORD_009898,2,The product is okay but delivery was late.,2024-07-10
REV_001423,ORD_003826,3,"Nothing special, but acceptable.",2023-08-05
REV_001424,ORD_029094,4,Works well and arrived on time.,2025-05-30
REV_001425,ORD_015346,2,Not very happy with the purchase.,2023-05-07
REV_001426,ORD_022266,4,Happy with the purchase and quality.,2025-06-26
REV_001427,ORD_000702,3,"Nothing special, but acceptable.",2023-08-29
REV_001428,ORD_005147,4,Happy with the purchase and quality.,2024-11-21
REV_001429,ORD_004345,2,The product is okay but delivery was late.,2024-12-29
REV_001430,ORD_022246,4,Works well and arrived on time.,2023-10-08
REV_001431,ORD_014059,4,Good product and fast delivery.,2024-09-21
REV_001432,ORD_005545,5,Excellent product. I highly recommend it.,2023-11-18
REV_001433,ORD_014032,4,Good product and fast delivery.,2024-12-14
REV_001434,ORD_024580,4,Happy with the purchase and quality.,2025-03-06
REV_001435,ORD_013410,3,Average product. It works as expected.,2024-02-20
REV_001436,ORD_026870,5,Amazing quality and very fast delivery.,2023-02-18
REV_001437,ORD_026155,3,It is okay for the price.,2024-04-17
REV_001438,ORD_004186,3,Average product. It works as expected.,2023-03-07
REV_001439,ORD_004617,2,Quality is below expectations.,2025-03-06
REV_001440,ORD_003944,2,The product is okay but delivery was late.,2024-07-06
REV_001441,ORD_008301,3,Average product. It works as expected.,2025-06-08
REV_001442,ORD_019688,3,Average product. It works as expected.,2024-08-13
REV_001443,ORD_006372,3,"Nothing special, but acceptable.",2024-09-30
REV_001444,ORD_024202,1,Terrible experience. The product stopped working.,2024-11-27
REV_001445,ORD_003154,4,Happy with the purchase and quality.,2025-02-05
REV_001446,ORD_015097,2,Quality is below expectations.,2023-05-08
REV_001447,ORD_020413,2,Not very happy with the purchase.,2025-01-12
REV_001448,ORD_016284,3,It is okay for the price.,2023-12-23
REV_001449,ORD_009616,4,Works well and arrived on time.,2024-09-21
REV_001450,ORD_027414,3,"Nothing special, but acceptable.",2024-09-28
REV_001451,ORD_023098,3,It is okay for the price.,2023-12-22
REV_001452,ORD_014678,1,Terrible experience. The product stopped working.,2023-12-17
REV_001453,ORD_006865,4,Works well and arrived on time.,2023-08-21
REV_001454,ORD_023690,2,The product is okay but delivery was late.,2023-09-24
REV_001455,ORD_007568,4,Good product and fast delivery.,2025-03-20
REV_001456,ORD_026929,4,Works well and arrived on time.,2024-08-11
REV_001457,ORD_010988,3,Average product. It works as expected.,2024-04-23
REV_001458,ORD_008112,3,Average product. It works as expected.,2024-07-26
REV_001459,ORD_015066,4,Happy with the purchase and quality.,2024-06-22
REV_001460,ORD_029466,3,It is okay for the price.,2024-07-12
REV_001461,ORD_028253,4,Happy with the purchase and quality.,2023-05-14
REV_001462,ORD_015855,4,Good product and fast delivery.,2024-12-07
REV_001463,ORD_012321,3,Average product. It works as expected.,2023-05-03
REV_001464,ORD_026993,3,"Nothing special, but acceptable.",2025-03-14
REV_001465,ORD_008881,3,Average product. It works as expected.,2023-09-10
REV_001466,ORD_019041,4,Works well and arrived on time.,2023-05-13
REV_001467,ORD_009216,4,Good product and fast delivery.,2024-04-04
REV_001468,ORD_010986,2,The product is okay but delivery was late.,2023-12-18
REV_001469,ORD_005199,2,The product is okay but delivery was late.,2024-04-10
REV_001470,ORD_027626,4,Works well and arrived on time.,2023-03-25
REV_001471,ORD_007346,1,Very disappointing product and poor quality.,2023-03-08
REV_001472,ORD_028354,2,Quality is below expectations.,2023-09-13
REV_001473,ORD_001934,2,Not very happy with the purchase.,2024-05-04
REV_001474,ORD_017131,4,Good product and fast delivery.,2025-06-20
REV_001475,ORD_022980,4,Good product and fast delivery.,2025-02-13
REV_001476,ORD_008230,3,Average product. It works as expected.,2023-06-04
REV_001477,ORD_010316,3,It is okay for the price.,2023-10-01
REV_001478,ORD_014009,3,It is okay for the price.,2024-12-06
REV_001479,ORD_015678,5,Amazing quality and very fast delivery.,2024-07-17
REV_001480,ORD_023942,4,Happy with the purchase and quality.,2024-12-20
REV_001481,ORD_028561,3,Average product. It works as expected.,2023-08-31
REV_001482,ORD_020717,3,"Nothing special, but acceptable.",2025-05-20
REV_001483,ORD_027837,2,Quality is below expectations.,2024-08-10
REV_001484,ORD_027464,3,Average product. It works as expected.,2023-11-18
REV_001485,ORD_009470,3,Average product. It works as expected.,2023-10-07
REV_001486,ORD_007363,3,"Nothing special, but acceptable.",2024-05-04
REV_001487,ORD_019814,2,Not very happy with the purchase.,2023-02-12
REV_001488,ORD_020572,4,Good product and fast delivery.,2024-09-20
REV_001489,ORD_019362,4,Works well and arrived on time.,2024-02-24
REV_001490,ORD_017051,4,Good product and fast delivery.,2025-05-25
REV_001491,ORD_014451,2,Not very happy with the purchase.,2024-09-25
REV_001492,ORD_019233,3,It is okay for the price.,2025-03-02
REV_001493,ORD_025731,4,Good product and fast delivery.,2024-10-05
REV_001494,ORD_000523,4,Happy with the purchase and quality.,2023-04-24
REV_001495,ORD_007596,4,Good product and fast delivery.,2023-03-21
REV_001496,ORD_013652,4,Works well and arrived on time.,2025-02-04
REV_001497,ORD_028834,4,Works well and arrived on time.,2023-09-29
REV_001498,ORD_001368,5,Amazing quality and very fast delivery.,2024-06-14
REV_001499,ORD_021795,5,Excellent product. I highly recommend it.,2025-06-22
REV_001500,ORD_011893,3,It is okay for the price.,2023-12-15
REV_001501,ORD_003504,4,Happy with the purchase and quality.,2023-08-12
REV_001502,ORD_001777,2,The product is okay but delivery was late.,2023-12-10
REV_001503,ORD_014253,4,Good product and fast delivery.,2023-03-19
REV_001504,ORD_010456,4,Happy with the purchase and quality.,2023-09-08
REV_001505,ORD_005335,4,Works well and arrived on time.,2023-11-14
REV_001506,ORD_008307,5,Amazing quality and very fast delivery.,2023-01-06
REV_001507,ORD_016483,4,Works well and arrived on time.,2025-02-20
REV_001508,ORD_008819,3,Average product. It works as expected.,2023-01-25
REV_001509,ORD_026315,2,Quality is below expectations.,2025-03-17
REV_001510,ORD_005757,4,Good product and fast delivery.,2025-01-04
REV_001511,ORD_014414,5,Amazing quality and very fast delivery.,2024-04-25
REV_001512,ORD_004820,1,Very disappointing product and poor quality.,2024-03-23
REV_001513,ORD_002364,4,Happy with the purchase and quality.,2023-03-30
REV_001514,ORD_016525,3,"Nothing special, but acceptable.",2023-03-20
REV_001515,ORD_019209,4,Good product and fast delivery.,2025-03-05
REV_001516,ORD_017865,3,It is okay for the price.,2025-04-13
REV_001517,ORD_025821,3,It is okay for the price.,2023-11-27
REV_001518,ORD_021882,4,Good product and fast delivery.,2025-04-11
REV_001519,ORD_023164,3,"Nothing special, but acceptable.",2023-07-04
REV_001520,ORD_009642,4,Happy with the purchase and quality.,2023-12-29
REV_001521,ORD_013638,4,Works well and arrived on time.,2023-05-25
REV_001522,ORD_020886,3,It is okay for the price.,2024-09-16
REV_001523,ORD_010390,5,Perfect purchase. Very satisfied.,2024-12-13
REV_001524,ORD_019326,3,It is okay for the price.,2023-09-14
REV_001525,ORD_017160,4,Good product and fast delivery.,2023-02-09
REV_001526,ORD_013097,5,Excellent product. I highly recommend it.,2023-07-23
REV_001527,ORD_013088,2,The product is okay but delivery was late.,2024-10-09
REV_001528,ORD_013671,3,"Nothing special, but acceptable.",2023-03-08
REV_001529,ORD_021860,4,Happy with the purchase and quality.,2023-12-11
REV_001530,ORD_012255,1,Item arrived damaged and I want a refund.,2023-03-10
REV_001531,ORD_009762,3,It is okay for the price.,2023-08-11
REV_001532,ORD_018925,4,Good product and fast delivery.,2025-03-08
REV_001533,ORD_004918,4,Good product and fast delivery.,2024-05-03
REV_001534,ORD_008839,3,"Nothing special, but acceptable.",2023-09-30
REV_001535,ORD_024410,4,Good product and fast delivery.,2024-10-31
REV_001536,ORD_022224,3,Average product. It works as expected.,2024-10-23
REV_001537,ORD_012153,3,It is okay for the price.,2024-06-11
REV_001538,ORD_013462,3,"Nothing special, but acceptable.",2023-05-24
REV_001539,ORD_005229,3,Average product. It works as expected.,2023-06-10
REV_001540,ORD_019984,4,Good product and fast delivery.,2023-11-12
REV_001541,ORD_009439,4,Works well and arrived on time.,2023-12-28
REV_001542,ORD_012015,3,Average product. It works as expected.,2024-12-05
REV_001543,ORD_004586,2,Not very happy with the purchase.,2024-09-24
REV_001544,ORD_013327,5,Amazing quality and very fast delivery.,2024-09-27
REV_001545,ORD_000318,4,Happy with the purchase and quality.,2023-10-21
REV_001546,ORD_001355,3,It is okay for the price.,2024-06-20
REV_001547,ORD_019496,4,Works well and arrived on time.,2023-03-10
REV_001548,ORD_023196,4,Happy with the purchase and quality.,2023-01-28
REV_001549,ORD_016241,4,Good product and fast delivery.,2025-03-05
REV_001550,ORD_022502,3,Average product. It works as expected.,2024-07-28
REV_001551,ORD_013459,3,"Nothing special, but acceptable.",2024-03-08
REV_001552,ORD_010161,5,Perfect purchase. Very satisfied.,2023-05-16
REV_001553,ORD_012385,2,The product is okay but delivery was late.,2023-05-09
REV_001554,ORD_027316,3,Average product. It works as expected.,2025-03-25
REV_001555,ORD_026291,4,Good product and fast delivery.,2024-11-18
REV_001556,ORD_000265,3,Average product. It works as expected.,2023-03-24
REV_001557,ORD_022331,3,"Nothing special, but acceptable.",2023-05-13
REV_001558,ORD_022720,3,"Nothing special, but acceptable.",2024-12-10
REV_001559,ORD_001803,4,Happy with the purchase and quality.,2024-12-04
REV_001560,ORD_003483,2,The product is okay but delivery was late.,2023-09-16
REV_001561,ORD_028060,4,Works well and arrived on time.,2023-06-11
REV_001562,ORD_029602,4,Works well and arrived on time.,2024-11-12
REV_001563,ORD_005513,3,It is okay for the price.,2025-05-30
REV_001564,ORD_023707,2,The product is okay but delivery was late.,2025-04-21
REV_001565,ORD_023810,4,Good product and fast delivery.,2024-01-11
REV_001566,ORD_013917,3,Average product. It works as expected.,2023-03-04
REV_001567,ORD_013251,1,Item arrived damaged and I want a refund.,2023-07-22
REV_001568,ORD_003098,3,Average product. It works as expected.,2023-07-08
REV_001569,ORD_013234,5,Perfect purchase. Very satisfied.,2023-03-02
REV_001570,ORD_002545,2,Not very happy with the purchase.,2024-11-15
REV_001571,ORD_012121,3,Average product. It works as expected.,2023-09-27
REV_001572,ORD_026011,4,Happy with the purchase and quality.,2023-04-12
REV_001573,ORD_018486,3,It is okay for the price.,2025-03-26
REV_001574,ORD_027755,2,Not very happy with the purchase.,2024-09-13
REV_001575,ORD_010618,3,Average product. It works as expected.,2023-09-20
REV_001576,ORD_013384,3,It is okay for the price.,2025-03-28
REV_001577,ORD_020948,3,It is okay for the price.,2023-07-17
REV_001578,ORD_029460,4,Works well and arrived on time.,2023-04-21
REV_001579,ORD_025091,5,Perfect purchase. Very satisfied.,2023-09-09
REV_001580,ORD_023128,3,Average product. It works as expected.,2024-11-14
REV_001581,ORD_029245,3,It is okay for the price.,2024-03-19
REV_001582,ORD_003248,4,Good product and fast delivery.,2023-03-18
REV_001583,ORD_015990,3,It is okay for the price.,2024-04-21
REV_001584,ORD_002713,2,Not very happy with the purchase.,2024-11-13
REV_001585,ORD_015263,3,It is okay for the price.,2024-12-16
REV_001586,ORD_009304,3,"Nothing special, but acceptable.",2023-11-29
REV_001587,ORD_025017,3,Average product. It works as expected.,2025-07-04
REV_001588,ORD_005621,5,Amazing quality and very fast delivery.,2023-10-14
REV_001589,ORD_006653,1,Terrible experience. The product stopped working.,2023-10-17
REV_001590,ORD_017222,5,Amazing quality and very fast delivery.,2024-11-19
REV_001591,ORD_010939,2,Quality is below expectations.,2023-03-05
REV_001592,ORD_009521,2,Quality is below expectations.,2024-08-09
REV_001593,ORD_005418,3,"Nothing special, but acceptable.",2023-07-30
REV_001594,ORD_028629,4,Happy with the purchase and quality.,2023-07-04
REV_001595,ORD_000540,4,Happy with the purchase and quality.,2025-03-10
REV_001596,ORD_007286,3,Average product. It works as expected.,2024-09-14
REV_001597,ORD_010385,3,It is okay for the price.,2024-12-23
REV_001598,ORD_005750,3,Average product. It works as expected.,2025-04-17
REV_001599,ORD_011474,3,"Nothing special, but acceptable.",2023-05-21
REV_001600,ORD_017420,3,Average product. It works as expected.,2025-05-27
REV_001601,ORD_023674,4,Works well and arrived on time.,2023-02-09
REV_001602,ORD_025591,4,Good product and fast delivery.,2024-03-03
REV_001603,ORD_004677,4,Good product and fast delivery.,2025-06-12
REV_001604,ORD_019703,3,It is okay for the price.,2024-12-23
REV_001605,ORD_010936,2,Quality is below expectations.,2025-05-08
REV_001606,ORD_000720,3,Average product. It works as expected.,2024-07-14
REV_001607,ORD_011012,4,Good product and fast delivery.,2023-05-20
REV_001608,ORD_010854,3,It is okay for the price.,2024-10-27
REV_001609,ORD_002918,3,It is okay for the price.,2024-02-18
REV_001610,ORD_027391,3,Average product. It works as expected.,2023-02-27
REV_001611,ORD_011750,3,It is okay for the price.,2024-11-02
REV_001612,ORD_001587,4,Good product and fast delivery.,2024-01-05
REV_001613,ORD_008065,4,Good product and fast delivery.,2024-10-19
REV_001614,ORD_013752,3,Average product. It works as expected.,2023-07-05
REV_001615,ORD_001547,4,Happy with the purchase and quality.,2023-12-19
REV_001616,ORD_026083,3,Average product. It works as expected.,2025-01-07
REV_001617,ORD_025339,3,It is okay for the price.,2024-06-29
REV_001618,ORD_010165,2,Not very happy with the purchase.,2023-04-06
REV_001619,ORD_017804,4,Good product and fast delivery.,2023-04-22
REV_001620,ORD_024584,3,"Nothing special, but acceptable.",2024-10-15
REV_001621,ORD_014533,3,It is okay for the price.,2025-02-06
REV_001622,ORD_006870,5,Excellent product. I highly recommend it.,2023-12-20
REV_001623,ORD_022484,4,Works well and arrived on time.,2023-12-15
REV_001624,ORD_000685,5,Perfect purchase. Very satisfied.,2023-09-06
REV_001625,ORD_023270,4,Happy with the purchase and quality.,2024-07-02
REV_001626,ORD_016565,3,It is okay for the price.,2024-06-22
REV_001627,ORD_012652,2,The product is okay but delivery was late.,2024-12-10
REV_001628,ORD_023317,3,Average product. It works as expected.,2024-10-23
REV_001629,ORD_029658,5,Perfect purchase. Very satisfied.,2023-01-21
REV_001630,ORD_024230,3,Average product. It works as expected.,2023-09-19
REV_001631,ORD_020263,3,"Nothing special, but acceptable.",2023-07-14
REV_001632,ORD_001016,3,It is okay for the price.,2023-12-07
REV_001633,ORD_000374,5,Excellent product. I highly recommend it.,2023-10-17
REV_001634,ORD_012206,2,Quality is below expectations.,2023-09-09
REV_001635,ORD_010452,3,"Nothing special, but acceptable.",2023-04-15
REV_001636,ORD_012909,4,Works well and arrived on time.,2023-10-30
REV_001637,ORD_002951,4,Works well and arrived on time.,2023-07-14
REV_001638,ORD_001785,3,It is okay for the price.,2023-02-01
REV_001639,ORD_015582,2,The product is okay but delivery was late.,2024-01-11
REV_001640,ORD_028930,4,Happy with the purchase and quality.,2023-10-23
REV_001641,ORD_024328,3,Average product. It works as expected.,2024-07-19
REV_001642,ORD_020358,4,Works well and arrived on time.,2023-07-17
REV_001643,ORD_013394,3,It is okay for the price.,2023-11-28
REV_001644,ORD_022930,5,Amazing quality and very fast delivery.,2023-04-14
REV_001645,ORD_021302,3,It is okay for the price.,2025-01-07
REV_001646,ORD_012493,3,"Nothing special, but acceptable.",2024-04-26
REV_001647,ORD_013071,5,Perfect purchase. Very satisfied.,2023-08-05
REV_001648,ORD_002847,3,"Nothing special, but acceptable.",2025-02-11
REV_001649,ORD_025260,4,Works well and arrived on time.,2024-12-13
REV_001650,ORD_004912,4,Happy with the purchase and quality.,2023-10-08
REV_001651,ORD_016318,4,Works well and arrived on time.,2023-01-13
REV_001652,ORD_010891,2,Not very happy with the purchase.,2025-02-18
REV_001653,ORD_022032,5,Amazing quality and very fast delivery.,2023-04-05
REV_001654,ORD_002113,4,Good product and fast delivery.,2023-11-16
REV_001655,ORD_028630,5,Perfect purchase. Very satisfied.,2023-05-27
REV_001656,ORD_011527,2,Quality is below expectations.,2023-04-01
REV_001657,ORD_001286,3,It is okay for the price.,2023-11-22
REV_001658,ORD_009487,4,Works well and arrived on time.,2023-04-03
REV_001659,ORD_026095,4,Happy with the purchase and quality.,2025-06-23
REV_001660,ORD_011219,5,Perfect purchase. Very satisfied.,2025-06-25
REV_001661,ORD_019235,4,Works well and arrived on time.,2023-08-28
REV_001662,ORD_018678,3,"Nothing special, but acceptable.",2023-02-15
REV_001663,ORD_027809,5,Amazing quality and very fast delivery.,2024-03-02
REV_001664,ORD_008279,2,Quality is below expectations.,2023-10-20
REV_001665,ORD_000229,3,Average product. It works as expected.,2024-08-04
REV_001666,ORD_013550,2,Quality is below expectations.,2024-02-03
REV_001667,ORD_025569,4,Happy with the purchase and quality.,2023-01-15
REV_001668,ORD_001414,3,"Nothing special, but acceptable.",2024-03-16
REV_001669,ORD_004013,3,Average product. It works as expected.,2023-01-17
REV_001670,ORD_027873,4,Works well and arrived on time.,2025-06-05
REV_001671,ORD_001335,4,Happy with the purchase and quality.,2024-01-20
REV_001672,ORD_019604,3,Average product. It works as expected.,2024-05-20
REV_001673,ORD_015260,4,Happy with the purchase and quality.,2025-03-20
REV_001674,ORD_008866,3,"Nothing special, but acceptable.",2025-02-14
REV_001675,ORD_029172,4,Good product and fast delivery.,2024-02-10
REV_001676,ORD_018920,3,It is okay for the price.,2024-02-19
REV_001677,ORD_006119,4,Good product and fast delivery.,2025-02-22
REV_001678,ORD_003709,3,Average product. It works as expected.,2023-03-15
REV_001679,ORD_024792,4,Happy with the purchase and quality.,2025-04-06
REV_001680,ORD_028093,2,The product is okay but delivery was late.,2025-06-09
REV_001681,ORD_020726,3,Average product. It works as expected.,2023-09-28
REV_001682,ORD_011500,2,Not very happy with the purchase.,2024-07-06
REV_001683,ORD_026579,2,The product is okay but delivery was late.,2023-08-13
REV_001684,ORD_028497,3,"Nothing special, but acceptable.",2023-10-18
REV_001685,ORD_005836,4,Good product and fast delivery.,2023-01-30
REV_001686,ORD_020978,4,Good product and fast delivery.,2025-02-25
REV_001687,ORD_022964,4,Happy with the purchase and quality.,2023-01-05
REV_001688,ORD_000989,3,It is okay for the price.,2023-06-28
REV_001689,ORD_010272,3,"Nothing special, but acceptable.",2023-07-03
REV_001690,ORD_001572,3,Average product. It works as expected.,2024-06-26
REV_001691,ORD_002906,3,It is okay for the price.,2024-07-24
REV_001692,ORD_029693,3,It is okay for the price.,2023-10-23
REV_001693,ORD_006281,4,Happy with the purchase and quality.,2024-07-14
REV_001694,ORD_011303,4,Good product and fast delivery.,2023-03-02
REV_001695,ORD_029254,2,Quality is below expectations.,2023-09-20
REV_001696,ORD_012293,3,It is okay for the price.,2024-09-16
REV_001697,ORD_006240,3,Average product. It works as expected.,2023-10-04
REV_001698,ORD_026506,1,Very disappointing product and poor quality.,2024-06-01
REV_001699,ORD_010877,3,It is okay for the price.,2023-12-23
REV_001700,ORD_024963,4,Good product and fast delivery.,2023-07-06
REV_001701,ORD_010957,3,It is okay for the price.,2023-02-10
REV_001702,ORD_010362,4,Good product and fast delivery.,2023-02-21
REV_001703,ORD_026052,1,Item arrived damaged and I want a refund.,2024-03-02
REV_001704,ORD_015669,4,Good product and fast delivery.,2023-10-18
REV_001705,ORD_002408,3,It is okay for the price.,2023-09-03
REV_001706,ORD_021332,4,Works well and arrived on time.,2024-10-01
REV_001707,ORD_027845,5,Perfect purchase. Very satisfied.,2023-05-18
REV_001708,ORD_025757,4,Works well and arrived on time.,2023-03-31
REV_001709,ORD_002823,3,Average product. It works as expected.,2024-10-03
REV_001710,ORD_018440,4,Good product and fast delivery.,2024-07-21
REV_001711,ORD_018603,3,Average product. It works as expected.,2024-08-24
REV_001712,ORD_007060,3,"Nothing special, but acceptable.",2023-04-22
REV_001713,ORD_023602,3,"Nothing special, but acceptable.",2025-02-03
REV_001714,ORD_008928,3,It is okay for the price.,2024-03-03
REV_001715,ORD_006973,2,The product is okay but delivery was late.,2024-02-09
REV_001716,ORD_027362,2,Not very happy with the purchase.,2023-06-15
REV_001717,ORD_023841,4,Happy with the purchase and quality.,2024-06-23
REV_001718,ORD_012618,5,Perfect purchase. Very satisfied.,2025-01-22
REV_001719,ORD_026843,3,It is okay for the price.,2023-06-20
REV_001720,ORD_013043,4,Good product and fast delivery.,2024-08-18
REV_001721,ORD_024582,3,"Nothing special, but acceptable.",2025-04-15
REV_001722,ORD_007395,3,Average product. It works as expected.,2024-01-26
REV_001723,ORD_022557,4,Good product and fast delivery.,2025-04-02
REV_001724,ORD_000551,3,Average product. It works as expected.,2023-07-17
REV_001725,ORD_008456,4,Happy with the purchase and quality.,2023-03-11
REV_001726,ORD_022287,3,"Nothing special, but acceptable.",2024-08-11
REV_001727,ORD_006412,4,Works well and arrived on time.,2024-06-22
REV_001728,ORD_015696,3,Average product. It works as expected.,2025-05-08
REV_001729,ORD_024882,4,Happy with the purchase and quality.,2023-12-31
REV_001730,ORD_026142,2,Not very happy with the purchase.,2023-09-01
REV_001731,ORD_011235,2,The product is okay but delivery was late.,2024-12-29
REV_001732,ORD_006063,4,Happy with the purchase and quality.,2024-03-08
REV_001733,ORD_001550,3,Average product. It works as expected.,2025-04-11
REV_001734,ORD_017434,3,It is okay for the price.,2023-01-27
REV_001735,ORD_014846,4,Good product and fast delivery.,2023-06-22
REV_001736,ORD_003957,2,Quality is below expectations.,2025-01-08
REV_001737,ORD_013621,4,Good product and fast delivery.,2024-03-06
REV_001738,ORD_002065,3,"Nothing special, but acceptable.",2024-06-24
REV_001739,ORD_011505,3,"Nothing special, but acceptable.",2023-01-21
REV_001740,ORD_008087,3,Average product. It works as expected.,2024-09-15
REV_001741,ORD_003965,5,Perfect purchase. Very satisfied.,2023-05-01
REV_001742,ORD_023044,2,Quality is below expectations.,2024-06-05
REV_001743,ORD_014015,2,Quality is below expectations.,2023-04-14
REV_001744,ORD_017674,2,Not very happy with the purchase.,2023-11-23
REV_001745,ORD_026610,3,Average product. It works as expected.,2023-10-17
REV_001746,ORD_010335,3,It is okay for the price.,2023-10-26
REV_001747,ORD_014754,5,Excellent product. I highly recommend it.,2023-09-01
REV_001748,ORD_020241,4,Happy with the purchase and quality.,2024-05-07
REV_001749,ORD_014361,2,Quality is below expectations.,2024-01-19
REV_001750,ORD_017119,3,Average product. It works as expected.,2024-12-27
REV_001751,ORD_005005,4,Works well and arrived on time.,2024-03-31
REV_001752,ORD_015883,3,It is okay for the price.,2023-08-18
REV_001753,ORD_000948,3,"Nothing special, but acceptable.",2023-09-25
REV_001754,ORD_002029,3,"Nothing special, but acceptable.",2023-01-09
REV_001755,ORD_016734,3,It is okay for the price.,2023-07-23
REV_001756,ORD_014606,2,The product is okay but delivery was late.,2023-09-03
REV_001757,ORD_014979,3,It is okay for the price.,2023-04-06
REV_001758,ORD_003271,4,Happy with the purchase and quality.,2023-02-04
REV_001759,ORD_008479,3,It is okay for the price.,2023-05-12
REV_001760,ORD_014166,3,Average product. It works as expected.,2024-03-25
REV_001761,ORD_028032,3,"Nothing special, but acceptable.",2023-06-05
REV_001762,ORD_027701,3,"Nothing special, but acceptable.",2023-07-01
REV_001763,ORD_029257,4,Works well and arrived on time.,2024-01-06
REV_001764,ORD_010340,1,Very disappointing product and poor quality.,2023-03-08
REV_001765,ORD_022602,2,Quality is below expectations.,2023-05-25
REV_001766,ORD_011378,4,Happy with the purchase and quality.,2023-08-22
REV_001767,ORD_020950,4,Works well and arrived on time.,2023-09-18
REV_001768,ORD_009653,3,"Nothing special, but acceptable.",2024-11-04
REV_001769,ORD_028952,4,Happy with the purchase and quality.,2024-03-26
REV_001770,ORD_010906,3,Average product. It works as expected.,2023-03-23
REV_001771,ORD_019388,3,Average product. It works as expected.,2024-01-01
REV_001772,ORD_000250,4,Happy with the purchase and quality.,2024-07-22
REV_001773,ORD_003689,4,Happy with the purchase and quality.,2023-11-13
REV_001774,ORD_026817,3,It is okay for the price.,2024-10-08
REV_001775,ORD_008961,5,Amazing quality and very fast delivery.,2025-05-16
REV_001776,ORD_001126,4,Happy with the purchase and quality.,2023-08-10
REV_001777,ORD_026879,1,Terrible experience. The product stopped working.,2023-11-04
REV_001778,ORD_023901,4,Happy with the purchase and quality.,2023-05-31
REV_001779,ORD_018645,4,Good product and fast delivery.,2023-03-24
REV_001780,ORD_024598,4,Works well and arrived on time.,2023-03-30
REV_001781,ORD_027008,4,Good product and fast delivery.,2024-01-09
REV_001782,ORD_022673,4,Good product and fast delivery.,2025-05-08
REV_001783,ORD_015848,4,Works well and arrived on time.,2023-02-14
REV_001784,ORD_005433,4,Happy with the purchase and quality.,2025-04-25
REV_001785,ORD_027588,4,Good product and fast delivery.,2023-05-12
REV_001786,ORD_005301,1,Very disappointing product and poor quality.,2023-04-27
REV_001787,ORD_017355,4,Happy with the purchase and quality.,2023-06-16
REV_001788,ORD_001657,2,Not very happy with the purchase.,2023-02-03
REV_001789,ORD_009797,5,Perfect purchase. Very satisfied.,2024-04-19
REV_001790,ORD_008117,3,"Nothing special, but acceptable.",2024-01-16
REV_001791,ORD_003095,4,Happy with the purchase and quality.,2024-05-18
REV_001792,ORD_027867,4,Happy with the purchase and quality.,2025-06-03
REV_001793,ORD_021059,4,Happy with the purchase and quality.,2023-08-02
REV_001794,ORD_025307,4,Happy with the purchase and quality.,2024-06-26
REV_001795,ORD_011748,4,Works well and arrived on time.,2025-05-25
REV_001796,ORD_008768,5,Perfect purchase. Very satisfied.,2023-08-20
REV_001797,ORD_017163,4,Good product and fast delivery.,2024-05-27
REV_001798,ORD_002878,2,Quality is below expectations.,2024-12-03
REV_001799,ORD_008158,3,"Nothing special, but acceptable.",2023-04-24
REV_001800,ORD_024532,5,Perfect purchase. Very satisfied.,2024-01-17
REV_001801,ORD_017094,1,Terrible experience. The product stopped working.,2023-11-19
REV_001802,ORD_005576,3,"Nothing special, but acceptable.",2023-11-14
REV_001803,ORD_009943,2,Not very happy with the purchase.,2023-06-29
REV_001804,ORD_011020,3,It is okay for the price.,2024-11-19
REV_001805,ORD_000218,2,Quality is below expectations.,2024-06-16
REV_001806,ORD_005139,4,Happy with the purchase and quality.,2023-11-11
REV_001807,ORD_015290,4,Good product and fast delivery.,2024-07-18
REV_001808,ORD_018718,3,Average product. It works as expected.,2025-03-28
REV_001809,ORD_024351,3,It is okay for the price.,2024-04-23
REV_001810,ORD_009340,3,"Nothing special, but acceptable.",2024-05-07
REV_001811,ORD_006620,4,Works well and arrived on time.,2024-08-14
REV_001812,ORD_001428,4,Happy with the purchase and quality.,2023-12-04
REV_001813,ORD_016447,5,Excellent product. I highly recommend it.,2023-07-07
REV_001814,ORD_011065,2,Not very happy with the purchase.,2024-01-07
REV_001815,ORD_004777,3,"Nothing special, but acceptable.",2025-02-14
REV_001816,ORD_011855,3,"Nothing special, but acceptable.",2024-11-06
REV_001817,ORD_022072,4,Works well and arrived on time.,2023-02-22
REV_001818,ORD_014836,3,Average product. It works as expected.,2025-04-02
REV_001819,ORD_001567,4,Happy with the purchase and quality.,2023-03-13
REV_001820,ORD_004361,2,Not very happy with the purchase.,2023-10-05
REV_001821,ORD_018569,4,Works well and arrived on time.,2025-01-27
REV_001822,ORD_003054,3,It is okay for the price.,2024-04-08
REV_001823,ORD_004440,2,Not very happy with the purchase.,2025-05-19
REV_001824,ORD_006667,3,It is okay for the price.,2023-08-02
REV_001825,ORD_018705,4,Works well and arrived on time.,2024-03-02
REV_001826,ORD_004786,2,The product is okay but delivery was late.,2024-08-19
REV_001827,ORD_012040,5,Amazing quality and very fast delivery.,2023-09-09
REV_001828,ORD_001757,3,Average product. It works as expected.,2023-03-30
REV_001829,ORD_021908,5,Perfect purchase. Very satisfied.,2023-02-10
REV_001830,ORD_005327,2,The product is okay but delivery was late.,2023-10-25
REV_001831,ORD_005889,3,"Nothing special, but acceptable.",2025-01-20
REV_001832,ORD_003371,2,Quality is below expectations.,2025-04-11
REV_001833,ORD_009034,3,Average product. It works as expected.,2023-02-18
REV_001834,ORD_005745,4,Happy with the purchase and quality.,2024-06-12
REV_001835,ORD_020237,3,"Nothing special, but acceptable.",2024-05-27
REV_001836,ORD_004135,3,"Nothing special, but acceptable.",2024-01-08
REV_001837,ORD_004648,3,It is okay for the price.,2024-08-16
REV_001838,ORD_012176,4,Happy with the purchase and quality.,2023-11-23
REV_001839,ORD_009235,4,Works well and arrived on time.,2024-10-25
REV_001840,ORD_015701,5,Excellent product. I highly recommend it.,2024-05-12
REV_001841,ORD_020027,4,Good product and fast delivery.,2023-10-12
REV_001842,ORD_026349,4,Works well and arrived on time.,2024-01-09
REV_001843,ORD_007285,4,Works well and arrived on time.,2025-06-23
REV_001844,ORD_029307,2,The product is okay but delivery was late.,2024-01-27
REV_001845,ORD_023300,2,Not very happy with the purchase.,2023-05-12
REV_001846,ORD_006642,4,Good product and fast delivery.,2024-02-03
REV_001847,ORD_020958,5,Perfect purchase. Very satisfied.,2025-05-15
REV_001848,ORD_001299,3,It is okay for the price.,2025-06-22
REV_001849,ORD_002323,3,Average product. It works as expected.,2024-10-05
REV_001850,ORD_002294,3,It is okay for the price.,2023-12-06
REV_001851,ORD_027549,4,Works well and arrived on time.,2025-01-31
REV_001852,ORD_020787,5,Perfect purchase. Very satisfied.,2024-11-14
REV_001853,ORD_001834,3,Average product. It works as expected.,2023-06-20
REV_001854,ORD_009022,5,Excellent product. I highly recommend it.,2024-08-02
REV_001855,ORD_017087,2,Not very happy with the purchase.,2024-09-03
REV_001856,ORD_018608,4,Works well and arrived on time.,2025-06-08
REV_001857,ORD_025701,4,Works well and arrived on time.,2024-11-02
REV_001858,ORD_015740,3,"Nothing special, but acceptable.",2023-01-16
REV_001859,ORD_028550,4,Works well and arrived on time.,2025-04-07
REV_001860,ORD_009520,3,Average product. It works as expected.,2024-07-18
REV_001861,ORD_013789,2,The product is okay but delivery was late.,2023-02-08
REV_001862,ORD_008405,3,It is okay for the price.,2023-11-28
REV_001863,ORD_021724,3,It is okay for the price.,2023-05-05
REV_001864,ORD_025617,3,"Nothing special, but acceptable.",2023-06-17
REV_001865,ORD_027848,3,It is okay for the price.,2024-03-28
REV_001866,ORD_019671,3,"Nothing special, but acceptable.",2023-01-17
REV_001867,ORD_005873,3,Average product. It works as expected.,2023-05-27
REV_001868,ORD_004755,3,Average product. It works as expected.,2023-07-03
REV_001869,ORD_009403,3,Average product. It works as expected.,2025-01-11
REV_001870,ORD_007490,4,Good product and fast delivery.,2025-04-30
REV_001871,ORD_022268,1,Very disappointing product and poor quality.,2024-09-08
REV_001872,ORD_024046,3,Average product. It works as expected.,2023-07-16
REV_001873,ORD_005817,3,"Nothing special, but acceptable.",2024-01-16
REV_001874,ORD_017293,3,Average product. It works as expected.,2023-10-01
REV_001875,ORD_011039,2,Quality is below expectations.,2024-05-12
REV_001876,ORD_024793,4,Happy with the purchase and quality.,2025-05-16
REV_001877,ORD_013121,3,It is okay for the price.,2023-08-05
REV_001878,ORD_002829,3,"Nothing special, but acceptable.",2024-08-09
REV_001879,ORD_023267,3,It is okay for the price.,2023-07-08
REV_001880,ORD_004479,4,Good product and fast delivery.,2025-03-19
REV_001881,ORD_012709,2,Quality is below expectations.,2023-03-28
REV_001882,ORD_027670,4,Happy with the purchase and quality.,2025-05-27
REV_001883,ORD_005453,4,Good product and fast delivery.,2023-06-09
REV_001884,ORD_005884,2,Quality is below expectations.,2024-07-22
REV_001885,ORD_004240,3,"Nothing special, but acceptable.",2025-05-27
REV_001886,ORD_014860,2,The product is okay but delivery was late.,2023-10-17
REV_001887,ORD_018245,5,Perfect purchase. Very satisfied.,2025-03-10
REV_001888,ORD_005010,2,The product is okay but delivery was late.,2024-05-08
REV_001889,ORD_021625,5,Amazing quality and very fast delivery.,2025-05-21
REV_001890,ORD_025736,3,"Nothing special, but acceptable.",2024-12-13
REV_001891,ORD_015951,4,Good product and fast delivery.,2024-09-26
REV_001892,ORD_018894,4,Happy with the purchase and quality.,2025-07-04
REV_001893,ORD_002296,2,The product is okay but delivery was late.,2024-01-14
REV_001894,ORD_026855,3,Average product. It works as expected.,2024-11-08
REV_001895,ORD_023104,3,It is okay for the price.,2025-01-11
REV_001896,ORD_015466,2,The product is okay but delivery was late.,2024-11-01
REV_001897,ORD_027567,3,Average product. It works as expected.,2023-03-23
REV_001898,ORD_012249,3,Average product. It works as expected.,2024-01-21
REV_001899,ORD_010059,2,Quality is below expectations.,2024-08-12
REV_001900,ORD_020087,5,Excellent product. I highly recommend it.,2024-09-14
REV_001901,ORD_000998,3,"Nothing special, but acceptable.",2023-05-06
REV_001902,ORD_001504,2,Quality is below expectations.,2023-05-06
REV_001903,ORD_017320,4,Works well and arrived on time.,2025-05-01
REV_001904,ORD_011420,2,Quality is below expectations.,2023-02-07
REV_001905,ORD_015121,3,Average product. It works as expected.,2024-01-26
REV_001906,ORD_029006,4,Good product and fast delivery.,2025-06-20
REV_001907,ORD_000802,3,It is okay for the price.,2025-07-04
REV_001908,ORD_008056,4,Happy with the purchase and quality.,2024-06-12
REV_001909,ORD_020202,3,Average product. It works as expected.,2024-02-17
REV_001910,ORD_029262,3,It is okay for the price.,2025-04-12
REV_001911,ORD_002041,4,Good product and fast delivery.,2024-05-25
REV_001912,ORD_018299,3,It is okay for the price.,2023-05-13
REV_001913,ORD_015944,4,Good product and fast delivery.,2023-04-22
REV_001914,ORD_013507,3,"Nothing special, but acceptable.",2024-12-28
REV_001915,ORD_012825,4,Happy with the purchase and quality.,2025-02-09
REV_001916,ORD_014436,2,Quality is below expectations.,2025-02-18
REV_001917,ORD_022837,3,It is okay for the price.,2024-03-19
REV_001918,ORD_015748,2,Not very happy with the purchase.,2023-11-16
REV_001919,ORD_009087,5,Excellent product. I highly recommend it.,2025-03-12
REV_001920,ORD_029612,3,"Nothing special, but acceptable.",2023-11-27
REV_001921,ORD_008060,3,"Nothing special, but acceptable.",2025-05-01
REV_001922,ORD_024944,3,"Nothing special, but acceptable.",2025-03-06
REV_001923,ORD_006460,3,Average product. It works as expected.,2023-06-03
REV_001924,ORD_016444,5,Perfect purchase. Very satisfied.,2023-03-27
REV_001925,ORD_010033,4,Happy with the purchase and quality.,2025-04-06
REV_001926,ORD_025292,2,Not very happy with the purchase.,2024-01-09
REV_001927,ORD_014450,3,Average product. It works as expected.,2024-11-10
REV_001928,ORD_029004,4,Works well and arrived on time.,2024-08-21
REV_001929,ORD_012666,4,Happy with the purchase and quality.,2025-06-01
REV_001930,ORD_004105,3,It is okay for the price.,2024-04-16
REV_001931,ORD_018995,2,Quality is below expectations.,2023-09-01
REV_001932,ORD_013030,4,Good product and fast delivery.,2024-07-09
REV_001933,ORD_004761,3,It is okay for the price.,2023-05-14
REV_001934,ORD_001674,4,Works well and arrived on time.,2024-06-27
REV_001935,ORD_008914,1,Very disappointing product and poor quality.,2025-06-24
REV_001936,ORD_022752,3,"Nothing special, but acceptable.",2023-09-21
REV_001937,ORD_000108,4,Good product and fast delivery.,2023-07-21
REV_001938,ORD_016464,3,It is okay for the price.,2023-10-05
REV_001939,ORD_015176,3,"Nothing special, but acceptable.",2023-10-09
REV_001940,ORD_014410,3,"Nothing special, but acceptable.",2024-02-29
REV_001941,ORD_016457,1,Very disappointing product and poor quality.,2024-09-24
REV_001942,ORD_018041,3,It is okay for the price.,2023-11-07
REV_001943,ORD_014546,3,"Nothing special, but acceptable.",2024-03-31
REV_001944,ORD_013745,4,Works well and arrived on time.,2023-11-16
REV_001945,ORD_006547,2,Quality is below expectations.,2023-11-15
REV_001946,ORD_010391,3,"Nothing special, but acceptable.",2025-04-29
REV_001947,ORD_011309,4,Happy with the purchase and quality.,2023-03-29
REV_001948,ORD_014118,4,Happy with the purchase and quality.,2023-12-12
REV_001949,ORD_021319,3,"Nothing special, but acceptable.",2023-03-29
REV_001950,ORD_025901,3,"Nothing special, but acceptable.",2025-05-21
REV_001951,ORD_008196,4,Works well and arrived on time.,2024-03-17
REV_001952,ORD_025274,3,"Nothing special, but acceptable.",2023-05-16
REV_001953,ORD_017483,4,Happy with the purchase and quality.,2023-07-10
REV_001954,ORD_012444,2,Not very happy with the purchase.,2023-03-13
REV_001955,ORD_023847,3,"Nothing special, but acceptable.",2023-11-28
REV_001956,ORD_005805,4,Good product and fast delivery.,2024-08-22
REV_001957,ORD_027889,3,It is okay for the price.,2024-02-07
REV_001958,ORD_024591,1,Item arrived damaged and I want a refund.,2024-01-05
REV_001959,ORD_012218,3,"Nothing special, but acceptable.",2024-08-03
REV_001960,ORD_005950,3,"Nothing special, but acceptable.",2025-01-12
REV_001961,ORD_019812,2,The product is okay but delivery was late.,2023-09-22
REV_001962,ORD_004450,4,Happy with the purchase and quality.,2023-02-19
REV_001963,ORD_022622,4,Works well and arrived on time.,2024-07-24
REV_001964,ORD_022860,3,It is okay for the price.,2023-12-27
REV_001965,ORD_016704,3,Average product. It works as expected.,2024-11-16
REV_001966,ORD_022420,3,It is okay for the price.,2023-01-20
REV_001967,ORD_001117,3,Average product. It works as expected.,2023-04-29
REV_001968,ORD_021930,4,Happy with the purchase and quality.,2024-06-12
REV_001969,ORD_006833,3,It is okay for the price.,2023-10-13
REV_001970,ORD_020740,3,Average product. It works as expected.,2023-11-22
REV_001971,ORD_023385,3,"Nothing special, but acceptable.",2025-06-18
REV_001972,ORD_015895,4,Works well and arrived on time.,2024-06-14
REV_001973,ORD_022133,5,Amazing quality and very fast delivery.,2024-09-07
REV_001974,ORD_006895,4,Happy with the purchase and quality.,2024-11-20
REV_001975,ORD_010798,5,Excellent product. I highly recommend it.,2023-08-17
REV_001976,ORD_007186,4,Works well and arrived on time.,2023-04-20
REV_001977,ORD_018849,4,Happy with the purchase and quality.,2024-10-30
REV_001978,ORD_003047,1,Very disappointing product and poor quality.,2023-08-30
REV_001979,ORD_013845,4,Works well and arrived on time.,2024-12-16
REV_001980,ORD_017545,3,"Nothing special, but acceptable.",2023-08-26
REV_001981,ORD_006260,2,Quality is below expectations.,2025-01-22
REV_001982,ORD_007334,3,Average product. It works as expected.,2025-04-03
REV_001983,ORD_020833,3,It is okay for the price.,2024-07-04
REV_001984,ORD_004515,2,Quality is below expectations.,2023-02-17
REV_001985,ORD_010469,3,It is okay for the price.,2023-07-26
REV_001986,ORD_018003,5,Perfect purchase. Very satisfied.,2024-04-11
REV_001987,ORD_005449,2,Quality is below expectations.,2024-01-17
REV_001988,ORD_023313,4,Happy with the purchase and quality.,2023-06-03
REV_001989,ORD_007824,4,Good product and fast delivery.,2023-06-01
REV_001990,ORD_022530,4,Happy with the purchase and quality.,2024-02-04
REV_001991,ORD_009759,3,It is okay for the price.,2024-06-05
REV_001992,ORD_016335,4,Good product and fast delivery.,2025-01-09
REV_001993,ORD_015322,2,Quality is below expectations.,2024-05-10
REV_001994,ORD_012713,3,"Nothing special, but acceptable.",2023-09-12
REV_001995,ORD_011152,3,Average product. It works as expected.,2023-03-09
REV_001996,ORD_026495,5,Amazing quality and very fast delivery.,2024-10-25
REV_001997,ORD_029377,3,It is okay for the price.,2023-10-27
REV_001998,ORD_016048,2,The product is okay but delivery was late.,2025-01-10
REV_001999,ORD_001720,4,Happy with the purchase and quality.,2023-09-18
REV_002000,ORD_010882,4,Happy with the purchase and quality.,2023-11-03
REV_002001,ORD_004487,3,It is okay for the price.,2024-05-21
REV_002002,ORD_002676,2,Not very happy with the purchase.,2023-03-02
REV_002003,ORD_013534,3,Average product. It works as expected.,2025-02-16
REV_002004,ORD_018368,3,It is okay for the price.,2024-01-04
REV_002005,ORD_017000,3,It is okay for the price.,2025-06-12
REV_002006,ORD_022084,3,Average product. It works as expected.,2024-12-30
REV_002007,ORD_015604,3,It is okay for the price.,2023-11-20
REV_002008,ORD_002550,3,"Nothing special, but acceptable.",2024-02-18
REV_002009,ORD_013606,2,Quality is below expectations.,2023-03-26
REV_002010,ORD_023299,4,Happy with the purchase and quality.,2023-09-18
REV_002011,ORD_007369,2,Quality is below expectations.,2025-02-21
REV_002012,ORD_013372,3,"Nothing special, but acceptable.",2024-06-10
REV_002013,ORD_015054,5,Perfect purchase. Very satisfied.,2024-01-17
REV_002014,ORD_012620,3,"Nothing special, but acceptable.",2024-12-03
REV_002015,ORD_027884,4,Happy with the purchase and quality.,2023-04-21
REV_002016,ORD_029796,2,Quality is below expectations.,2023-11-16
REV_002017,ORD_014319,4,Happy with the purchase and quality.,2025-01-01
REV_002018,ORD_009136,3,Average product. It works as expected.,2023-04-14
REV_002019,ORD_003634,2,The product is okay but delivery was late.,2023-05-08
REV_002020,ORD_015905,4,Good product and fast delivery.,2024-05-20
REV_002021,ORD_001006,3,Average product. It works as expected.,2023-10-29
REV_002022,ORD_022793,4,Works well and arrived on time.,2024-03-20
REV_002023,ORD_005352,4,Works well and arrived on time.,2025-03-14
REV_002024,ORD_027473,3,Average product. It works as expected.,2024-09-01
REV_002025,ORD_016514,4,Happy with the purchase and quality.,2025-02-18
REV_002026,ORD_011473,4,Works well and arrived on time.,2024-01-15
REV_002027,ORD_010255,3,"Nothing special, but acceptable.",2024-12-17
REV_002028,ORD_002295,3,It is okay for the price.,2023-12-30
REV_002029,ORD_019831,5,Perfect purchase. Very satisfied.,2024-02-13
REV_002030,ORD_010968,3,It is okay for the price.,2025-04-01
REV_002031,ORD_013062,3,Average product. It works as expected.,2024-11-21
REV_002032,ORD_001603,5,Perfect purchase. Very satisfied.,2024-04-07
REV_002033,ORD_005173,5,Excellent product. I highly recommend it.,2023-07-08
REV_002034,ORD_020598,2,Quality is below expectations.,2023-08-13
REV_002035,ORD_020772,3,Average product. It works as expected.,2023-12-12
REV_002036,ORD_005701,3,Average product. It works as expected.,2024-07-08
REV_002037,ORD_024979,4,Happy with the purchase and quality.,2023-10-31
REV_002038,ORD_028945,5,Perfect purchase. Very satisfied.,2024-12-02
REV_002039,ORD_008013,3,Average product. It works as expected.,2023-06-07
REV_002040,ORD_002089,2,The product is okay but delivery was late.,2023-11-13
REV_002041,ORD_016724,3,It is okay for the price.,2023-08-08
REV_002042,ORD_015045,3,It is okay for the price.,2024-12-02
REV_002043,ORD_025090,4,Happy with the purchase and quality.,2023-09-16
REV_002044,ORD_010562,2,Not very happy with the purchase.,2024-05-11
REV_002045,ORD_020281,3,It is okay for the price.,2023-01-21
REV_002046,ORD_005384,4,Happy with the purchase and quality.,2023-03-30
REV_002047,ORD_026829,4,Happy with the purchase and quality.,2023-10-17
REV_002048,ORD_004921,4,Happy with the purchase and quality.,2023-10-02
REV_002049,ORD_019506,4,Happy with the purchase and quality.,2024-12-29
REV_002050,ORD_008950,3,"Nothing special, but acceptable.",2023-01-25
REV_002051,ORD_004893,2,Not very happy with the purchase.,2023-11-19
REV_002052,ORD_018714,3,Average product. It works as expected.,2025-04-04
REV_002053,ORD_023441,3,It is okay for the price.,2025-05-17
REV_002054,ORD_002104,5,Excellent product. I highly recommend it.,2024-11-26
REV_002055,ORD_026191,3,"Nothing special, but acceptable.",2023-10-06
REV_002056,ORD_017042,4,Happy with the purchase and quality.,2024-09-02
REV_002057,ORD_005029,4,Happy with the purchase and quality.,2024-08-16
REV_002058,ORD_024405,4,Happy with the purchase and quality.,2025-07-02
REV_002059,ORD_026460,3,It is okay for the price.,2025-05-08
REV_002060,ORD_009462,3,"Nothing special, but acceptable.",2023-04-05
REV_002061,ORD_008596,5,Amazing quality and very fast delivery.,2023-08-19
REV_002062,ORD_016569,2,Not very happy with the purchase.,2023-10-29
REV_002063,ORD_028313,3,It is okay for the price.,2024-10-26
REV_002064,ORD_021719,3,"Nothing special, but acceptable.",2023-02-02
REV_002065,ORD_024669,5,Amazing quality and very fast delivery.,2023-10-29
REV_002066,ORD_007605,3,"Nothing special, but acceptable.",2025-01-31
REV_002067,ORD_001191,2,Not very happy with the purchase.,2024-05-22
REV_002068,ORD_000044,4,Happy with the purchase and quality.,2025-05-12
REV_002069,ORD_001856,4,Works well and arrived on time.,2025-04-28
REV_002070,ORD_004465,2,The product is okay but delivery was late.,2023-05-30
REV_002071,ORD_001568,4,Happy with the purchase and quality.,2023-04-30
REV_002072,ORD_023398,4,Good product and fast delivery.,2024-04-02
REV_002073,ORD_020131,2,The product is okay but delivery was late.,2023-04-12
REV_002074,ORD_013367,2,Not very happy with the purchase.,2023-11-17
REV_002075,ORD_001514,4,Good product and fast delivery.,2023-05-20
REV_002076,ORD_020532,3,"Nothing special, but acceptable.",2024-02-21
REV_002077,ORD_002205,3,It is okay for the price.,2024-09-27
REV_002078,ORD_003889,4,Happy with the purchase and quality.,2023-04-28
REV_002079,ORD_024480,3,Average product. It works as expected.,2024-07-24
REV_002080,ORD_002714,3,"Nothing special, but acceptable.",2024-07-28
REV_002081,ORD_010120,5,Perfect purchase. Very satisfied.,2023-10-12
REV_002082,ORD_021835,4,Good product and fast delivery.,2023-11-26
REV_002083,ORD_013808,3,It is okay for the price.,2024-01-17
REV_002084,ORD_020810,4,Works well and arrived on time.,2023-11-23
REV_002085,ORD_001749,4,Happy with the purchase and quality.,2023-12-10
REV_002086,ORD_013359,4,Works well and arrived on time.,2024-06-23
REV_002087,ORD_016906,4,Happy with the purchase and quality.,2025-04-28
REV_002088,ORD_011895,4,Happy with the purchase and quality.,2023-02-07
REV_002089,ORD_019385,3,Average product. It works as expected.,2023-01-15
REV_002090,ORD_025581,4,Happy with the purchase and quality.,2025-05-28
REV_002091,ORD_013603,5,Amazing quality and very fast delivery.,2023-08-10
REV_002092,ORD_003534,3,"Nothing special, but acceptable.",2023-07-14
REV_002093,ORD_026656,5,Perfect purchase. Very satisfied.,2024-02-23
REV_002094,ORD_000419,3,"Nothing special, but acceptable.",2025-05-04
REV_002095,ORD_025938,3,"Nothing special, but acceptable.",2025-01-18
REV_002096,ORD_011480,2,Not very happy with the purchase.,2024-07-24
REV_002097,ORD_005483,3,Average product. It works as expected.,2024-10-17
REV_002098,ORD_019037,3,"Nothing special, but acceptable.",2023-10-17
REV_002099,ORD_013950,3,It is okay for the price.,2024-01-15
REV_002100,ORD_019800,4,Works well and arrived on time.,2024-09-02
REV_002101,ORD_003253,3,Average product. It works as expected.,2025-01-04
REV_002102,ORD_012344,3,Average product. It works as expected.,2025-02-07
REV_002103,ORD_007141,4,Happy with the purchase and quality.,2024-03-27
REV_002104,ORD_026493,2,The product is okay but delivery was late.,2025-04-11
REV_002105,ORD_014391,4,Happy with the purchase and quality.,2024-03-30
REV_002106,ORD_029199,5,Excellent product. I highly recommend it.,2025-03-05
REV_002107,ORD_018599,5,Perfect purchase. Very satisfied.,2023-07-26
REV_002108,ORD_027046,3,Average product. It works as expected.,2023-08-26
REV_002109,ORD_010460,2,Not very happy with the purchase.,2024-12-07
REV_002110,ORD_003912,3,Average product. It works as expected.,2024-06-07
REV_002111,ORD_003630,3,Average product. It works as expected.,2023-03-11
REV_002112,ORD_021303,2,Quality is below expectations.,2025-01-11
REV_002113,ORD_009742,2,Not very happy with the purchase.,2023-02-11
REV_002114,ORD_006677,3,It is okay for the price.,2025-07-07
REV_002115,ORD_024596,4,Good product and fast delivery.,2024-01-03
REV_002116,ORD_007368,4,Happy with the purchase and quality.,2023-01-25
REV_002117,ORD_010199,3,"Nothing special, but acceptable.",2023-10-25
REV_002118,ORD_005580,4,Happy with the purchase and quality.,2023-07-01
REV_002119,ORD_013964,3,"Nothing special, but acceptable.",2025-05-23
REV_002120,ORD_008425,3,Average product. It works as expected.,2024-09-03
REV_002121,ORD_004827,2,Not very happy with the purchase.,2024-10-02
REV_002122,ORD_025988,3,Average product. It works as expected.,2024-11-05
REV_002123,ORD_013747,3,It is okay for the price.,2023-03-11
REV_002124,ORD_016708,2,Not very happy with the purchase.,2024-07-06
REV_002125,ORD_004707,4,Good product and fast delivery.,2025-01-04
REV_002126,ORD_010036,3,Average product. It works as expected.,2024-07-01
REV_002127,ORD_012490,5,Excellent product. I highly recommend it.,2023-05-15
REV_002128,ORD_014050,3,Average product. It works as expected.,2024-06-07
REV_002129,ORD_005613,4,Works well and arrived on time.,2024-07-03
REV_002130,ORD_013196,2,The product is okay but delivery was late.,2024-12-15
REV_002131,ORD_014995,5,Excellent product. I highly recommend it.,2023-05-04
REV_002132,ORD_011800,4,Works well and arrived on time.,2023-01-12
REV_002133,ORD_012836,3,It is okay for the price.,2023-09-24
REV_002134,ORD_025387,4,Happy with the purchase and quality.,2024-09-10
REV_002135,ORD_004721,3,It is okay for the price.,2025-03-16
REV_002136,ORD_024709,3,It is okay for the price.,2023-12-15
REV_002137,ORD_003739,3,Average product. It works as expected.,2023-06-30
REV_002138,ORD_020224,4,Works well and arrived on time.,2025-02-10
REV_002139,ORD_024403,5,Perfect purchase. Very satisfied.,2024-09-12
REV_002140,ORD_028744,3,Average product. It works as expected.,2024-09-11
REV_002141,ORD_011223,4,Good product and fast delivery.,2024-01-30
REV_002142,ORD_017697,2,Not very happy with the purchase.,2024-02-14
REV_002143,ORD_026512,4,Good product and fast delivery.,2024-08-08
REV_002144,ORD_009450,4,Happy with the purchase and quality.,2025-05-25
REV_002145,ORD_014667,3,It is okay for the price.,2023-12-26
REV_002146,ORD_027638,4,Works well and arrived on time.,2023-11-03
REV_002147,ORD_017624,2,Not very happy with the purchase.,2024-10-28
REV_002148,ORD_011691,3,"Nothing special, but acceptable.",2025-04-27
REV_002149,ORD_028449,3,Average product. It works as expected.,2024-04-12
REV_002150,ORD_007665,4,Good product and fast delivery.,2023-06-07
REV_002151,ORD_024947,3,"Nothing special, but acceptable.",2025-02-03
REV_002152,ORD_029378,4,Good product and fast delivery.,2024-01-15
REV_002153,ORD_001783,4,Happy with the purchase and quality.,2024-05-23
REV_002154,ORD_025628,5,Excellent product. I highly recommend it.,2024-01-12
REV_002155,ORD_025075,1,Terrible experience. The product stopped working.,2025-03-25
REV_002156,ORD_010358,4,Works well and arrived on time.,2024-01-19
REV_002157,ORD_025803,5,Perfect purchase. Very satisfied.,2023-11-19
REV_002158,ORD_018579,4,Works well and arrived on time.,2023-06-25
REV_002159,ORD_001059,3,It is okay for the price.,2025-02-23
REV_002160,ORD_014903,4,Good product and fast delivery.,2025-03-22
REV_002161,ORD_024119,3,It is okay for the price.,2024-12-04
REV_002162,ORD_028946,5,Amazing quality and very fast delivery.,2024-07-24
REV_002163,ORD_019598,3,Average product. It works as expected.,2025-04-22
REV_002164,ORD_012512,3,"Nothing special, but acceptable.",2023-11-18
REV_002165,ORD_008024,1,Very disappointing product and poor quality.,2023-06-06
REV_002166,ORD_000857,4,Happy with the purchase and quality.,2023-06-06
REV_002167,ORD_027305,2,Quality is below expectations.,2023-09-05
REV_002168,ORD_009401,5,Excellent product. I highly recommend it.,2023-09-25
REV_002169,ORD_023594,4,Good product and fast delivery.,2024-03-06
REV_002170,ORD_027211,3,"Nothing special, but acceptable.",2023-12-05
REV_002171,ORD_005559,2,The product is okay but delivery was late.,2024-07-15
REV_002172,ORD_021365,3,It is okay for the price.,2023-10-18
REV_002173,ORD_011299,3,Average product. It works as expected.,2025-06-21
REV_002174,ORD_010679,3,Average product. It works as expected.,2024-12-24
REV_002175,ORD_006808,3,It is okay for the price.,2023-07-11
REV_002176,ORD_011488,5,Excellent product. I highly recommend it.,2024-06-02
REV_002177,ORD_023156,2,Quality is below expectations.,2024-12-19
REV_002178,ORD_012682,2,Quality is below expectations.,2023-07-28
REV_002179,ORD_025856,4,Happy with the purchase and quality.,2024-08-07
REV_002180,ORD_009761,4,Happy with the purchase and quality.,2024-03-09
REV_002181,ORD_023100,3,It is okay for the price.,2025-02-28
REV_002182,ORD_007151,3,"Nothing special, but acceptable.",2023-04-16
REV_002183,ORD_000786,3,Average product. It works as expected.,2023-11-21
REV_002184,ORD_008081,3,It is okay for the price.,2023-07-29
REV_002185,ORD_017383,4,Happy with the purchase and quality.,2023-12-14
REV_002186,ORD_000310,3,"Nothing special, but acceptable.",2023-01-30
REV_002187,ORD_007641,3,It is okay for the price.,2023-02-22
REV_002188,ORD_022499,4,Happy with the purchase and quality.,2025-03-05
REV_002189,ORD_010488,4,Happy with the purchase and quality.,2024-11-09
REV_002190,ORD_021122,3,"Nothing special, but acceptable.",2024-02-16
REV_002191,ORD_010579,3,It is okay for the price.,2024-09-13
REV_002192,ORD_021472,4,Works well and arrived on time.,2024-12-20
REV_002193,ORD_010135,5,Amazing quality and very fast delivery.,2025-06-23
REV_002194,ORD_025918,3,It is okay for the price.,2023-03-06
REV_002195,ORD_013948,3,It is okay for the price.,2023-03-24
REV_002196,ORD_018154,3,It is okay for the price.,2023-11-12
REV_002197,ORD_027953,3,Average product. It works as expected.,2024-07-22
REV_002198,ORD_004769,3,"Nothing special, but acceptable.",2024-05-25
REV_002199,ORD_009545,5,Excellent product. I highly recommend it.,2023-07-11
REV_002200,ORD_028405,3,Average product. It works as expected.,2023-06-11
REV_002201,ORD_005585,4,Works well and arrived on time.,2023-08-14
REV_002202,ORD_003618,3,Average product. It works as expected.,2023-04-06
REV_002203,ORD_021152,3,It is okay for the price.,2023-03-05
REV_002204,ORD_021464,1,Very disappointing product and poor quality.,2023-07-27
REV_002205,ORD_001935,3,"Nothing special, but acceptable.",2023-12-12
REV_002206,ORD_017893,2,Not very happy with the purchase.,2024-01-03
REV_002207,ORD_008084,4,Works well and arrived on time.,2023-04-18
REV_002208,ORD_028166,3,It is okay for the price.,2024-04-16
REV_002209,ORD_014820,2,Not very happy with the purchase.,2024-04-02
REV_002210,ORD_002803,3,It is okay for the price.,2024-09-06
REV_002211,ORD_013666,3,It is okay for the price.,2023-06-02
REV_002212,ORD_013965,5,Amazing quality and very fast delivery.,2024-09-28
REV_002213,ORD_018084,4,Good product and fast delivery.,2023-03-26
REV_002214,ORD_002237,2,Quality is below expectations.,2023-01-12
REV_002215,ORD_008121,4,Works well and arrived on time.,2023-03-10
REV_002216,ORD_027786,4,Works well and arrived on time.,2024-07-19
REV_002217,ORD_013183,3,It is okay for the price.,2024-06-22
REV_002218,ORD_024891,3,It is okay for the price.,2025-06-18
REV_002219,ORD_023217,4,Good product and fast delivery.,2023-11-03
REV_002220,ORD_006031,2,The product is okay but delivery was late.,2023-02-09
REV_002221,ORD_025501,5,Excellent product. I highly recommend it.,2024-11-24
REV_002222,ORD_025411,4,Happy with the purchase and quality.,2024-01-31
REV_002223,ORD_028401,4,Happy with the purchase and quality.,2023-09-17
REV_002224,ORD_016363,2,Not very happy with the purchase.,2024-12-15
REV_002225,ORD_003960,4,Good product and fast delivery.,2025-06-10
REV_002226,ORD_018764,2,Quality is below expectations.,2024-06-25
REV_002227,ORD_014263,3,"Nothing special, but acceptable.",2023-11-26
REV_002228,ORD_022545,3,It is okay for the price.,2023-10-22
REV_002229,ORD_019061,4,Works well and arrived on time.,2024-03-02
REV_002230,ORD_007482,3,Average product. It works as expected.,2023-11-09
REV_002231,ORD_025287,2,The product is okay but delivery was late.,2025-01-04
REV_002232,ORD_003841,3,Average product. It works as expected.,2023-09-30
REV_002233,ORD_022677,3,Average product. It works as expected.,2025-07-04
REV_002234,ORD_011941,4,Happy with the purchase and quality.,2025-06-21
REV_002235,ORD_006658,3,Average product. It works as expected.,2023-04-12
REV_002236,ORD_025886,2,Not very happy with the purchase.,2024-09-01
REV_002237,ORD_002645,4,Works well and arrived on time.,2024-06-20
REV_002238,ORD_019180,4,Good product and fast delivery.,2024-02-03
REV_002239,ORD_007059,3,It is okay for the price.,2023-12-02
REV_002240,ORD_007998,3,"Nothing special, but acceptable.",2023-01-14
REV_002241,ORD_026524,3,Average product. It works as expected.,2024-03-14
REV_002242,ORD_024904,3,It is okay for the price.,2024-03-20
REV_002243,ORD_013590,4,Happy with the purchase and quality.,2023-04-11
REV_002244,ORD_011933,4,Happy with the purchase and quality.,2023-06-09
REV_002245,ORD_022570,2,The product is okay but delivery was late.,2023-10-19
REV_002246,ORD_011861,3,It is okay for the price.,2023-04-28
REV_002247,ORD_002756,3,It is okay for the price.,2025-03-07
REV_002248,ORD_005180,3,Average product. It works as expected.,2023-12-31
REV_002249,ORD_005073,3,It is okay for the price.,2023-02-14
REV_002250,ORD_009258,4,Happy with the purchase and quality.,2025-02-20
REV_002251,ORD_029411,5,Excellent product. I highly recommend it.,2024-02-07
REV_002252,ORD_013099,4,Works well and arrived on time.,2024-09-15
REV_002253,ORD_017520,3,"Nothing special, but acceptable.",2025-04-03
REV_002254,ORD_014492,5,Excellent product. I highly recommend it.,2024-01-12
REV_002255,ORD_001262,3,"Nothing special, but acceptable.",2024-12-07
REV_002256,ORD_007421,4,Happy with the purchase and quality.,2025-01-12
REV_002257,ORD_017595,4,Works well and arrived on time.,2023-12-03
REV_002258,ORD_015013,4,Works well and arrived on time.,2023-11-29
REV_002259,ORD_011574,3,Average product. It works as expected.,2025-02-08
REV_002260,ORD_009007,4,Works well and arrived on time.,2023-04-30
REV_002261,ORD_015139,4,Happy with the purchase and quality.,2023-11-01
REV_002262,ORD_003791,2,Quality is below expectations.,2024-05-03
REV_002263,ORD_024364,3,Average product. It works as expected.,2025-04-03
REV_002264,ORD_014220,4,Works well and arrived on time.,2025-04-10
REV_002265,ORD_010183,3,Average product. It works as expected.,2024-05-29
REV_002266,ORD_002991,3,It is okay for the price.,2023-11-16
REV_002267,ORD_019801,2,Quality is below expectations.,2024-11-21
REV_002268,ORD_025640,2,Not very happy with the purchase.,2024-09-10
REV_002269,ORD_014170,5,Amazing quality and very fast delivery.,2024-04-17
REV_002270,ORD_015211,2,Quality is below expectations.,2024-07-29
REV_002271,ORD_008601,3,"Nothing special, but acceptable.",2025-03-26
REV_002272,ORD_024380,4,Happy with the purchase and quality.,2023-11-30
REV_002273,ORD_001022,2,Quality is below expectations.,2025-05-18
REV_002274,ORD_005865,3,"Nothing special, but acceptable.",2024-01-10
REV_002275,ORD_006776,4,Good product and fast delivery.,2024-02-25
REV_002276,ORD_004398,3,Average product. It works as expected.,2024-02-03
REV_002277,ORD_026130,2,The product is okay but delivery was late.,2023-09-14
REV_002278,ORD_005068,3,"Nothing special, but acceptable.",2025-06-29
REV_002279,ORD_004710,4,Works well and arrived on time.,2023-11-05
REV_002280,ORD_016058,3,"Nothing special, but acceptable.",2023-11-12
REV_002281,ORD_020042,3,"Nothing special, but acceptable.",2024-02-20
REV_002282,ORD_012017,3,"Nothing special, but acceptable.",2024-07-30
REV_002283,ORD_016124,4,Works well and arrived on time.,2023-09-24
REV_002284,ORD_013635,3,It is okay for the price.,2025-04-01
REV_002285,ORD_016202,2,The product is okay but delivery was late.,2023-07-26
REV_002286,ORD_015170,4,Works well and arrived on time.,2025-01-14
REV_002287,ORD_003857,2,The product is okay but delivery was late.,2024-01-28
REV_002288,ORD_024640,2,Not very happy with the purchase.,2023-11-29
REV_002289,ORD_005318,4,Works well and arrived on time.,2024-01-12
REV_002290,ORD_023633,3,Average product. It works as expected.,2024-04-07
REV_002291,ORD_013613,3,It is okay for the price.,2024-09-24
REV_002292,ORD_010604,1,Very disappointing product and poor quality.,2023-10-22
REV_002293,ORD_023567,4,Happy with the purchase and quality.,2024-10-03
REV_002294,ORD_004119,2,Quality is below expectations.,2025-02-11
REV_002295,ORD_009698,4,Happy with the purchase and quality.,2024-09-15
REV_002296,ORD_007995,3,"Nothing special, but acceptable.",2025-02-22
REV_002297,ORD_009872,4,Happy with the purchase and quality.,2023-12-29
REV_002298,ORD_001258,4,Works well and arrived on time.,2023-12-26
REV_002299,ORD_006058,3,"Nothing special, but acceptable.",2024-03-29
REV_002300,ORD_011778,3,"Nothing special, but acceptable.",2024-06-07
REV_002301,ORD_016352,3,"Nothing special, but acceptable.",2024-02-29
REV_002302,ORD_006134,4,Happy with the purchase and quality.,2025-05-13
REV_002303,ORD_019712,2,The product is okay but delivery was late.,2023-04-07
REV_002304,ORD_013633,2,Not very happy with the purchase.,2025-02-20
REV_002305,ORD_020349,3,"Nothing special, but acceptable.",2023-10-09
REV_002306,ORD_002437,1,Very disappointing product and poor quality.,2023-06-04
REV_002307,ORD_014473,3,It is okay for the price.,2024-06-28
REV_002308,ORD_018908,3,"Nothing special, but acceptable.",2023-06-30
REV_002309,ORD_005829,4,Good product and fast delivery.,2023-10-02
REV_002310,ORD_006874,5,Excellent product. I highly recommend it.,2025-05-10
REV_002311,ORD_027829,2,Not very happy with the purchase.,2023-11-01
REV_002312,ORD_014478,3,Average product. It works as expected.,2024-08-23
REV_002313,ORD_025523,4,Works well and arrived on time.,2024-03-31
REV_002314,ORD_014218,4,Works well and arrived on time.,2025-04-04
REV_002315,ORD_000163,4,Good product and fast delivery.,2024-04-27
REV_002316,ORD_019902,3,Average product. It works as expected.,2025-02-24
REV_002317,ORD_019886,3,"Nothing special, but acceptable.",2023-07-30
REV_002318,ORD_011117,3,Average product. It works as expected.,2023-09-06
REV_002319,ORD_020871,4,Good product and fast delivery.,2024-01-17
REV_002320,ORD_026310,4,Good product and fast delivery.,2025-03-04
REV_002321,ORD_022691,4,Good product and fast delivery.,2023-11-25
REV_002322,ORD_017343,3,"Nothing special, but acceptable.",2023-02-04
REV_002323,ORD_026549,2,The product is okay but delivery was late.,2023-02-05
REV_002324,ORD_007571,2,Quality is below expectations.,2025-05-11
REV_002325,ORD_023605,2,The product is okay but delivery was late.,2025-04-06
REV_002326,ORD_016978,3,"Nothing special, but acceptable.",2025-05-15
REV_002327,ORD_029454,2,Not very happy with the purchase.,2024-12-11
REV_002328,ORD_010775,3,"Nothing special, but acceptable.",2024-03-31
REV_002329,ORD_002508,4,Works well and arrived on time.,2024-09-09
REV_002330,ORD_004072,3,"Nothing special, but acceptable.",2023-05-10
REV_002331,ORD_028483,3,"Nothing special, but acceptable.",2023-02-20
REV_002332,ORD_005493,3,"Nothing special, but acceptable.",2024-02-27
REV_002333,ORD_019747,4,Works well and arrived on time.,2025-05-28
REV_002334,ORD_008054,3,It is okay for the price.,2024-06-17
REV_002335,ORD_016756,1,Terrible experience. The product stopped working.,2023-07-09
REV_002336,ORD_011713,3,It is okay for the price.,2025-06-03
REV_002337,ORD_015039,3,It is okay for the price.,2024-09-18
REV_002338,ORD_005062,5,Perfect purchase. Very satisfied.,2023-03-14
REV_002339,ORD_019943,2,Not very happy with the purchase.,2023-09-28
REV_002340,ORD_014538,4,Works well and arrived on time.,2023-11-27
REV_002341,ORD_020571,3,Average product. It works as expected.,2024-10-05
REV_002342,ORD_021782,5,Excellent product. I highly recommend it.,2023-07-23
REV_002343,ORD_024112,4,Works well and arrived on time.,2025-05-09
REV_002344,ORD_028688,5,Amazing quality and very fast delivery.,2024-02-28
REV_002345,ORD_006663,1,Very disappointing product and poor quality.,2024-04-16
REV_002346,ORD_019263,3,It is okay for the price.,2024-03-10
REV_002347,ORD_014908,3,It is okay for the price.,2024-12-16
REV_002348,ORD_001063,4,Happy with the purchase and quality.,2023-08-02
REV_002349,ORD_027272,4,Works well and arrived on time.,2023-10-04
REV_002350,ORD_012495,4,Works well and arrived on time.,2024-11-15
REV_002351,ORD_011963,3,"Nothing special, but acceptable.",2024-01-14
REV_002352,ORD_023857,4,Works well and arrived on time.,2023-04-02
REV_002353,ORD_019089,3,"Nothing special, but acceptable.",2024-09-20
REV_002354,ORD_009829,3,It is okay for the price.,2024-03-28
REV_002355,ORD_029449,3,"Nothing special, but acceptable.",2024-02-11
REV_002356,ORD_008475,4,Happy with the purchase and quality.,2023-04-23
REV_002357,ORD_016534,4,Good product and fast delivery.,2023-05-03
REV_002358,ORD_019826,4,Good product and fast delivery.,2024-11-24
REV_002359,ORD_013020,4,Works well and arrived on time.,2023-03-30
REV_002360,ORD_014401,4,Good product and fast delivery.,2025-03-03
REV_002361,ORD_005064,3,"Nothing special, but acceptable.",2023-03-29
REV_002362,ORD_025493,3,"Nothing special, but acceptable.",2023-09-17
REV_002363,ORD_012144,1,Item arrived damaged and I want a refund.,2024-04-06
REV_002364,ORD_026739,1,Item arrived damaged and I want a refund.,2023-07-03
REV_002365,ORD_000955,4,Works well and arrived on time.,2025-06-06
REV_002366,ORD_016298,2,The product is okay but delivery was late.,2024-02-14
REV_002367,ORD_021042,2,Quality is below expectations.,2024-12-19
REV_002368,ORD_012822,3,"Nothing special, but acceptable.",2024-09-29
REV_002369,ORD_007039,3,It is okay for the price.,2024-09-23
REV_002370,ORD_005530,3,It is okay for the price.,2024-06-25
REV_002371,ORD_013014,2,Not very happy with the purchase.,2024-03-02
REV_002372,ORD_011553,4,Works well and arrived on time.,2023-06-18
REV_002373,ORD_013639,3,It is okay for the price.,2024-05-04
REV_002374,ORD_009248,4,Happy with the purchase and quality.,2024-04-23
REV_002375,ORD_024788,3,Average product. It works as expected.,2024-07-18
REV_002376,ORD_017710,4,Happy with the purchase and quality.,2024-01-26
REV_002377,ORD_014439,3,Average product. It works as expected.,2023-08-29
REV_002378,ORD_001950,5,Amazing quality and very fast delivery.,2025-04-28
REV_002379,ORD_017504,3,It is okay for the price.,2023-08-13
REV_002380,ORD_014468,4,Happy with the purchase and quality.,2023-02-10
REV_002381,ORD_009597,4,Happy with the purchase and quality.,2023-10-23
REV_002382,ORD_014329,3,It is okay for the price.,2023-02-19
REV_002383,ORD_013541,5,Amazing quality and very fast delivery.,2023-08-18
REV_002384,ORD_017903,4,Happy with the purchase and quality.,2024-08-05
REV_002385,ORD_006927,2,Not very happy with the purchase.,2023-10-05
REV_002386,ORD_018332,4,Happy with the purchase and quality.,2023-08-24
REV_002387,ORD_017719,4,Works well and arrived on time.,2024-01-09
REV_002388,ORD_009276,4,Good product and fast delivery.,2023-12-11
REV_002389,ORD_027607,2,Quality is below expectations.,2024-12-11
REV_002390,ORD_015560,3,"Nothing special, but acceptable.",2023-11-08
REV_002391,ORD_004001,4,Works well and arrived on time.,2025-04-18
REV_002392,ORD_009786,3,Average product. It works as expected.,2024-03-16
REV_002393,ORD_019027,2,The product is okay but delivery was late.,2024-03-08
REV_002394,ORD_017142,2,Quality is below expectations.,2023-12-18
REV_002395,ORD_016847,3,It is okay for the price.,2023-01-21
REV_002396,ORD_008865,2,The product is okay but delivery was late.,2023-11-14
REV_002397,ORD_005024,2,Not very happy with the purchase.,2025-06-11
REV_002398,ORD_028725,4,Happy with the purchase and quality.,2023-02-07
REV_002399,ORD_009050,4,Good product and fast delivery.,2024-01-27
REV_002400,ORD_016648,3,"Nothing special, but acceptable.",2024-07-24
REV_002401,ORD_020181,3,Average product. It works as expected.,2023-10-01
REV_002402,ORD_000579,3,Average product. It works as expected.,2024-09-07
REV_002403,ORD_019756,3,"Nothing special, but acceptable.",2025-05-30
REV_002404,ORD_026706,2,The product is okay but delivery was late.,2024-05-11
REV_002405,ORD_007769,2,Not very happy with the purchase.,2025-03-06
REV_002406,ORD_018180,4,Good product and fast delivery.,2023-11-30
REV_002407,ORD_020756,3,Average product. It works as expected.,2023-07-31
REV_002408,ORD_017426,4,Happy with the purchase and quality.,2025-01-03
REV_002409,ORD_015228,3,Average product. It works as expected.,2024-10-27
REV_002410,ORD_001415,4,Good product and fast delivery.,2023-11-08
REV_002411,ORD_023067,2,Not very happy with the purchase.,2023-10-19
REV_002412,ORD_025885,3,"Nothing special, but acceptable.",2025-02-22
REV_002413,ORD_027980,3,Average product. It works as expected.,2023-02-01
REV_002414,ORD_022600,3,"Nothing special, but acceptable.",2024-03-01
REV_002415,ORD_018865,1,Terrible experience. The product stopped working.,2023-08-04
REV_002416,ORD_015272,3,It is okay for the price.,2023-10-04
REV_002417,ORD_029829,4,Happy with the purchase and quality.,2023-06-05
REV_002418,ORD_015362,5,Perfect purchase. Very satisfied.,2023-12-16
REV_002419,ORD_013271,3,"Nothing special, but acceptable.",2023-09-12
REV_002420,ORD_008055,2,Quality is below expectations.,2023-05-14
REV_002421,ORD_006957,2,Not very happy with the purchase.,2024-04-27
REV_002422,ORD_004249,3,Average product. It works as expected.,2023-09-18
REV_002423,ORD_021164,3,"Nothing special, but acceptable.",2024-10-31
REV_002424,ORD_002666,2,The product is okay but delivery was late.,2025-06-06
REV_002425,ORD_021771,3,Average product. It works as expected.,2023-05-30
REV_002426,ORD_022652,2,The product is okay but delivery was late.,2023-01-23
REV_002427,ORD_006043,3,Average product. It works as expected.,2025-03-12
REV_002428,ORD_018206,5,Amazing quality and very fast delivery.,2025-02-10
REV_002429,ORD_029344,3,It is okay for the price.,2023-02-22
REV_002430,ORD_026412,2,Not very happy with the purchase.,2023-07-26
REV_002431,ORD_008698,5,Excellent product. I highly recommend it.,2023-11-30
REV_002432,ORD_008505,4,Happy with the purchase and quality.,2023-02-27
REV_002433,ORD_017193,4,Works well and arrived on time.,2023-11-06
REV_002434,ORD_013396,3,"Nothing special, but acceptable.",2023-05-14
REV_002435,ORD_019285,4,Good product and fast delivery.,2024-05-13
REV_002436,ORD_029268,4,Happy with the purchase and quality.,2025-04-29
REV_002437,ORD_022324,2,Not very happy with the purchase.,2024-11-19
REV_002438,ORD_023448,4,Happy with the purchase and quality.,2023-08-25
REV_002439,ORD_010816,4,Good product and fast delivery.,2023-05-09
REV_002440,ORD_029866,3,"Nothing special, but acceptable.",2024-01-26
REV_002441,ORD_006383,3,It is okay for the price.,2024-06-12
REV_002442,ORD_019985,4,Happy with the purchase and quality.,2023-10-24
REV_002443,ORD_027780,3,It is okay for the price.,2024-01-14
REV_002444,ORD_003926,3,"Nothing special, but acceptable.",2025-02-01
REV_002445,ORD_023154,2,The product is okay but delivery was late.,2025-01-13
REV_002446,ORD_010861,2,The product is okay but delivery was late.,2023-08-11
REV_002447,ORD_022806,5,Perfect purchase. Very satisfied.,2023-06-10
REV_002448,ORD_028241,5,Amazing quality and very fast delivery.,2025-01-12
REV_002449,ORD_012867,4,Happy with the purchase and quality.,2023-09-18
REV_002450,ORD_008915,4,Happy with the purchase and quality.,2024-10-24
REV_002451,ORD_003825,2,Not very happy with the purchase.,2024-04-19
REV_002452,ORD_007124,4,Good product and fast delivery.,2023-12-18
REV_002453,ORD_010034,4,Good product and fast delivery.,2023-08-16
REV_002454,ORD_009338,3,"Nothing special, but acceptable.",2023-04-05
REV_002455,ORD_021666,4,Good product and fast delivery.,2023-04-24
REV_002456,ORD_004808,5,Excellent product. I highly recommend it.,2024-12-15
REV_002457,ORD_009924,3,It is okay for the price.,2023-11-14
REV_002458,ORD_005795,4,Works well and arrived on time.,2023-02-07
REV_002459,ORD_007264,2,The product is okay but delivery was late.,2025-01-14
REV_002460,ORD_026233,4,Works well and arrived on time.,2025-06-06
REV_002461,ORD_005793,3,It is okay for the price.,2023-02-27
REV_002462,ORD_001631,3,Average product. It works as expected.,2025-01-02
REV_002463,ORD_024158,3,Average product. It works as expected.,2023-01-18
REV_002464,ORD_015824,3,Average product. It works as expected.,2023-12-16
REV_002465,ORD_004264,1,Terrible experience. The product stopped working.,2023-10-04
REV_002466,ORD_022077,3,"Nothing special, but acceptable.",2024-04-10
REV_002467,ORD_016929,3,Average product. It works as expected.,2024-01-22
REV_002468,ORD_007883,3,It is okay for the price.,2023-08-10
REV_002469,ORD_008300,3,Average product. It works as expected.,2024-11-14
REV_002470,ORD_002107,4,Good product and fast delivery.,2024-12-08
REV_002471,ORD_015482,5,Perfect purchase. Very satisfied.,2024-07-25
REV_002472,ORD_026900,2,Quality is below expectations.,2024-06-03
REV_002473,ORD_013979,4,Works well and arrived on time.,2023-01-23
REV_002474,ORD_021386,2,Quality is below expectations.,2024-11-14
REV_002475,ORD_016184,3,Average product. It works as expected.,2023-04-12
REV_002476,ORD_005844,3,It is okay for the price.,2023-04-06
REV_002477,ORD_020494,4,Happy with the purchase and quality.,2024-03-03
REV_002478,ORD_005707,2,The product is okay but delivery was late.,2023-07-31
REV_002479,ORD_026895,2,Quality is below expectations.,2024-09-27
REV_002480,ORD_002773,3,Average product. It works as expected.,2023-02-26
REV_002481,ORD_028464,1,Terrible experience. The product stopped working.,2023-07-28
REV_002482,ORD_028244,4,Works well and arrived on time.,2024-12-05
REV_002483,ORD_020165,4,Happy with the purchase and quality.,2025-01-07
REV_002484,ORD_022760,3,Average product. It works as expected.,2023-06-09
REV_002485,ORD_015643,4,Good product and fast delivery.,2025-02-26
REV_002486,ORD_007330,2,The product is okay but delivery was late.,2024-09-15
REV_002487,ORD_012624,4,Good product and fast delivery.,2025-05-24
REV_002488,ORD_008165,4,Works well and arrived on time.,2024-03-24
REV_002489,ORD_020567,2,The product is okay but delivery was late.,2023-02-27
REV_002490,ORD_023740,3,Average product. It works as expected.,2023-04-30
REV_002491,ORD_018710,3,"Nothing special, but acceptable.",2023-10-04
REV_002492,ORD_011181,2,Not very happy with the purchase.,2023-03-30
REV_002493,ORD_004964,3,It is okay for the price.,2024-11-13
REV_002494,ORD_020103,4,Works well and arrived on time.,2024-10-18
REV_002495,ORD_015515,1,Very disappointing product and poor quality.,2024-04-10
REV_002496,ORD_017673,4,Good product and fast delivery.,2023-07-31
REV_002497,ORD_001439,4,Good product and fast delivery.,2024-08-08
REV_002498,ORD_003381,2,Not very happy with the purchase.,2024-03-03
REV_002499,ORD_009463,2,Not very happy with the purchase.,2024-11-11
REV_002500,ORD_001968,4,Happy with the purchase and quality.,2023-07-29
REV_002501,ORD_029786,3,It is okay for the price.,2024-09-15
REV_002502,ORD_020953,4,Works well and arrived on time.,2025-04-02
REV_002503,ORD_007434,3,Average product. It works as expected.,2023-11-13
REV_002504,ORD_018032,2,Not very happy with the purchase.,2025-03-04
REV_002505,ORD_022354,2,The product is okay but delivery was late.,2024-08-22
REV_002506,ORD_021358,5,Perfect purchase. Very satisfied.,2024-07-27
REV_002507,ORD_019611,2,Not very happy with the purchase.,2025-04-15
REV_002508,ORD_014392,3,It is okay for the price.,2024-04-28
REV_002509,ORD_014987,2,The product is okay but delivery was late.,2025-05-05
REV_002510,ORD_014875,1,Terrible experience. The product stopped working.,2023-11-07
REV_002511,ORD_007532,4,Good product and fast delivery.,2023-04-30
REV_002512,ORD_028441,2,The product is okay but delivery was late.,2024-08-14
REV_002513,ORD_009135,4,Happy with the purchase and quality.,2024-01-29
REV_002514,ORD_004958,3,"Nothing special, but acceptable.",2024-01-07
REV_002515,ORD_012866,4,Good product and fast delivery.,2023-08-10
REV_002516,ORD_008317,1,Very disappointing product and poor quality.,2025-06-25
REV_002517,ORD_008635,3,"Nothing special, but acceptable.",2023-02-22
REV_002518,ORD_019629,4,Happy with the purchase and quality.,2024-10-26
REV_002519,ORD_024534,3,It is okay for the price.,2023-05-10
REV_002520,ORD_022365,3,"Nothing special, but acceptable.",2023-03-05
REV_002521,ORD_000166,2,Quality is below expectations.,2024-07-28
REV_002522,ORD_020230,3,"Nothing special, but acceptable.",2023-11-27
REV_002523,ORD_027672,2,The product is okay but delivery was late.,2024-03-14
REV_002524,ORD_005472,3,Average product. It works as expected.,2024-02-13
REV_002525,ORD_029758,2,The product is okay but delivery was late.,2023-11-16
REV_002526,ORD_029198,4,Happy with the purchase and quality.,2025-05-18
REV_002527,ORD_014486,4,Happy with the purchase and quality.,2024-05-10
REV_002528,ORD_001810,2,The product is okay but delivery was late.,2024-11-10
REV_002529,ORD_013809,5,Excellent product. I highly recommend it.,2023-02-02
REV_002530,ORD_018325,4,Happy with the purchase and quality.,2025-07-05
REV_002531,ORD_024116,4,Works well and arrived on time.,2024-08-26
REV_002532,ORD_021564,5,Amazing quality and very fast delivery.,2024-09-15
REV_002533,ORD_004645,4,Happy with the purchase and quality.,2024-02-21
REV_002534,ORD_023789,2,Not very happy with the purchase.,2024-04-03
REV_002535,ORD_027880,2,Quality is below expectations.,2024-03-27
REV_002536,ORD_007012,1,Item arrived damaged and I want a refund.,2025-01-07
REV_002537,ORD_009037,5,Perfect purchase. Very satisfied.,2023-02-12
REV_002538,ORD_019082,3,It is okay for the price.,2023-01-09
REV_002539,ORD_013417,4,Good product and fast delivery.,2025-03-11
REV_002540,ORD_025473,4,Good product and fast delivery.,2024-04-10
REV_002541,ORD_029504,3,"Nothing special, but acceptable.",2025-01-22
REV_002542,ORD_003314,4,Happy with the purchase and quality.,2023-12-31
REV_002543,ORD_009726,2,Not very happy with the purchase.,2023-04-17
REV_002544,ORD_004404,3,Average product. It works as expected.,2024-03-15
REV_002545,ORD_020785,4,Good product and fast delivery.,2024-08-02
REV_002546,ORD_007135,2,Quality is below expectations.,2023-11-06
REV_002547,ORD_015921,5,Excellent product. I highly recommend it.,2023-09-18
REV_002548,ORD_028137,2,The product is okay but delivery was late.,2023-04-21
REV_002549,ORD_020735,4,Good product and fast delivery.,2025-03-10
REV_002550,ORD_005402,3,"Nothing special, but acceptable.",2025-01-12
REV_002551,ORD_003980,5,Excellent product. I highly recommend it.,2024-07-13
REV_002552,ORD_005781,3,Average product. It works as expected.,2024-12-29
REV_002553,ORD_019022,2,The product is okay but delivery was late.,2024-08-06
REV_002554,ORD_025943,4,Works well and arrived on time.,2024-09-19
REV_002555,ORD_021390,3,Average product. It works as expected.,2024-03-25
REV_002556,ORD_022523,4,Good product and fast delivery.,2024-11-19
REV_002557,ORD_024818,2,Quality is below expectations.,2025-03-18
REV_002558,ORD_020788,3,Average product. It works as expected.,2025-06-12
REV_002559,ORD_004038,3,"Nothing special, but acceptable.",2024-08-18
REV_002560,ORD_022154,2,Not very happy with the purchase.,2023-01-24
REV_002561,ORD_020192,2,Not very happy with the purchase.,2023-06-12
REV_002562,ORD_003545,5,Perfect purchase. Very satisfied.,2025-07-01
REV_002563,ORD_029265,5,Excellent product. I highly recommend it.,2025-04-27
REV_002564,ORD_013115,2,The product is okay but delivery was late.,2024-09-14
REV_002565,ORD_005869,5,Excellent product. I highly recommend it.,2023-11-26
REV_002566,ORD_024182,4,Happy with the purchase and quality.,2024-12-07
REV_002567,ORD_009289,3,"Nothing special, but acceptable.",2025-03-19
REV_002568,ORD_018391,2,Quality is below expectations.,2025-06-07
REV_002569,ORD_027227,4,Happy with the purchase and quality.,2023-06-24
REV_002570,ORD_014519,2,The product is okay but delivery was late.,2025-06-26
REV_002571,ORD_002958,3,Average product. It works as expected.,2024-12-29
REV_002572,ORD_007201,3,Average product. It works as expected.,2023-11-03
REV_002573,ORD_006664,3,"Nothing special, but acceptable.",2024-01-03
REV_002574,ORD_002056,5,Amazing quality and very fast delivery.,2025-05-14
REV_002575,ORD_024951,1,Very disappointing product and poor quality.,2024-08-20
REV_002576,ORD_004009,2,The product is okay but delivery was late.,2023-02-09
REV_002577,ORD_001781,3,"Nothing special, but acceptable.",2023-05-11
REV_002578,ORD_007750,4,Good product and fast delivery.,2024-02-04
REV_002579,ORD_027729,4,Good product and fast delivery.,2024-07-31
REV_002580,ORD_005821,5,Excellent product. I highly recommend it.,2025-01-24
REV_002581,ORD_007333,3,It is okay for the price.,2024-07-08
REV_002582,ORD_002424,4,Happy with the purchase and quality.,2025-04-24
REV_002583,ORD_016345,3,Average product. It works as expected.,2023-11-07
REV_002584,ORD_029288,1,Item arrived damaged and I want a refund.,2024-09-13
REV_002585,ORD_007389,5,Amazing quality and very fast delivery.,2024-12-24
REV_002586,ORD_026583,4,Good product and fast delivery.,2023-02-19
REV_002587,ORD_004644,3,"Nothing special, but acceptable.",2024-03-05
REV_002588,ORD_021545,3,"Nothing special, but acceptable.",2023-01-14
REV_002589,ORD_022202,5,Perfect purchase. Very satisfied.,2024-07-26
REV_002590,ORD_003301,2,The product is okay but delivery was late.,2024-04-28
REV_002591,ORD_014819,2,Not very happy with the purchase.,2023-08-23
REV_002592,ORD_021401,3,"Nothing special, but acceptable.",2023-01-26
REV_002593,ORD_015002,4,Works well and arrived on time.,2025-06-24
REV_002594,ORD_016250,3,"Nothing special, but acceptable.",2023-10-09
REV_002595,ORD_007102,4,Works well and arrived on time.,2024-05-30
REV_002596,ORD_023329,4,Happy with the purchase and quality.,2023-07-14
REV_002597,ORD_012066,3,It is okay for the price.,2024-04-27
REV_002598,ORD_013442,5,Amazing quality and very fast delivery.,2025-06-19
REV_002599,ORD_024071,2,The product is okay but delivery was late.,2023-09-08
REV_002600,ORD_026353,3,Average product. It works as expected.,2024-01-08
REV_002601,ORD_001711,3,"Nothing special, but acceptable.",2024-01-18
REV_002602,ORD_024252,4,Good product and fast delivery.,2025-03-14
REV_002603,ORD_022544,5,Excellent product. I highly recommend it.,2023-08-17
REV_002604,ORD_002371,3,"Nothing special, but acceptable.",2025-07-05
REV_002605,ORD_008922,4,Happy with the purchase and quality.,2024-02-07
REV_002606,ORD_024447,2,Quality is below expectations.,2024-08-20
REV_002607,ORD_010309,3,It is okay for the price.,2025-04-01
REV_002608,ORD_024299,4,Good product and fast delivery.,2023-03-31
REV_002609,ORD_017049,4,Happy with the purchase and quality.,2025-04-25
REV_002610,ORD_020288,4,Works well and arrived on time.,2023-10-18
REV_002611,ORD_003464,3,Average product. It works as expected.,2025-01-23
REV_002612,ORD_029312,3,Average product. It works as expected.,2023-06-16
REV_002613,ORD_016773,3,Average product. It works as expected.,2024-08-15
REV_002614,ORD_024348,3,"Nothing special, but acceptable.",2023-02-02
REV_002615,ORD_027528,3,"Nothing special, but acceptable.",2025-05-10
REV_002616,ORD_002705,3,Average product. It works as expected.,2024-02-25
REV_002617,ORD_012376,3,It is okay for the price.,2024-12-21
REV_002618,ORD_022812,4,Good product and fast delivery.,2024-03-01
REV_002619,ORD_022914,3,Average product. It works as expected.,2025-01-02
REV_002620,ORD_012491,2,Quality is below expectations.,2023-02-11
REV_002621,ORD_009100,4,Good product and fast delivery.,2023-04-11
REV_002622,ORD_029453,3,"Nothing special, but acceptable.",2024-07-13
REV_002623,ORD_020356,3,It is okay for the price.,2023-09-22
REV_002624,ORD_012968,3,"Nothing special, but acceptable.",2023-08-07
REV_002625,ORD_013389,3,Average product. It works as expected.,2023-06-28
REV_002626,ORD_002765,4,Works well and arrived on time.,2023-11-27
REV_002627,ORD_017059,3,Average product. It works as expected.,2023-11-15
REV_002628,ORD_004706,4,Good product and fast delivery.,2025-02-26
REV_002629,ORD_014749,3,Average product. It works as expected.,2023-08-13
REV_002630,ORD_023252,4,Works well and arrived on time.,2024-03-06
REV_002631,ORD_024529,5,Amazing quality and very fast delivery.,2025-04-23
REV_002632,ORD_011104,3,Average product. It works as expected.,2024-02-20
REV_002633,ORD_026849,4,Works well and arrived on time.,2024-05-07
REV_002634,ORD_020183,4,Happy with the purchase and quality.,2024-07-30
REV_002635,ORD_008550,3,It is okay for the price.,2024-12-12
REV_002636,ORD_018573,2,The product is okay but delivery was late.,2023-05-21
REV_002637,ORD_023817,3,It is okay for the price.,2024-12-11
REV_002638,ORD_019019,4,Works well and arrived on time.,2023-02-11
REV_002639,ORD_027335,4,Good product and fast delivery.,2024-02-06
REV_002640,ORD_029699,3,Average product. It works as expected.,2025-01-01
REV_002641,ORD_001213,3,"Nothing special, but acceptable.",2023-12-30
REV_002642,ORD_009355,3,Average product. It works as expected.,2023-11-08
REV_002643,ORD_028583,4,Happy with the purchase and quality.,2024-04-29
REV_002644,ORD_006731,3,It is okay for the price.,2024-02-26
REV_002645,ORD_003646,3,"Nothing special, but acceptable.",2024-04-24
REV_002646,ORD_013716,5,Excellent product. I highly recommend it.,2023-05-29
REV_002647,ORD_011612,4,Happy with the purchase and quality.,2024-06-05
REV_002648,ORD_026044,2,The product is okay but delivery was late.,2023-12-13
REV_002649,ORD_002460,3,Average product. It works as expected.,2024-07-01
REV_002650,ORD_026028,3,"Nothing special, but acceptable.",2025-02-07
REV_002651,ORD_024016,5,Amazing quality and very fast delivery.,2023-01-20
REV_002652,ORD_013199,1,Very disappointing product and poor quality.,2024-07-27
REV_002653,ORD_002149,5,Excellent product. I highly recommend it.,2024-07-15
REV_002654,ORD_026122,3,"Nothing special, but acceptable.",2024-07-19
REV_002655,ORD_025306,3,It is okay for the price.,2023-04-29
REV_002656,ORD_025182,4,Happy with the purchase and quality.,2023-03-04
REV_002657,ORD_026618,3,It is okay for the price.,2023-07-17
REV_002658,ORD_005880,5,Excellent product. I highly recommend it.,2023-09-23
REV_002659,ORD_020825,3,Average product. It works as expected.,2023-08-02
REV_002660,ORD_013932,4,Happy with the purchase and quality.,2025-04-26
REV_002661,ORD_002670,3,It is okay for the price.,2024-08-17
REV_002662,ORD_005490,5,Amazing quality and very fast delivery.,2023-09-14
REV_002663,ORD_023920,3,"Nothing special, but acceptable.",2024-04-15
REV_002664,ORD_001855,3,Average product. It works as expected.,2025-03-22
REV_002665,ORD_009554,3,Average product. It works as expected.,2025-01-27
REV_002666,ORD_002126,3,Average product. It works as expected.,2024-05-07
REV_002667,ORD_019441,5,Perfect purchase. Very satisfied.,2023-05-26
REV_002668,ORD_026676,4,Good product and fast delivery.,2023-11-28
REV_002669,ORD_015175,3,Average product. It works as expected.,2023-06-29
REV_002670,ORD_007812,3,"Nothing special, but acceptable.",2023-11-17
REV_002671,ORD_029569,2,The product is okay but delivery was late.,2024-12-17
REV_002672,ORD_024629,3,"Nothing special, but acceptable.",2023-04-01
REV_002673,ORD_000184,4,Happy with the purchase and quality.,2024-08-29
REV_002674,ORD_024600,3,Average product. It works as expected.,2024-05-22
REV_002675,ORD_029881,2,The product is okay but delivery was late.,2025-04-10
REV_002676,ORD_006475,4,Good product and fast delivery.,2025-04-30
REV_002677,ORD_011058,4,Works well and arrived on time.,2023-09-07
REV_002678,ORD_028327,2,Not very happy with the purchase.,2023-06-16
REV_002679,ORD_026735,3,Average product. It works as expected.,2023-10-20
REV_002680,ORD_001760,5,Perfect purchase. Very satisfied.,2024-09-20
REV_002681,ORD_022412,3,Average product. It works as expected.,2025-07-01
REV_002682,ORD_013475,4,Works well and arrived on time.,2024-06-05
REV_002683,ORD_002579,2,Not very happy with the purchase.,2024-02-20
REV_002684,ORD_017751,3,It is okay for the price.,2025-06-12
REV_002685,ORD_007350,5,Excellent product. I highly recommend it.,2024-08-02
REV_002686,ORD_003713,2,Not very happy with the purchase.,2024-07-13
REV_002687,ORD_012772,2,Not very happy with the purchase.,2024-04-30
REV_002688,ORD_029566,2,The product is okay but delivery was late.,2024-10-22
REV_002689,ORD_011509,4,Works well and arrived on time.,2024-11-21
REV_002690,ORD_007619,1,Very disappointing product and poor quality.,2023-02-01
REV_002691,ORD_000404,5,Amazing quality and very fast delivery.,2023-05-24
REV_002692,ORD_004407,3,It is okay for the price.,2025-02-13
REV_002693,ORD_004826,2,The product is okay but delivery was late.,2024-10-12
REV_002694,ORD_027797,4,Works well and arrived on time.,2023-04-09
REV_002695,ORD_027519,3,"Nothing special, but acceptable.",2024-01-17
REV_002696,ORD_000269,5,Excellent product. I highly recommend it.,2023-01-27
REV_002697,ORD_002912,3,"Nothing special, but acceptable.",2025-05-16
REV_002698,ORD_006250,3,It is okay for the price.,2024-01-26
REV_002699,ORD_028872,4,Happy with the purchase and quality.,2023-08-08
REV_002700,ORD_006888,4,Happy with the purchase and quality.,2023-02-19
REV_002701,ORD_017569,3,Average product. It works as expected.,2023-03-18
REV_002702,ORD_008810,3,It is okay for the price.,2024-08-19
REV_002703,ORD_000525,5,Amazing quality and very fast delivery.,2023-09-26
REV_002704,ORD_010703,3,It is okay for the price.,2024-04-25
REV_002705,ORD_019205,3,It is okay for the price.,2023-05-25
REV_002706,ORD_014648,4,Happy with the purchase and quality.,2023-12-15
REV_002707,ORD_012741,4,Happy with the purchase and quality.,2024-07-28
REV_002708,ORD_015788,4,Good product and fast delivery.,2024-07-06
REV_002709,ORD_009997,3,Average product. It works as expected.,2023-02-12
REV_002710,ORD_026343,2,Not very happy with the purchase.,2024-07-27
REV_002711,ORD_017925,4,Works well and arrived on time.,2024-02-25
REV_002712,ORD_009343,3,Average product. It works as expected.,2024-02-24
REV_002713,ORD_012284,3,It is okay for the price.,2025-04-20
REV_002714,ORD_010150,5,Excellent product. I highly recommend it.,2024-04-15
REV_002715,ORD_024114,5,Amazing quality and very fast delivery.,2025-05-19
REV_002716,ORD_017327,2,The product is okay but delivery was late.,2023-05-07
REV_002717,ORD_011881,5,Perfect purchase. Very satisfied.,2024-06-04
REV_002718,ORD_025962,4,Good product and fast delivery.,2025-01-18
REV_002719,ORD_027389,3,"Nothing special, but acceptable.",2023-12-12
REV_002720,ORD_022884,4,Good product and fast delivery.,2023-08-24
REV_002721,ORD_003181,3,"Nothing special, but acceptable.",2024-11-30
REV_002722,ORD_013238,3,It is okay for the price.,2024-03-26
REV_002723,ORD_001192,4,Happy with the purchase and quality.,2023-09-27
REV_002724,ORD_004723,3,It is okay for the price.,2025-04-13
REV_002725,ORD_029451,2,The product is okay but delivery was late.,2023-01-20
REV_002726,ORD_016427,4,Works well and arrived on time.,2025-01-10
REV_002727,ORD_014681,3,Average product. It works as expected.,2025-05-08
REV_002728,ORD_027173,4,Happy with the purchase and quality.,2024-04-21
REV_002729,ORD_009493,3,Average product. It works as expected.,2024-05-16
REV_002730,ORD_008414,1,Terrible experience. The product stopped working.,2023-02-24
REV_002731,ORD_004978,3,Average product. It works as expected.,2023-01-30
REV_002732,ORD_005038,4,Works well and arrived on time.,2023-03-11
REV_002733,ORD_000487,3,Average product. It works as expected.,2024-12-13
REV_002734,ORD_027192,3,Average product. It works as expected.,2023-12-27
REV_002735,ORD_018874,2,Quality is below expectations.,2023-02-03
REV_002736,ORD_017289,4,Happy with the purchase and quality.,2023-01-17
REV_002737,ORD_001779,2,Not very happy with the purchase.,2023-09-09
REV_002738,ORD_001154,3,Average product. It works as expected.,2023-09-10
REV_002739,ORD_005855,5,Perfect purchase. Very satisfied.,2025-01-24
REV_002740,ORD_019229,3,"Nothing special, but acceptable.",2025-07-06
REV_002741,ORD_008040,4,Happy with the purchase and quality.,2023-12-13
REV_002742,ORD_028614,3,"Nothing special, but acceptable.",2025-01-09
REV_002743,ORD_026537,2,Quality is below expectations.,2024-05-25
REV_002744,ORD_008547,4,Good product and fast delivery.,2023-04-29
REV_002745,ORD_029195,2,The product is okay but delivery was late.,2024-02-17
REV_002746,ORD_025105,3,"Nothing special, but acceptable.",2024-05-16
REV_002747,ORD_026480,5,Amazing quality and very fast delivery.,2023-10-26
REV_002748,ORD_023208,3,"Nothing special, but acceptable.",2024-11-25
REV_002749,ORD_005511,2,Not very happy with the purchase.,2024-01-19
REV_002750,ORD_023909,3,It is okay for the price.,2025-06-24
REV_002751,ORD_011905,4,Works well and arrived on time.,2023-06-26
REV_002752,ORD_013213,3,Average product. It works as expected.,2024-12-30
REV_002753,ORD_018086,2,Quality is below expectations.,2023-08-05
REV_002754,ORD_019549,3,"Nothing special, but acceptable.",2023-10-22
REV_002755,ORD_027557,3,"Nothing special, but acceptable.",2023-05-01
REV_002756,ORD_016381,4,Happy with the purchase and quality.,2023-10-06
REV_002757,ORD_021904,3,Average product. It works as expected.,2023-04-17
REV_002758,ORD_009013,3,"Nothing special, but acceptable.",2024-03-19
REV_002759,ORD_008448,3,Average product. It works as expected.,2024-10-18
REV_002760,ORD_006963,4,Happy with the purchase and quality.,2025-03-29
REV_002761,ORD_026807,2,Quality is below expectations.,2025-01-13
REV_002762,ORD_020055,3,It is okay for the price.,2023-01-11
REV_002763,ORD_009478,3,"Nothing special, but acceptable.",2023-11-20
REV_002764,ORD_018888,4,Happy with the purchase and quality.,2023-12-20
REV_002765,ORD_007097,4,Happy with the purchase and quality.,2023-10-15
REV_002766,ORD_015805,4,Works well and arrived on time.,2023-08-01
REV_002767,ORD_009993,5,Amazing quality and very fast delivery.,2025-04-10
REV_002768,ORD_000344,4,Works well and arrived on time.,2025-01-24
REV_002769,ORD_006278,4,Works well and arrived on time.,2025-06-21
REV_002770,ORD_027869,4,Happy with the purchase and quality.,2025-06-26
REV_002771,ORD_011064,3,Average product. It works as expected.,2023-09-08
REV_002772,ORD_006521,3,It is okay for the price.,2023-10-01
REV_002773,ORD_012578,3,"Nothing special, but acceptable.",2023-11-14
REV_002774,ORD_015102,2,Not very happy with the purchase.,2024-08-16
REV_002775,ORD_007997,2,The product is okay but delivery was late.,2024-07-21
REV_002776,ORD_003850,3,Average product. It works as expected.,2023-08-31
REV_002777,ORD_019779,4,Good product and fast delivery.,2023-08-13
REV_002778,ORD_024178,3,It is okay for the price.,2023-12-19
REV_002779,ORD_002902,2,Not very happy with the purchase.,2023-05-16
REV_002780,ORD_015695,2,Quality is below expectations.,2024-12-13
REV_002781,ORD_000307,2,Not very happy with the purchase.,2024-12-02
REV_002782,ORD_024585,5,Perfect purchase. Very satisfied.,2025-02-02
REV_002783,ORD_015323,3,"Nothing special, but acceptable.",2023-09-13
REV_002784,ORD_011531,4,Works well and arrived on time.,2024-03-01
REV_002785,ORD_001044,4,Happy with the purchase and quality.,2025-03-03
REV_002786,ORD_020308,3,"Nothing special, but acceptable.",2023-02-18
REV_002787,ORD_001506,3,Average product. It works as expected.,2023-01-18
REV_002788,ORD_012422,3,It is okay for the price.,2023-06-14
REV_002789,ORD_007564,4,Works well and arrived on time.,2023-11-17
REV_002790,ORD_000667,3,It is okay for the price.,2024-07-03
REV_002791,ORD_028194,4,Works well and arrived on time.,2023-03-03
REV_002792,ORD_027680,3,It is okay for the price.,2023-01-15
REV_002793,ORD_022558,3,Average product. It works as expected.,2024-12-23
REV_002794,ORD_004543,4,Good product and fast delivery.,2025-05-02
REV_002795,ORD_027542,4,Good product and fast delivery.,2023-02-05
REV_002796,ORD_007353,3,Average product. It works as expected.,2025-04-17
REV_002797,ORD_010533,3,Average product. It works as expected.,2024-11-21
REV_002798,ORD_027574,4,Works well and arrived on time.,2024-03-16
REV_002799,ORD_019291,3,It is okay for the price.,2023-06-19
REV_002800,ORD_029247,2,The product is okay but delivery was late.,2023-07-02
REV_002801,ORD_001162,2,The product is okay but delivery was late.,2023-07-18
REV_002802,ORD_007552,4,Happy with the purchase and quality.,2024-07-17
REV_002803,ORD_026513,3,"Nothing special, but acceptable.",2025-05-04
REV_002804,ORD_026793,3,It is okay for the price.,2023-11-09
REV_002805,ORD_013928,3,Average product. It works as expected.,2023-09-26
REV_002806,ORD_028197,3,"Nothing special, but acceptable.",2023-07-01
REV_002807,ORD_027551,2,Not very happy with the purchase.,2025-06-19
REV_002808,ORD_022929,3,Average product. It works as expected.,2024-06-24
REV_002809,ORD_005887,4,Good product and fast delivery.,2025-04-02
REV_002810,ORD_010670,3,Average product. It works as expected.,2023-10-12
REV_002811,ORD_007234,4,Works well and arrived on time.,2023-04-05
REV_002812,ORD_012944,4,Works well and arrived on time.,2024-02-12
REV_002813,ORD_026129,4,Happy with the purchase and quality.,2023-06-16
REV_002814,ORD_026955,2,Quality is below expectations.,2024-08-23
REV_002815,ORD_018334,5,Perfect purchase. Very satisfied.,2024-01-22
REV_002816,ORD_026381,3,It is okay for the price.,2023-10-21
REV_002817,ORD_029188,4,Good product and fast delivery.,2024-01-10
REV_002818,ORD_010185,5,Excellent product. I highly recommend it.,2024-04-25
REV_002819,ORD_004832,4,Good product and fast delivery.,2024-10-13
REV_002820,ORD_021610,2,The product is okay but delivery was late.,2023-02-01
REV_002821,ORD_011546,2,Not very happy with the purchase.,2025-05-02
REV_002822,ORD_002299,2,Not very happy with the purchase.,2023-12-11
REV_002823,ORD_024671,2,Not very happy with the purchase.,2023-06-15
REV_002824,ORD_017735,4,Good product and fast delivery.,2023-07-31
REV_002825,ORD_017082,4,Happy with the purchase and quality.,2024-12-04
REV_002826,ORD_000788,4,Happy with the purchase and quality.,2023-02-13
REV_002827,ORD_004715,3,It is okay for the price.,2024-06-12
REV_002828,ORD_007849,5,Excellent product. I highly recommend it.,2024-03-02
REV_002829,ORD_008501,3,It is okay for the price.,2023-12-29
REV_002830,ORD_024200,2,The product is okay but delivery was late.,2023-03-26
REV_002831,ORD_008108,3,Average product. It works as expected.,2025-03-17
REV_002832,ORD_001129,4,Happy with the purchase and quality.,2023-07-17
REV_002833,ORD_025565,4,Works well and arrived on time.,2023-01-24
REV_002834,ORD_015916,1,Terrible experience. The product stopped working.,2024-09-11
REV_002835,ORD_025284,3,It is okay for the price.,2025-01-19
REV_002836,ORD_001403,5,Perfect purchase. Very satisfied.,2023-06-19
REV_002837,ORD_000709,3,It is okay for the price.,2024-02-10
REV_002838,ORD_023174,3,It is okay for the price.,2023-12-25
REV_002839,ORD_020282,3,It is okay for the price.,2023-09-08
REV_002840,ORD_023394,5,Excellent product. I highly recommend it.,2023-08-15
REV_002841,ORD_006445,2,The product is okay but delivery was late.,2023-07-23
REV_002842,ORD_010897,4,Works well and arrived on time.,2025-02-22
REV_002843,ORD_019262,3,"Nothing special, but acceptable.",2024-05-08
REV_002844,ORD_003101,2,Quality is below expectations.,2024-04-13
REV_002845,ORD_008365,3,Average product. It works as expected.,2023-07-02
REV_002846,ORD_013672,3,"Nothing special, but acceptable.",2023-11-25
REV_002847,ORD_018394,3,"Nothing special, but acceptable.",2025-02-05
REV_002848,ORD_026619,3,"Nothing special, but acceptable.",2023-03-28
REV_002849,ORD_016586,3,Average product. It works as expected.,2024-11-09
REV_002850,ORD_009098,3,It is okay for the price.,2023-08-01
REV_002851,ORD_012013,5,Amazing quality and very fast delivery.,2024-08-23
REV_002852,ORD_028301,2,Not very happy with the purchase.,2025-03-05
REV_002853,ORD_027816,3,"Nothing special, but acceptable.",2025-05-17
REV_002854,ORD_004064,3,Average product. It works as expected.,2023-07-13
REV_002855,ORD_028290,3,It is okay for the price.,2024-02-08
REV_002856,ORD_013093,3,"Nothing special, but acceptable.",2023-02-27
REV_002857,ORD_011397,3,It is okay for the price.,2023-02-11
REV_002858,ORD_026802,2,The product is okay but delivery was late.,2023-04-23
REV_002859,ORD_028857,5,Perfect purchase. Very satisfied.,2023-06-04
REV_002860,ORD_011238,3,"Nothing special, but acceptable.",2025-05-07
REV_002861,ORD_003446,4,Happy with the purchase and quality.,2023-07-09
REV_002862,ORD_000643,2,The product is okay but delivery was late.,2023-01-16
REV_002863,ORD_025497,4,Works well and arrived on time.,2023-12-15
REV_002864,ORD_012254,3,"Nothing special, but acceptable.",2023-10-03
REV_002865,ORD_005587,3,"Nothing special, but acceptable.",2023-05-10
REV_002866,ORD_025535,2,Not very happy with the purchase.,2024-05-08
REV_002867,ORD_004094,2,Quality is below expectations.,2024-02-13
REV_002868,ORD_023359,3,Average product. It works as expected.,2024-07-22
REV_002869,ORD_000446,4,Good product and fast delivery.,2025-05-28
REV_002870,ORD_012635,4,Works well and arrived on time.,2023-08-30
REV_002871,ORD_009747,4,Good product and fast delivery.,2023-07-17
REV_002872,ORD_005923,5,Amazing quality and very fast delivery.,2023-10-20
REV_002873,ORD_020277,3,Average product. It works as expected.,2023-02-23
REV_002874,ORD_015863,3,"Nothing special, but acceptable.",2023-02-14
REV_002875,ORD_004183,3,It is okay for the price.,2023-04-11
REV_002876,ORD_004008,4,Happy with the purchase and quality.,2023-03-19
REV_002877,ORD_005574,3,Average product. It works as expected.,2023-11-05
REV_002878,ORD_011911,5,Amazing quality and very fast delivery.,2024-07-06
REV_002879,ORD_021741,3,It is okay for the price.,2023-08-08
REV_002880,ORD_014586,4,Happy with the purchase and quality.,2023-09-15
REV_002881,ORD_002370,4,Good product and fast delivery.,2025-04-11
REV_002882,ORD_022531,4,Good product and fast delivery.,2023-04-25
REV_002883,ORD_028245,2,The product is okay but delivery was late.,2024-07-18
REV_002884,ORD_008904,1,Item arrived damaged and I want a refund.,2023-12-12
REV_002885,ORD_024320,3,"Nothing special, but acceptable.",2024-04-12
REV_002886,ORD_009427,3,Average product. It works as expected.,2025-05-04
REV_002887,ORD_025227,4,Works well and arrived on time.,2024-11-07
REV_002888,ORD_022814,4,Works well and arrived on time.,2023-04-12
REV_002889,ORD_014274,3,Average product. It works as expected.,2024-01-06
REV_002890,ORD_023311,3,It is okay for the price.,2024-03-31
REV_002891,ORD_027236,3,"Nothing special, but acceptable.",2025-02-11
REV_002892,ORD_007550,2,Quality is below expectations.,2024-07-30
REV_002893,ORD_016432,3,It is okay for the price.,2024-12-05
REV_002894,ORD_028389,3,Average product. It works as expected.,2025-04-26
REV_002895,ORD_009635,4,Works well and arrived on time.,2024-01-18
REV_002896,ORD_009005,2,Not very happy with the purchase.,2023-07-26
REV_002897,ORD_000417,3,Average product. It works as expected.,2025-02-11
REV_002898,ORD_014549,4,Works well and arrived on time.,2023-04-20
REV_002899,ORD_006872,4,Good product and fast delivery.,2024-06-26
REV_002900,ORD_010653,4,Good product and fast delivery.,2023-05-08
REV_002901,ORD_003616,2,Quality is below expectations.,2023-03-01
REV_002902,ORD_003230,3,"Nothing special, but acceptable.",2024-08-16
REV_002903,ORD_001956,3,"Nothing special, but acceptable.",2024-05-12
REV_002904,ORD_019641,2,Quality is below expectations.,2024-07-11
REV_002905,ORD_016959,3,It is okay for the price.,2023-08-19
REV_002906,ORD_024153,4,Happy with the purchase and quality.,2023-06-21
REV_002907,ORD_022674,4,Happy with the purchase and quality.,2025-02-05
REV_002908,ORD_010073,4,Good product and fast delivery.,2024-05-30
REV_002909,ORD_021609,5,Excellent product. I highly recommend it.,2023-05-23
REV_002910,ORD_002306,3,"Nothing special, but acceptable.",2025-01-20
REV_002911,ORD_022305,5,Amazing quality and very fast delivery.,2023-12-22
REV_002912,ORD_028746,3,"Nothing special, but acceptable.",2023-01-13
REV_002913,ORD_000363,2,The product is okay but delivery was late.,2024-08-03
REV_002914,ORD_000650,3,"Nothing special, but acceptable.",2023-11-10
REV_002915,ORD_023466,3,It is okay for the price.,2023-02-18
REV_002916,ORD_028855,2,Not very happy with the purchase.,2025-01-26
REV_002917,ORD_023095,3,Average product. It works as expected.,2023-12-12
REV_002918,ORD_028627,3,It is okay for the price.,2024-01-11
REV_002919,ORD_021525,4,Works well and arrived on time.,2025-03-21
REV_002920,ORD_004488,5,Excellent product. I highly recommend it.,2023-10-26
REV_002921,ORD_010880,4,Good product and fast delivery.,2023-08-04
REV_002922,ORD_024193,4,Happy with the purchase and quality.,2023-11-05
REV_002923,ORD_012714,3,It is okay for the price.,2025-02-16
REV_002924,ORD_028621,3,Average product. It works as expected.,2023-03-21
REV_002925,ORD_005578,4,Works well and arrived on time.,2023-03-13
REV_002926,ORD_021592,4,Works well and arrived on time.,2023-06-23
REV_002927,ORD_012496,4,Works well and arrived on time.,2024-07-19
REV_002928,ORD_006200,3,It is okay for the price.,2024-04-21
REV_002929,ORD_015858,3,Average product. It works as expected.,2025-01-09
REV_002930,ORD_023312,5,Excellent product. I highly recommend it.,2023-05-24
REV_002931,ORD_014476,4,Good product and fast delivery.,2025-04-24
REV_002932,ORD_021773,4,Good product and fast delivery.,2023-02-06
REV_002933,ORD_009259,2,Quality is below expectations.,2025-06-29
REV_002934,ORD_028696,3,It is okay for the price.,2023-03-27
REV_002935,ORD_012716,4,Good product and fast delivery.,2024-12-26
REV_002936,ORD_012518,4,Good product and fast delivery.,2024-12-08
REV_002937,ORD_006157,4,Happy with the purchase and quality.,2025-02-23
REV_002938,ORD_018105,3,It is okay for the price.,2024-12-21
REV_002939,ORD_015794,2,Quality is below expectations.,2025-05-19
REV_002940,ORD_020112,3,It is okay for the price.,2023-06-30
REV_002941,ORD_008137,4,Works well and arrived on time.,2023-07-27
REV_002942,ORD_025036,3,It is okay for the price.,2025-02-23
REV_002943,ORD_026935,4,Works well and arrived on time.,2024-02-27
REV_002944,ORD_020436,3,It is okay for the price.,2025-06-01
REV_002945,ORD_016166,3,Average product. It works as expected.,2023-09-23
REV_002946,ORD_021349,3,"Nothing special, but acceptable.",2024-04-04
REV_002947,ORD_019913,2,Not very happy with the purchase.,2023-11-18
REV_002948,ORD_022398,2,Not very happy with the purchase.,2023-09-20
REV_002949,ORD_003424,4,Happy with the purchase and quality.,2024-03-22
REV_002950,ORD_027581,3,It is okay for the price.,2024-08-10
REV_002951,ORD_015238,3,It is okay for the price.,2023-12-21
REV_002952,ORD_014352,2,The product is okay but delivery was late.,2024-10-10
REV_002953,ORD_011784,4,Happy with the purchase and quality.,2025-03-31
REV_002954,ORD_016698,2,The product is okay but delivery was late.,2023-05-21
REV_002955,ORD_010182,4,Works well and arrived on time.,2024-04-06
REV_002956,ORD_005929,1,Item arrived damaged and I want a refund.,2024-06-23
REV_002957,ORD_024677,3,Average product. It works as expected.,2023-07-23
REV_002958,ORD_011255,4,Good product and fast delivery.,2024-10-04
REV_002959,ORD_009183,3,"Nothing special, but acceptable.",2023-11-13
REV_002960,ORD_022850,3,Average product. It works as expected.,2025-05-13
REV_002961,ORD_015808,4,Works well and arrived on time.,2023-03-17
REV_002962,ORD_024436,2,Quality is below expectations.,2025-05-15
REV_002963,ORD_004089,3,"Nothing special, but acceptable.",2025-03-31
REV_002964,ORD_006413,3,Average product. It works as expected.,2024-02-19
REV_002965,ORD_012587,3,Average product. It works as expected.,2023-03-09
REV_002966,ORD_011923,3,It is okay for the price.,2023-11-21
REV_002967,ORD_003964,4,Works well and arrived on time.,2024-05-13
REV_002968,ORD_000251,2,Quality is below expectations.,2025-05-26
REV_002969,ORD_011724,4,Happy with the purchase and quality.,2023-02-15
REV_002970,ORD_019201,5,Perfect purchase. Very satisfied.,2023-09-03
REV_002971,ORD_006643,3,Average product. It works as expected.,2023-01-23
REV_002972,ORD_009592,3,It is okay for the price.,2024-05-17
REV_002973,ORD_004436,2,Quality is below expectations.,2024-07-22
REV_002974,ORD_016134,5,Perfect purchase. Very satisfied.,2024-12-21
REV_002975,ORD_016489,2,Not very happy with the purchase.,2023-07-06
REV_002976,ORD_022454,3,Average product. It works as expected.,2023-04-27
REV_002977,ORD_029896,3,"Nothing special, but acceptable.",2023-08-12
REV_002978,ORD_022644,1,Terrible experience. The product stopped working.,2024-12-21
REV_002979,ORD_003768,2,Not very happy with the purchase.,2023-01-22
REV_002980,ORD_004187,3,It is okay for the price.,2023-10-11
REV_002981,ORD_018431,3,Average product. It works as expected.,2023-07-26
REV_002982,ORD_000086,3,"Nothing special, but acceptable.",2023-02-14
REV_002983,ORD_013142,1,Very disappointing product and poor quality.,2023-02-13
REV_002984,ORD_004693,4,Works well and arrived on time.,2023-02-13
REV_002985,ORD_005113,3,It is okay for the price.,2023-03-25
REV_002986,ORD_001186,3,It is okay for the price.,2024-06-05
REV_002987,ORD_002365,3,Average product. It works as expected.,2023-07-22
REV_002988,ORD_005653,2,Quality is below expectations.,2024-04-11
REV_002989,ORD_007940,4,Good product and fast delivery.,2023-04-15
REV_002990,ORD_022835,4,Happy with the purchase and quality.,2023-08-12
REV_002991,ORD_000763,4,Happy with the purchase and quality.,2023-11-08
REV_002992,ORD_000798,4,Works well and arrived on time.,2025-04-02
REV_002993,ORD_006100,2,Quality is below expectations.,2024-05-31
REV_002994,ORD_029614,3,It is okay for the price.,2024-08-27
REV_002995,ORD_009424,3,"Nothing special, but acceptable.",2024-12-01
REV_002996,ORD_020269,3,"Nothing special, but acceptable.",2024-07-16
REV_002997,ORD_009264,2,The product is okay but delivery was late.,2024-07-19
REV_002998,ORD_010022,5,Amazing quality and very fast delivery.,2023-12-01
REV_002999,ORD_002384,3,"Nothing special, but acceptable.",2024-02-03
REV_003000,ORD_016409,3,It is okay for the price.,2023-09-05
REV_003001,ORD_019418,4,Works well and arrived on time.,2025-07-04
REV_003002,ORD_017203,3,Average product. It works as expected.,2023-04-30
REV_003003,ORD_002521,3,"Nothing special, but acceptable.",2024-01-13
REV_003004,ORD_001707,2,Quality is below expectations.,2023-12-13
REV_003005,ORD_027515,2,Quality is below expectations.,2023-06-08
REV_003006,ORD_029175,4,Good product and fast delivery.,2025-02-06
REV_003007,ORD_000513,4,Happy with the purchase and quality.,2025-06-30
REV_003008,ORD_024744,4,Works well and arrived on time.,2023-10-24
REV_003009,ORD_014411,3,Average product. It works as expected.,2024-02-26
REV_003010,ORD_007088,3,"Nothing special, but acceptable.",2025-07-03
REV_003011,ORD_019516,4,Works well and arrived on time.,2024-08-08
REV_003012,ORD_005462,3,It is okay for the price.,2025-04-19
REV_003013,ORD_000282,2,The product is okay but delivery was late.,2024-08-17
REV_003014,ORD_029200,4,Works well and arrived on time.,2025-03-26
REV_003015,ORD_016509,3,It is okay for the price.,2023-02-03
REV_003016,ORD_005397,3,"Nothing special, but acceptable.",2024-01-11
REV_003017,ORD_024650,5,Excellent product. I highly recommend it.,2023-01-30
REV_003018,ORD_027686,3,Average product. It works as expected.,2025-02-23
REV_003019,ORD_024090,4,Happy with the purchase and quality.,2024-12-06
REV_003020,ORD_017386,3,"Nothing special, but acceptable.",2023-07-20
REV_003021,ORD_016094,3,"Nothing special, but acceptable.",2023-04-18
REV_003022,ORD_027350,2,The product is okay but delivery was late.,2023-06-17
REV_003023,ORD_006070,4,Happy with the purchase and quality.,2024-12-06
REV_003024,ORD_002955,5,Perfect purchase. Very satisfied.,2024-06-24
REV_003025,ORD_022586,4,Happy with the purchase and quality.,2024-04-08
REV_003026,ORD_020089,3,It is okay for the price.,2025-05-15
REV_003027,ORD_018774,5,Perfect purchase. Very satisfied.,2025-01-03
REV_003028,ORD_006429,4,Works well and arrived on time.,2023-04-15
REV_003029,ORD_021804,3,Average product. It works as expected.,2024-03-14
REV_003030,ORD_027297,5,Excellent product. I highly recommend it.,2023-10-17
REV_003031,ORD_029591,3,Average product. It works as expected.,2024-09-20
REV_003032,ORD_009076,4,Good product and fast delivery.,2024-02-07
REV_003033,ORD_002887,5,Excellent product. I highly recommend it.,2023-12-30
REV_003034,ORD_002762,3,"Nothing special, but acceptable.",2023-03-21
REV_003035,ORD_011925,3,Average product. It works as expected.,2023-05-22
REV_003036,ORD_001228,2,Not very happy with the purchase.,2024-06-18
REV_003037,ORD_000380,3,It is okay for the price.,2023-02-04
REV_003038,ORD_011325,4,Happy with the purchase and quality.,2023-03-10
REV_003039,ORD_010025,3,Average product. It works as expected.,2023-11-20
REV_003040,ORD_029515,4,Happy with the purchase and quality.,2024-03-08
REV_003041,ORD_016278,2,The product is okay but delivery was late.,2024-03-15
REV_003042,ORD_006037,4,Works well and arrived on time.,2024-06-19
REV_003043,ORD_015629,3,"Nothing special, but acceptable.",2024-08-10
REV_003044,ORD_022493,4,Happy with the purchase and quality.,2024-03-16
REV_003045,ORD_017757,2,The product is okay but delivery was late.,2023-04-20
REV_003046,ORD_017526,4,Works well and arrived on time.,2024-08-29
REV_003047,ORD_019721,2,Not very happy with the purchase.,2024-08-11
REV_003048,ORD_018189,4,Good product and fast delivery.,2024-06-09
REV_003049,ORD_015952,3,It is okay for the price.,2024-08-29
REV_003050,ORD_026649,3,"Nothing special, but acceptable.",2024-10-20
REV_003051,ORD_006896,3,It is okay for the price.,2024-12-04
REV_003052,ORD_001479,4,Happy with the purchase and quality.,2024-01-06
REV_003053,ORD_008533,4,Happy with the purchase and quality.,2023-03-11
REV_003054,ORD_019159,3,It is okay for the price.,2023-02-06
REV_003055,ORD_010233,3,Average product. It works as expected.,2025-06-17
REV_003056,ORD_017443,2,The product is okay but delivery was late.,2023-07-28
REV_003057,ORD_010155,4,Works well and arrived on time.,2025-04-10
REV_003058,ORD_001027,2,The product is okay but delivery was late.,2023-04-02
REV_003059,ORD_014718,4,Happy with the purchase and quality.,2023-11-06
REV_003060,ORD_002797,3,"Nothing special, but acceptable.",2023-12-29
REV_003061,ORD_019347,3,"Nothing special, but acceptable.",2025-03-17
REV_003062,ORD_012309,4,Works well and arrived on time.,2025-07-03
REV_003063,ORD_019398,3,It is okay for the price.,2024-08-21
REV_003064,ORD_017389,3,"Nothing special, but acceptable.",2023-08-23
REV_003065,ORD_008447,3,"Nothing special, but acceptable.",2025-01-12
REV_003066,ORD_007252,4,Good product and fast delivery.,2025-03-21
REV_003067,ORD_021092,4,Works well and arrived on time.,2024-10-20
REV_003068,ORD_004393,4,Happy with the purchase and quality.,2024-12-09
REV_003069,ORD_017982,2,Not very happy with the purchase.,2023-05-27
REV_003070,ORD_023140,4,Good product and fast delivery.,2024-03-05
REV_003071,ORD_015623,2,Quality is below expectations.,2023-10-31
REV_003072,ORD_003991,3,Average product. It works as expected.,2023-08-26
REV_003073,ORD_004673,5,Excellent product. I highly recommend it.,2025-04-22
REV_003074,ORD_013946,3,Average product. It works as expected.,2023-05-05
REV_003075,ORD_004446,4,Works well and arrived on time.,2024-02-08
REV_003076,ORD_002795,3,"Nothing special, but acceptable.",2024-01-01
REV_003077,ORD_018291,2,The product is okay but delivery was late.,2024-12-30
REV_003078,ORD_009862,4,Happy with the purchase and quality.,2023-07-19
REV_003079,ORD_022194,3,"Nothing special, but acceptable.",2024-03-08
REV_003080,ORD_023739,3,It is okay for the price.,2023-02-05
REV_003081,ORD_019063,4,Good product and fast delivery.,2023-04-10
REV_003082,ORD_002379,4,Good product and fast delivery.,2023-04-10
REV_003083,ORD_020232,3,It is okay for the price.,2023-04-25
REV_003084,ORD_025030,2,Not very happy with the purchase.,2023-12-11
REV_003085,ORD_002953,3,"Nothing special, but acceptable.",2023-10-01
REV_003086,ORD_028424,3,"Nothing special, but acceptable.",2023-07-08
REV_003087,ORD_012031,3,It is okay for the price.,2024-01-22
REV_003088,ORD_002930,4,Good product and fast delivery.,2024-04-08
REV_003089,ORD_006381,4,Good product and fast delivery.,2024-05-02
REV_003090,ORD_001438,4,Works well and arrived on time.,2023-10-11
REV_003091,ORD_024770,5,Perfect purchase. Very satisfied.,2023-09-02
REV_003092,ORD_013469,4,Happy with the purchase and quality.,2024-07-29
REV_003093,ORD_000879,2,Not very happy with the purchase.,2023-06-19
REV_003094,ORD_020382,3,Average product. It works as expected.,2023-03-12
REV_003095,ORD_017401,3,It is okay for the price.,2025-02-08
REV_003096,ORD_011454,2,The product is okay but delivery was late.,2024-12-22
REV_003097,ORD_002271,3,"Nothing special, but acceptable.",2025-01-11
REV_003098,ORD_011554,5,Excellent product. I highly recommend it.,2023-07-20
REV_003099,ORD_023742,3,Average product. It works as expected.,2025-01-09
REV_003100,ORD_019316,5,Perfect purchase. Very satisfied.,2023-06-20
REV_003101,ORD_023419,4,Works well and arrived on time.,2023-03-18
REV_003102,ORD_003580,4,Good product and fast delivery.,2023-08-22
REV_003103,ORD_014649,4,Works well and arrived on time.,2024-05-17
REV_003104,ORD_026635,4,Good product and fast delivery.,2025-03-21
REV_003105,ORD_008265,2,Not very happy with the purchase.,2023-06-08
REV_003106,ORD_009803,4,Works well and arrived on time.,2025-05-22
REV_003107,ORD_014612,3,Average product. It works as expected.,2023-09-08
REV_003108,ORD_029539,2,Quality is below expectations.,2024-03-02
REV_003109,ORD_026308,3,Average product. It works as expected.,2023-01-24
REV_003110,ORD_009796,3,Average product. It works as expected.,2024-06-21
REV_003111,ORD_005743,4,Good product and fast delivery.,2024-02-19
REV_003112,ORD_018310,5,Excellent product. I highly recommend it.,2024-01-30
REV_003113,ORD_024069,5,Amazing quality and very fast delivery.,2023-11-22
REV_003114,ORD_017517,3,It is okay for the price.,2024-05-23
REV_003115,ORD_023551,4,Good product and fast delivery.,2023-02-13
REV_003116,ORD_003061,3,Average product. It works as expected.,2024-05-29
REV_003117,ORD_013346,3,Average product. It works as expected.,2024-10-31
REV_003118,ORD_010012,4,Happy with the purchase and quality.,2025-07-02
REV_003119,ORD_006584,3,"Nothing special, but acceptable.",2023-02-02
REV_003120,ORD_011635,4,Happy with the purchase and quality.,2025-05-30
REV_003121,ORD_017390,3,It is okay for the price.,2023-04-09
REV_003122,ORD_016576,3,Average product. It works as expected.,2023-02-01
REV_003123,ORD_016300,4,Works well and arrived on time.,2023-03-24
REV_003124,ORD_011547,4,Good product and fast delivery.,2023-04-23
REV_003125,ORD_018307,3,Average product. It works as expected.,2023-08-29
REV_003126,ORD_019062,5,Amazing quality and very fast delivery.,2024-03-24
REV_003127,ORD_009816,4,Works well and arrived on time.,2024-09-15
REV_003128,ORD_020749,3,"Nothing special, but acceptable.",2023-05-11
REV_003129,ORD_002512,4,Works well and arrived on time.,2025-04-12
REV_003130,ORD_008302,3,"Nothing special, but acceptable.",2024-04-08
REV_003131,ORD_028745,4,Good product and fast delivery.,2025-02-26
REV_003132,ORD_015802,4,Works well and arrived on time.,2023-02-07
REV_003133,ORD_029445,3,"Nothing special, but acceptable.",2024-04-13
REV_003134,ORD_023403,5,Amazing quality and very fast delivery.,2023-03-14
REV_003135,ORD_003037,3,"Nothing special, but acceptable.",2025-02-24
REV_003136,ORD_017892,2,Not very happy with the purchase.,2023-03-25
REV_003137,ORD_001198,5,Amazing quality and very fast delivery.,2024-11-12
REV_003138,ORD_003173,4,Works well and arrived on time.,2023-10-04
REV_003139,ORD_016043,2,Quality is below expectations.,2024-10-26
REV_003140,ORD_004233,2,Not very happy with the purchase.,2023-04-19
REV_003141,ORD_009888,3,"Nothing special, but acceptable.",2023-07-18
REV_003142,ORD_019750,4,Happy with the purchase and quality.,2024-09-23
REV_003143,ORD_022698,1,Item arrived damaged and I want a refund.,2024-11-18
REV_003144,ORD_019401,1,Very disappointing product and poor quality.,2024-10-24
REV_003145,ORD_002548,3,It is okay for the price.,2024-11-25
REV_003146,ORD_020573,5,Excellent product. I highly recommend it.,2024-08-10
REV_003147,ORD_012133,5,Perfect purchase. Very satisfied.,2025-02-14
REV_003148,ORD_003205,2,Quality is below expectations.,2025-03-04
REV_003149,ORD_021605,4,Good product and fast delivery.,2024-03-01
REV_003150,ORD_010713,4,Works well and arrived on time.,2023-03-31
REV_003151,ORD_016886,4,Good product and fast delivery.,2024-04-20
REV_003152,ORD_000784,4,Good product and fast delivery.,2023-10-22
REV_003153,ORD_021501,3,"Nothing special, but acceptable.",2023-11-01
REV_003154,ORD_000160,4,Happy with the purchase and quality.,2023-03-29
REV_003155,ORD_007817,5,Perfect purchase. Very satisfied.,2024-03-16
REV_003156,ORD_004384,3,"Nothing special, but acceptable.",2023-12-09
REV_003157,ORD_014624,3,Average product. It works as expected.,2023-10-18
REV_003158,ORD_028514,4,Happy with the purchase and quality.,2025-05-12
REV_003159,ORD_005759,4,Good product and fast delivery.,2024-08-15
REV_003160,ORD_002741,2,The product is okay but delivery was late.,2024-02-26
REV_003161,ORD_007928,4,Works well and arrived on time.,2024-03-30
REV_003162,ORD_007751,2,Not very happy with the purchase.,2024-04-19
REV_003163,ORD_004563,4,Happy with the purchase and quality.,2023-04-08
REV_003164,ORD_020821,3,"Nothing special, but acceptable.",2023-08-29
REV_003165,ORD_028173,3,Average product. It works as expected.,2024-01-17
REV_003166,ORD_002903,3,It is okay for the price.,2024-09-21
REV_003167,ORD_011053,3,Average product. It works as expected.,2024-10-13
REV_003168,ORD_021144,4,Works well and arrived on time.,2025-03-16
REV_003169,ORD_010315,3,"Nothing special, but acceptable.",2023-11-06
REV_003170,ORD_018946,3,Average product. It works as expected.,2024-08-26
REV_003171,ORD_018961,5,Excellent product. I highly recommend it.,2023-04-28
REV_003172,ORD_004057,3,It is okay for the price.,2025-04-23
REV_003173,ORD_020124,3,Average product. It works as expected.,2024-10-20
REV_003174,ORD_007936,4,Good product and fast delivery.,2025-06-28
REV_003175,ORD_012823,3,It is okay for the price.,2025-01-19
REV_003176,ORD_012907,5,Perfect purchase. Very satisfied.,2024-05-30
REV_003177,ORD_004321,3,"Nothing special, but acceptable.",2024-03-19
REV_003178,ORD_018776,3,Average product. It works as expected.,2023-02-24
REV_003179,ORD_024690,3,"Nothing special, but acceptable.",2023-02-06
REV_003180,ORD_016072,3,It is okay for the price.,2024-10-17
REV_003181,ORD_029212,3,It is okay for the price.,2024-02-21
REV_003182,ORD_011615,3,"Nothing special, but acceptable.",2023-04-22
REV_003183,ORD_002386,2,Not very happy with the purchase.,2023-10-11
REV_003184,ORD_021113,4,Works well and arrived on time.,2024-02-29
REV_003185,ORD_013519,4,Good product and fast delivery.,2024-08-20
REV_003186,ORD_010666,4,Works well and arrived on time.,2024-01-11
REV_003187,ORD_025697,3,"Nothing special, but acceptable.",2024-06-29
REV_003188,ORD_005774,4,Happy with the purchase and quality.,2023-02-13
REV_003189,ORD_017106,4,Happy with the purchase and quality.,2024-06-05
REV_003190,ORD_016226,4,Good product and fast delivery.,2023-10-14
REV_003191,ORD_026295,3,It is okay for the price.,2024-07-13
REV_003192,ORD_025268,4,Good product and fast delivery.,2023-09-22
REV_003193,ORD_020704,5,Perfect purchase. Very satisfied.,2023-10-13
REV_003194,ORD_015941,3,Average product. It works as expected.,2023-03-24
REV_003195,ORD_007917,4,Works well and arrived on time.,2023-04-15
REV_003196,ORD_001686,2,The product is okay but delivery was late.,2025-02-15
REV_003197,ORD_009285,3,"Nothing special, but acceptable.",2023-08-15
REV_003198,ORD_026436,4,Good product and fast delivery.,2024-11-19
REV_003199,ORD_002052,3,"Nothing special, but acceptable.",2025-04-13
REV_003200,ORD_000103,3,It is okay for the price.,2024-08-11
REV_003201,ORD_001610,5,Perfect purchase. Very satisfied.,2025-03-15
REV_003202,ORD_004056,4,Happy with the purchase and quality.,2024-12-03
REV_003203,ORD_029664,3,"Nothing special, but acceptable.",2023-01-10
REV_003204,ORD_027384,5,Amazing quality and very fast delivery.,2024-07-03
REV_003205,ORD_025991,3,"Nothing special, but acceptable.",2023-01-29
REV_003206,ORD_027094,2,Quality is below expectations.,2024-04-22
REV_003207,ORD_000694,3,"Nothing special, but acceptable.",2025-01-15
REV_003208,ORD_025290,2,The product is okay but delivery was late.,2025-04-29
REV_003209,ORD_024949,4,Good product and fast delivery.,2025-03-08
REV_003210,ORD_018338,5,Excellent product. I highly recommend it.,2024-09-09
REV_003211,ORD_023616,3,Average product. It works as expected.,2024-12-26
REV_003212,ORD_000352,3,It is okay for the price.,2024-02-24
REV_003213,ORD_022478,3,It is okay for the price.,2024-07-14
REV_003214,ORD_009729,3,It is okay for the price.,2023-07-28
REV_003215,ORD_000689,3,Average product. It works as expected.,2025-06-04
REV_003216,ORD_024622,3,"Nothing special, but acceptable.",2024-08-29
REV_003217,ORD_017573,4,Happy with the purchase and quality.,2023-12-23
REV_003218,ORD_015679,2,The product is okay but delivery was late.,2024-09-15
REV_003219,ORD_012258,4,Happy with the purchase and quality.,2025-04-17
REV_003220,ORD_028295,4,Works well and arrived on time.,2024-06-09
REV_003221,ORD_013317,2,Quality is below expectations.,2023-11-17
REV_003222,ORD_016095,2,The product is okay but delivery was late.,2025-04-13
REV_003223,ORD_000212,2,The product is okay but delivery was late.,2024-09-09
REV_003224,ORD_020827,3,It is okay for the price.,2024-01-04
REV_003225,ORD_003024,2,Not very happy with the purchase.,2023-09-26
REV_003226,ORD_017554,5,Amazing quality and very fast delivery.,2024-01-25
REV_003227,ORD_028246,3,It is okay for the price.,2025-04-16
REV_003228,ORD_019726,3,It is okay for the price.,2025-05-15
REV_003229,ORD_010765,3,It is okay for the price.,2024-10-16
REV_003230,ORD_005095,4,Good product and fast delivery.,2024-03-02
REV_003231,ORD_000467,4,Happy with the purchase and quality.,2023-04-05
REV_003232,ORD_019556,3,Average product. It works as expected.,2025-06-05
REV_003233,ORD_007052,3,"Nothing special, but acceptable.",2025-06-10
REV_003234,ORD_022212,4,Happy with the purchase and quality.,2023-01-17
REV_003235,ORD_020102,4,Happy with the purchase and quality.,2025-02-18
REV_003236,ORD_000807,4,Works well and arrived on time.,2023-12-31
REV_003237,ORD_020545,4,Good product and fast delivery.,2023-08-05
REV_003238,ORD_006531,4,Happy with the purchase and quality.,2025-06-04
REV_003239,ORD_022179,3,"Nothing special, but acceptable.",2023-10-18
REV_003240,ORD_027436,3,"Nothing special, but acceptable.",2024-01-06
REV_003241,ORD_012290,2,The product is okay but delivery was late.,2024-09-21
REV_003242,ORD_014632,3,It is okay for the price.,2025-06-07
REV_003243,ORD_026024,3,Average product. It works as expected.,2023-10-14
REV_003244,ORD_006632,3,Average product. It works as expected.,2023-07-08
REV_003245,ORD_017604,4,Happy with the purchase and quality.,2024-12-04
REV_003246,ORD_003234,3,It is okay for the price.,2024-10-13
REV_003247,ORD_015862,3,Average product. It works as expected.,2023-05-09
REV_003248,ORD_003071,4,Good product and fast delivery.,2025-05-21
REV_003249,ORD_015258,3,It is okay for the price.,2025-04-04
REV_003250,ORD_005392,3,"Nothing special, but acceptable.",2023-04-05
REV_003251,ORD_004496,4,Works well and arrived on time.,2024-07-12
REV_003252,ORD_001874,2,The product is okay but delivery was late.,2024-03-20
REV_003253,ORD_004332,3,"Nothing special, but acceptable.",2024-03-31
REV_003254,ORD_014604,2,Not very happy with the purchase.,2023-11-05
REV_003255,ORD_018247,4,Good product and fast delivery.,2025-01-20
REV_003256,ORD_001125,5,Excellent product. I highly recommend it.,2023-11-09
REV_003257,ORD_010785,4,Works well and arrived on time.,2025-03-23
REV_003258,ORD_025983,4,Happy with the purchase and quality.,2023-12-29
REV_003259,ORD_023644,4,Good product and fast delivery.,2025-03-30
REV_003260,ORD_026305,5,Amazing quality and very fast delivery.,2023-12-04
REV_003261,ORD_028046,1,Terrible experience. The product stopped working.,2024-09-12
REV_003262,ORD_023223,4,Good product and fast delivery.,2025-02-03
REV_003263,ORD_028841,4,Works well and arrived on time.,2023-01-18
REV_003264,ORD_010232,3,"Nothing special, but acceptable.",2024-10-19
REV_003265,ORD_018169,4,Works well and arrived on time.,2025-05-17
REV_003266,ORD_024231,3,"Nothing special, but acceptable.",2024-01-28
REV_003267,ORD_017348,5,Amazing quality and very fast delivery.,2023-04-05
REV_003268,ORD_011552,3,Average product. It works as expected.,2023-10-08
REV_003269,ORD_027993,3,It is okay for the price.,2024-12-15
REV_003270,ORD_003832,3,It is okay for the price.,2025-02-25
REV_003271,ORD_009896,3,"Nothing special, but acceptable.",2024-07-02
REV_003272,ORD_021799,5,Perfect purchase. Very satisfied.,2024-05-28
REV_003273,ORD_014792,4,Happy with the purchase and quality.,2024-11-14
REV_003274,ORD_008315,3,Average product. It works as expected.,2024-10-01
REV_003275,ORD_008740,3,"Nothing special, but acceptable.",2023-01-15
REV_003276,ORD_003305,4,Works well and arrived on time.,2024-09-08
REV_003277,ORD_025808,3,Average product. It works as expected.,2023-06-21
REV_003278,ORD_010220,4,Happy with the purchase and quality.,2023-12-31
REV_003279,ORD_025490,4,Good product and fast delivery.,2023-09-18
REV_003280,ORD_011920,3,"Nothing special, but acceptable.",2024-11-11
REV_003281,ORD_012521,4,Good product and fast delivery.,2025-04-11
REV_003282,ORD_016554,4,Good product and fast delivery.,2024-01-30
REV_003283,ORD_014324,4,Happy with the purchase and quality.,2025-03-22
REV_003284,ORD_013187,3,"Nothing special, but acceptable.",2023-04-03
REV_003285,ORD_017644,5,Amazing quality and very fast delivery.,2023-07-19
REV_003286,ORD_023037,3,"Nothing special, but acceptable.",2024-02-09
REV_003287,ORD_011176,2,Not very happy with the purchase.,2023-02-03
REV_003288,ORD_013535,4,Works well and arrived on time.,2023-06-19
REV_003289,ORD_023255,5,Amazing quality and very fast delivery.,2024-11-02
REV_003290,ORD_027410,5,Amazing quality and very fast delivery.,2024-06-12
REV_003291,ORD_004573,3,Average product. It works as expected.,2024-12-20
REV_003292,ORD_009301,3,Average product. It works as expected.,2023-08-26
REV_003293,ORD_016752,2,Quality is below expectations.,2024-05-21
REV_003294,ORD_003203,3,Average product. It works as expected.,2025-02-02
REV_003295,ORD_001938,4,Works well and arrived on time.,2023-12-08
REV_003296,ORD_023051,2,Quality is below expectations.,2024-11-01
REV_003297,ORD_029630,3,Average product. It works as expected.,2023-05-20
REV_003298,ORD_000767,5,Amazing quality and very fast delivery.,2023-07-29
REV_003299,ORD_014723,5,Amazing quality and very fast delivery.,2024-10-30
REV_003300,ORD_023369,4,Good product and fast delivery.,2024-02-02
REV_003301,ORD_024431,3,"Nothing special, but acceptable.",2024-01-23
REV_003302,ORD_023544,5,Amazing quality and very fast delivery.,2023-09-22
REV_003303,ORD_011497,4,Good product and fast delivery.,2023-08-29
REV_003304,ORD_011098,3,It is okay for the price.,2024-01-15
REV_003305,ORD_016518,3,Average product. It works as expected.,2024-10-03
REV_003306,ORD_020600,1,Terrible experience. The product stopped working.,2023-02-08
REV_003307,ORD_020359,5,Perfect purchase. Very satisfied.,2024-01-22
REV_003308,ORD_025807,5,Perfect purchase. Very satisfied.,2023-05-19
REV_003309,ORD_022942,3,It is okay for the price.,2024-06-02
REV_003310,ORD_024015,4,Works well and arrived on time.,2023-10-19
REV_003311,ORD_024901,3,Average product. It works as expected.,2024-06-19
REV_003312,ORD_029637,4,Works well and arrived on time.,2024-04-24
REV_003313,ORD_003135,2,The product is okay but delivery was late.,2025-04-17
REV_003314,ORD_005499,4,Works well and arrived on time.,2024-09-06
REV_003315,ORD_022694,5,Amazing quality and very fast delivery.,2024-10-26
REV_003316,ORD_025407,3,It is okay for the price.,2024-05-30
REV_003317,ORD_019873,3,"Nothing special, but acceptable.",2024-07-23
REV_003318,ORD_014896,4,Good product and fast delivery.,2023-11-15
REV_003319,ORD_005330,3,"Nothing special, but acceptable.",2024-01-12
REV_003320,ORD_021190,3,Average product. It works as expected.,2024-04-08
REV_003321,ORD_017570,3,Average product. It works as expected.,2023-05-06
REV_003322,ORD_001527,3,It is okay for the price.,2025-05-24
REV_003323,ORD_002743,3,Average product. It works as expected.,2024-05-17
REV_003324,ORD_010192,4,Works well and arrived on time.,2025-04-23
REV_003325,ORD_015464,5,Perfect purchase. Very satisfied.,2025-07-03
REV_003326,ORD_002867,4,Happy with the purchase and quality.,2024-04-18
REV_003327,ORD_010211,5,Amazing quality and very fast delivery.,2024-07-23
REV_003328,ORD_017914,4,Good product and fast delivery.,2023-01-20
REV_003329,ORD_014265,3,"Nothing special, but acceptable.",2023-11-09
REV_003330,ORD_018948,3,"Nothing special, but acceptable.",2024-09-21
REV_003331,ORD_010804,3,"Nothing special, but acceptable.",2025-03-08
REV_003332,ORD_010586,4,Happy with the purchase and quality.,2023-07-21
REV_003333,ORD_022422,4,Works well and arrived on time.,2024-07-04
REV_003334,ORD_020184,4,Good product and fast delivery.,2024-12-10
REV_003335,ORD_023077,3,It is okay for the price.,2023-09-07
REV_003336,ORD_014687,3,"Nothing special, but acceptable.",2023-08-19
REV_003337,ORD_009662,4,Works well and arrived on time.,2023-10-16
REV_003338,ORD_022638,3,"Nothing special, but acceptable.",2025-01-13
REV_003339,ORD_007688,4,Happy with the purchase and quality.,2024-06-04
REV_003340,ORD_024204,1,Item arrived damaged and I want a refund.,2025-02-03
REV_003341,ORD_026437,4,Good product and fast delivery.,2025-03-09
REV_003342,ORD_013113,3,"Nothing special, but acceptable.",2025-06-11
REV_003343,ORD_008886,3,"Nothing special, but acceptable.",2025-07-03
REV_003344,ORD_028387,3,It is okay for the price.,2024-07-27
REV_003345,ORD_007973,3,"Nothing special, but acceptable.",2024-11-11
REV_003346,ORD_016161,3,"Nothing special, but acceptable.",2023-02-03
REV_003347,ORD_017610,3,It is okay for the price.,2023-11-10
REV_003348,ORD_028927,4,Good product and fast delivery.,2023-11-15
REV_003349,ORD_010859,1,Item arrived damaged and I want a refund.,2023-10-10
REV_003350,ORD_025686,3,It is okay for the price.,2023-06-14
REV_003351,ORD_008476,4,Happy with the purchase and quality.,2023-12-01
REV_003352,ORD_003082,3,Average product. It works as expected.,2023-01-27
REV_003353,ORD_028721,4,Happy with the purchase and quality.,2023-10-04
REV_003354,ORD_023894,2,Quality is below expectations.,2023-10-06
REV_003355,ORD_025504,2,Quality is below expectations.,2024-07-19
REV_003356,ORD_017044,2,Quality is below expectations.,2024-12-13
REV_003357,ORD_029780,2,The product is okay but delivery was late.,2023-12-01
REV_003358,ORD_028378,2,The product is okay but delivery was late.,2024-03-19
REV_003359,ORD_025044,4,Works well and arrived on time.,2023-03-13
REV_003360,ORD_021808,2,Quality is below expectations.,2025-03-06
REV_003361,ORD_028618,3,"Nothing special, but acceptable.",2025-04-09
REV_003362,ORD_019938,2,Not very happy with the purchase.,2025-04-30
REV_003363,ORD_013486,4,Good product and fast delivery.,2024-06-17
REV_003364,ORD_011044,3,"Nothing special, but acceptable.",2023-04-21
REV_003365,ORD_012465,4,Happy with the purchase and quality.,2023-04-19
REV_003366,ORD_016324,4,Good product and fast delivery.,2023-03-21
REV_003367,ORD_028237,2,Quality is below expectations.,2025-04-01
REV_003368,ORD_029586,1,Item arrived damaged and I want a refund.,2023-09-19
REV_003369,ORD_005225,3,It is okay for the price.,2023-05-12
REV_003370,ORD_016735,2,The product is okay but delivery was late.,2023-06-12
REV_003371,ORD_012988,3,Average product. It works as expected.,2023-01-21
REV_003372,ORD_021273,4,Works well and arrived on time.,2024-03-13
REV_003373,ORD_026978,4,Good product and fast delivery.,2024-11-01
REV_003374,ORD_020503,4,Happy with the purchase and quality.,2024-10-05
REV_003375,ORD_009628,3,"Nothing special, but acceptable.",2023-06-25
REV_003376,ORD_008331,4,Happy with the purchase and quality.,2024-01-03
REV_003377,ORD_023521,2,The product is okay but delivery was late.,2023-06-22
REV_003378,ORD_011948,4,Works well and arrived on time.,2024-06-27
REV_003379,ORD_026246,3,It is okay for the price.,2023-08-27
REV_003380,ORD_025696,4,Works well and arrived on time.,2024-02-01
REV_003381,ORD_009721,5,Amazing quality and very fast delivery.,2025-06-06
REV_003382,ORD_026152,4,Happy with the purchase and quality.,2024-02-15
REV_003383,ORD_009376,4,Works well and arrived on time.,2023-08-22
REV_003384,ORD_013558,3,"Nothing special, but acceptable.",2023-10-19
REV_003385,ORD_015012,1,Very disappointing product and poor quality.,2023-04-16
REV_003386,ORD_021071,4,Works well and arrived on time.,2025-03-15
REV_003387,ORD_006093,3,"Nothing special, but acceptable.",2024-07-30
REV_003388,ORD_009515,4,Happy with the purchase and quality.,2023-06-17
REV_003389,ORD_020561,3,"Nothing special, but acceptable.",2024-06-19
REV_003390,ORD_008460,4,Happy with the purchase and quality.,2023-08-10
REV_003391,ORD_001105,4,Works well and arrived on time.,2025-05-23
REV_003392,ORD_024670,3,It is okay for the price.,2023-10-03
REV_003393,ORD_011555,4,Works well and arrived on time.,2023-10-14
REV_003394,ORD_018807,3,Average product. It works as expected.,2023-09-24
REV_003395,ORD_016374,4,Happy with the purchase and quality.,2023-01-18
REV_003396,ORD_023678,4,Works well and arrived on time.,2023-12-22
REV_003397,ORD_022540,4,Happy with the purchase and quality.,2023-07-11
REV_003398,ORD_000021,3,Average product. It works as expected.,2024-07-31
REV_003399,ORD_007602,3,Average product. It works as expected.,2025-02-13
REV_003400,ORD_010156,3,"Nothing special, but acceptable.",2024-10-03
REV_003401,ORD_017754,4,Works well and arrived on time.,2023-04-17
REV_003402,ORD_004462,2,The product is okay but delivery was late.,2024-04-15
REV_003403,ORD_012706,4,Happy with the purchase and quality.,2023-04-22
REV_003404,ORD_013991,4,Works well and arrived on time.,2024-12-15
REV_003405,ORD_021001,3,It is okay for the price.,2024-08-15
REV_003406,ORD_028940,2,Quality is below expectations.,2023-07-26
REV_003407,ORD_024631,4,Happy with the purchase and quality.,2023-08-02
REV_003408,ORD_017714,3,It is okay for the price.,2023-11-29
REV_003409,ORD_029726,2,The product is okay but delivery was late.,2023-02-27
REV_003410,ORD_002602,3,Average product. It works as expected.,2023-03-29
REV_003411,ORD_002769,2,The product is okay but delivery was late.,2024-02-14
REV_003412,ORD_000792,2,Not very happy with the purchase.,2024-04-10
REV_003413,ORD_002469,4,Works well and arrived on time.,2024-10-16
REV_003414,ORD_005675,3,"Nothing special, but acceptable.",2023-06-24
REV_003415,ORD_002154,2,Quality is below expectations.,2024-07-02
REV_003416,ORD_022433,3,"Nothing special, but acceptable.",2023-09-22
REV_003417,ORD_005689,5,Excellent product. I highly recommend it.,2024-09-29
REV_003418,ORD_029550,3,It is okay for the price.,2023-08-02
REV_003419,ORD_020242,3,It is okay for the price.,2024-04-24
REV_003420,ORD_012372,2,Not very happy with the purchase.,2025-01-24
REV_003421,ORD_001593,3,Average product. It works as expected.,2024-03-23
REV_003422,ORD_002153,2,Quality is below expectations.,2023-11-26
REV_003423,ORD_022056,2,Not very happy with the purchase.,2024-11-03
REV_003424,ORD_023560,3,Average product. It works as expected.,2023-10-24
REV_003425,ORD_026771,2,Quality is below expectations.,2025-02-04
REV_003426,ORD_003217,4,Works well and arrived on time.,2023-08-23
REV_003427,ORD_004104,5,Perfect purchase. Very satisfied.,2023-08-06
REV_003428,ORD_020992,4,Happy with the purchase and quality.,2024-05-28
REV_003429,ORD_016438,2,Not very happy with the purchase.,2023-05-13
REV_003430,ORD_024413,3,It is okay for the price.,2023-06-12
REV_003431,ORD_026834,2,Quality is below expectations.,2024-07-04
REV_003432,ORD_023395,3,"Nothing special, but acceptable.",2023-11-10
REV_003433,ORD_022893,4,Good product and fast delivery.,2025-05-14
REV_003434,ORD_014035,2,Quality is below expectations.,2024-09-14
REV_003435,ORD_008288,3,"Nothing special, but acceptable.",2024-05-22
REV_003436,ORD_013564,4,Happy with the purchase and quality.,2024-01-15
REV_003437,ORD_013876,3,It is okay for the price.,2023-10-29
REV_003438,ORD_012183,3,"Nothing special, but acceptable.",2024-07-14
REV_003439,ORD_015391,4,Works well and arrived on time.,2023-07-16
REV_003440,ORD_011719,4,Good product and fast delivery.,2024-08-13
REV_003441,ORD_015382,3,"Nothing special, but acceptable.",2025-06-26
REV_003442,ORD_017292,3,It is okay for the price.,2023-03-07
REV_003443,ORD_028565,4,Works well and arrived on time.,2024-06-09
REV_003444,ORD_021900,5,Excellent product. I highly recommend it.,2023-07-10
REV_003445,ORD_023355,3,"Nothing special, but acceptable.",2025-05-02
REV_003446,ORD_006987,4,Happy with the purchase and quality.,2023-07-30
REV_003447,ORD_014713,5,Excellent product. I highly recommend it.,2023-07-04
REV_003448,ORD_002182,4,Happy with the purchase and quality.,2024-05-19
REV_003449,ORD_028305,2,The product is okay but delivery was late.,2024-11-16
REV_003450,ORD_000518,3,Average product. It works as expected.,2024-07-29
REV_003451,ORD_027960,4,Happy with the purchase and quality.,2023-08-25
REV_003452,ORD_025852,4,Good product and fast delivery.,2023-10-12
REV_003453,ORD_001395,5,Excellent product. I highly recommend it.,2025-06-08
REV_003454,ORD_013114,2,The product is okay but delivery was late.,2024-11-11
REV_003455,ORD_021538,3,It is okay for the price.,2023-10-07
REV_003456,ORD_012085,4,Happy with the purchase and quality.,2023-02-19
REV_003457,ORD_020985,4,Works well and arrived on time.,2023-09-18
REV_003458,ORD_027983,5,Excellent product. I highly recommend it.,2023-11-25
REV_003459,ORD_015978,2,Not very happy with the purchase.,2025-01-06
REV_003460,ORD_026255,4,Happy with the purchase and quality.,2023-05-06
REV_003461,ORD_002924,4,Good product and fast delivery.,2025-03-05
REV_003462,ORD_022071,3,Average product. It works as expected.,2023-11-19
REV_003463,ORD_022481,4,Happy with the purchase and quality.,2024-02-12
REV_003464,ORD_012758,4,Happy with the purchase and quality.,2023-03-27
REV_003465,ORD_008443,2,Quality is below expectations.,2025-04-04
REV_003466,ORD_026479,3,"Nothing special, but acceptable.",2024-02-22
REV_003467,ORD_028852,4,Happy with the purchase and quality.,2025-06-25
REV_003468,ORD_004309,4,Works well and arrived on time.,2025-04-18
REV_003469,ORD_017978,3,"Nothing special, but acceptable.",2023-12-01
REV_003470,ORD_024970,4,Works well and arrived on time.,2024-08-02
REV_003471,ORD_006261,4,Good product and fast delivery.,2024-07-23
REV_003472,ORD_006457,4,Good product and fast delivery.,2024-08-07
REV_003473,ORD_014844,3,It is okay for the price.,2023-07-25
REV_003474,ORD_002351,4,Works well and arrived on time.,2025-05-12
REV_003475,ORD_024511,4,Good product and fast delivery.,2023-08-14
REV_003476,ORD_013466,3,It is okay for the price.,2025-02-03
REV_003477,ORD_021392,3,It is okay for the price.,2023-07-06
REV_003478,ORD_003485,3,"Nothing special, but acceptable.",2023-08-18
REV_003479,ORD_012813,3,Average product. It works as expected.,2023-04-13
REV_003480,ORD_020079,3,It is okay for the price.,2024-11-07
REV_003481,ORD_001380,4,Good product and fast delivery.,2023-08-22
REV_003482,ORD_022064,4,Works well and arrived on time.,2025-01-04
REV_003483,ORD_027633,5,Excellent product. I highly recommend it.,2023-05-30
REV_003484,ORD_025529,3,"Nothing special, but acceptable.",2024-12-25
REV_003485,ORD_017725,3,It is okay for the price.,2025-02-14
REV_003486,ORD_027038,5,Perfect purchase. Very satisfied.,2023-05-27
REV_003487,ORD_023445,3,Average product. It works as expected.,2023-06-28
REV_003488,ORD_014878,4,Happy with the purchase and quality.,2023-07-28
REV_003489,ORD_028000,2,The product is okay but delivery was late.,2023-08-02
REV_003490,ORD_005696,4,Good product and fast delivery.,2023-02-01
REV_003491,ORD_016035,3,Average product. It works as expected.,2023-06-03
REV_003492,ORD_029380,4,Good product and fast delivery.,2024-03-25
REV_003493,ORD_025804,3,Average product. It works as expected.,2023-01-08
REV_003494,ORD_028116,4,Works well and arrived on time.,2025-06-03
REV_003495,ORD_012102,4,Good product and fast delivery.,2025-02-20
REV_003496,ORD_008758,5,Excellent product. I highly recommend it.,2023-04-19
REV_003497,ORD_008536,3,It is okay for the price.,2025-03-29
REV_003498,ORD_015233,2,Not very happy with the purchase.,2024-08-11
REV_003499,ORD_020082,3,"Nothing special, but acceptable.",2024-01-11
REV_003500,ORD_023071,4,Works well and arrived on time.,2023-07-15
REV_003501,ORD_021179,4,Works well and arrived on time.,2023-12-25
REV_003502,ORD_006354,3,Average product. It works as expected.,2023-01-08
REV_003503,ORD_000433,5,Excellent product. I highly recommend it.,2023-11-30
REV_003504,ORD_026540,3,"Nothing special, but acceptable.",2023-03-22
REV_003505,ORD_009603,2,Quality is below expectations.,2023-12-16
REV_003506,ORD_012588,3,It is okay for the price.,2023-12-28
REV_003507,ORD_005886,3,"Nothing special, but acceptable.",2024-10-23
REV_003508,ORD_003839,3,Average product. It works as expected.,2024-11-09
REV_003509,ORD_022623,3,"Nothing special, but acceptable.",2025-03-14
REV_003510,ORD_024850,4,Works well and arrived on time.,2024-02-07
REV_003511,ORD_025995,3,Average product. It works as expected.,2024-02-18
REV_003512,ORD_020563,3,It is okay for the price.,2023-03-24
REV_003513,ORD_006867,2,The product is okay but delivery was late.,2023-09-26
REV_003514,ORD_017352,5,Excellent product. I highly recommend it.,2023-12-06
REV_003515,ORD_003044,3,"Nothing special, but acceptable.",2023-08-27
REV_003516,ORD_020539,4,Works well and arrived on time.,2025-01-03
REV_003517,ORD_019807,4,Works well and arrived on time.,2024-12-23
REV_003518,ORD_007979,3,Average product. It works as expected.,2023-12-31
REV_003519,ORD_008276,4,Happy with the purchase and quality.,2025-05-30
REV_003520,ORD_025654,4,Works well and arrived on time.,2023-09-12
REV_003521,ORD_008249,3,"Nothing special, but acceptable.",2023-10-06
REV_003522,ORD_011250,3,Average product. It works as expected.,2023-01-19
REV_003523,ORD_021247,4,Works well and arrived on time.,2024-10-16
REV_003524,ORD_001703,3,"Nothing special, but acceptable.",2023-11-15
REV_003525,ORD_023449,1,Terrible experience. The product stopped working.,2023-06-20
REV_003526,ORD_029669,3,Average product. It works as expected.,2023-07-13
REV_003527,ORD_024010,3,It is okay for the price.,2025-02-08
REV_003528,ORD_006399,3,It is okay for the price.,2024-11-02
REV_003529,ORD_014532,2,Not very happy with the purchase.,2025-02-25
REV_003530,ORD_025964,3,Average product. It works as expected.,2024-11-04
REV_003531,ORD_002685,4,Works well and arrived on time.,2025-03-12
REV_003532,ORD_018142,3,Average product. It works as expected.,2024-11-10
REV_003533,ORD_017074,3,It is okay for the price.,2023-08-15
REV_003534,ORD_016200,3,"Nothing special, but acceptable.",2023-03-28
REV_003535,ORD_014996,4,Works well and arrived on time.,2024-03-14
REV_003536,ORD_016682,2,The product is okay but delivery was late.,2025-02-26
REV_003537,ORD_022626,5,Perfect purchase. Very satisfied.,2024-03-14
REV_003538,ORD_028100,4,Works well and arrived on time.,2023-04-16
REV_003539,ORD_024973,1,Very disappointing product and poor quality.,2024-10-23
REV_003540,ORD_003952,5,Amazing quality and very fast delivery.,2025-04-15
REV_003541,ORD_009940,4,Works well and arrived on time.,2024-04-01
REV_003542,ORD_023706,4,Happy with the purchase and quality.,2025-03-01
REV_003543,ORD_023030,3,"Nothing special, but acceptable.",2024-08-26
REV_003544,ORD_023265,4,Good product and fast delivery.,2023-01-09
REV_003545,ORD_028972,3,"Nothing special, but acceptable.",2025-06-14
REV_003546,ORD_004146,3,"Nothing special, but acceptable.",2023-10-20
REV_003547,ORD_022074,3,It is okay for the price.,2023-11-08
REV_003548,ORD_014897,3,Average product. It works as expected.,2023-07-03
REV_003549,ORD_024175,3,Average product. It works as expected.,2024-04-28
REV_003550,ORD_015019,4,Works well and arrived on time.,2023-03-05
REV_003551,ORD_027193,1,Item arrived damaged and I want a refund.,2023-06-26
REV_003552,ORD_012296,4,Happy with the purchase and quality.,2023-06-14
REV_003553,ORD_016662,3,It is okay for the price.,2024-01-25
REV_003554,ORD_011515,4,Good product and fast delivery.,2025-02-22
REV_003555,ORD_021062,3,Average product. It works as expected.,2024-06-23
REV_003556,ORD_002860,1,Item arrived damaged and I want a refund.,2024-02-06
REV_003557,ORD_009077,4,Works well and arrived on time.,2023-12-19
REV_003558,ORD_012595,3,"Nothing special, but acceptable.",2023-05-11
REV_003559,ORD_011207,2,Not very happy with the purchase.,2024-02-12
REV_003560,ORD_017384,3,Average product. It works as expected.,2024-01-26
REV_003561,ORD_019119,2,Quality is below expectations.,2023-04-21
REV_003562,ORD_010975,4,Works well and arrived on time.,2024-07-28
REV_003563,ORD_017275,5,Amazing quality and very fast delivery.,2025-06-24
REV_003564,ORD_019333,4,Happy with the purchase and quality.,2023-03-15
REV_003565,ORD_005145,4,Good product and fast delivery.,2023-09-06
REV_003566,ORD_003052,2,Quality is below expectations.,2023-07-01
REV_003567,ORD_028081,4,Happy with the purchase and quality.,2024-04-10
REV_003568,ORD_017523,3,Average product. It works as expected.,2025-01-10
REV_003569,ORD_011609,2,The product is okay but delivery was late.,2023-11-24
REV_003570,ORD_013344,3,It is okay for the price.,2023-03-11
REV_003571,ORD_017957,4,Good product and fast delivery.,2025-02-23
REV_003572,ORD_024085,4,Happy with the purchase and quality.,2023-05-22
REV_003573,ORD_011684,3,Average product. It works as expected.,2023-05-07
REV_003574,ORD_002389,2,Quality is below expectations.,2023-12-26
REV_003575,ORD_005681,4,Works well and arrived on time.,2024-08-22
REV_003576,ORD_017586,3,"Nothing special, but acceptable.",2023-02-19
REV_003577,ORD_017781,3,"Nothing special, but acceptable.",2024-03-26
REV_003578,ORD_003204,3,"Nothing special, but acceptable.",2024-12-10
REV_003579,ORD_003126,4,Happy with the purchase and quality.,2023-03-14
REV_003580,ORD_011811,3,"Nothing special, but acceptable.",2023-08-26
REV_003581,ORD_014302,5,Excellent product. I highly recommend it.,2023-04-01
REV_003582,ORD_025725,2,Not very happy with the purchase.,2023-07-17
REV_003583,ORD_011025,3,It is okay for the price.,2025-06-06
REV_003584,ORD_020268,4,Works well and arrived on time.,2025-06-29
REV_003585,ORD_018689,2,Not very happy with the purchase.,2025-04-02
REV_003586,ORD_020015,4,Works well and arrived on time.,2023-01-30
REV_003587,ORD_002977,2,Not very happy with the purchase.,2024-04-23
REV_003588,ORD_025730,3,"Nothing special, but acceptable.",2024-09-06
REV_003589,ORD_019926,3,Average product. It works as expected.,2025-01-25
REV_003590,ORD_010425,3,"Nothing special, but acceptable.",2023-07-12
REV_003591,ORD_026607,5,Amazing quality and very fast delivery.,2025-04-16
REV_003592,ORD_003827,3,Average product. It works as expected.,2023-02-08
REV_003593,ORD_015987,4,Happy with the purchase and quality.,2024-08-24
REV_003594,ORD_022801,2,The product is okay but delivery was late.,2023-08-24
REV_003595,ORD_009979,4,Good product and fast delivery.,2023-10-03
REV_003596,ORD_014380,2,Not very happy with the purchase.,2024-07-23
REV_003597,ORD_012942,5,Perfect purchase. Very satisfied.,2023-06-24
REV_003598,ORD_003064,4,Good product and fast delivery.,2024-05-16
REV_003599,ORD_015187,4,Happy with the purchase and quality.,2024-02-16
REV_003600,ORD_006939,3,"Nothing special, but acceptable.",2024-11-11
REV_003601,ORD_010283,4,Works well and arrived on time.,2025-02-16
REV_003602,ORD_020229,5,Amazing quality and very fast delivery.,2023-04-22
REV_003603,ORD_006918,3,"Nothing special, but acceptable.",2024-03-18
REV_003604,ORD_016059,4,Good product and fast delivery.,2024-02-04
REV_003605,ORD_021334,2,Quality is below expectations.,2025-06-11
REV_003606,ORD_001503,4,Good product and fast delivery.,2023-10-08
REV_003607,ORD_009043,3,Average product. It works as expected.,2023-05-24
REV_003608,ORD_005645,4,Works well and arrived on time.,2024-12-10
REV_003609,ORD_015106,2,Not very happy with the purchase.,2024-10-29
REV_003610,ORD_006044,2,Quality is below expectations.,2025-06-09
REV_003611,ORD_016196,3,It is okay for the price.,2023-04-05
REV_003612,ORD_008482,4,Good product and fast delivery.,2023-08-20
REV_003613,ORD_006606,4,Happy with the purchase and quality.,2023-07-02
REV_003614,ORD_021752,3,"Nothing special, but acceptable.",2024-03-17
REV_003615,ORD_010357,2,Quality is below expectations.,2023-03-16
REV_003616,ORD_018395,2,Not very happy with the purchase.,2025-05-15
REV_003617,ORD_010270,3,It is okay for the price.,2023-03-08
REV_003618,ORD_005140,1,Terrible experience. The product stopped working.,2024-06-10
REV_003619,ORD_020487,3,"Nothing special, but acceptable.",2024-01-12
REV_003620,ORD_001372,4,Good product and fast delivery.,2024-05-14
REV_003621,ORD_020900,5,Perfect purchase. Very satisfied.,2024-08-22
REV_003622,ORD_003635,3,"Nothing special, but acceptable.",2024-02-14
REV_003623,ORD_004642,4,Happy with the purchase and quality.,2024-01-15
REV_003624,ORD_021481,4,Works well and arrived on time.,2023-03-10
REV_003625,ORD_001864,3,It is okay for the price.,2024-05-10
REV_003626,ORD_010147,5,Perfect purchase. Very satisfied.,2023-12-20
REV_003627,ORD_028904,4,Works well and arrived on time.,2024-08-10
REV_003628,ORD_010137,3,It is okay for the price.,2023-12-30
REV_003629,ORD_023427,5,Excellent product. I highly recommend it.,2025-04-19
REV_003630,ORD_025126,4,Good product and fast delivery.,2023-05-27
REV_003631,ORD_004428,4,Works well and arrived on time.,2023-08-20
REV_003632,ORD_008525,2,Not very happy with the purchase.,2023-02-14
REV_003633,ORD_011650,4,Good product and fast delivery.,2025-04-03
REV_003634,ORD_012845,4,Happy with the purchase and quality.,2023-11-06
REV_003635,ORD_001894,3,"Nothing special, but acceptable.",2023-06-09
REV_003636,ORD_024332,4,Works well and arrived on time.,2025-04-04
REV_003637,ORD_004036,3,It is okay for the price.,2024-09-09
REV_003638,ORD_014929,4,Happy with the purchase and quality.,2023-03-20
REV_003639,ORD_010712,3,Average product. It works as expected.,2024-02-24
REV_003640,ORD_003745,4,Works well and arrived on time.,2024-09-23
REV_003641,ORD_012677,2,Quality is below expectations.,2023-03-04
REV_003642,ORD_022680,4,Happy with the purchase and quality.,2025-06-25
REV_003643,ORD_014182,2,Quality is below expectations.,2024-08-27
REV_003644,ORD_028993,5,Perfect purchase. Very satisfied.,2023-08-21
REV_003645,ORD_017427,4,Works well and arrived on time.,2023-02-09
REV_003646,ORD_026515,3,Average product. It works as expected.,2024-02-08
REV_003647,ORD_024924,4,Good product and fast delivery.,2025-05-30
REV_003648,ORD_003394,3,Average product. It works as expected.,2025-05-09
REV_003649,ORD_007577,2,Quality is below expectations.,2023-11-19
REV_003650,ORD_028130,3,Average product. It works as expected.,2024-11-21
REV_003651,ORD_028286,3,It is okay for the price.,2023-06-13
REV_003652,ORD_007036,3,It is okay for the price.,2025-02-28
REV_003653,ORD_011682,3,It is okay for the price.,2024-02-03
REV_003654,ORD_029684,3,Average product. It works as expected.,2023-09-06
REV_003655,ORD_011943,4,Happy with the purchase and quality.,2025-01-04
REV_003656,ORD_006654,4,Happy with the purchase and quality.,2023-10-08
REV_003657,ORD_004050,4,Works well and arrived on time.,2023-01-13
REV_003658,ORD_016274,5,Amazing quality and very fast delivery.,2023-09-19
REV_003659,ORD_008287,5,Excellent product. I highly recommend it.,2023-12-25
REV_003660,ORD_022006,5,Excellent product. I highly recommend it.,2023-12-05
REV_003661,ORD_012924,2,Quality is below expectations.,2024-08-24
REV_003662,ORD_023829,4,Happy with the purchase and quality.,2023-09-04
REV_003663,ORD_021765,4,Good product and fast delivery.,2025-05-21
REV_003664,ORD_003865,4,Good product and fast delivery.,2023-08-02
REV_003665,ORD_017358,3,It is okay for the price.,2024-07-18
REV_003666,ORD_003784,4,Happy with the purchase and quality.,2024-10-23
REV_003667,ORD_009679,5,Amazing quality and very fast delivery.,2024-12-27
REV_003668,ORD_008770,5,Amazing quality and very fast delivery.,2025-04-22
REV_003669,ORD_001870,5,Amazing quality and very fast delivery.,2023-12-28
REV_003670,ORD_024049,4,Good product and fast delivery.,2023-10-09
REV_003671,ORD_000484,1,Terrible experience. The product stopped working.,2023-06-17
REV_003672,ORD_014635,3,Average product. It works as expected.,2024-11-13
REV_003673,ORD_026099,3,It is okay for the price.,2024-09-30
REV_003674,ORD_007958,5,Excellent product. I highly recommend it.,2023-05-10
REV_003675,ORD_017255,3,It is okay for the price.,2024-10-08
REV_003676,ORD_024296,3,It is okay for the price.,2023-04-08
REV_003677,ORD_001792,3,It is okay for the price.,2023-01-03
REV_003678,ORD_000134,4,Works well and arrived on time.,2023-10-14
REV_003679,ORD_011324,3,Average product. It works as expected.,2023-12-14
REV_003680,ORD_006085,3,"Nothing special, but acceptable.",2024-04-18
REV_003681,ORD_012064,4,Good product and fast delivery.,2024-02-03
REV_003682,ORD_025568,2,The product is okay but delivery was late.,2024-01-18
REV_003683,ORD_022026,4,Happy with the purchase and quality.,2025-05-10
REV_003684,ORD_023406,3,It is okay for the price.,2025-03-20
REV_003685,ORD_019991,4,Good product and fast delivery.,2024-07-05
REV_003686,ORD_013976,3,It is okay for the price.,2023-12-27
REV_003687,ORD_008541,3,Average product. It works as expected.,2024-01-14
REV_003688,ORD_012918,4,Works well and arrived on time.,2025-04-14
REV_003689,ORD_004047,3,It is okay for the price.,2023-01-26
REV_003690,ORD_009318,5,Excellent product. I highly recommend it.,2025-06-01
REV_003691,ORD_026509,4,Good product and fast delivery.,2025-06-26
REV_003692,ORD_027367,2,Not very happy with the purchase.,2025-05-12
REV_003693,ORD_009479,3,It is okay for the price.,2023-06-16
REV_003694,ORD_007404,3,Average product. It works as expected.,2023-01-17
REV_003695,ORD_020647,3,It is okay for the price.,2024-01-16
REV_003696,ORD_019618,4,Good product and fast delivery.,2023-10-12
REV_003697,ORD_023031,2,Not very happy with the purchase.,2025-07-01
REV_003698,ORD_005098,5,Excellent product. I highly recommend it.,2023-11-04
REV_003699,ORD_003352,3,Average product. It works as expected.,2025-02-10
REV_003700,ORD_027291,3,It is okay for the price.,2024-02-23
REV_003701,ORD_001201,2,Not very happy with the purchase.,2025-06-14
REV_003702,ORD_004577,2,Not very happy with the purchase.,2025-03-08
REV_003703,ORD_006049,4,Good product and fast delivery.,2023-06-02
REV_003704,ORD_000560,3,"Nothing special, but acceptable.",2023-12-23
REV_003705,ORD_000422,2,Not very happy with the purchase.,2025-04-21
REV_003706,ORD_001867,3,Average product. It works as expected.,2023-03-26
REV_003707,ORD_012853,4,Works well and arrived on time.,2023-11-17
REV_003708,ORD_019160,4,Good product and fast delivery.,2023-12-14
REV_003709,ORD_024936,2,Quality is below expectations.,2024-01-09
REV_003710,ORD_021388,1,Terrible experience. The product stopped working.,2025-03-08
REV_003711,ORD_010805,2,Quality is below expectations.,2024-12-15
REV_003712,ORD_025167,5,Perfect purchase. Very satisfied.,2024-12-23
REV_003713,ORD_015892,1,Very disappointing product and poor quality.,2023-01-09
REV_003714,ORD_007727,2,Quality is below expectations.,2023-03-19
REV_003715,ORD_023275,3,It is okay for the price.,2023-07-15
REV_003716,ORD_024683,5,Excellent product. I highly recommend it.,2024-11-20
REV_003717,ORD_002618,3,It is okay for the price.,2024-11-02
REV_003718,ORD_023210,4,Happy with the purchase and quality.,2024-11-29
REV_003719,ORD_027879,4,Works well and arrived on time.,2024-02-18
REV_003720,ORD_028617,2,Quality is below expectations.,2025-04-18
REV_003721,ORD_007573,5,Excellent product. I highly recommend it.,2025-05-12
REV_003722,ORD_000475,2,The product is okay but delivery was late.,2024-12-14
REV_003723,ORD_003750,4,Works well and arrived on time.,2023-10-28
REV_003724,ORD_027488,5,Perfect purchase. Very satisfied.,2024-09-18
REV_003725,ORD_025354,3,Average product. It works as expected.,2023-05-15
REV_003726,ORD_018804,3,Average product. It works as expected.,2024-03-12
REV_003727,ORD_000185,3,"Nothing special, but acceptable.",2024-09-30
REV_003728,ORD_024822,3,Average product. It works as expected.,2024-10-06
REV_003729,ORD_027552,3,"Nothing special, but acceptable.",2025-03-19
REV_003730,ORD_000520,4,Good product and fast delivery.,2025-05-11
REV_003731,ORD_024866,3,Average product. It works as expected.,2025-01-17
REV_003732,ORD_018876,4,Works well and arrived on time.,2024-06-09
REV_003733,ORD_017967,3,Average product. It works as expected.,2023-11-01
REV_003734,ORD_029431,3,Average product. It works as expected.,2024-09-12
REV_003735,ORD_022957,3,Average product. It works as expected.,2024-12-26
REV_003736,ORD_003858,3,Average product. It works as expected.,2024-05-06
REV_003737,ORD_007916,3,It is okay for the price.,2023-04-09
REV_003738,ORD_011127,4,Happy with the purchase and quality.,2024-04-19
REV_003739,ORD_026410,3,It is okay for the price.,2023-10-03
REV_003740,ORD_009389,4,Works well and arrived on time.,2023-01-30
REV_003741,ORD_016253,4,Works well and arrived on time.,2024-01-22
REV_003742,ORD_010819,5,Amazing quality and very fast delivery.,2025-01-20
REV_003743,ORD_016607,2,The product is okay but delivery was late.,2024-08-24
REV_003744,ORD_010041,3,"Nothing special, but acceptable.",2024-05-17
REV_003745,ORD_000727,4,Good product and fast delivery.,2023-01-29
REV_003746,ORD_011715,4,Happy with the purchase and quality.,2025-04-27
REV_003747,ORD_008655,3,It is okay for the price.,2025-03-21
REV_003748,ORD_002632,4,Works well and arrived on time.,2023-10-04
REV_003749,ORD_003662,2,Not very happy with the purchase.,2024-12-05
REV_003750,ORD_003824,3,"Nothing special, but acceptable.",2023-08-26
REV_003751,ORD_025584,5,Amazing quality and very fast delivery.,2023-04-17
REV_003752,ORD_002687,3,"Nothing special, but acceptable.",2024-07-13
REV_003753,ORD_015397,3,It is okay for the price.,2024-12-01
REV_003754,ORD_007250,4,Happy with the purchase and quality.,2024-08-08
REV_003755,ORD_029012,3,"Nothing special, but acceptable.",2023-07-17
REV_003756,ORD_011754,2,Quality is below expectations.,2025-01-15
REV_003757,ORD_011740,4,Works well and arrived on time.,2023-01-14
REV_003758,ORD_002289,3,"Nothing special, but acceptable.",2025-06-15
REV_003759,ORD_025189,4,Happy with the purchase and quality.,2025-06-01
REV_003760,ORD_001184,4,Good product and fast delivery.,2023-05-19
REV_003761,ORD_025618,4,Works well and arrived on time.,2023-06-20
REV_003762,ORD_015283,4,Happy with the purchase and quality.,2023-05-12
REV_003763,ORD_005931,4,Good product and fast delivery.,2023-02-16
REV_003764,ORD_027958,3,Average product. It works as expected.,2023-01-29
REV_003765,ORD_029017,4,Happy with the purchase and quality.,2024-05-05
REV_003766,ORD_007781,4,Works well and arrived on time.,2023-01-11
REV_003767,ORD_021196,4,Works well and arrived on time.,2024-10-13
REV_003768,ORD_001431,4,Works well and arrived on time.,2024-01-01
REV_003769,ORD_001857,3,Average product. It works as expected.,2025-05-24
REV_003770,ORD_012318,4,Happy with the purchase and quality.,2023-03-10
REV_003771,ORD_021028,4,Happy with the purchase and quality.,2024-01-17
REV_003772,ORD_026382,1,Very disappointing product and poor quality.,2024-07-02
REV_003773,ORD_014744,5,Perfect purchase. Very satisfied.,2024-12-30
REV_003774,ORD_006563,3,It is okay for the price.,2024-09-22
REV_003775,ORD_000496,4,Works well and arrived on time.,2023-11-08
REV_003776,ORD_015261,3,"Nothing special, but acceptable.",2024-10-17
REV_003777,ORD_023765,4,Happy with the purchase and quality.,2024-07-03
REV_003778,ORD_020479,4,Happy with the purchase and quality.,2025-05-24
REV_003779,ORD_004257,3,Average product. It works as expected.,2023-11-02
REV_003780,ORD_021987,2,Not very happy with the purchase.,2025-03-29
REV_003781,ORD_013960,5,Perfect purchase. Very satisfied.,2025-06-08
REV_003782,ORD_017942,3,"Nothing special, but acceptable.",2025-01-16
REV_003783,ORD_020250,2,The product is okay but delivery was late.,2025-04-03
REV_003784,ORD_007731,5,Excellent product. I highly recommend it.,2025-07-09
REV_003785,ORD_001488,4,Good product and fast delivery.,2025-03-02
REV_003786,ORD_022011,3,Average product. It works as expected.,2025-04-06
REV_003787,ORD_026546,2,Not very happy with the purchase.,2024-05-06
REV_003788,ORD_023741,3,Average product. It works as expected.,2025-06-01
REV_003789,ORD_009735,5,Excellent product. I highly recommend it.,2023-05-10
REV_003790,ORD_029745,2,Quality is below expectations.,2023-12-04
REV_003791,ORD_024372,3,"Nothing special, but acceptable.",2025-06-18
REV_003792,ORD_021433,4,Happy with the purchase and quality.,2023-11-09
REV_003793,ORD_007103,2,Not very happy with the purchase.,2023-02-27
REV_003794,ORD_003238,2,Quality is below expectations.,2024-02-06
REV_003795,ORD_007503,3,"Nothing special, but acceptable.",2025-03-30
REV_003796,ORD_013362,3,"Nothing special, but acceptable.",2024-03-22
REV_003797,ORD_001285,4,Happy with the purchase and quality.,2023-11-24
REV_003798,ORD_011431,1,Terrible experience. The product stopped working.,2025-03-17
REV_003799,ORD_000205,4,Works well and arrived on time.,2023-11-22
REV_003800,ORD_028453,3,"Nothing special, but acceptable.",2024-03-24
REV_003801,ORD_022953,4,Good product and fast delivery.,2025-02-26
REV_003802,ORD_029520,2,Not very happy with the purchase.,2023-12-03
REV_003803,ORD_008920,2,Not very happy with the purchase.,2024-01-22
REV_003804,ORD_020001,3,"Nothing special, but acceptable.",2025-05-15
REV_003805,ORD_021290,3,"Nothing special, but acceptable.",2025-04-07
REV_003806,ORD_016716,3,Average product. It works as expected.,2023-09-13
REV_003807,ORD_002845,2,Quality is below expectations.,2025-04-23
REV_003808,ORD_021737,2,Not very happy with the purchase.,2023-02-18
REV_003809,ORD_022915,3,Average product. It works as expected.,2024-08-22
REV_003810,ORD_002123,5,Amazing quality and very fast delivery.,2024-06-13
REV_003811,ORD_024041,4,Works well and arrived on time.,2023-05-24
REV_003812,ORD_015790,3,"Nothing special, but acceptable.",2024-11-04
REV_003813,ORD_006565,3,Average product. It works as expected.,2024-10-20
REV_003814,ORD_017575,4,Works well and arrived on time.,2023-02-12
REV_003815,ORD_004216,3,Average product. It works as expected.,2024-09-06
REV_003816,ORD_023963,3,"Nothing special, but acceptable.",2024-01-14
REV_003817,ORD_015448,2,The product is okay but delivery was late.,2023-10-05
REV_003818,ORD_013351,4,Happy with the purchase and quality.,2024-12-14
REV_003819,ORD_010383,3,It is okay for the price.,2024-02-03
REV_003820,ORD_027851,3,It is okay for the price.,2023-09-08
REV_003821,ORD_005785,3,"Nothing special, but acceptable.",2023-08-05
REV_003822,ORD_013185,5,Amazing quality and very fast delivery.,2023-03-17
REV_003823,ORD_024498,3,"Nothing special, but acceptable.",2024-09-16
REV_003824,ORD_010656,2,Quality is below expectations.,2023-06-01
REV_003825,ORD_022351,3,It is okay for the price.,2024-10-02
REV_003826,ORD_002082,4,Happy with the purchase and quality.,2024-08-12
REV_003827,ORD_000241,4,Happy with the purchase and quality.,2023-09-22
REV_003828,ORD_002697,3,"Nothing special, but acceptable.",2023-02-09
REV_003829,ORD_002586,2,Quality is below expectations.,2025-06-19
REV_003830,ORD_024638,4,Good product and fast delivery.,2024-08-20
REV_003831,ORD_006916,4,Good product and fast delivery.,2023-02-24
REV_003832,ORD_028022,4,Happy with the purchase and quality.,2025-06-09
REV_003833,ORD_027309,5,Excellent product. I highly recommend it.,2024-02-01
REV_003834,ORD_019327,5,Amazing quality and very fast delivery.,2023-02-08
REV_003835,ORD_024242,5,Excellent product. I highly recommend it.,2023-08-16
REV_003836,ORD_018512,3,It is okay for the price.,2024-08-02
REV_003837,ORD_009970,4,Works well and arrived on time.,2023-10-29
REV_003838,ORD_011253,3,It is okay for the price.,2024-06-03
REV_003839,ORD_011248,3,It is okay for the price.,2023-07-09
REV_003840,ORD_027500,4,Works well and arrived on time.,2023-09-16
REV_003841,ORD_015600,2,The product is okay but delivery was late.,2023-03-07
REV_003842,ORD_020912,3,It is okay for the price.,2023-04-19
REV_003843,ORD_010329,2,Quality is below expectations.,2023-04-20
REV_003844,ORD_001150,3,It is okay for the price.,2023-06-08
REV_003845,ORD_028535,3,Average product. It works as expected.,2024-02-17
REV_003846,ORD_028989,3,It is okay for the price.,2023-04-23
REV_003847,ORD_026338,3,Average product. It works as expected.,2025-01-31
REV_003848,ORD_004718,4,Good product and fast delivery.,2025-06-10
REV_003849,ORD_024302,2,Quality is below expectations.,2024-12-05
REV_003850,ORD_015575,4,Happy with the purchase and quality.,2025-05-06
REV_003851,ORD_025942,3,Average product. It works as expected.,2024-08-20
REV_003852,ORD_001489,3,"Nothing special, but acceptable.",2024-11-08
REV_003853,ORD_006687,4,Works well and arrived on time.,2025-02-17
REV_003854,ORD_003521,4,Good product and fast delivery.,2024-08-02
REV_003855,ORD_006580,5,Excellent product. I highly recommend it.,2023-03-29
REV_003856,ORD_024587,2,Not very happy with the purchase.,2025-03-24
REV_003857,ORD_008316,4,Good product and fast delivery.,2025-02-28
REV_003858,ORD_010796,3,"Nothing special, but acceptable.",2023-01-15
REV_003859,ORD_007132,4,Happy with the purchase and quality.,2023-09-03
REV_003860,ORD_013374,2,Quality is below expectations.,2023-02-12
REV_003861,ORD_020272,4,Works well and arrived on time.,2025-06-24
REV_003862,ORD_014597,3,Average product. It works as expected.,2024-12-23
REV_003863,ORD_008999,3,"Nothing special, but acceptable.",2023-03-08
REV_003864,ORD_029474,3,It is okay for the price.,2025-04-11
REV_003865,ORD_004375,3,Average product. It works as expected.,2024-11-04
REV_003866,ORD_013626,3,"Nothing special, but acceptable.",2023-04-02
REV_003867,ORD_010240,5,Excellent product. I highly recommend it.,2023-02-01
REV_003868,ORD_005992,2,Not very happy with the purchase.,2023-05-02
REV_003869,ORD_005028,4,Good product and fast delivery.,2024-09-12
REV_003870,ORD_013557,3,It is okay for the price.,2023-08-30
REV_003871,ORD_016683,3,Average product. It works as expected.,2025-01-17
REV_003872,ORD_003612,4,Works well and arrived on time.,2023-01-28
REV_003873,ORD_011379,4,Good product and fast delivery.,2023-02-20
REV_003874,ORD_002166,2,Quality is below expectations.,2024-10-28
REV_003875,ORD_029039,5,Excellent product. I highly recommend it.,2024-07-27
REV_003876,ORD_027579,5,Excellent product. I highly recommend it.,2025-01-19
REV_003877,ORD_010050,3,"Nothing special, but acceptable.",2025-02-20
REV_003878,ORD_026429,4,Works well and arrived on time.,2024-01-01
REV_003879,ORD_027277,4,Good product and fast delivery.,2023-07-23
REV_003880,ORD_024343,3,It is okay for the price.,2023-04-14
REV_003881,ORD_009233,4,Works well and arrived on time.,2024-10-19
REV_003882,ORD_020161,3,"Nothing special, but acceptable.",2023-05-18
REV_003883,ORD_026836,4,Happy with the purchase and quality.,2024-10-04
REV_003884,ORD_006376,3,"Nothing special, but acceptable.",2024-02-11
REV_003885,ORD_008851,4,Good product and fast delivery.,2024-08-26
REV_003886,ORD_011989,3,Average product. It works as expected.,2024-01-05
REV_003887,ORD_023828,3,"Nothing special, but acceptable.",2023-02-02
REV_003888,ORD_023643,2,Not very happy with the purchase.,2024-09-19
REV_003889,ORD_007356,3,It is okay for the price.,2023-12-05
REV_003890,ORD_012188,3,"Nothing special, but acceptable.",2024-10-28
REV_003891,ORD_020429,4,Happy with the purchase and quality.,2023-04-16
REV_003892,ORD_029709,3,It is okay for the price.,2023-04-03
REV_003893,ORD_007981,4,Works well and arrived on time.,2023-04-18
REV_003894,ORD_011094,2,Not very happy with the purchase.,2025-05-12
REV_003895,ORD_010565,3,It is okay for the price.,2024-04-23
REV_003896,ORD_019351,4,Happy with the purchase and quality.,2025-03-04
REV_003897,ORD_010515,4,Good product and fast delivery.,2023-10-03
REV_003898,ORD_017917,3,It is okay for the price.,2024-04-23
REV_003899,ORD_013172,2,Quality is below expectations.,2023-08-30
REV_003900,ORD_028691,4,Works well and arrived on time.,2023-05-16
REV_003901,ORD_007844,3,"Nothing special, but acceptable.",2024-12-14
REV_003902,ORD_023957,4,Works well and arrived on time.,2023-03-26
REV_003903,ORD_023676,3,"Nothing special, but acceptable.",2023-01-22
REV_003904,ORD_005761,3,It is okay for the price.,2025-05-27
REV_003905,ORD_021399,3,Average product. It works as expected.,2024-04-15
REV_003906,ORD_009932,5,Perfect purchase. Very satisfied.,2024-11-23
REV_003907,ORD_008199,3,It is okay for the price.,2024-01-02
REV_003908,ORD_017792,2,The product is okay but delivery was late.,2024-10-12
REV_003909,ORD_015767,4,Good product and fast delivery.,2025-05-15
REV_003910,ORD_029503,2,Quality is below expectations.,2024-12-26
REV_003911,ORD_006195,2,Not very happy with the purchase.,2025-03-04
REV_003912,ORD_028072,5,Amazing quality and very fast delivery.,2025-01-21
REV_003913,ORD_026526,3,Average product. It works as expected.,2023-11-30
REV_003914,ORD_027485,3,It is okay for the price.,2023-06-29
REV_003915,ORD_025522,5,Perfect purchase. Very satisfied.,2024-01-08
REV_003916,ORD_012868,3,"Nothing special, but acceptable.",2024-01-02
REV_003917,ORD_008075,3,It is okay for the price.,2023-11-22
REV_003918,ORD_010539,4,Works well and arrived on time.,2025-05-25
REV_003919,ORD_022872,3,Average product. It works as expected.,2023-05-21
REV_003920,ORD_025022,3,Average product. It works as expected.,2025-02-20
REV_003921,ORD_011770,3,It is okay for the price.,2024-10-09
REV_003922,ORD_020882,2,Not very happy with the purchase.,2024-12-02
REV_003923,ORD_015486,4,Good product and fast delivery.,2024-10-08
REV_003924,ORD_021333,5,Amazing quality and very fast delivery.,2025-03-17
REV_003925,ORD_002566,1,Terrible experience. The product stopped working.,2024-09-15
REV_003926,ORD_011002,5,Amazing quality and very fast delivery.,2024-08-04
REV_003927,ORD_013189,3,It is okay for the price.,2023-07-20
REV_003928,ORD_029623,3,Average product. It works as expected.,2023-03-31
REV_003929,ORD_025433,4,Happy with the purchase and quality.,2024-03-13
REV_003930,ORD_004589,4,Good product and fast delivery.,2023-02-05
REV_003931,ORD_017656,3,"Nothing special, but acceptable.",2023-06-19
REV_003932,ORD_000142,3,It is okay for the price.,2023-12-02
REV_003933,ORD_008053,3,It is okay for the price.,2023-04-22
REV_003934,ORD_021747,3,Average product. It works as expected.,2023-05-03
REV_003935,ORD_008743,4,Works well and arrived on time.,2024-04-30
REV_003936,ORD_026529,4,Works well and arrived on time.,2024-12-11
REV_003937,ORD_022136,2,The product is okay but delivery was late.,2023-07-24
REV_003938,ORD_013308,3,"Nothing special, but acceptable.",2023-11-11
REV_003939,ORD_017469,3,It is okay for the price.,2023-10-03
REV_003940,ORD_027279,3,"Nothing special, but acceptable.",2023-07-23
REV_003941,ORD_009666,4,Happy with the purchase and quality.,2023-12-23
REV_003942,ORD_011147,3,"Nothing special, but acceptable.",2023-12-03
REV_003943,ORD_027151,3,It is okay for the price.,2025-03-30
REV_003944,ORD_006739,2,The product is okay but delivery was late.,2025-05-23
REV_003945,ORD_013128,3,Average product. It works as expected.,2023-12-07
REV_003946,ORD_015450,2,Not very happy with the purchase.,2024-05-15
REV_003947,ORD_009819,2,Not very happy with the purchase.,2023-02-16
REV_003948,ORD_024507,4,Good product and fast delivery.,2024-02-20
REV_003949,ORD_029298,3,"Nothing special, but acceptable.",2024-10-31
REV_003950,ORD_014922,3,Average product. It works as expected.,2025-04-28
REV_003951,ORD_019500,4,Happy with the purchase and quality.,2025-04-20
REV_003952,ORD_005848,3,Average product. It works as expected.,2023-03-09
REV_003953,ORD_024461,4,Works well and arrived on time.,2023-03-02
REV_003954,ORD_001028,4,Happy with the purchase and quality.,2023-07-25
REV_003955,ORD_010755,3,Average product. It works as expected.,2023-01-22
REV_003956,ORD_026446,4,Works well and arrived on time.,2024-03-31
REV_003957,ORD_005190,2,Not very happy with the purchase.,2024-01-17
REV_003958,ORD_019124,5,Perfect purchase. Very satisfied.,2023-04-22
REV_003959,ORD_005175,4,Good product and fast delivery.,2023-02-09
REV_003960,ORD_004791,3,"Nothing special, but acceptable.",2023-10-31
REV_003961,ORD_006238,4,Happy with the purchase and quality.,2024-10-08
REV_003962,ORD_014348,2,Quality is below expectations.,2024-10-09
REV_003963,ORD_028054,2,Not very happy with the purchase.,2025-02-25
REV_003964,ORD_016482,2,Not very happy with the purchase.,2024-11-03
REV_003965,ORD_013998,2,Quality is below expectations.,2023-08-23
REV_003966,ORD_026067,2,Not very happy with the purchase.,2024-10-22
REV_003967,ORD_023116,4,Good product and fast delivery.,2023-10-04
REV_003968,ORD_022195,4,Happy with the purchase and quality.,2023-03-31
REV_003969,ORD_007777,3,"Nothing special, but acceptable.",2024-09-23
REV_003970,ORD_006170,5,Amazing quality and very fast delivery.,2024-04-24
REV_003971,ORD_008926,2,Quality is below expectations.,2024-03-17
REV_003972,ORD_020216,4,Good product and fast delivery.,2024-08-18
REV_003973,ORD_024564,2,Not very happy with the purchase.,2023-10-29
REV_003974,ORD_002328,4,Good product and fast delivery.,2024-09-08
REV_003975,ORD_004547,3,Average product. It works as expected.,2024-08-19
REV_003976,ORD_022553,3,"Nothing special, but acceptable.",2024-11-18
REV_003977,ORD_026169,3,"Nothing special, but acceptable.",2023-07-05
REV_003978,ORD_002817,3,Average product. It works as expected.,2024-04-20
REV_003979,ORD_029680,3,Average product. It works as expected.,2024-12-27
REV_003980,ORD_000542,3,Average product. It works as expected.,2024-08-24
REV_003981,ORD_019307,2,The product is okay but delivery was late.,2025-05-30
REV_003982,ORD_007142,2,The product is okay but delivery was late.,2024-06-25
REV_003983,ORD_005320,3,It is okay for the price.,2023-07-17
REV_003984,ORD_024750,5,Amazing quality and very fast delivery.,2023-10-25
REV_003985,ORD_006695,3,"Nothing special, but acceptable.",2023-05-23
REV_003986,ORD_026127,4,Good product and fast delivery.,2023-05-28
REV_003987,ORD_013793,4,Works well and arrived on time.,2025-01-22
REV_003988,ORD_009475,3,"Nothing special, but acceptable.",2023-01-23
REV_003989,ORD_013632,3,"Nothing special, but acceptable.",2025-01-29
REV_003990,ORD_028874,4,Works well and arrived on time.,2024-01-16
REV_003991,ORD_017271,4,Good product and fast delivery.,2023-05-25
REV_003992,ORD_024382,4,Good product and fast delivery.,2023-07-10
REV_003993,ORD_013860,2,Not very happy with the purchase.,2023-11-23
REV_003994,ORD_006757,5,Excellent product. I highly recommend it.,2023-11-30
REV_003995,ORD_005749,3,Average product. It works as expected.,2024-02-15
REV_003996,ORD_011493,3,"Nothing special, but acceptable.",2025-03-15
REV_003997,ORD_000990,4,Good product and fast delivery.,2023-12-01
REV_003998,ORD_008464,4,Happy with the purchase and quality.,2024-01-27
REV_003999,ORD_014742,5,Amazing quality and very fast delivery.,2025-03-26
REV_004000,ORD_026939,4,Good product and fast delivery.,2024-03-05
REV_004001,ORD_000116,2,The product is okay but delivery was late.,2023-10-07
REV_004002,ORD_012755,4,Happy with the purchase and quality.,2024-05-03
REV_004003,ORD_029330,4,Happy with the purchase and quality.,2024-10-23
REV_004004,ORD_026956,3,It is okay for the price.,2024-11-18
REV_004005,ORD_011556,2,Quality is below expectations.,2023-03-22
REV_004006,ORD_029055,5,Perfect purchase. Very satisfied.,2025-02-09
REV_004007,ORD_025219,5,Excellent product. I highly recommend it.,2023-04-27
REV_004008,ORD_005315,3,"Nothing special, but acceptable.",2023-06-24
REV_004009,ORD_018993,5,Perfect purchase. Very satisfied.,2024-03-27
REV_004010,ORD_024680,3,Average product. It works as expected.,2024-03-20
REV_004011,ORD_010167,2,The product is okay but delivery was late.,2023-01-06
REV_004012,ORD_000886,4,Good product and fast delivery.,2023-05-16
REV_004013,ORD_008407,3,It is okay for the price.,2024-04-30
REV_004014,ORD_004382,5,Excellent product. I highly recommend it.,2024-05-10
REV_004015,ORD_021017,2,Quality is below expectations.,2023-08-25
REV_004016,ORD_010756,4,Good product and fast delivery.,2024-02-26
REV_004017,ORD_018064,2,Not very happy with the purchase.,2025-04-05
REV_004018,ORD_008812,4,Works well and arrived on time.,2025-03-20
REV_004019,ORD_003146,4,Works well and arrived on time.,2023-01-16
REV_004020,ORD_022249,3,It is okay for the price.,2023-12-17
REV_004021,ORD_011838,5,Perfect purchase. Very satisfied.,2023-11-08
REV_004022,ORD_025874,2,Quality is below expectations.,2023-08-31
REV_004023,ORD_015297,4,Happy with the purchase and quality.,2023-02-05
REV_004024,ORD_029603,4,Good product and fast delivery.,2025-06-17
REV_004025,ORD_028291,4,Works well and arrived on time.,2023-08-15
REV_004026,ORD_027039,4,Works well and arrived on time.,2023-05-03
REV_004027,ORD_016082,4,Good product and fast delivery.,2023-10-09
REV_004028,ORD_028010,4,Happy with the purchase and quality.,2024-03-23
REV_004029,ORD_002601,2,The product is okay but delivery was late.,2023-10-06
REV_004030,ORD_024512,3,"Nothing special, but acceptable.",2023-12-27
REV_004031,ORD_021176,3,"Nothing special, but acceptable.",2023-01-14
REV_004032,ORD_007185,4,Works well and arrived on time.,2023-09-02
REV_004033,ORD_008263,4,Works well and arrived on time.,2023-09-12
REV_004034,ORD_022373,4,Happy with the purchase and quality.,2024-11-24
REV_004035,ORD_011686,1,Terrible experience. The product stopped working.,2023-01-12
REV_004036,ORD_027348,2,Not very happy with the purchase.,2025-05-08
REV_004037,ORD_015986,4,Happy with the purchase and quality.,2024-07-11
REV_004038,ORD_010875,3,"Nothing special, but acceptable.",2023-05-10
REV_004039,ORD_014214,3,"Nothing special, but acceptable.",2023-02-02
REV_004040,ORD_002189,4,Happy with the purchase and quality.,2023-10-09
REV_004041,ORD_018239,3,"Nothing special, but acceptable.",2023-06-26
REV_004042,ORD_016349,2,Quality is below expectations.,2024-05-10
REV_004043,ORD_013937,3,It is okay for the price.,2024-12-31
REV_004044,ORD_025097,4,Good product and fast delivery.,2023-05-13
REV_004045,ORD_018706,4,Works well and arrived on time.,2024-03-28
REV_004046,ORD_002191,3,It is okay for the price.,2024-03-10
REV_004047,ORD_025399,4,Works well and arrived on time.,2023-02-25
REV_004048,ORD_003599,1,Very disappointing product and poor quality.,2024-07-06
REV_004049,ORD_025930,3,"Nothing special, but acceptable.",2023-09-05
REV_004050,ORD_019529,2,The product is okay but delivery was late.,2023-10-09
REV_004051,ORD_022525,3,It is okay for the price.,2024-10-12
REV_004052,ORD_010643,4,Works well and arrived on time.,2025-02-18
REV_004053,ORD_017599,3,Average product. It works as expected.,2023-06-22
REV_004054,ORD_023800,2,Quality is below expectations.,2024-03-24
REV_004055,ORD_026303,3,Average product. It works as expected.,2024-06-04
REV_004056,ORD_027862,5,Amazing quality and very fast delivery.,2025-07-09
REV_004057,ORD_021793,4,Good product and fast delivery.,2024-10-31
REV_004058,ORD_014053,3,Average product. It works as expected.,2023-04-16
REV_004059,ORD_014110,2,Not very happy with the purchase.,2023-11-28
REV_004060,ORD_020614,2,Quality is below expectations.,2023-05-03
REV_004061,ORD_016430,3,It is okay for the price.,2024-10-08
REV_004062,ORD_009269,3,"Nothing special, but acceptable.",2023-07-03
REV_004063,ORD_028785,5,Amazing quality and very fast delivery.,2025-04-14
REV_004064,ORD_024760,3,It is okay for the price.,2024-12-10
REV_004065,ORD_018162,3,Average product. It works as expected.,2024-10-31
REV_004066,ORD_021599,3,Average product. It works as expected.,2025-03-21
REV_004067,ORD_017976,2,Quality is below expectations.,2023-01-23
REV_004068,ORD_005561,5,Excellent product. I highly recommend it.,2024-11-21
REV_004069,ORD_005934,3,"Nothing special, but acceptable.",2023-04-13
REV_004070,ORD_022649,2,Quality is below expectations.,2023-09-09
REV_004071,ORD_026975,4,Works well and arrived on time.,2025-05-02
REV_004072,ORD_029600,4,Works well and arrived on time.,2025-03-15
REV_004073,ORD_003261,4,Good product and fast delivery.,2024-06-10
REV_004074,ORD_011173,3,Average product. It works as expected.,2024-08-17
REV_004075,ORD_008257,2,The product is okay but delivery was late.,2024-02-17
REV_004076,ORD_028781,3,"Nothing special, but acceptable.",2023-12-04
REV_004077,ORD_021938,3,It is okay for the price.,2024-07-17
REV_004078,ORD_002611,3,It is okay for the price.,2023-07-16
REV_004079,ORD_008322,3,It is okay for the price.,2023-06-13
REV_004080,ORD_001138,4,Good product and fast delivery.,2025-01-11
REV_004081,ORD_014631,3,Average product. It works as expected.,2025-02-26
REV_004082,ORD_023027,5,Perfect purchase. Very satisfied.,2025-05-09
REV_004083,ORD_004343,4,Happy with the purchase and quality.,2025-01-25
REV_004084,ORD_006914,4,Happy with the purchase and quality.,2023-08-09
REV_004085,ORD_018312,2,Quality is below expectations.,2024-03-09
REV_004086,ORD_024909,3,It is okay for the price.,2025-04-25
REV_004087,ORD_006943,3,Average product. It works as expected.,2025-05-09
REV_004088,ORD_008473,3,Average product. It works as expected.,2025-06-22
REV_004089,ORD_017092,5,Amazing quality and very fast delivery.,2023-09-06
REV_004090,ORD_029066,4,Happy with the purchase and quality.,2024-07-05
REV_004091,ORD_021403,4,Happy with the purchase and quality.,2025-06-11
REV_004092,ORD_025062,5,Perfect purchase. Very satisfied.,2023-08-17
REV_004093,ORD_002211,4,Good product and fast delivery.,2023-01-31
REV_004094,ORD_029761,3,It is okay for the price.,2025-01-15
REV_004095,ORD_021165,2,Quality is below expectations.,2025-01-08
REV_004096,ORD_019773,1,Very disappointing product and poor quality.,2025-04-13
REV_004097,ORD_020859,2,Not very happy with the purchase.,2023-12-10
REV_004098,ORD_017622,5,Perfect purchase. Very satisfied.,2024-12-20
REV_004099,ORD_014248,3,It is okay for the price.,2023-08-01
REV_004100,ORD_023339,4,Good product and fast delivery.,2024-04-07
REV_004101,ORD_018845,4,Works well and arrived on time.,2023-03-15
REV_004102,ORD_018970,3,It is okay for the price.,2023-07-13
REV_004103,ORD_005948,3,Average product. It works as expected.,2025-02-17
REV_004104,ORD_008471,4,Works well and arrived on time.,2025-01-19
REV_004105,ORD_002382,5,Excellent product. I highly recommend it.,2023-09-05
REV_004106,ORD_017070,4,Good product and fast delivery.,2023-01-30
REV_004107,ORD_022834,2,Not very happy with the purchase.,2024-04-15
REV_004108,ORD_012044,2,Quality is below expectations.,2024-09-03
REV_004109,ORD_008620,3,It is okay for the price.,2024-11-27
REV_004110,ORD_021322,3,It is okay for the price.,2023-07-18
REV_004111,ORD_026397,2,The product is okay but delivery was late.,2024-10-17
REV_004112,ORD_026734,4,Works well and arrived on time.,2024-01-16
REV_004113,ORD_028976,3,"Nothing special, but acceptable.",2024-10-26
REV_004114,ORD_009212,4,Happy with the purchase and quality.,2023-12-27
REV_004115,ORD_027347,4,Good product and fast delivery.,2025-04-11
REV_004116,ORD_011491,2,Not very happy with the purchase.,2023-11-22
REV_004117,ORD_022197,3,It is okay for the price.,2023-06-09
REV_004118,ORD_027934,3,It is okay for the price.,2023-09-27
REV_004119,ORD_028693,4,Happy with the purchase and quality.,2024-02-15
REV_004120,ORD_018923,4,Works well and arrived on time.,2024-10-01
REV_004121,ORD_012807,3,"Nothing special, but acceptable.",2023-08-02
REV_004122,ORD_017065,4,Happy with the purchase and quality.,2023-12-18
REV_004123,ORD_004316,3,It is okay for the price.,2023-08-09
REV_004124,ORD_020776,4,Good product and fast delivery.,2024-08-16
REV_004125,ORD_015793,2,Quality is below expectations.,2025-05-29
REV_004126,ORD_007831,2,Not very happy with the purchase.,2024-11-02
REV_004127,ORD_004850,4,Good product and fast delivery.,2024-05-17
REV_004128,ORD_027029,4,Works well and arrived on time.,2025-04-26
REV_004129,ORD_000516,4,Good product and fast delivery.,2024-10-29
REV_004130,ORD_010828,4,Works well and arrived on time.,2024-03-26
REV_004131,ORD_003700,2,The product is okay but delivery was late.,2025-07-03
REV_004132,ORD_026471,2,Quality is below expectations.,2023-10-13
REV_004133,ORD_009854,4,Works well and arrived on time.,2024-11-26
REV_004134,ORD_018254,2,Quality is below expectations.,2023-06-30
REV_004135,ORD_021990,3,It is okay for the price.,2023-03-15
REV_004136,ORD_013241,2,Quality is below expectations.,2024-02-07
REV_004137,ORD_009068,4,Works well and arrived on time.,2024-06-11
REV_004138,ORD_015490,2,The product is okay but delivery was late.,2023-10-02
REV_004139,ORD_000692,4,Good product and fast delivery.,2024-12-12
REV_004140,ORD_001034,2,Quality is below expectations.,2023-07-03
REV_004141,ORD_022579,4,Happy with the purchase and quality.,2025-06-08
REV_004142,ORD_023969,4,Good product and fast delivery.,2025-05-07
REV_004143,ORD_021265,4,Works well and arrived on time.,2023-07-20
REV_004144,ORD_016766,5,Perfect purchase. Very satisfied.,2025-06-15
REV_004145,ORD_013047,5,Amazing quality and very fast delivery.,2025-06-26
REV_004146,ORD_007508,1,Terrible experience. The product stopped working.,2025-01-14
REV_004147,ORD_021398,3,Average product. It works as expected.,2023-07-16
REV_004148,ORD_001077,3,It is okay for the price.,2023-10-16
REV_004149,ORD_021129,4,Works well and arrived on time.,2023-01-30
REV_004150,ORD_027775,4,Happy with the purchase and quality.,2024-06-06
REV_004151,ORD_004286,2,The product is okay but delivery was late.,2025-04-25
REV_004152,ORD_004379,3,It is okay for the price.,2025-04-05
REV_004153,ORD_017571,3,Average product. It works as expected.,2023-09-24
REV_004154,ORD_003441,4,Works well and arrived on time.,2023-02-26
REV_004155,ORD_000358,4,Happy with the purchase and quality.,2024-12-08
REV_004156,ORD_023034,2,The product is okay but delivery was late.,2023-05-30
REV_004157,ORD_008908,3,Average product. It works as expected.,2025-05-30
REV_004158,ORD_007406,2,Quality is below expectations.,2024-05-13
REV_004159,ORD_016397,2,The product is okay but delivery was late.,2024-08-14
REV_004160,ORD_008352,4,Happy with the purchase and quality.,2024-05-01
REV_004161,ORD_006634,4,Happy with the purchase and quality.,2023-03-13
REV_004162,ORD_020220,2,Quality is below expectations.,2025-01-25
REV_004163,ORD_008272,4,Happy with the purchase and quality.,2025-04-19
REV_004164,ORD_002350,2,The product is okay but delivery was late.,2025-05-07
REV_004165,ORD_011135,4,Works well and arrived on time.,2025-05-19
REV_004166,ORD_022002,2,Not very happy with the purchase.,2024-12-12
REV_004167,ORD_024271,3,"Nothing special, but acceptable.",2023-08-18
REV_004168,ORD_028196,3,Average product. It works as expected.,2023-12-26
REV_004169,ORD_006022,1,Item arrived damaged and I want a refund.,2023-07-31
REV_004170,ORD_008109,3,"Nothing special, but acceptable.",2025-03-30
REV_004171,ORD_023204,3,"Nothing special, but acceptable.",2024-02-02
REV_004172,ORD_025201,2,Quality is below expectations.,2023-06-27
REV_004173,ORD_005581,3,Average product. It works as expected.,2023-12-12
REV_004174,ORD_020891,4,Works well and arrived on time.,2023-04-28
REV_004175,ORD_021877,3,Average product. It works as expected.,2023-03-24
REV_004176,ORD_008962,3,Average product. It works as expected.,2024-08-27
REV_004177,ORD_023954,2,Not very happy with the purchase.,2025-04-06
REV_004178,ORD_020345,3,"Nothing special, but acceptable.",2023-05-26
REV_004179,ORD_014230,3,It is okay for the price.,2023-02-07
REV_004180,ORD_012460,3,Average product. It works as expected.,2023-05-08
REV_004181,ORD_002939,2,Not very happy with the purchase.,2024-08-08
REV_004182,ORD_026508,3,It is okay for the price.,2024-08-07
REV_004183,ORD_005842,2,Quality is below expectations.,2023-05-20
REV_004184,ORD_006929,5,Amazing quality and very fast delivery.,2024-05-03
REV_004185,ORD_008185,5,Perfect purchase. Very satisfied.,2025-05-24
REV_004186,ORD_009221,3,It is okay for the price.,2023-05-08
REV_004187,ORD_004207,4,Happy with the purchase and quality.,2023-08-12
REV_004188,ORD_026738,5,Perfect purchase. Very satisfied.,2023-12-26
REV_004189,ORD_018218,4,Happy with the purchase and quality.,2023-06-15
REV_004190,ORD_022818,3,"Nothing special, but acceptable.",2023-03-30
REV_004191,ORD_010368,4,Works well and arrived on time.,2025-05-24
REV_004192,ORD_018868,3,Average product. It works as expected.,2023-12-26
REV_004193,ORD_017906,4,Works well and arrived on time.,2023-10-05
REV_004194,ORD_024478,1,Item arrived damaged and I want a refund.,2025-05-02
REV_004195,ORD_005063,1,Item arrived damaged and I want a refund.,2024-03-08
REV_004196,ORD_019157,4,Happy with the purchase and quality.,2023-08-23
REV_004197,ORD_000149,4,Good product and fast delivery.,2025-02-24
REV_004198,ORD_019078,4,Works well and arrived on time.,2023-09-14
REV_004199,ORD_015381,3,Average product. It works as expected.,2024-08-22
REV_004200,ORD_012000,2,Quality is below expectations.,2023-05-27
REV_004201,ORD_003581,3,Average product. It works as expected.,2023-03-20
REV_004202,ORD_019371,2,Not very happy with the purchase.,2023-03-21
REV_004203,ORD_003413,2,Not very happy with the purchase.,2023-05-23
REV_004204,ORD_016128,4,Happy with the purchase and quality.,2023-03-11
REV_004205,ORD_015143,3,It is okay for the price.,2023-11-21
REV_004206,ORD_005620,3,"Nothing special, but acceptable.",2023-05-02
REV_004207,ORD_013803,2,Not very happy with the purchase.,2024-05-10
REV_004208,ORD_028701,3,"Nothing special, but acceptable.",2023-10-11
REV_004209,ORD_005541,3,Average product. It works as expected.,2025-04-23
REV_004210,ORD_015533,4,Good product and fast delivery.,2025-05-30
REV_004211,ORD_009428,2,The product is okay but delivery was late.,2025-01-09
REV_004212,ORD_027262,3,It is okay for the price.,2025-05-09
REV_004213,ORD_025035,5,Excellent product. I highly recommend it.,2025-01-17
REV_004214,ORD_016500,3,"Nothing special, but acceptable.",2023-08-29
REV_004215,ORD_000345,4,Good product and fast delivery.,2023-09-16
REV_004216,ORD_000162,3,It is okay for the price.,2024-03-05
REV_004217,ORD_025589,3,It is okay for the price.,2024-06-03
REV_004218,ORD_014128,4,Works well and arrived on time.,2024-12-30
REV_004219,ORD_021973,4,Good product and fast delivery.,2023-06-09
REV_004220,ORD_011444,4,Good product and fast delivery.,2023-10-02
REV_004221,ORD_012893,2,Not very happy with the purchase.,2025-03-18
REV_004222,ORD_008168,3,Average product. It works as expected.,2024-07-12
REV_004223,ORD_005119,4,Good product and fast delivery.,2023-03-28
REV_004224,ORD_015683,2,Quality is below expectations.,2025-01-19
REV_004225,ORD_005174,4,Works well and arrived on time.,2023-11-01
REV_004226,ORD_012974,4,Works well and arrived on time.,2024-09-16
REV_004227,ORD_026181,4,Happy with the purchase and quality.,2024-08-13
REV_004228,ORD_000876,3,"Nothing special, but acceptable.",2024-03-17
REV_004229,ORD_012851,3,"Nothing special, but acceptable.",2023-01-26
REV_004230,ORD_025204,4,Works well and arrived on time.,2023-04-11
REV_004231,ORD_003727,3,Average product. It works as expected.,2023-05-21
REV_004232,ORD_009784,3,Average product. It works as expected.,2023-12-20
REV_004233,ORD_025935,3,It is okay for the price.,2025-04-02
REV_004234,ORD_025240,5,Perfect purchase. Very satisfied.,2024-11-06
REV_004235,ORD_029480,2,The product is okay but delivery was late.,2025-05-13
REV_004236,ORD_022938,4,Happy with the purchase and quality.,2024-02-15
REV_004237,ORD_003317,4,Good product and fast delivery.,2023-02-06
REV_004238,ORD_018986,5,Amazing quality and very fast delivery.,2025-05-27
REV_004239,ORD_023475,5,Excellent product. I highly recommend it.,2023-10-02
REV_004240,ORD_014677,2,The product is okay but delivery was late.,2024-02-16
REV_004241,ORD_004619,4,Good product and fast delivery.,2024-10-07
REV_004242,ORD_026134,3,It is okay for the price.,2024-01-04
REV_004243,ORD_002664,4,Good product and fast delivery.,2023-03-26
REV_004244,ORD_006915,2,The product is okay but delivery was late.,2024-04-19
REV_004245,ORD_021716,4,Works well and arrived on time.,2023-11-30
REV_004246,ORD_007276,5,Perfect purchase. Very satisfied.,2023-09-29
REV_004247,ORD_002674,2,Not very happy with the purchase.,2023-12-10
REV_004248,ORD_016126,4,Works well and arrived on time.,2023-09-13
REV_004249,ORD_023494,4,Good product and fast delivery.,2024-03-23
REV_004250,ORD_023343,5,Perfect purchase. Very satisfied.,2023-10-04
REV_004251,ORD_026470,4,Happy with the purchase and quality.,2023-05-28
REV_004252,ORD_020648,3,It is okay for the price.,2023-11-27
REV_004253,ORD_013922,4,Good product and fast delivery.,2023-12-26
REV_004254,ORD_011986,5,Excellent product. I highly recommend it.,2024-12-14
REV_004255,ORD_025247,3,Average product. It works as expected.,2023-05-06
REV_004256,ORD_021513,4,Good product and fast delivery.,2023-07-26
REV_004257,ORD_010480,4,Good product and fast delivery.,2024-11-29
REV_004258,ORD_011927,2,The product is okay but delivery was late.,2023-06-27
REV_004259,ORD_029660,3,Average product. It works as expected.,2023-03-02
REV_004260,ORD_013837,2,Quality is below expectations.,2023-02-10
REV_004261,ORD_001079,4,Works well and arrived on time.,2023-11-28
REV_004262,ORD_016863,3,"Nothing special, but acceptable.",2025-05-26
REV_004263,ORD_013082,3,"Nothing special, but acceptable.",2024-10-25
REV_004264,ORD_022438,4,Works well and arrived on time.,2025-05-14
REV_004265,ORD_007360,3,It is okay for the price.,2023-04-26
REV_004266,ORD_001104,3,"Nothing special, but acceptable.",2024-12-06
REV_004267,ORD_016520,4,Works well and arrived on time.,2024-09-25
REV_004268,ORD_002430,3,It is okay for the price.,2023-08-11
REV_004269,ORD_000743,4,Good product and fast delivery.,2023-09-12
REV_004270,ORD_019615,2,The product is okay but delivery was late.,2024-07-19
REV_004271,ORD_003958,3,"Nothing special, but acceptable.",2025-06-04
REV_004272,ORD_023949,3,"Nothing special, but acceptable.",2025-06-21
REV_004273,ORD_026856,4,Happy with the purchase and quality.,2024-12-28
REV_004274,ORD_015947,2,Quality is below expectations.,2024-07-17
REV_004275,ORD_014668,3,"Nothing special, but acceptable.",2023-01-30
REV_004276,ORD_018364,2,Quality is below expectations.,2025-07-02
REV_004277,ORD_025538,3,It is okay for the price.,2023-04-07
REV_004278,ORD_002984,5,Perfect purchase. Very satisfied.,2025-05-03
REV_004279,ORD_028749,3,"Nothing special, but acceptable.",2023-06-02
REV_004280,ORD_017743,2,Quality is below expectations.,2024-01-26
REV_004281,ORD_024378,2,Not very happy with the purchase.,2023-12-14
REV_004282,ORD_027301,3,It is okay for the price.,2024-09-05
REV_004283,ORD_015909,3,It is okay for the price.,2024-11-04
REV_004284,ORD_023719,4,Works well and arrived on time.,2023-11-03
REV_004285,ORD_026025,4,Happy with the purchase and quality.,2023-12-22
REV_004286,ORD_017210,4,Good product and fast delivery.,2023-01-07
REV_004287,ORD_025270,4,Good product and fast delivery.,2023-05-06
REV_004288,ORD_014433,4,Works well and arrived on time.,2025-05-11
REV_004289,ORD_022046,4,Works well and arrived on time.,2024-05-03
REV_004290,ORD_026065,5,Perfect purchase. Very satisfied.,2025-06-24
REV_004291,ORD_002028,4,Happy with the purchase and quality.,2024-05-16
REV_004292,ORD_005211,3,"Nothing special, but acceptable.",2025-05-26
REV_004293,ORD_007807,3,It is okay for the price.,2023-04-24
REV_004294,ORD_026775,3,"Nothing special, but acceptable.",2024-10-26
REV_004295,ORD_027205,3,It is okay for the price.,2024-01-04
REV_004296,ORD_026858,2,Quality is below expectations.,2024-11-19
REV_004297,ORD_027842,5,Excellent product. I highly recommend it.,2023-09-11
REV_004298,ORD_001505,3,Average product. It works as expected.,2023-06-06
REV_004299,ORD_015368,4,Good product and fast delivery.,2023-10-29
REV_004300,ORD_018772,3,"Nothing special, but acceptable.",2024-11-06
REV_004301,ORD_028845,3,"Nothing special, but acceptable.",2025-02-14
REV_004302,ORD_004742,4,Works well and arrived on time.,2023-04-03
REV_004303,ORD_003872,3,"Nothing special, but acceptable.",2023-08-11
REV_004304,ORD_004754,2,Quality is below expectations.,2025-07-01
REV_004305,ORD_017141,3,It is okay for the price.,2023-06-23
REV_004306,ORD_013390,4,Good product and fast delivery.,2023-05-29
REV_004307,ORD_009277,4,Happy with the purchase and quality.,2024-03-20
REV_004308,ORD_000197,2,The product is okay but delivery was late.,2024-10-02
REV_004309,ORD_005328,4,Happy with the purchase and quality.,2023-02-14
REV_004310,ORD_008423,2,The product is okay but delivery was late.,2025-06-30
REV_004311,ORD_000506,1,Terrible experience. The product stopped working.,2023-10-13
REV_004312,ORD_017884,2,The product is okay but delivery was late.,2025-05-14
REV_004313,ORD_002321,2,Quality is below expectations.,2024-06-16
REV_004314,ORD_001097,5,Excellent product. I highly recommend it.,2025-04-07
REV_004315,ORD_010530,3,Average product. It works as expected.,2025-05-29
REV_004316,ORD_021951,2,Quality is below expectations.,2023-04-05
REV_004317,ORD_001515,4,Happy with the purchase and quality.,2023-04-11
REV_004318,ORD_022145,4,Good product and fast delivery.,2025-04-03
REV_004319,ORD_022265,4,Good product and fast delivery.,2023-10-08
REV_004320,ORD_021193,3,It is okay for the price.,2024-12-04
REV_004321,ORD_026551,4,Works well and arrived on time.,2023-07-16
REV_004322,ORD_026215,2,Quality is below expectations.,2023-06-08
REV_004323,ORD_005908,4,Happy with the purchase and quality.,2023-02-12
REV_004324,ORD_007699,3,"Nothing special, but acceptable.",2025-01-18
REV_004325,ORD_015804,2,Quality is below expectations.,2023-01-29
REV_004326,ORD_029269,3,Average product. It works as expected.,2025-05-22
REV_004327,ORD_018831,3,Average product. It works as expected.,2023-01-28
REV_004328,ORD_001276,2,Not very happy with the purchase.,2023-08-25
REV_004329,ORD_024599,3,It is okay for the price.,2023-12-10
REV_004330,ORD_022473,2,The product is okay but delivery was late.,2024-12-10
REV_004331,ORD_004437,2,The product is okay but delivery was late.,2024-07-22
REV_004332,ORD_002734,4,Works well and arrived on time.,2024-10-28
REV_004333,ORD_017827,4,Happy with the purchase and quality.,2023-09-21
REV_004334,ORD_015015,3,Average product. It works as expected.,2023-10-27
REV_004335,ORD_009041,4,Happy with the purchase and quality.,2024-01-14
REV_004336,ORD_003990,5,Perfect purchase. Very satisfied.,2024-02-24
REV_004337,ORD_024453,2,The product is okay but delivery was late.,2023-06-05
REV_004338,ORD_026282,4,Happy with the purchase and quality.,2023-04-28
REV_004339,ORD_012300,4,Works well and arrived on time.,2023-09-25
REV_004340,ORD_004121,4,Happy with the purchase and quality.,2025-06-04
REV_004341,ORD_019490,5,Excellent product. I highly recommend it.,2023-03-15
REV_004342,ORD_027000,5,Perfect purchase. Very satisfied.,2023-05-08
REV_004343,ORD_005955,4,Good product and fast delivery.,2023-07-21
REV_004344,ORD_002782,4,Works well and arrived on time.,2024-07-18
REV_004345,ORD_007131,3,"Nothing special, but acceptable.",2023-09-19
REV_004346,ORD_013060,3,"Nothing special, but acceptable.",2024-05-30
REV_004347,ORD_001389,4,Happy with the purchase and quality.,2025-05-12
REV_004348,ORD_012613,3,It is okay for the price.,2024-07-02
REV_004349,ORD_020824,5,Perfect purchase. Very satisfied.,2024-04-12
REV_004350,ORD_000679,3,It is okay for the price.,2023-12-07
REV_004351,ORD_019835,5,Excellent product. I highly recommend it.,2023-09-24
REV_004352,ORD_025122,4,Works well and arrived on time.,2023-05-17
REV_004353,ORD_013906,3,"Nothing special, but acceptable.",2024-09-23
REV_004354,ORD_008496,2,Quality is below expectations.,2025-01-16
REV_004355,ORD_010529,2,Not very happy with the purchase.,2024-12-18
REV_004356,ORD_012035,4,Good product and fast delivery.,2024-02-19
REV_004357,ORD_010124,5,Excellent product. I highly recommend it.,2023-04-20
REV_004358,ORD_029097,2,Quality is below expectations.,2023-09-05
REV_004359,ORD_012556,4,Good product and fast delivery.,2024-08-14
REV_004360,ORD_011262,4,Happy with the purchase and quality.,2025-03-01
REV_004361,ORD_009834,5,Perfect purchase. Very satisfied.,2024-08-22
REV_004362,ORD_024977,4,Good product and fast delivery.,2023-02-10
REV_004363,ORD_006141,4,Works well and arrived on time.,2024-12-13
REV_004364,ORD_027802,4,Good product and fast delivery.,2025-01-10
REV_004365,ORD_017409,4,Good product and fast delivery.,2023-03-06
REV_004366,ORD_004333,3,It is okay for the price.,2023-07-21
REV_004367,ORD_013485,3,"Nothing special, but acceptable.",2023-06-27
REV_004368,ORD_024745,3,It is okay for the price.,2024-04-03
REV_004369,ORD_023348,3,Average product. It works as expected.,2024-08-31
REV_004370,ORD_015839,3,"Nothing special, but acceptable.",2023-07-03
REV_004371,ORD_008086,4,Works well and arrived on time.,2023-01-19
REV_004372,ORD_010941,3,"Nothing special, but acceptable.",2023-08-18
REV_004373,ORD_013887,3,Average product. It works as expected.,2024-06-02
REV_004374,ORD_006866,2,The product is okay but delivery was late.,2023-06-22
REV_004375,ORD_000037,3,Average product. It works as expected.,2023-11-02
REV_004376,ORD_005389,5,Amazing quality and very fast delivery.,2024-02-28
REV_004377,ORD_014927,3,It is okay for the price.,2023-09-27
REV_004378,ORD_024288,2,Quality is below expectations.,2025-04-21
REV_004379,ORD_011092,3,It is okay for the price.,2024-09-13
REV_004380,ORD_029536,3,Average product. It works as expected.,2024-04-26
REV_004381,ORD_003594,3,Average product. It works as expected.,2024-02-08
REV_004382,ORD_028310,4,Works well and arrived on time.,2024-12-31
REV_004383,ORD_011836,3,Average product. It works as expected.,2024-02-26
REV_004384,ORD_003920,3,It is okay for the price.,2024-01-14
REV_004385,ORD_004646,3,It is okay for the price.,2023-04-17
REV_004386,ORD_008571,4,Works well and arrived on time.,2024-09-03
REV_004387,ORD_029642,5,Amazing quality and very fast delivery.,2024-08-03
REV_004388,ORD_002006,3,It is okay for the price.,2023-05-03
REV_004389,ORD_024470,3,"Nothing special, but acceptable.",2023-01-31
REV_004390,ORD_001023,4,Good product and fast delivery.,2025-04-29
REV_004391,ORD_001050,3,Average product. It works as expected.,2023-04-10
REV_004392,ORD_022637,4,Works well and arrived on time.,2023-03-28
REV_004393,ORD_005252,4,Happy with the purchase and quality.,2023-07-02
REV_004394,ORD_027471,2,Quality is below expectations.,2024-11-18
REV_004395,ORD_024232,4,Good product and fast delivery.,2023-01-28
REV_004396,ORD_026314,4,Happy with the purchase and quality.,2024-10-25
REV_004397,ORD_024621,5,Perfect purchase. Very satisfied.,2025-04-20
REV_004398,ORD_026212,3,Average product. It works as expected.,2023-03-24
REV_004399,ORD_026104,3,"Nothing special, but acceptable.",2024-02-13
REV_004400,ORD_027098,5,Perfect purchase. Very satisfied.,2024-05-17
REV_004401,ORD_014782,4,Happy with the purchase and quality.,2024-01-19
REV_004402,ORD_005516,4,Good product and fast delivery.,2024-11-28
REV_004403,ORD_016109,5,Amazing quality and very fast delivery.,2023-10-13
REV_004404,ORD_004689,3,It is okay for the price.,2024-09-26
REV_004405,ORD_015745,3,It is okay for the price.,2023-08-02
REV_004406,ORD_027300,4,Good product and fast delivery.,2025-03-19
REV_004407,ORD_022997,3,It is okay for the price.,2023-01-17
REV_004408,ORD_003182,2,The product is okay but delivery was late.,2025-05-07
REV_004409,ORD_022123,3,"Nothing special, but acceptable.",2023-04-17
REV_004410,ORD_021759,4,Good product and fast delivery.,2024-08-11
REV_004411,ORD_022528,1,Item arrived damaged and I want a refund.,2024-02-03
REV_004412,ORD_001348,4,Works well and arrived on time.,2025-01-10
REV_004413,ORD_013863,2,Not very happy with the purchase.,2023-08-29
REV_004414,ORD_011592,3,Average product. It works as expected.,2023-06-01
REV_004415,ORD_009296,3,Average product. It works as expected.,2023-03-21
REV_004416,ORD_023792,3,It is okay for the price.,2025-02-22
REV_004417,ORD_027979,3,It is okay for the price.,2023-10-27
REV_004418,ORD_012674,5,Perfect purchase. Very satisfied.,2024-05-25
REV_004419,ORD_027374,3,It is okay for the price.,2023-07-26
REV_004420,ORD_004331,3,Average product. It works as expected.,2023-10-24
REV_004421,ORD_005881,4,Happy with the purchase and quality.,2025-04-28
REV_004422,ORD_015912,3,Average product. It works as expected.,2024-12-12
REV_004423,ORD_020535,3,Average product. It works as expected.,2023-08-29
REV_004424,ORD_015411,2,Not very happy with the purchase.,2024-06-12
REV_004425,ORD_008251,3,"Nothing special, but acceptable.",2023-01-24
REV_004426,ORD_017580,5,Excellent product. I highly recommend it.,2023-05-23
REV_004427,ORD_025913,4,Good product and fast delivery.,2023-11-08
REV_004428,ORD_010380,3,It is okay for the price.,2023-05-14
REV_004429,ORD_017188,5,Excellent product. I highly recommend it.,2023-08-03
REV_004430,ORD_012561,2,The product is okay but delivery was late.,2024-12-17
REV_004431,ORD_019631,3,Average product. It works as expected.,2025-06-01
REV_004432,ORD_026736,2,Quality is below expectations.,2023-04-09
REV_004433,ORD_001521,5,Perfect purchase. Very satisfied.,2023-02-24
REV_004434,ORD_011035,3,Average product. It works as expected.,2023-01-08
REV_004435,ORD_020341,4,Happy with the purchase and quality.,2024-08-01
REV_004436,ORD_005981,4,Good product and fast delivery.,2025-04-02
REV_004437,ORD_003744,4,Works well and arrived on time.,2025-01-05
REV_004438,ORD_018638,3,"Nothing special, but acceptable.",2023-06-08
REV_004439,ORD_001668,1,Item arrived damaged and I want a refund.,2025-02-24
REV_004440,ORD_021276,3,Average product. It works as expected.,2023-12-05
REV_004441,ORD_004702,3,Average product. It works as expected.,2025-01-08
REV_004442,ORD_014152,3,Average product. It works as expected.,2023-01-12
REV_004443,ORD_029214,3,"Nothing special, but acceptable.",2025-06-01
REV_004444,ORD_010404,2,Quality is below expectations.,2024-03-11
REV_004445,ORD_024298,2,Not very happy with the purchase.,2023-04-18
REV_004446,ORD_026813,4,Happy with the purchase and quality.,2024-10-15
REV_004447,ORD_025506,3,Average product. It works as expected.,2024-08-31
REV_004448,ORD_001721,2,Quality is below expectations.,2024-01-08
REV_004449,ORD_026496,2,The product is okay but delivery was late.,2024-09-01
REV_004450,ORD_014642,3,It is okay for the price.,2023-05-10
REV_004451,ORD_006222,2,Not very happy with the purchase.,2024-11-30
REV_004452,ORD_024741,3,"Nothing special, but acceptable.",2023-08-23
REV_004453,ORD_012365,3,"Nothing special, but acceptable.",2024-03-11
REV_004454,ORD_012809,2,Quality is below expectations.,2023-12-31
REV_004455,ORD_028900,3,It is okay for the price.,2025-01-28
REV_004456,ORD_006969,3,It is okay for the price.,2024-02-23
REV_004457,ORD_011597,4,Happy with the purchase and quality.,2024-12-25
REV_004458,ORD_020075,4,Happy with the purchase and quality.,2025-04-15
REV_004459,ORD_001614,3,Average product. It works as expected.,2025-06-20
REV_004460,ORD_009058,5,Amazing quality and very fast delivery.,2025-01-28
REV_004461,ORD_006003,3,It is okay for the price.,2025-06-16
REV_004462,ORD_012450,4,Happy with the purchase and quality.,2024-05-19
REV_004463,ORD_000154,4,Happy with the purchase and quality.,2024-02-19
REV_004464,ORD_029433,2,The product is okay but delivery was late.,2025-03-18
REV_004465,ORD_004775,3,Average product. It works as expected.,2024-10-11
REV_004466,ORD_012018,4,Works well and arrived on time.,2025-01-10
REV_004467,ORD_019930,4,Good product and fast delivery.,2024-08-06
REV_004468,ORD_009565,3,Average product. It works as expected.,2025-05-29
REV_004469,ORD_002412,3,It is okay for the price.,2023-10-27
REV_004470,ORD_017881,2,The product is okay but delivery was late.,2023-09-07
REV_004471,ORD_016210,4,Works well and arrived on time.,2023-02-19
REV_004472,ORD_026911,2,Quality is below expectations.,2025-06-16
REV_004473,ORD_023592,3,Average product. It works as expected.,2023-02-24
REV_004474,ORD_026113,3,It is okay for the price.,2023-04-28
REV_004475,ORD_010821,5,Perfect purchase. Very satisfied.,2024-07-17
REV_004476,ORD_025142,2,The product is okay but delivery was late.,2024-06-02
REV_004477,ORD_024542,4,Happy with the purchase and quality.,2023-08-12
REV_004478,ORD_003654,5,Excellent product. I highly recommend it.,2024-09-17
REV_004479,ORD_017709,3,"Nothing special, but acceptable.",2023-08-20
REV_004480,ORD_026523,4,Happy with the purchase and quality.,2024-01-14
REV_004481,ORD_007155,3,"Nothing special, but acceptable.",2024-11-09
REV_004482,ORD_020299,2,The product is okay but delivery was late.,2023-02-02
REV_004483,ORD_022075,4,Works well and arrived on time.,2023-06-28
REV_004484,ORD_003940,3,"Nothing special, but acceptable.",2023-01-04
REV_004485,ORD_017166,4,Good product and fast delivery.,2023-01-28
REV_004486,ORD_026765,2,The product is okay but delivery was late.,2023-10-13
REV_004487,ORD_020435,3,"Nothing special, but acceptable.",2024-12-15
REV_004488,ORD_002450,2,The product is okay but delivery was late.,2023-05-25
REV_004489,ORD_011294,5,Perfect purchase. Very satisfied.,2024-02-07
REV_004490,ORD_028999,4,Happy with the purchase and quality.,2023-07-04
REV_004491,ORD_029768,4,Good product and fast delivery.,2024-10-06
REV_004492,ORD_011741,2,Quality is below expectations.,2024-12-28
REV_004493,ORD_009845,4,Happy with the purchase and quality.,2024-02-21
REV_004494,ORD_027264,3,Average product. It works as expected.,2024-08-31
REV_004495,ORD_017120,4,Good product and fast delivery.,2024-07-26
REV_004496,ORD_004433,4,Works well and arrived on time.,2023-12-12
REV_004497,ORD_017421,5,Perfect purchase. Very satisfied.,2024-08-05
REV_004498,ORD_000227,3,"Nothing special, but acceptable.",2025-06-21
REV_004499,ORD_029514,4,Works well and arrived on time.,2023-09-02
REV_004500,ORD_024428,3,"Nothing special, but acceptable.",2023-09-12
REV_004501,ORD_028759,2,Quality is below expectations.,2023-11-14
REV_004502,ORD_002783,4,Good product and fast delivery.,2024-11-28
REV_004503,ORD_013161,2,Not very happy with the purchase.,2025-03-15
REV_004504,ORD_002764,4,Good product and fast delivery.,2024-05-16
REV_004505,ORD_020477,3,"Nothing special, but acceptable.",2025-05-03
REV_004506,ORD_008458,3,"Nothing special, but acceptable.",2023-07-11
REV_004507,ORD_015080,2,Quality is below expectations.,2024-10-01
REV_004508,ORD_016659,5,Excellent product. I highly recommend it.,2024-04-08
REV_004509,ORD_017250,3,Average product. It works as expected.,2023-02-10
REV_004510,ORD_022424,3,Average product. It works as expected.,2023-02-05
REV_004511,ORD_024637,3,Average product. It works as expected.,2024-09-10
REV_004512,ORD_012319,3,It is okay for the price.,2024-01-07
REV_004513,ORD_003067,2,Not very happy with the purchase.,2024-08-02
REV_004514,ORD_015957,3,It is okay for the price.,2023-06-14
REV_004515,ORD_011525,3,"Nothing special, but acceptable.",2024-02-05
REV_004516,ORD_019517,3,Average product. It works as expected.,2025-07-08
REV_004517,ORD_029522,5,Excellent product. I highly recommend it.,2024-12-11
REV_004518,ORD_021018,4,Happy with the purchase and quality.,2024-02-29
REV_004519,ORD_003102,5,Perfect purchase. Very satisfied.,2023-12-26
REV_004520,ORD_008309,3,"Nothing special, but acceptable.",2023-06-29
REV_004521,ORD_002888,3,It is okay for the price.,2023-02-17
REV_004522,ORD_026876,2,Quality is below expectations.,2023-06-16
REV_004523,ORD_025753,3,Average product. It works as expected.,2023-04-03
REV_004524,ORD_014063,3,It is okay for the price.,2024-10-16
REV_004525,ORD_002513,3,It is okay for the price.,2024-09-22
REV_004526,ORD_010773,5,Amazing quality and very fast delivery.,2023-11-02
REV_004527,ORD_012403,3,"Nothing special, but acceptable.",2023-11-04
REV_004528,ORD_015412,2,Quality is below expectations.,2023-06-08
REV_004529,ORD_001878,2,Quality is below expectations.,2024-06-13
REV_004530,ORD_002459,5,Amazing quality and very fast delivery.,2023-08-25
REV_004531,ORD_017858,4,Happy with the purchase and quality.,2024-05-07
REV_004532,ORD_010933,3,Average product. It works as expected.,2024-10-25
REV_004533,ORD_023248,5,Excellent product. I highly recommend it.,2024-01-18
REV_004534,ORD_011132,3,"Nothing special, but acceptable.",2025-05-28
REV_004535,ORD_018261,2,The product is okay but delivery was late.,2023-08-31
REV_004536,ORD_016358,2,Quality is below expectations.,2025-02-03
REV_004537,ORD_024518,3,Average product. It works as expected.,2024-11-14
REV_004538,ORD_001755,3,It is okay for the price.,2023-01-25
REV_004539,ORD_024484,4,Works well and arrived on time.,2023-05-07
REV_004540,ORD_002661,5,Perfect purchase. Very satisfied.,2024-04-22
REV_004541,ORD_013392,3,Average product. It works as expected.,2023-03-20
REV_004542,ORD_016079,3,Average product. It works as expected.,2024-09-22
REV_004543,ORD_013354,3,It is okay for the price.,2024-10-10
REV_004544,ORD_012742,3,"Nothing special, but acceptable.",2024-01-15
REV_004545,ORD_014607,5,Amazing quality and very fast delivery.,2023-08-24
REV_004546,ORD_005470,2,Quality is below expectations.,2023-04-09
REV_004547,ORD_005120,1,Very disappointing product and poor quality.,2024-08-01
REV_004548,ORD_028718,2,Not very happy with the purchase.,2023-09-14
REV_004549,ORD_027735,2,Not very happy with the purchase.,2023-03-30
REV_004550,ORD_009556,3,It is okay for the price.,2025-04-24
REV_004551,ORD_019080,4,Works well and arrived on time.,2024-04-15
REV_004552,ORD_017885,3,Average product. It works as expected.,2025-03-02
REV_004553,ORD_015028,4,Happy with the purchase and quality.,2023-04-02
REV_004554,ORD_008856,3,It is okay for the price.,2023-07-07
REV_004555,ORD_016679,3,"Nothing special, but acceptable.",2024-10-23
REV_004556,ORD_014507,4,Works well and arrived on time.,2023-07-19
REV_004557,ORD_003316,2,Quality is below expectations.,2023-11-30
REV_004558,ORD_025550,5,Excellent product. I highly recommend it.,2024-08-31
REV_004559,ORD_023617,3,"Nothing special, but acceptable.",2024-07-13
REV_004560,ORD_022130,3,"Nothing special, but acceptable.",2025-05-04
REV_004561,ORD_028260,3,It is okay for the price.,2023-04-16
REV_004562,ORD_017793,3,"Nothing special, but acceptable.",2025-05-19
REV_004563,ORD_023697,4,Good product and fast delivery.,2023-07-08
REV_004564,ORD_005331,4,Happy with the purchase and quality.,2024-04-10
REV_004565,ORD_014943,3,"Nothing special, but acceptable.",2025-02-24
REV_004566,ORD_029817,3,Average product. It works as expected.,2025-04-16
REV_004567,ORD_002366,3,Average product. It works as expected.,2025-04-05
REV_004568,ORD_013162,5,Amazing quality and very fast delivery.,2024-09-01
REV_004569,ORD_017400,3,Average product. It works as expected.,2024-09-02
REV_004570,ORD_017702,4,Good product and fast delivery.,2024-10-10
REV_004571,ORD_029078,3,It is okay for the price.,2024-10-03
REV_004572,ORD_014148,3,"Nothing special, but acceptable.",2023-04-12
REV_004573,ORD_026334,4,Good product and fast delivery.,2024-07-05
REV_004574,ORD_007169,1,Very disappointing product and poor quality.,2023-11-29
REV_004575,ORD_029124,4,Works well and arrived on time.,2023-07-11
REV_004576,ORD_011913,3,"Nothing special, but acceptable.",2025-03-05
REV_004577,ORD_013661,3,It is okay for the price.,2023-06-30
REV_004578,ORD_018390,4,Works well and arrived on time.,2023-07-20
REV_004579,ORD_014802,4,Good product and fast delivery.,2023-06-19
REV_004580,ORD_012574,3,"Nothing special, but acceptable.",2023-06-05
REV_004581,ORD_022647,4,Good product and fast delivery.,2025-03-17
REV_004582,ORD_022931,2,The product is okay but delivery was late.,2023-09-11
REV_004583,ORD_022251,2,The product is okay but delivery was late.,2023-02-18
REV_004584,ORD_029060,3,Average product. It works as expected.,2023-08-12
REV_004585,ORD_024539,4,Happy with the purchase and quality.,2024-08-15
REV_004586,ORD_011028,4,Happy with the purchase and quality.,2025-03-04
REV_004587,ORD_006859,4,Good product and fast delivery.,2023-10-16
REV_004588,ORD_008903,3,"Nothing special, but acceptable.",2023-09-28
REV_004589,ORD_001571,4,Good product and fast delivery.,2023-06-21
REV_004590,ORD_027310,3,It is okay for the price.,2023-12-23
REV_004591,ORD_018353,2,The product is okay but delivery was late.,2023-12-11
REV_004592,ORD_028543,3,It is okay for the price.,2025-04-10
REV_004593,ORD_026997,2,The product is okay but delivery was late.,2023-02-24
REV_004594,ORD_001838,2,The product is okay but delivery was late.,2024-01-31
REV_004595,ORD_005876,2,The product is okay but delivery was late.,2024-04-28
REV_004596,ORD_004266,4,Good product and fast delivery.,2023-05-22
REV_004597,ORD_017557,2,Not very happy with the purchase.,2023-05-28
REV_004598,ORD_007780,3,Average product. It works as expected.,2025-05-02
REV_004599,ORD_011277,3,Average product. It works as expected.,2025-03-09
REV_004600,ORD_000756,4,Happy with the purchase and quality.,2024-12-13
REV_004601,ORD_016151,4,Works well and arrived on time.,2023-04-25
REV_004602,ORD_020624,3,Average product. It works as expected.,2023-04-19
REV_004603,ORD_029688,2,The product is okay but delivery was late.,2024-05-02
REV_004604,ORD_007090,3,Average product. It works as expected.,2025-05-26
REV_004605,ORD_014650,3,It is okay for the price.,2024-05-14
REV_004606,ORD_019297,2,The product is okay but delivery was late.,2025-01-23
REV_004607,ORD_015110,3,"Nothing special, but acceptable.",2024-10-25
REV_004608,ORD_019234,3,Average product. It works as expected.,2023-10-15
REV_004609,ORD_011440,1,Terrible experience. The product stopped working.,2025-01-26
REV_004610,ORD_018194,4,Works well and arrived on time.,2024-03-05
REV_004611,ORD_009856,2,Quality is below expectations.,2024-11-16
REV_004612,ORD_002729,5,Excellent product. I highly recommend it.,2023-03-25
REV_004613,ORD_018268,2,Not very happy with the purchase.,2023-05-31
REV_004614,ORD_023747,4,Good product and fast delivery.,2025-05-13
REV_004615,ORD_005236,3,It is okay for the price.,2023-04-05
REV_004616,ORD_027554,5,Amazing quality and very fast delivery.,2023-08-02
REV_004617,ORD_019083,2,Not very happy with the purchase.,2024-04-21
REV_004618,ORD_010560,4,Works well and arrived on time.,2025-02-01
REV_004619,ORD_018259,4,Works well and arrived on time.,2023-07-03
REV_004620,ORD_009929,3,"Nothing special, but acceptable.",2025-06-04
REV_004621,ORD_018108,4,Good product and fast delivery.,2025-02-07
REV_004622,ORD_025816,2,Not very happy with the purchase.,2023-02-04
REV_004623,ORD_003062,4,Works well and arrived on time.,2023-06-05
REV_004624,ORD_008566,3,"Nothing special, but acceptable.",2023-06-14
REV_004625,ORD_016973,3,"Nothing special, but acceptable.",2024-08-04
REV_004626,ORD_004097,4,Good product and fast delivery.,2023-05-26
REV_004627,ORD_005647,3,"Nothing special, but acceptable.",2024-12-01
REV_004628,ORD_010021,3,It is okay for the price.,2023-12-23
REV_004629,ORD_017310,3,It is okay for the price.,2024-08-23
REV_004630,ORD_021064,3,Average product. It works as expected.,2023-03-11
REV_004631,ORD_000729,3,"Nothing special, but acceptable.",2024-06-03
REV_004632,ORD_008705,4,Happy with the purchase and quality.,2025-01-19
REV_004633,ORD_017678,3,It is okay for the price.,2023-07-12
REV_004634,ORD_028479,4,Good product and fast delivery.,2023-11-20
REV_004635,ORD_024117,3,"Nothing special, but acceptable.",2025-01-05
REV_004636,ORD_029548,2,The product is okay but delivery was late.,2023-10-04
REV_004637,ORD_029150,3,Average product. It works as expected.,2024-02-28
REV_004638,ORD_022285,4,Works well and arrived on time.,2025-02-23
REV_004639,ORD_019689,5,Amazing quality and very fast delivery.,2025-07-08
REV_004640,ORD_005754,1,Item arrived damaged and I want a refund.,2025-04-01
REV_004641,ORD_019489,3,"Nothing special, but acceptable.",2023-07-17
REV_004642,ORD_020937,4,Good product and fast delivery.,2023-09-02
REV_004643,ORD_010102,3,Average product. It works as expected.,2023-03-21
REV_004644,ORD_009712,2,Not very happy with the purchase.,2023-10-16
REV_004645,ORD_021131,3,"Nothing special, but acceptable.",2024-03-29
REV_004646,ORD_018980,4,Works well and arrived on time.,2024-10-06
REV_004647,ORD_029203,4,Good product and fast delivery.,2025-01-11
REV_004648,ORD_028227,1,Very disappointing product and poor quality.,2023-06-20
REV_004649,ORD_006829,4,Happy with the purchase and quality.,2025-01-18
REV_004650,ORD_016694,4,Good product and fast delivery.,2023-07-22
REV_004651,ORD_019306,3,Average product. It works as expected.,2024-10-17
REV_004652,ORD_008589,3,Average product. It works as expected.,2023-09-28
REV_004653,ORD_018104,5,Excellent product. I highly recommend it.,2025-04-18
REV_004654,ORD_026846,3,Average product. It works as expected.,2023-04-09
REV_004655,ORD_023626,3,It is okay for the price.,2025-04-23
REV_004656,ORD_020256,4,Good product and fast delivery.,2023-05-06
REV_004657,ORD_014646,4,Works well and arrived on time.,2023-06-21
REV_004658,ORD_001475,3,It is okay for the price.,2023-06-10
REV_004659,ORD_027630,4,Works well and arrived on time.,2024-05-26
REV_004660,ORD_002608,3,"Nothing special, but acceptable.",2023-04-05
REV_004661,ORD_021988,2,The product is okay but delivery was late.,2025-03-01
REV_004662,ORD_017220,2,Quality is below expectations.,2025-06-18
REV_004663,ORD_027814,4,Good product and fast delivery.,2025-04-16
REV_004664,ORD_013852,3,It is okay for the price.,2023-06-21
REV_004665,ORD_008614,3,"Nothing special, but acceptable.",2023-04-15
REV_004666,ORD_015709,4,Happy with the purchase and quality.,2023-08-26
REV_004667,ORD_024036,3,It is okay for the price.,2025-01-20
REV_004668,ORD_023652,4,Good product and fast delivery.,2023-05-26
REV_004669,ORD_017010,2,The product is okay but delivery was late.,2024-05-23
REV_004670,ORD_022044,5,Perfect purchase. Very satisfied.,2024-02-13
REV_004671,ORD_018262,5,Amazing quality and very fast delivery.,2023-12-15
REV_004672,ORD_000468,4,Happy with the purchase and quality.,2023-11-26
REV_004673,ORD_027520,4,Happy with the purchase and quality.,2023-10-04
REV_004674,ORD_014946,3,It is okay for the price.,2025-04-03
REV_004675,ORD_002942,4,Happy with the purchase and quality.,2024-10-20
REV_004676,ORD_010479,3,Average product. It works as expected.,2023-09-26
REV_004677,ORD_008719,4,Good product and fast delivery.,2023-02-19
REV_004678,ORD_013175,2,Quality is below expectations.,2025-06-13
REV_004679,ORD_019021,2,Quality is below expectations.,2025-05-21
REV_004680,ORD_002003,5,Amazing quality and very fast delivery.,2023-04-30
REV_004681,ORD_025997,3,"Nothing special, but acceptable.",2023-01-29
REV_004682,ORD_005928,3,Average product. It works as expected.,2023-10-14
REV_004683,ORD_017309,2,Quality is below expectations.,2025-03-11
REV_004684,ORD_000488,4,Happy with the purchase and quality.,2024-08-19
REV_004685,ORD_027650,3,"Nothing special, but acceptable.",2024-06-16
REV_004686,ORD_001715,2,Not very happy with the purchase.,2023-12-26
REV_004687,ORD_009006,3,"Nothing special, but acceptable.",2023-10-12
REV_004688,ORD_026140,3,"Nothing special, but acceptable.",2023-07-07
REV_004689,ORD_023000,3,Average product. It works as expected.,2023-07-24
REV_004690,ORD_020966,3,It is okay for the price.,2023-12-15
REV_004691,ORD_023212,2,The product is okay but delivery was late.,2024-12-22
REV_004692,ORD_017659,4,Good product and fast delivery.,2023-10-07
REV_004693,ORD_009008,3,"Nothing special, but acceptable.",2023-03-12
REV_004694,ORD_018571,3,Average product. It works as expected.,2023-07-12
REV_004695,ORD_019672,4,Happy with the purchase and quality.,2023-08-04
REV_004696,ORD_024401,3,"Nothing special, but acceptable.",2025-06-27
REV_004697,ORD_009651,4,Happy with the purchase and quality.,2024-11-24
REV_004698,ORD_005205,3,"Nothing special, but acceptable.",2024-01-05
REV_004699,ORD_005558,4,Good product and fast delivery.,2024-07-18
REV_004700,ORD_021966,2,The product is okay but delivery was late.,2024-02-19
REV_004701,ORD_011382,4,Good product and fast delivery.,2024-07-24
REV_004702,ORD_017621,2,Not very happy with the purchase.,2024-02-01
REV_004703,ORD_026033,3,"Nothing special, but acceptable.",2025-04-16
REV_004704,ORD_010738,3,"Nothing special, but acceptable.",2023-02-19
REV_004705,ORD_013527,4,Works well and arrived on time.,2024-05-14
REV_004706,ORD_002233,3,It is okay for the price.,2025-04-17
REV_004707,ORD_017905,3,It is okay for the price.,2024-12-03
REV_004708,ORD_007032,4,Happy with the purchase and quality.,2024-09-10
REV_004709,ORD_016012,3,It is okay for the price.,2023-06-04
REV_004710,ORD_028865,5,Perfect purchase. Very satisfied.,2024-01-14
REV_004711,ORD_028403,2,Not very happy with the purchase.,2024-01-12
REV_004712,ORD_021827,3,"Nothing special, but acceptable.",2024-01-25
REV_004713,ORD_010848,3,"Nothing special, but acceptable.",2023-05-20
REV_004714,ORD_012504,4,Happy with the purchase and quality.,2025-01-26
REV_004715,ORD_017919,4,Works well and arrived on time.,2023-02-21
REV_004716,ORD_017862,3,It is okay for the price.,2024-05-27
REV_004717,ORD_010244,3,Average product. It works as expected.,2023-04-24
REV_004718,ORD_015749,3,"Nothing special, but acceptable.",2023-03-11
REV_004719,ORD_025566,4,Good product and fast delivery.,2023-07-24
REV_004720,ORD_028062,3,"Nothing special, but acceptable.",2023-10-09
REV_004721,ORD_007927,3,It is okay for the price.,2023-01-23
REV_004722,ORD_007710,3,"Nothing special, but acceptable.",2023-03-26
REV_004723,ORD_014213,4,Works well and arrived on time.,2023-06-08
REV_004724,ORD_020406,4,Happy with the purchase and quality.,2024-08-03
REV_004725,ORD_005298,2,The product is okay but delivery was late.,2024-10-30
REV_004726,ORD_024247,4,Works well and arrived on time.,2023-12-22
REV_004727,ORD_025843,3,It is okay for the price.,2024-02-07
REV_004728,ORD_014005,3,"Nothing special, but acceptable.",2024-10-16
REV_004729,ORD_024919,4,Good product and fast delivery.,2024-02-14
REV_004730,ORD_003751,4,Good product and fast delivery.,2023-11-15
REV_004731,ORD_011962,3,It is okay for the price.,2023-11-01
REV_004732,ORD_016770,4,Good product and fast delivery.,2025-01-30
REV_004733,ORD_026424,3,"Nothing special, but acceptable.",2024-09-16
REV_004734,ORD_007316,2,Not very happy with the purchase.,2024-03-18
REV_004735,ORD_017518,3,Average product. It works as expected.,2023-12-10
REV_004736,ORD_000004,4,Happy with the purchase and quality.,2024-04-07
REV_004737,ORD_011177,3,Average product. It works as expected.,2023-08-11
REV_004738,ORD_001745,2,Quality is below expectations.,2023-08-07
REV_004739,ORD_007263,5,Excellent product. I highly recommend it.,2025-03-27
REV_004740,ORD_006594,4,Happy with the purchase and quality.,2024-02-18
REV_004741,ORD_013323,4,Works well and arrived on time.,2025-03-20
REV_004742,ORD_019220,3,Average product. It works as expected.,2023-03-22
REV_004743,ORD_024832,4,Works well and arrived on time.,2023-08-22
REV_004744,ORD_015406,2,Not very happy with the purchase.,2023-07-25
REV_004745,ORD_003629,2,The product is okay but delivery was late.,2023-10-20
REV_004746,ORD_000503,3,Average product. It works as expected.,2023-04-23
REV_004747,ORD_008965,3,Average product. It works as expected.,2024-08-29
REV_004748,ORD_025223,4,Happy with the purchase and quality.,2023-02-06
REV_004749,ORD_025053,1,Terrible experience. The product stopped working.,2024-11-23
REV_004750,ORD_024688,3,It is okay for the price.,2024-12-28
REV_004751,ORD_012896,1,Very disappointing product and poor quality.,2024-08-26
REV_004752,ORD_004638,4,Works well and arrived on time.,2024-06-16
REV_004753,ORD_014837,1,Terrible experience. The product stopped working.,2024-08-04
REV_004754,ORD_022233,4,Good product and fast delivery.,2023-10-31
REV_004755,ORD_016860,4,Works well and arrived on time.,2024-07-16
REV_004756,ORD_018140,4,Good product and fast delivery.,2024-08-31
REV_004757,ORD_022823,3,It is okay for the price.,2025-06-13
REV_004758,ORD_025421,4,Works well and arrived on time.,2024-10-27
REV_004759,ORD_016261,4,Happy with the purchase and quality.,2024-11-13
REV_004760,ORD_022114,2,The product is okay but delivery was late.,2023-02-15
REV_004761,ORD_009181,2,The product is okay but delivery was late.,2025-01-13
REV_004762,ORD_011257,4,Good product and fast delivery.,2024-10-10
REV_004763,ORD_009217,3,"Nothing special, but acceptable.",2023-08-27
REV_004764,ORD_014839,3,"Nothing special, but acceptable.",2023-03-21
REV_004765,ORD_016026,4,Good product and fast delivery.,2023-02-11
REV_004766,ORD_029493,5,Excellent product. I highly recommend it.,2023-03-10
REV_004767,ORD_015313,4,Works well and arrived on time.,2025-02-25
REV_004768,ORD_022848,4,Happy with the purchase and quality.,2025-02-02
REV_004769,ORD_026300,4,Happy with the purchase and quality.,2024-03-26
REV_004770,ORD_027153,3,"Nothing special, but acceptable.",2023-12-16
REV_004771,ORD_020444,4,Works well and arrived on time.,2024-04-10
REV_004772,ORD_028585,2,The product is okay but delivery was late.,2024-03-12
REV_004773,ORD_007850,4,Happy with the purchase and quality.,2023-10-08
REV_004774,ORD_000902,3,It is okay for the price.,2024-01-31
REV_004775,ORD_007920,4,Works well and arrived on time.,2023-02-02
REV_004776,ORD_023854,3,Average product. It works as expected.,2025-01-07
REV_004777,ORD_018277,2,Not very happy with the purchase.,2023-06-28
REV_004778,ORD_009317,4,Works well and arrived on time.,2025-04-09
REV_004779,ORD_007946,4,Works well and arrived on time.,2023-11-04
REV_004780,ORD_003633,3,Average product. It works as expected.,2024-03-31
REV_004781,ORD_028886,4,Works well and arrived on time.,2024-10-24
REV_004782,ORD_001490,4,Works well and arrived on time.,2025-02-12
REV_004783,ORD_025875,3,Average product. It works as expected.,2023-02-09
REV_004784,ORD_028106,4,Works well and arrived on time.,2024-05-08
REV_004785,ORD_028179,4,Happy with the purchase and quality.,2024-10-24
REV_004786,ORD_022129,3,"Nothing special, but acceptable.",2025-02-11
REV_004787,ORD_016445,4,Happy with the purchase and quality.,2023-09-01
REV_004788,ORD_026465,3,"Nothing special, but acceptable.",2023-01-25
REV_004789,ORD_009733,3,Average product. It works as expected.,2023-12-16
REV_004790,ORD_007894,2,The product is okay but delivery was late.,2023-10-17
REV_004791,ORD_000849,4,Works well and arrived on time.,2025-05-05
REV_004792,ORD_006501,3,"Nothing special, but acceptable.",2024-08-09
REV_004793,ORD_022124,4,Good product and fast delivery.,2024-03-28
REV_004794,ORD_019313,3,"Nothing special, but acceptable.",2023-11-08
REV_004795,ORD_029354,3,"Nothing special, but acceptable.",2025-03-15
REV_004796,ORD_018545,4,Good product and fast delivery.,2024-11-23
REV_004797,ORD_006988,3,It is okay for the price.,2023-02-04
REV_004798,ORD_015852,3,"Nothing special, but acceptable.",2025-04-08
REV_004799,ORD_008787,3,It is okay for the price.,2024-12-14
REV_004800,ORD_011689,4,Works well and arrived on time.,2025-03-09
REV_004801,ORD_008364,4,Happy with the purchase and quality.,2024-05-25
REV_004802,ORD_008043,3,It is okay for the price.,2023-07-11
REV_004803,ORD_012325,5,Perfect purchase. Very satisfied.,2023-03-10
REV_004804,ORD_015741,2,The product is okay but delivery was late.,2023-05-03
REV_004805,ORD_005503,3,Average product. It works as expected.,2025-05-01
REV_004806,ORD_023198,3,"Nothing special, but acceptable.",2023-05-17
REV_004807,ORD_028984,4,Works well and arrived on time.,2024-10-11
REV_004808,ORD_006158,4,Works well and arrived on time.,2025-05-30
REV_004809,ORD_016596,5,Perfect purchase. Very satisfied.,2023-06-23
REV_004810,ORD_025347,4,Good product and fast delivery.,2023-02-01
REV_004811,ORD_022631,3,It is okay for the price.,2023-10-06
REV_004812,ORD_007381,4,Good product and fast delivery.,2024-04-02
REV_004813,ORD_009197,3,It is okay for the price.,2023-04-27
REV_004814,ORD_027935,2,Not very happy with the purchase.,2023-08-27
REV_004815,ORD_018695,5,Perfect purchase. Very satisfied.,2024-12-29
REV_004816,ORD_027469,3,Average product. It works as expected.,2025-07-13
REV_004817,ORD_028006,2,Quality is below expectations.,2024-07-14
REV_004818,ORD_022465,5,Amazing quality and very fast delivery.,2024-11-27
REV_004819,ORD_012769,4,Happy with the purchase and quality.,2025-07-10
REV_004820,ORD_022157,4,Good product and fast delivery.,2023-12-01
REV_004821,ORD_014989,2,Not very happy with the purchase.,2025-05-31
REV_004822,ORD_004928,5,Amazing quality and very fast delivery.,2025-03-04
REV_004823,ORD_025277,2,Not very happy with the purchase.,2024-04-05
REV_004824,ORD_023446,5,Perfect purchase. Very satisfied.,2023-07-08
REV_004825,ORD_027563,3,Average product. It works as expected.,2023-09-02
REV_004826,ORD_023490,2,The product is okay but delivery was late.,2025-03-10
REV_004827,ORD_006210,5,Perfect purchase. Very satisfied.,2023-04-29
REV_004828,ORD_006660,2,Quality is below expectations.,2025-03-13
REV_004829,ORD_004476,4,Works well and arrived on time.,2024-09-18
REV_004830,ORD_006338,3,It is okay for the price.,2023-07-07
REV_004831,ORD_008513,5,Perfect purchase. Very satisfied.,2024-10-25
REV_004832,ORD_029878,3,"Nothing special, but acceptable.",2025-05-04
REV_004833,ORD_007635,4,Works well and arrived on time.,2025-04-24
REV_004834,ORD_017608,2,The product is okay but delivery was late.,2025-03-11
REV_004835,ORD_004042,3,Average product. It works as expected.,2023-10-25
REV_004836,ORD_005383,5,Perfect purchase. Very satisfied.,2025-05-11
REV_004837,ORD_014514,5,Amazing quality and very fast delivery.,2024-06-07
REV_004838,ORD_015314,5,Excellent product. I highly recommend it.,2024-12-05
REV_004839,ORD_009169,5,Excellent product. I highly recommend it.,2024-04-11
REV_004840,ORD_028824,3,"Nothing special, but acceptable.",2024-03-07
REV_004841,ORD_017890,3,It is okay for the price.,2025-01-23
REV_004842,ORD_016505,3,"Nothing special, but acceptable.",2024-01-30
REV_004843,ORD_026701,2,Not very happy with the purchase.,2023-07-11
REV_004844,ORD_012743,4,Good product and fast delivery.,2023-06-25
REV_004845,ORD_003106,4,Happy with the purchase and quality.,2024-08-28
REV_004846,ORD_025121,4,Happy with the purchase and quality.,2023-03-27
REV_004847,ORD_026165,4,Good product and fast delivery.,2024-08-07
REV_004848,ORD_003652,2,The product is okay but delivery was late.,2025-05-10
REV_004849,ORD_021633,3,Average product. It works as expected.,2025-05-20
REV_004850,ORD_028623,4,Good product and fast delivery.,2024-01-22
REV_004851,ORD_006315,2,The product is okay but delivery was late.,2025-06-03
REV_004852,ORD_009722,3,It is okay for the price.,2024-09-18
REV_004853,ORD_013542,4,Happy with the purchase and quality.,2023-03-29
REV_004854,ORD_019558,2,Not very happy with the purchase.,2024-07-22
REV_004855,ORD_021163,3,It is okay for the price.,2023-05-27
REV_004856,ORD_005772,2,The product is okay but delivery was late.,2023-06-14
REV_004857,ORD_029385,3,Average product. It works as expected.,2024-10-20
REV_004858,ORD_001918,5,Perfect purchase. Very satisfied.,2023-12-20
REV_004859,ORD_027465,3,It is okay for the price.,2023-05-10
REV_004860,ORD_006933,4,Works well and arrived on time.,2023-03-17
REV_004861,ORD_001442,4,Happy with the purchase and quality.,2024-08-20
REV_004862,ORD_013614,3,"Nothing special, but acceptable.",2025-04-19
REV_004863,ORD_014804,4,Works well and arrived on time.,2023-10-06
REV_004864,ORD_026092,1,Terrible experience. The product stopped working.,2023-08-05
REV_004865,ORD_014438,5,Amazing quality and very fast delivery.,2025-01-24
REV_004866,ORD_018940,3,It is okay for the price.,2024-04-26
REV_004867,ORD_006146,2,The product is okay but delivery was late.,2024-05-19
REV_004868,ORD_002523,2,The product is okay but delivery was late.,2023-07-12
REV_004869,ORD_001494,2,Quality is below expectations.,2023-07-06
REV_004870,ORD_013409,3,It is okay for the price.,2023-09-19
REV_004871,ORD_016822,4,Happy with the purchase and quality.,2024-01-06
REV_004872,ORD_010057,3,"Nothing special, but acceptable.",2025-06-10
REV_004873,ORD_014570,3,"Nothing special, but acceptable.",2023-12-08
REV_004874,ORD_015517,5,Amazing quality and very fast delivery.,2023-09-01
REV_004875,ORD_010397,3,"Nothing special, but acceptable.",2023-06-07
REV_004876,ORD_029532,4,Good product and fast delivery.,2025-06-19
REV_004877,ORD_008094,2,Not very happy with the purchase.,2025-06-27
REV_004878,ORD_005703,4,Works well and arrived on time.,2025-06-18
REV_004879,ORD_008222,3,It is okay for the price.,2023-07-02
REV_004880,ORD_008224,3,Average product. It works as expected.,2023-12-24
REV_004881,ORD_006997,2,Quality is below expectations.,2023-05-22
REV_004882,ORD_021361,4,Works well and arrived on time.,2024-12-08
REV_004883,ORD_010311,3,"Nothing special, but acceptable.",2024-09-01
REV_004884,ORD_016647,4,Good product and fast delivery.,2025-06-19
REV_004885,ORD_009771,5,Amazing quality and very fast delivery.,2025-03-25
REV_004886,ORD_028267,2,The product is okay but delivery was late.,2025-06-30
REV_004887,ORD_018376,3,It is okay for the price.,2024-01-06
REV_004888,ORD_023745,3,It is okay for the price.,2025-03-06
REV_004889,ORD_017626,5,Perfect purchase. Very satisfied.,2025-06-09
REV_004890,ORD_017454,3,"Nothing special, but acceptable.",2025-05-19
REV_004891,ORD_001939,4,Good product and fast delivery.,2023-01-19
REV_004892,ORD_019243,3,Average product. It works as expected.,2024-02-22
REV_004893,ORD_025754,3,It is okay for the price.,2023-10-16
REV_004894,ORD_020120,2,Quality is below expectations.,2023-05-10
REV_004895,ORD_020111,4,Happy with the purchase and quality.,2023-06-02
REV_004896,ORD_002609,2,Not very happy with the purchase.,2023-07-13
REV_004897,ORD_018131,3,"Nothing special, but acceptable.",2023-02-01
REV_004898,ORD_025737,4,Good product and fast delivery.,2023-02-08
REV_004899,ORD_009611,4,Good product and fast delivery.,2024-10-15
REV_004900,ORD_027113,1,Item arrived damaged and I want a refund.,2024-01-16
REV_004901,ORD_011239,3,"Nothing special, but acceptable.",2025-06-20
REV_004902,ORD_000700,4,Good product and fast delivery.,2025-05-14
REV_004903,ORD_016684,4,Good product and fast delivery.,2024-08-03
REV_004904,ORD_027991,3,Average product. It works as expected.,2025-04-03
REV_004905,ORD_008633,2,Not very happy with the purchase.,2024-06-24
REV_004906,ORD_000354,4,Happy with the purchase and quality.,2023-11-25
REV_004907,ORD_014663,3,"Nothing special, but acceptable.",2023-08-07
REV_004908,ORD_011641,2,Quality is below expectations.,2023-09-26
REV_004909,ORD_027103,3,It is okay for the price.,2024-10-17
REV_004910,ORD_013077,4,Works well and arrived on time.,2023-03-03
REV_004911,ORD_028319,3,It is okay for the price.,2023-01-08
REV_004912,ORD_020465,3,It is okay for the price.,2024-03-28
REV_004913,ORD_008893,3,Average product. It works as expected.,2023-10-16
REV_004914,ORD_017448,2,Quality is below expectations.,2023-04-06
REV_004915,ORD_000406,3,Average product. It works as expected.,2023-01-28
REV_004916,ORD_022641,3,"Nothing special, but acceptable.",2024-10-10
REV_004917,ORD_025205,4,Good product and fast delivery.,2024-06-24
REV_004918,ORD_006700,4,Good product and fast delivery.,2024-07-16
REV_004919,ORD_029224,4,Works well and arrived on time.,2023-02-24
REV_004920,ORD_018810,2,Not very happy with the purchase.,2024-07-01
REV_004921,ORD_006380,4,Good product and fast delivery.,2023-02-12
REV_004922,ORD_001211,3,Average product. It works as expected.,2023-04-20
REV_004923,ORD_002423,2,Quality is below expectations.,2025-01-20
REV_004924,ORD_000410,5,Perfect purchase. Very satisfied.,2023-12-02
REV_004925,ORD_004836,4,Works well and arrived on time.,2023-05-23
REV_004926,ORD_028044,3,"Nothing special, but acceptable.",2024-09-08
REV_004927,ORD_008271,3,"Nothing special, but acceptable.",2024-07-21
REV_004928,ORD_025135,4,Happy with the purchase and quality.,2023-03-04
REV_004929,ORD_017851,5,Amazing quality and very fast delivery.,2024-11-13
REV_004930,ORD_011093,4,Works well and arrived on time.,2025-01-08
REV_004931,ORD_020732,4,Happy with the purchase and quality.,2025-05-23
REV_004932,ORD_014765,4,Happy with the purchase and quality.,2025-04-12
REV_004933,ORD_002226,2,The product is okay but delivery was late.,2025-03-23
REV_004934,ORD_006551,3,Average product. It works as expected.,2024-04-16
REV_004935,ORD_014767,4,Works well and arrived on time.,2024-07-14
REV_004936,ORD_003113,3,"Nothing special, but acceptable.",2025-06-15
REV_004937,ORD_005669,3,Average product. It works as expected.,2025-03-24
REV_004938,ORD_001510,3,Average product. It works as expected.,2023-12-01
REV_004939,ORD_025153,2,Not very happy with the purchase.,2025-02-13
REV_004940,ORD_007339,2,Quality is below expectations.,2023-06-10
REV_004941,ORD_012964,3,"Nothing special, but acceptable.",2023-03-14
REV_004942,ORD_005571,4,Works well and arrived on time.,2023-02-10
REV_004943,ORD_025004,3,It is okay for the price.,2023-09-01
REV_004944,ORD_005899,5,Excellent product. I highly recommend it.,2023-09-19
REV_004945,ORD_016605,4,Good product and fast delivery.,2024-09-05
REV_004946,ORD_000130,4,Happy with the purchase and quality.,2024-12-06
REV_004947,ORD_027460,4,Good product and fast delivery.,2023-04-22
REV_004948,ORD_023903,2,The product is okay but delivery was late.,2024-05-26
REV_004949,ORD_022239,2,Not very happy with the purchase.,2025-02-27
REV_004950,ORD_009665,4,Good product and fast delivery.,2023-01-30
REV_004951,ORD_007149,5,Excellent product. I highly recommend it.,2023-05-19
REV_004952,ORD_023778,2,Quality is below expectations.,2025-06-29
REV_004953,ORD_016816,2,The product is okay but delivery was late.,2023-01-13
REV_004954,ORD_024575,4,Good product and fast delivery.,2024-04-12
REV_004955,ORD_021232,3,Average product. It works as expected.,2024-08-02
REV_004956,ORD_009609,3,"Nothing special, but acceptable.",2024-03-22
REV_004957,ORD_001658,3,"Nothing special, but acceptable.",2024-01-21
REV_004958,ORD_015291,2,The product is okay but delivery was late.,2024-11-24
REV_004959,ORD_025597,3,"Nothing special, but acceptable.",2024-11-18
REV_004960,ORD_020621,3,"Nothing special, but acceptable.",2024-03-17
REV_004961,ORD_012901,2,The product is okay but delivery was late.,2024-05-29
REV_004962,ORD_000100,2,The product is okay but delivery was late.,2024-12-28
REV_004963,ORD_012380,3,"Nothing special, but acceptable.",2025-04-20
REV_004964,ORD_016117,5,Amazing quality and very fast delivery.,2025-06-11
REV_004965,ORD_022376,2,The product is okay but delivery was late.,2024-09-05
REV_004966,ORD_015063,3,Average product. It works as expected.,2025-04-01
REV_004967,ORD_003273,3,It is okay for the price.,2023-04-18
REV_004968,ORD_007822,2,Quality is below expectations.,2023-07-24
REV_004969,ORD_026748,3,Average product. It works as expected.,2024-08-18
REV_004970,ORD_017239,3,It is okay for the price.,2025-03-07
REV_004971,ORD_022387,4,Happy with the purchase and quality.,2023-04-25
REV_004972,ORD_005834,3,It is okay for the price.,2023-01-16
REV_004973,ORD_019187,4,Works well and arrived on time.,2025-02-14
REV_004974,ORD_027136,3,Average product. It works as expected.,2025-04-08
REV_004975,ORD_000828,2,Not very happy with the purchase.,2023-02-17
REV_004976,ORD_008676,5,Excellent product. I highly recommend it.,2024-10-24
REV_004977,ORD_020860,3,Average product. It works as expected.,2024-12-08
REV_004978,ORD_001001,2,Not very happy with the purchase.,2024-09-01
REV_004979,ORD_011637,5,Perfect purchase. Very satisfied.,2023-01-15
REV_004980,ORD_021858,2,The product is okay but delivery was late.,2024-05-22
REV_004981,ORD_015217,4,Happy with the purchase and quality.,2023-08-13
REV_004982,ORD_026723,2,Not very happy with the purchase.,2024-01-14
REV_004983,ORD_012820,1,Terrible experience. The product stopped working.,2024-07-14
REV_004984,ORD_022293,3,"Nothing special, but acceptable.",2023-01-21
REV_004985,ORD_004699,2,Quality is below expectations.,2024-02-04
REV_004986,ORD_015325,5,Excellent product. I highly recommend it.,2023-02-08
REV_004987,ORD_000038,3,Average product. It works as expected.,2023-05-24
REV_004988,ORD_015859,3,"Nothing special, but acceptable.",2025-01-07
REV_004989,ORD_025431,3,Average product. It works as expected.,2023-01-17
REV_004990,ORD_015861,3,Average product. It works as expected.,2024-08-31
REV_004991,ORD_005824,3,Average product. It works as expected.,2025-05-20
REV_004992,ORD_009967,4,Happy with the purchase and quality.,2023-05-17
REV_004993,ORD_002329,4,Good product and fast delivery.,2023-09-05
REV_004994,ORD_006966,3,It is okay for the price.,2024-12-26
REV_004995,ORD_003185,4,Happy with the purchase and quality.,2023-10-02
REV_004996,ORD_002363,4,Happy with the purchase and quality.,2024-05-21
REV_004997,ORD_000588,3,Average product. It works as expected.,2023-02-06
REV_004998,ORD_015755,3,Average product. It works as expected.,2023-09-02
REV_004999,ORD_017999,3,It is okay for the price.,2024-05-29
REV_005000,ORD_001008,3,It is okay for the price.,2024-04-17
REV_005001,ORD_026759,4,Good product and fast delivery.,2023-12-13
REV_005002,ORD_009768,5,Perfect purchase. Very satisfied.,2025-02-26
REV_005003,ORD_011134,3,It is okay for the price.,2024-12-06
REV_005004,ORD_008037,4,Works well and arrived on time.,2025-01-10
REV_005005,ORD_021141,4,Happy with the purchase and quality.,2024-11-16
REV_005006,ORD_029694,5,Perfect purchase. Very satisfied.,2023-08-27
REV_005007,ORD_003582,4,Happy with the purchase and quality.,2024-07-17
REV_005008,ORD_005586,4,Works well and arrived on time.,2024-06-20
REV_005009,ORD_001799,3,It is okay for the price.,2024-01-17
REV_005010,ORD_025715,3,It is okay for the price.,2024-01-19
REV_005011,ORD_001661,3,Average product. It works as expected.,2025-04-21
REV_005012,ORD_019181,4,Happy with the purchase and quality.,2023-05-21
REV_005013,ORD_011645,2,Quality is below expectations.,2025-01-17
REV_005014,ORD_019492,4,Works well and arrived on time.,2023-07-24
REV_005015,ORD_002884,2,The product is okay but delivery was late.,2024-09-18
REV_005016,ORD_004484,4,Works well and arrived on time.,2023-05-17
REV_005017,ORD_026762,3,Average product. It works as expected.,2024-02-17
REV_005018,ORD_013070,4,Good product and fast delivery.,2024-05-31
REV_005019,ORD_012930,4,Works well and arrived on time.,2024-11-12
REV_005020,ORD_007934,4,Works well and arrived on time.,2025-01-24
REV_005021,ORD_003988,3,Average product. It works as expected.,2023-06-02
REV_005022,ORD_021738,5,Amazing quality and very fast delivery.,2024-05-06
REV_005023,ORD_001844,3,It is okay for the price.,2024-02-06
REV_005024,ORD_027746,3,It is okay for the price.,2023-03-04
REV_005025,ORD_029704,4,Good product and fast delivery.,2024-10-24
REV_005026,ORD_014626,3,Average product. It works as expected.,2023-07-06
REV_005027,ORD_008247,2,Not very happy with the purchase.,2023-09-10
REV_005028,ORD_018404,3,"Nothing special, but acceptable.",2025-05-21
REV_005029,ORD_003319,3,"Nothing special, but acceptable.",2023-12-21
REV_005030,ORD_010945,3,Average product. It works as expected.,2023-06-03
REV_005031,ORD_010360,3,"Nothing special, but acceptable.",2023-02-26
REV_005032,ORD_006779,1,Terrible experience. The product stopped working.,2024-02-14
REV_005033,ORD_018161,4,Works well and arrived on time.,2023-02-03
REV_005034,ORD_007068,3,It is okay for the price.,2023-04-20
REV_005035,ORD_013381,3,"Nothing special, but acceptable.",2024-12-07
REV_005036,ORD_021798,4,Happy with the purchase and quality.,2023-03-06
REV_005037,ORD_008035,2,Not very happy with the purchase.,2025-07-02
REV_005038,ORD_016757,2,Quality is below expectations.,2023-03-02
REV_005039,ORD_021041,3,"Nothing special, but acceptable.",2024-08-15
REV_005040,ORD_022547,3,Average product. It works as expected.,2024-03-25
REV_005041,ORD_025177,3,Average product. It works as expected.,2023-06-23
REV_005042,ORD_029259,4,Good product and fast delivery.,2024-10-28
REV_005043,ORD_011017,4,Works well and arrived on time.,2023-05-19
REV_005044,ORD_003519,4,Good product and fast delivery.,2025-02-11
REV_005045,ORD_012600,5,Amazing quality and very fast delivery.,2023-09-10
REV_005046,ORD_006308,3,"Nothing special, but acceptable.",2023-11-22
REV_005047,ORD_007204,4,Good product and fast delivery.,2023-09-17
REV_005048,ORD_018549,3,"Nothing special, but acceptable.",2024-12-17
REV_005049,ORD_022783,3,Average product. It works as expected.,2023-01-17
REV_005050,ORD_000604,2,Quality is below expectations.,2024-07-10
REV_005051,ORD_024698,5,Amazing quality and very fast delivery.,2025-04-13
REV_005052,ORD_024740,4,Good product and fast delivery.,2023-08-31
REV_005053,ORD_015590,5,Perfect purchase. Very satisfied.,2025-05-18
REV_005054,ORD_020566,4,Good product and fast delivery.,2024-01-25
REV_005055,ORD_002010,4,Happy with the purchase and quality.,2023-05-20
REV_005056,ORD_022984,3,It is okay for the price.,2023-01-18
REV_005057,ORD_013324,4,Works well and arrived on time.,2024-11-01
REV_005058,ORD_025633,4,Happy with the purchase and quality.,2023-02-15
REV_005059,ORD_024076,2,Not very happy with the purchase.,2023-09-08
REV_005060,ORD_027695,3,It is okay for the price.,2023-12-17
REV_005061,ORD_012726,2,Not very happy with the purchase.,2025-01-21
REV_005062,ORD_015442,4,Good product and fast delivery.,2024-01-12
REV_005063,ORD_023965,4,Works well and arrived on time.,2023-04-27
REV_005064,ORD_026378,3,"Nothing special, but acceptable.",2024-05-14
REV_005065,ORD_027278,3,Average product. It works as expected.,2023-05-07
REV_005066,ORD_000385,5,Amazing quality and very fast delivery.,2025-03-02
REV_005067,ORD_001807,4,Works well and arrived on time.,2025-06-27
REV_005068,ORD_013528,4,Works well and arrived on time.,2023-12-09
REV_005069,ORD_016888,4,Works well and arrived on time.,2023-09-15
REV_005070,ORD_000734,4,Good product and fast delivery.,2024-07-26
REV_005071,ORD_018369,4,Good product and fast delivery.,2024-07-03
REV_005072,ORD_010898,3,It is okay for the price.,2025-05-16
REV_005073,ORD_007299,2,Quality is below expectations.,2024-06-24
REV_005074,ORD_013910,3,It is okay for the price.,2023-12-13
REV_005075,ORD_026570,3,"Nothing special, but acceptable.",2024-11-02
REV_005076,ORD_012203,4,Works well and arrived on time.,2024-10-24
REV_005077,ORD_029892,5,Amazing quality and very fast delivery.,2023-05-22
REV_005078,ORD_023503,3,Average product. It works as expected.,2024-05-25
REV_005079,ORD_014831,5,Perfect purchase. Very satisfied.,2025-06-03
REV_005080,ORD_024930,4,Happy with the purchase and quality.,2023-11-17
REV_005081,ORD_002957,4,Happy with the purchase and quality.,2024-09-06
REV_005082,ORD_022152,4,Happy with the purchase and quality.,2023-09-19
REV_005083,ORD_002174,4,Works well and arrived on time.,2025-05-22
REV_005084,ORD_014493,3,"Nothing special, but acceptable.",2023-11-15
REV_005085,ORD_001628,3,"Nothing special, but acceptable.",2023-06-01
REV_005086,ORD_024006,4,Works well and arrived on time.,2024-07-19
REV_005087,ORD_028668,4,Works well and arrived on time.,2025-05-24
REV_005088,ORD_002889,3,It is okay for the price.,2023-04-29
REV_005089,ORD_023443,3,"Nothing special, but acceptable.",2023-03-29
REV_005090,ORD_026947,3,Average product. It works as expected.,2024-05-27
REV_005091,ORD_006422,3,Average product. It works as expected.,2023-10-16
REV_005092,ORD_022163,4,Works well and arrived on time.,2023-11-26
REV_005093,ORD_013048,3,It is okay for the price.,2024-09-26
REV_005094,ORD_029156,4,Happy with the purchase and quality.,2023-10-21
REV_005095,ORD_006578,3,Average product. It works as expected.,2023-02-28
REV_005096,ORD_013325,4,Good product and fast delivery.,2025-04-02
REV_005097,ORD_028040,4,Happy with the purchase and quality.,2023-02-12
REV_005098,ORD_027306,5,Excellent product. I highly recommend it.,2023-02-24
REV_005099,ORD_009926,2,Not very happy with the purchase.,2024-09-30
REV_005100,ORD_011407,4,Happy with the purchase and quality.,2025-01-11
REV_005101,ORD_006656,3,It is okay for the price.,2023-08-20
REV_005102,ORD_022700,3,It is okay for the price.,2024-11-11
REV_005103,ORD_026737,2,The product is okay but delivery was late.,2023-03-12
REV_005104,ORD_024503,2,Not very happy with the purchase.,2024-05-25
REV_005105,ORD_004727,4,Good product and fast delivery.,2023-08-23
REV_005106,ORD_014390,5,Amazing quality and very fast delivery.,2024-04-29
REV_005107,ORD_020926,4,Happy with the purchase and quality.,2024-12-21
REV_005108,ORD_025037,5,Amazing quality and very fast delivery.,2024-12-15
REV_005109,ORD_019469,1,Very disappointing product and poor quality.,2023-07-23
REV_005110,ORD_016105,2,Not very happy with the purchase.,2024-04-13
REV_005111,ORD_006341,2,Not very happy with the purchase.,2023-11-21
REV_005112,ORD_012110,4,Good product and fast delivery.,2024-12-14
REV_005113,ORD_004473,4,Happy with the purchase and quality.,2025-05-01
REV_005114,ORD_017716,3,Average product. It works as expected.,2023-01-17
REV_005115,ORD_029264,4,Happy with the purchase and quality.,2025-01-11
REV_005116,ORD_003995,3,Average product. It works as expected.,2024-04-23
REV_005117,ORD_026227,4,Happy with the purchase and quality.,2024-08-29
REV_005118,ORD_008827,5,Excellent product. I highly recommend it.,2024-07-15
REV_005119,ORD_019697,2,Quality is below expectations.,2023-08-25
REV_005120,ORD_018438,4,Works well and arrived on time.,2025-02-12
REV_005121,ORD_007065,4,Good product and fast delivery.,2023-09-24
REV_005122,ORD_016415,2,The product is okay but delivery was late.,2024-01-30
REV_005123,ORD_027215,2,The product is okay but delivery was late.,2024-08-28
REV_005124,ORD_011821,3,It is okay for the price.,2023-07-06
REV_005125,ORD_006588,4,Good product and fast delivery.,2025-05-11
REV_005126,ORD_025626,4,Good product and fast delivery.,2023-01-08
REV_005127,ORD_023066,5,Perfect purchase. Very satisfied.,2023-02-16
REV_005128,ORD_010931,3,It is okay for the price.,2024-09-08
REV_005129,ORD_002896,4,Works well and arrived on time.,2023-04-15
REV_005130,ORD_024992,5,Amazing quality and very fast delivery.,2024-11-12
REV_005131,ORD_025046,4,Works well and arrived on time.,2024-02-16
REV_005132,ORD_002868,3,It is okay for the price.,2023-10-19
REV_005133,ORD_001485,4,Works well and arrived on time.,2025-03-15
REV_005134,ORD_025369,3,It is okay for the price.,2025-03-27
REV_005135,ORD_002383,3,"Nothing special, but acceptable.",2023-01-14
REV_005136,ORD_002706,2,Quality is below expectations.,2024-03-01
REV_005137,ORD_027764,4,Good product and fast delivery.,2023-06-10
REV_005138,ORD_006616,5,Amazing quality and very fast delivery.,2024-10-11
REV_005139,ORD_016934,4,Happy with the purchase and quality.,2024-06-11
REV_005140,ORD_028270,4,Happy with the purchase and quality.,2024-12-31
REV_005141,ORD_016193,4,Good product and fast delivery.,2023-07-11
REV_005142,ORD_014545,5,Perfect purchase. Very satisfied.,2023-05-19
REV_005143,ORD_000966,3,"Nothing special, but acceptable.",2024-03-24
REV_005144,ORD_010376,3,It is okay for the price.,2023-08-28
REV_005145,ORD_026674,4,Works well and arrived on time.,2024-01-15
REV_005146,ORD_006541,3,Average product. It works as expected.,2024-01-12
REV_005147,ORD_015327,3,It is okay for the price.,2024-03-28
REV_005148,ORD_003866,4,Good product and fast delivery.,2023-09-07
REV_005149,ORD_017238,1,Terrible experience. The product stopped working.,2024-09-13
REV_005150,ORD_022336,4,Good product and fast delivery.,2023-04-21
REV_005151,ORD_013173,3,"Nothing special, but acceptable.",2024-02-01
REV_005152,ORD_013267,2,Not very happy with the purchase.,2023-04-08
REV_005153,ORD_010868,4,Works well and arrived on time.,2024-11-26
REV_005154,ORD_014685,3,Average product. It works as expected.,2023-03-28
REV_005155,ORD_021158,4,Happy with the purchase and quality.,2023-10-25
REV_005156,ORD_014440,5,Amazing quality and very fast delivery.,2023-04-03
REV_005157,ORD_016979,4,Works well and arrived on time.,2025-04-10
REV_005158,ORD_002915,4,Happy with the purchase and quality.,2023-01-14
REV_005159,ORD_025614,4,Good product and fast delivery.,2023-12-21
REV_005160,ORD_026816,5,Excellent product. I highly recommend it.,2024-08-18
REV_005161,ORD_020225,4,Works well and arrived on time.,2023-07-03
REV_005162,ORD_004877,2,Quality is below expectations.,2024-06-14
REV_005163,ORD_018424,2,The product is okay but delivery was late.,2024-09-18
REV_005164,ORD_023491,4,Works well and arrived on time.,2025-04-25
REV_005165,ORD_025746,3,It is okay for the price.,2024-10-01
REV_005166,ORD_002577,3,Average product. It works as expected.,2023-11-05
REV_005167,ORD_025112,4,Happy with the purchase and quality.,2024-10-06
REV_005168,ORD_021905,3,It is okay for the price.,2023-09-23
REV_005169,ORD_024742,2,Quality is below expectations.,2023-05-30
REV_005170,ORD_003495,2,Quality is below expectations.,2024-11-08
REV_005171,ORD_006060,3,It is okay for the price.,2024-02-14
REV_005172,ORD_002591,4,Happy with the purchase and quality.,2023-01-28
REV_005173,ORD_025352,2,Not very happy with the purchase.,2024-05-05
REV_005174,ORD_027304,5,Excellent product. I highly recommend it.,2023-10-09
REV_005175,ORD_006669,4,Works well and arrived on time.,2023-01-20
REV_005176,ORD_015579,4,Works well and arrived on time.,2023-08-22
REV_005177,ORD_027796,3,Average product. It works as expected.,2024-07-03
REV_005178,ORD_007838,3,"Nothing special, but acceptable.",2024-11-08
REV_005179,ORD_029261,4,Good product and fast delivery.,2024-09-07
REV_005180,ORD_006121,3,"Nothing special, but acceptable.",2023-04-05
REV_005181,ORD_015541,5,Perfect purchase. Very satisfied.,2025-06-09
REV_005182,ORD_018708,5,Excellent product. I highly recommend it.,2023-01-19
REV_005183,ORD_018094,4,Happy with the purchase and quality.,2024-04-13
REV_005184,ORD_021477,3,"Nothing special, but acceptable.",2024-08-06
REV_005185,ORD_003070,3,Average product. It works as expected.,2024-07-30
REV_005186,ORD_012483,3,It is okay for the price.,2023-01-17
REV_005187,ORD_011018,3,Average product. It works as expected.,2023-05-16
REV_005188,ORD_003542,4,Good product and fast delivery.,2024-11-23
REV_005189,ORD_027127,5,Excellent product. I highly recommend it.,2025-01-10
REV_005190,ORD_000649,4,Works well and arrived on time.,2024-05-18
REV_005191,ORD_016664,3,Average product. It works as expected.,2023-12-12
REV_005192,ORD_023952,2,Quality is below expectations.,2025-02-11
REV_005193,ORD_018822,3,Average product. It works as expected.,2025-02-16
REV_005194,ORD_015513,4,Works well and arrived on time.,2024-04-30
REV_005195,ORD_023808,2,Not very happy with the purchase.,2024-02-23
REV_005196,ORD_000914,3,"Nothing special, but acceptable.",2025-02-14
REV_005197,ORD_002068,5,Perfect purchase. Very satisfied.,2024-02-07
REV_005198,ORD_029297,3,It is okay for the price.,2023-04-14
REV_005199,ORD_026850,3,Average product. It works as expected.,2024-04-12
REV_005200,ORD_018582,4,Works well and arrived on time.,2025-07-02
REV_005201,ORD_021539,5,Perfect purchase. Very satisfied.,2023-03-18
REV_005202,ORD_017418,4,Works well and arrived on time.,2024-02-27
REV_005203,ORD_027419,2,The product is okay but delivery was late.,2025-06-28
REV_005204,ORD_015766,5,Perfect purchase. Very satisfied.,2025-06-06
REV_005205,ORD_008204,3,"Nothing special, but acceptable.",2023-12-13
REV_005206,ORD_000053,3,It is okay for the price.,2023-05-10
REV_005207,ORD_003006,2,Not very happy with the purchase.,2024-10-05
REV_005208,ORD_025927,3,"Nothing special, but acceptable.",2024-04-14
REV_005209,ORD_014584,4,Works well and arrived on time.,2023-08-09
REV_005210,ORD_020672,2,Not very happy with the purchase.,2023-08-10
REV_005211,ORD_017543,3,"Nothing special, but acceptable.",2023-08-14
REV_005212,ORD_016190,2,Not very happy with the purchase.,2023-08-06
REV_005213,ORD_020097,4,Good product and fast delivery.,2023-03-14
REV_005214,ORD_021212,3,Average product. It works as expected.,2024-11-29
REV_005215,ORD_016943,4,Works well and arrived on time.,2025-06-22
REV_005216,ORD_014893,3,It is okay for the price.,2023-07-12
REV_005217,ORD_027157,3,"Nothing special, but acceptable.",2023-10-16
REV_005218,ORD_000626,3,It is okay for the price.,2023-04-27
REV_005219,ORD_005324,2,Quality is below expectations.,2023-01-11
REV_005220,ORD_013733,3,"Nothing special, but acceptable.",2023-10-31
REV_005221,ORD_026532,4,Good product and fast delivery.,2025-01-03
REV_005222,ORD_012606,2,Not very happy with the purchase.,2023-05-27
REV_005223,ORD_008872,2,Quality is below expectations.,2025-05-05
REV_005224,ORD_008776,4,Happy with the purchase and quality.,2025-06-28
REV_005225,ORD_000219,3,It is okay for the price.,2024-06-15
REV_005226,ORD_004876,3,It is okay for the price.,2024-03-28
REV_005227,ORD_029787,5,Amazing quality and very fast delivery.,2025-05-08
REV_005228,ORD_002199,3,Average product. It works as expected.,2025-04-26
REV_005229,ORD_014540,2,Not very happy with the purchase.,2023-11-10
REV_005230,ORD_012012,3,"Nothing special, but acceptable.",2024-10-12
REV_005231,ORD_021387,4,Good product and fast delivery.,2025-05-14
REV_005232,ORD_008449,2,Not very happy with the purchase.,2025-01-09
REV_005233,ORD_005153,2,The product is okay but delivery was late.,2025-03-27
REV_005234,ORD_003776,3,It is okay for the price.,2023-02-13
REV_005235,ORD_022634,2,Quality is below expectations.,2024-05-19
REV_005236,ORD_019785,2,Not very happy with the purchase.,2023-05-07
REV_005237,ORD_002422,4,Happy with the purchase and quality.,2024-08-26
REV_005238,ORD_001318,2,Not very happy with the purchase.,2025-03-25
REV_005239,ORD_016152,2,Not very happy with the purchase.,2024-12-12
REV_005240,ORD_019607,3,Average product. It works as expected.,2023-09-14
REV_005241,ORD_022786,1,Very disappointing product and poor quality.,2023-10-03
REV_005242,ORD_014589,4,Good product and fast delivery.,2023-06-04
REV_005243,ORD_015330,3,Average product. It works as expected.,2023-10-28
REV_005244,ORD_004191,3,"Nothing special, but acceptable.",2024-09-06
REV_005245,ORD_002708,3,Average product. It works as expected.,2023-06-21
REV_005246,ORD_024126,4,Happy with the purchase and quality.,2023-05-11
REV_005247,ORD_014999,3,It is okay for the price.,2024-06-12
REV_005248,ORD_017763,1,Very disappointing product and poor quality.,2025-01-06
REV_005249,ORD_017943,2,Not very happy with the purchase.,2025-06-26
REV_005250,ORD_013064,4,Happy with the purchase and quality.,2025-04-10
REV_005251,ORD_025309,2,The product is okay but delivery was late.,2024-06-22
REV_005252,ORD_024509,3,Average product. It works as expected.,2024-04-17
REV_005253,ORD_006604,3,Average product. It works as expected.,2023-11-15
REV_005254,ORD_022900,3,It is okay for the price.,2024-11-23
REV_005255,ORD_008721,4,Works well and arrived on time.,2023-03-19
REV_005256,ORD_023660,3,Average product. It works as expected.,2023-04-15
REV_005257,ORD_006355,5,Excellent product. I highly recommend it.,2024-04-01
REV_005258,ORD_001140,4,Happy with the purchase and quality.,2024-12-14
REV_005259,ORD_006701,3,Average product. It works as expected.,2025-01-10
REV_005260,ORD_013102,5,Perfect purchase. Very satisfied.,2025-01-14
REV_005261,ORD_024389,4,Happy with the purchase and quality.,2023-12-27
REV_005262,ORD_018375,4,Good product and fast delivery.,2024-05-14
REV_005263,ORD_016800,4,Happy with the purchase and quality.,2023-09-29
REV_005264,ORD_029166,4,Works well and arrived on time.,2023-12-09
REV_005265,ORD_027284,4,Happy with the purchase and quality.,2024-11-14
REV_005266,ORD_000891,4,Good product and fast delivery.,2024-11-24
REV_005267,ORD_013224,4,Happy with the purchase and quality.,2023-05-30
REV_005268,ORD_020954,5,Excellent product. I highly recommend it.,2025-03-30
REV_005269,ORD_005399,5,Amazing quality and very fast delivery.,2024-08-20
REV_005270,ORD_027466,2,Quality is below expectations.,2024-07-23
REV_005271,ORD_024776,3,"Nothing special, but acceptable.",2023-05-06
REV_005272,ORD_022611,3,It is okay for the price.,2024-05-11
REV_005273,ORD_015433,2,The product is okay but delivery was late.,2023-02-04
REV_005274,ORD_020765,5,Excellent product. I highly recommend it.,2024-04-24
REV_005275,ORD_003276,2,The product is okay but delivery was late.,2023-11-16
REV_005276,ORD_013017,4,Good product and fast delivery.,2024-01-07
REV_005277,ORD_022168,2,The product is okay but delivery was late.,2024-07-21
REV_005278,ORD_005300,3,It is okay for the price.,2023-09-09
REV_005279,ORD_021311,3,It is okay for the price.,2023-04-18
REV_005280,ORD_022436,4,Works well and arrived on time.,2024-09-02
REV_005281,ORD_005347,4,Good product and fast delivery.,2024-12-20
REV_005282,ORD_008151,4,Good product and fast delivery.,2025-06-04
REV_005283,ORD_014957,3,It is okay for the price.,2023-01-18
REV_005284,ORD_005048,3,Average product. It works as expected.,2024-11-11
REV_005285,ORD_010622,3,"Nothing special, but acceptable.",2025-06-01
REV_005286,ORD_027917,4,Happy with the purchase and quality.,2024-01-24
REV_005287,ORD_000080,2,Not very happy with the purchase.,2024-06-11
REV_005288,ORD_021862,3,"Nothing special, but acceptable.",2024-08-01
REV_005289,ORD_001865,2,The product is okay but delivery was late.,2024-04-30
REV_005290,ORD_026404,3,It is okay for the price.,2024-06-02
REV_005291,ORD_024021,4,Works well and arrived on time.,2023-06-04
REV_005292,ORD_013431,3,Average product. It works as expected.,2023-03-03
REV_005293,ORD_029300,2,Not very happy with the purchase.,2025-01-31
REV_005294,ORD_009543,4,Happy with the purchase and quality.,2023-05-14
REV_005295,ORD_000247,3,Average product. It works as expected.,2024-09-02
REV_005296,ORD_019537,5,Perfect purchase. Very satisfied.,2025-05-05
REV_005297,ORD_013831,4,Good product and fast delivery.,2024-06-24
REV_005298,ORD_027750,4,Good product and fast delivery.,2025-04-21
REV_005299,ORD_002001,1,Item arrived damaged and I want a refund.,2025-01-03
REV_005300,ORD_029889,3,"Nothing special, but acceptable.",2023-06-15
REV_005301,ORD_028513,4,Good product and fast delivery.,2025-07-07
REV_005302,ORD_005907,3,It is okay for the price.,2023-08-30
REV_005303,ORD_005551,2,Quality is below expectations.,2023-07-20
REV_005304,ORD_026159,2,The product is okay but delivery was late.,2025-05-31
REV_005305,ORD_001943,3,"Nothing special, but acceptable.",2023-07-12
REV_005306,ORD_000420,3,It is okay for the price.,2024-08-01
REV_005307,ORD_013378,1,Item arrived damaged and I want a refund.,2024-07-31
REV_005308,ORD_000778,5,Excellent product. I highly recommend it.,2024-07-23
REV_005309,ORD_000342,3,Average product. It works as expected.,2025-04-04
REV_005310,ORD_012423,4,Good product and fast delivery.,2024-05-26
REV_005311,ORD_014684,4,Happy with the purchase and quality.,2024-04-30
REV_005312,ORD_008426,3,It is okay for the price.,2024-08-22
REV_005313,ORD_008815,3,It is okay for the price.,2023-03-26
REV_005314,ORD_026696,3,"Nothing special, but acceptable.",2025-05-21
REV_005315,ORD_005623,4,Works well and arrived on time.,2024-02-03
REV_005316,ORD_003262,4,Works well and arrived on time.,2024-02-13
REV_005317,ORD_017207,3,"Nothing special, but acceptable.",2023-07-27
REV_005318,ORD_015970,3,It is okay for the price.,2024-03-02
REV_005319,ORD_015544,2,Not very happy with the purchase.,2024-02-16
REV_005320,ORD_004317,4,Works well and arrived on time.,2023-07-14
REV_005321,ORD_013076,3,Average product. It works as expected.,2023-09-06
REV_005322,ORD_026780,2,Quality is below expectations.,2023-04-24
REV_005323,ORD_015583,4,Good product and fast delivery.,2023-02-13
REV_005324,ORD_008164,2,Not very happy with the purchase.,2023-07-01
REV_005325,ORD_027527,2,The product is okay but delivery was late.,2025-06-23
REV_005326,ORD_025180,3,Average product. It works as expected.,2024-05-16
REV_005327,ORD_020884,3,It is okay for the price.,2024-07-10
REV_005328,ORD_003094,3,It is okay for the price.,2023-05-06
REV_005329,ORD_026810,4,Good product and fast delivery.,2025-02-25
REV_005330,ORD_016458,2,Not very happy with the purchase.,2025-07-08
REV_005331,ORD_000774,4,Works well and arrived on time.,2023-05-11
REV_005332,ORD_004936,3,"Nothing special, but acceptable.",2025-04-19
REV_005333,ORD_014428,4,Good product and fast delivery.,2025-07-02
REV_005334,ORD_018045,3,"Nothing special, but acceptable.",2025-06-04
REV_005335,ORD_020412,2,Not very happy with the purchase.,2024-10-12
REV_005336,ORD_015471,5,Excellent product. I highly recommend it.,2024-04-15
REV_005337,ORD_008945,2,Quality is below expectations.,2023-10-09
REV_005338,ORD_018687,3,Average product. It works as expected.,2025-05-26
REV_005339,ORD_008791,4,Happy with the purchase and quality.,2024-01-17
REV_005340,ORD_023725,4,Happy with the purchase and quality.,2023-12-02
REV_005341,ORD_025449,4,Good product and fast delivery.,2024-07-14
REV_005342,ORD_005878,1,Terrible experience. The product stopped working.,2024-07-03
REV_005343,ORD_009709,3,Average product. It works as expected.,2024-03-27
REV_005344,ORD_016003,3,"Nothing special, but acceptable.",2025-02-19
REV_005345,ORD_024777,3,"Nothing special, but acceptable.",2023-03-14
REV_005346,ORD_014564,2,Not very happy with the purchase.,2025-07-07
REV_005347,ORD_016640,4,Good product and fast delivery.,2024-01-05
REV_005348,ORD_017214,4,Happy with the purchase and quality.,2024-06-09
REV_005349,ORD_028268,3,Average product. It works as expected.,2025-05-06
REV_005350,ORD_009386,3,Average product. It works as expected.,2023-11-18
REV_005351,ORD_009485,2,Quality is below expectations.,2024-06-07
REV_005352,ORD_009527,4,Happy with the purchase and quality.,2025-05-12
REV_005353,ORD_024726,3,It is okay for the price.,2023-12-21
REV_005354,ORD_022913,2,The product is okay but delivery was late.,2024-08-31
REV_005355,ORD_016268,5,Excellent product. I highly recommend it.,2024-10-17
REV_005356,ORD_008083,4,Works well and arrived on time.,2024-05-13
REV_005357,ORD_018441,2,Quality is below expectations.,2025-02-06
REV_005358,ORD_028742,3,It is okay for the price.,2025-01-19
REV_005359,ORD_020654,3,Average product. It works as expected.,2025-03-09
REV_005360,ORD_026462,2,The product is okay but delivery was late.,2024-11-14
REV_005361,ORD_016983,2,Not very happy with the purchase.,2023-09-14
REV_005362,ORD_003009,3,Average product. It works as expected.,2023-12-23
REV_005363,ORD_026873,4,Works well and arrived on time.,2023-10-23
REV_005364,ORD_021337,5,Excellent product. I highly recommend it.,2025-05-25
REV_005365,ORD_002975,5,Amazing quality and very fast delivery.,2023-11-03
REV_005366,ORD_018703,4,Good product and fast delivery.,2025-03-24
REV_005367,ORD_014498,3,"Nothing special, but acceptable.",2024-07-19
REV_005368,ORD_002681,4,Good product and fast delivery.,2024-08-14
REV_005369,ORD_011370,4,Happy with the purchase and quality.,2023-05-17
REV_005370,ORD_019465,3,"Nothing special, but acceptable.",2023-07-09
REV_005371,ORD_005932,4,Works well and arrived on time.,2024-01-13
REV_005372,ORD_010312,3,It is okay for the price.,2024-12-25
REV_005373,ORD_018943,5,Amazing quality and very fast delivery.,2024-11-01
REV_005374,ORD_008353,3,"Nothing special, but acceptable.",2023-03-05
REV_005375,ORD_000064,3,Average product. It works as expected.,2023-11-04
REV_005376,ORD_026078,2,Quality is below expectations.,2024-08-27
REV_005377,ORD_016452,2,Quality is below expectations.,2024-08-26
REV_005378,ORD_003702,3,Average product. It works as expected.,2023-02-01
REV_005379,ORD_016812,5,Perfect purchase. Very satisfied.,2024-02-18
REV_005380,ORD_008955,3,It is okay for the price.,2023-01-11
REV_005381,ORD_003043,3,Average product. It works as expected.,2023-09-27
REV_005382,ORD_012069,4,Works well and arrived on time.,2025-02-03
REV_005383,ORD_006438,4,Works well and arrived on time.,2024-03-22
REV_005384,ORD_004305,3,It is okay for the price.,2025-04-25
REV_005385,ORD_013201,4,Works well and arrived on time.,2024-03-04
REV_005386,ORD_025370,3,"Nothing special, but acceptable.",2025-03-22
REV_005387,ORD_020602,2,The product is okay but delivery was late.,2025-05-25
REV_005388,ORD_005420,2,Not very happy with the purchase.,2023-04-24
REV_005389,ORD_024563,4,Happy with the purchase and quality.,2024-04-16
REV_005390,ORD_003055,4,Good product and fast delivery.,2024-02-03
REV_005391,ORD_014456,2,Quality is below expectations.,2024-01-09
REV_005392,ORD_018498,4,Happy with the purchase and quality.,2023-09-02
REV_005393,ORD_000957,4,Works well and arrived on time.,2025-07-12
REV_005394,ORD_021010,4,Good product and fast delivery.,2023-05-16
REV_005395,ORD_001848,3,It is okay for the price.,2023-06-11
REV_005396,ORD_019867,4,Works well and arrived on time.,2023-07-07
REV_005397,ORD_008305,3,"Nothing special, but acceptable.",2023-08-25
REV_005398,ORD_013049,3,It is okay for the price.,2024-09-13
REV_005399,ORD_025186,5,Amazing quality and very fast delivery.,2023-07-31
REV_005400,ORD_028089,4,Good product and fast delivery.,2023-11-07
REV_005401,ORD_003993,5,Excellent product. I highly recommend it.,2023-02-06
REV_005402,ORD_026745,3,It is okay for the price.,2024-07-14
REV_005403,ORD_018184,3,It is okay for the price.,2024-01-11
REV_005404,ORD_020714,4,Good product and fast delivery.,2024-11-27
REV_005405,ORD_028477,1,Terrible experience. The product stopped working.,2023-06-03
REV_005406,ORD_017546,4,Good product and fast delivery.,2023-06-20
REV_005407,ORD_023587,2,Quality is below expectations.,2024-05-16
REV_005408,ORD_024007,2,Quality is below expectations.,2024-09-29
REV_005409,ORD_006961,3,It is okay for the price.,2023-08-21
REV_005410,ORD_024935,4,Works well and arrived on time.,2023-06-01
REV_005411,ORD_017246,3,Average product. It works as expected.,2023-04-05
REV_005412,ORD_027224,2,Quality is below expectations.,2024-03-08
REV_005413,ORD_025583,4,Happy with the purchase and quality.,2025-02-21
REV_005414,ORD_025744,4,Works well and arrived on time.,2023-07-07
REV_005415,ORD_022137,4,Good product and fast delivery.,2024-06-04
REV_005416,ORD_006183,2,Quality is below expectations.,2024-04-06
REV_005417,ORD_013531,4,Works well and arrived on time.,2025-04-10
REV_005418,ORD_028240,4,Works well and arrived on time.,2025-01-06
REV_005419,ORD_009586,4,Happy with the purchase and quality.,2025-03-31
REV_005420,ORD_023149,4,Good product and fast delivery.,2025-03-03
REV_005421,ORD_006310,4,Happy with the purchase and quality.,2025-05-24
REV_005422,ORD_019419,2,The product is okay but delivery was late.,2025-03-03
REV_005423,ORD_013561,3,It is okay for the price.,2023-06-01
REV_005424,ORD_020338,2,Not very happy with the purchase.,2024-11-15
REV_005425,ORD_020697,3,"Nothing special, but acceptable.",2023-05-25
REV_005426,ORD_008229,2,Quality is below expectations.,2023-02-06
REV_005427,ORD_010606,3,Average product. It works as expected.,2023-10-14
REV_005428,ORD_018448,5,Perfect purchase. Very satisfied.,2023-07-04
REV_005429,ORD_026320,3,It is okay for the price.,2024-02-21
REV_005430,ORD_014751,3,Average product. It works as expected.,2023-09-28
REV_005431,ORD_002248,5,Amazing quality and very fast delivery.,2025-04-07
REV_005432,ORD_023525,3,Average product. It works as expected.,2023-03-15
REV_005433,ORD_025507,3,Average product. It works as expected.,2024-10-01
REV_005434,ORD_024425,3,It is okay for the price.,2024-06-24
REV_005435,ORD_026893,3,"Nothing special, but acceptable.",2023-04-16
REV_005436,ORD_002403,4,Good product and fast delivery.,2024-04-07
REV_005437,ORD_004203,2,The product is okay but delivery was late.,2023-01-25
REV_005438,ORD_001234,3,It is okay for the price.,2025-02-13
REV_005439,ORD_027937,4,Good product and fast delivery.,2024-02-28
REV_005440,ORD_001160,3,It is okay for the price.,2023-01-22
REV_005441,ORD_016653,3,It is okay for the price.,2025-03-18
REV_005442,ORD_013521,3,"Nothing special, but acceptable.",2023-11-12
REV_005443,ORD_010992,4,Works well and arrived on time.,2023-04-29
REV_005444,ORD_018756,2,Quality is below expectations.,2024-07-06
REV_005445,ORD_014306,4,Good product and fast delivery.,2023-06-16
REV_005446,ORD_007344,3,It is okay for the price.,2023-07-24
REV_005447,ORD_004796,4,Happy with the purchase and quality.,2024-06-03
REV_005448,ORD_023142,3,Average product. It works as expected.,2023-12-07
REV_005449,ORD_007685,3,Average product. It works as expected.,2023-08-01
REV_005450,ORD_022024,4,Happy with the purchase and quality.,2024-10-12
REV_005451,ORD_005426,4,Good product and fast delivery.,2024-04-10
REV_005452,ORD_027481,5,Perfect purchase. Very satisfied.,2023-12-10
REV_005453,ORD_006755,4,Good product and fast delivery.,2023-09-23
REV_005454,ORD_024879,4,Good product and fast delivery.,2023-08-14
REV_005455,ORD_004599,3,"Nothing special, but acceptable.",2025-04-30
REV_005456,ORD_008857,4,Happy with the purchase and quality.,2024-04-14
REV_005457,ORD_002018,3,Average product. It works as expected.,2024-11-04
REV_005458,ORD_012644,4,Good product and fast delivery.,2023-09-17
REV_005459,ORD_014513,3,"Nothing special, but acceptable.",2023-04-20
REV_005460,ORD_029489,2,The product is okay but delivery was late.,2024-07-04
REV_005461,ORD_004185,4,Happy with the purchase and quality.,2023-08-08
REV_005462,ORD_003201,3,"Nothing special, but acceptable.",2024-01-13
REV_005463,ORD_002893,5,Perfect purchase. Very satisfied.,2024-01-16
REV_005464,ORD_025868,4,Good product and fast delivery.,2024-02-21
REV_005465,ORD_009693,4,Works well and arrived on time.,2023-05-04
REV_005466,ORD_027287,2,The product is okay but delivery was late.,2024-08-18
REV_005467,ORD_028582,5,Amazing quality and very fast delivery.,2024-01-11
REV_005468,ORD_005312,2,Quality is below expectations.,2023-12-21
REV_005469,ORD_018787,1,Item arrived damaged and I want a refund.,2023-04-25
REV_005470,ORD_004858,3,"Nothing special, but acceptable.",2023-06-09
REV_005471,ORD_007833,2,The product is okay but delivery was late.,2025-03-25
REV_005472,ORD_022776,3,"Nothing special, but acceptable.",2023-09-02
REV_005473,ORD_026844,3,"Nothing special, but acceptable.",2024-05-21
REV_005474,ORD_013709,2,Quality is below expectations.,2024-01-04
REV_005475,ORD_003527,3,It is okay for the price.,2024-07-17
REV_005476,ORD_023536,4,Happy with the purchase and quality.,2023-06-13
REV_005477,ORD_029332,4,Good product and fast delivery.,2023-05-12
REV_005478,ORD_019718,3,It is okay for the price.,2024-06-10
REV_005479,ORD_004244,4,Works well and arrived on time.,2025-06-10
REV_005480,ORD_014378,4,Works well and arrived on time.,2025-06-17
REV_005481,ORD_001420,3,It is okay for the price.,2025-05-04
REV_005482,ORD_023316,3,"Nothing special, but acceptable.",2025-07-06
REV_005483,ORD_020999,2,Quality is below expectations.,2024-12-29
REV_005484,ORD_001410,3,"Nothing special, but acceptable.",2024-03-20
REV_005485,ORD_001904,3,"Nothing special, but acceptable.",2023-04-21
REV_005486,ORD_006065,3,"Nothing special, but acceptable.",2024-03-30
REV_005487,ORD_008774,4,Works well and arrived on time.,2024-11-02
REV_005488,ORD_013053,4,Works well and arrived on time.,2023-12-26
REV_005489,ORD_026500,3,Average product. It works as expected.,2023-02-12
REV_005490,ORD_011934,3,"Nothing special, but acceptable.",2023-12-10
REV_005491,ORD_010657,2,The product is okay but delivery was late.,2023-12-01
REV_005492,ORD_004138,2,The product is okay but delivery was late.,2023-06-11
REV_005493,ORD_028102,4,Works well and arrived on time.,2023-12-29
REV_005494,ORD_002146,3,It is okay for the price.,2024-08-12
REV_005495,ORD_008587,4,Good product and fast delivery.,2023-01-27
REV_005496,ORD_000340,5,Perfect purchase. Very satisfied.,2025-03-10
REV_005497,ORD_026503,2,Quality is below expectations.,2023-07-31
REV_005498,ORD_000067,5,Excellent product. I highly recommend it.,2023-12-05
REV_005499,ORD_001743,4,Good product and fast delivery.,2024-01-19
REV_005500,ORD_022339,4,Good product and fast delivery.,2024-02-24
